"RequirementID","Title","ReqType","Priority","SubsystemCode","SubsystemName","Criticality","MinTestLevel","RequiresIndependentTester","TotalCases","CasesWithRuns","PassingCases","BlockedCases","LastPassBuild","LastGoodBuild","PassingButUnderLevelled","PassingButSelfVerified","HasEvidence","MeetsPolicy","StaleByCode","StaleByRequirement","IsCurrent","VerificationState","InterveningBuilds","AsOfBuild"
"REQ-0001","The subsystem shall complete, within budget, command & telemetry link behaviour case 1","Performance","MustShip","COMM-LNK","Command & Telemetry Link","Mission","HIL","0","4","4","4","0","88","88","2","0","1","1","0","0","1","Current","0","88"
"REQ-0002","The payload shall inhibit release when payload release mechanism behaviour case 2","Safety","ShouldShip","REL-MECH","Payload Release Mechanism","Safety","HIL","1","3","3","2","0","88","","0","2","1","0","0","0","0","Insufficient evidence","0","88"
"REQ-0003","The interface shall exchange, without loss, navigation & sensor fusion behaviour case 3","Interface","Nice","NAV-SENS","Navigation & Sensor Fusion","Mission","Integration","0","3","3","3","0","88","88","1","0","1","1","0","0","1","Current","0","88"
"REQ-0004","The system shall provide power management behaviour case 4","Functional","ShouldShip","PWR-MGMT","Power Management","Mission","Integration","0","1","1","1","0","88","","1","0","1","0","0","0","0","Insufficient evidence","0","88"
"REQ-0005","The subsystem shall complete, within budget, command & telemetry link behaviour case 5","Performance","ShouldShip","COMM-LNK","Command & Telemetry Link","Mission","HIL","0","1","1","0","1","","","0","0","0","0","0","0","0","No evidence","0","88"
"REQ-0006","The interface shall exchange, without loss, structural interface behaviour case 6","Interface","MustShip","STRUCT-I","Structural Interface","Safety","Integration","0","4","4","4","0","88","88","0","0","1","1","0","0","1","Current","0","88"
"REQ-0007","The subsystem shall complete, within budget, ground control software behaviour case 7","Performance","ShouldShip","GND-CTRL","Ground Control Software","Support","HIL","0","1","1","1","0","88","","1","0","1","0","0","0","0","Insufficient evidence","0","88"
"REQ-0008","The system shall provide command & telemetry link behaviour case 8","Functional","MustShip","COMM-LNK","Command & Telemetry Link","Mission","Integration","0","3","3","3","0","88","","3","0","1","0","0","0","0","Insufficient evidence","0","88"
"REQ-0009","The interface shall exchange, without loss, payload release mechanism behaviour case 9","Interface","MustShip","REL-MECH","Payload Release Mechanism","Safety","Integration","0","4","4","4","0","88","88","0","0","1","1","0","0","1","Current","0","88"
"REQ-0010","The system shall provide ground control software behaviour case 10","Functional","MustShip","GND-CTRL","Ground Control Software","Support","Integration","0","3","3","3","0","88","88","0","0","1","1","0","0","1","Current","0","88"
"REQ-0011","The subsystem shall complete, within budget, navigation & sensor fusion behaviour case 11","Performance","ShouldShip","NAV-SENS","Navigation & Sensor Fusion","Mission","HIL","0","4","4","2","1","88","88","1","0","1","1","0","0","1","Current","0","88"
"REQ-0012","The subsystem shall complete, within budget, diagnostics & logging behaviour case 12","Performance","MustShip","DIAG-LOG","Diagnostics & Logging","Support","HIL","0","2","2","2","0","88","39","1","0","1","1","1","0","0","Stale - subsystem changed","9","88"
"REQ-0013","The interface shall exchange, without loss, power management behaviour case 13","Interface","ShouldShip","PWR-MGMT","Power Management","Mission","Integration","0","3","3","3","0","88","88","0","0","1","1","0","0","1","Current","0","88"
"REQ-0014","The payload shall inhibit release when structural interface behaviour case 14","Safety","MustShip","STRUCT-I","Structural Interface","Safety","HIL","1","1","1","1","0","28","28","0","0","1","1","1","0","0","Stale - subsystem changed","10","88"
"REQ-0015","The interface shall exchange, without loss, power management behaviour case 15","Interface","MustShip","PWR-MGMT","Power Management","Mission","Integration","0","4","4","4","0","88","88","2","0","1","1","0","0","1","Current","0","88"
"REQ-0016","The system shall provide ground control software behaviour case 16","Functional","MustShip","GND-CTRL","Ground Control Software","Support","Integration","0","4","4","4","0","88","88","3","0","1","1","0","0","1","Current","0","88"
"REQ-0017","The interface shall exchange, without loss, diagnostics & logging behaviour case 17","Interface","Nice","DIAG-LOG","Diagnostics & Logging","Support","Integration","0","2","2","2","0","88","88","1","0","1","1","0","0","1","Current","0","88"
"REQ-0018","The subsystem shall complete, within budget, structural interface behaviour case 18","Performance","MustShip","STRUCT-I","Structural Interface","Safety","HIL","0","4","4","4","0","88","88","2","0","1","1","0","0","1","Current","0","88"
"REQ-0019","The payload shall inhibit release when navigation & sensor fusion behaviour case 19","Safety","MustShip","NAV-SENS","Navigation & Sensor Fusion","Mission","HIL","1","2","2","2","0","88","88","1","0","1","1","0","0","1","Current","0","88"
"REQ-0020","The system shall provide flight control interface behaviour case 20","Functional","ShouldShip","FLT-CTRL","Flight Control Interface","Safety","Integration","0","2","2","2","0","88","88","0","0","1","1","0","0","1","Current","0","88"
"REQ-0021","The system shall provide power management behaviour case 21","Functional","ShouldShip","PWR-MGMT","Power Management","Mission","Integration","0","4","4","4","0","88","88","3","0","1","1","0","0","1","Current","0","88"
"REQ-0022","The system shall provide payload release mechanism behaviour case 22","Functional","MustShip","REL-MECH","Payload Release Mechanism","Safety","Integration","0","2","2","2","0","88","88","1","0","1","1","0","0","1","Current","0","88"
"REQ-0023","The interface shall exchange, without loss, navigation & sensor fusion behaviour case 23","Interface","MustShip","NAV-SENS","Navigation & Sensor Fusion","Mission","Integration","0","4","4","3","0","88","88","1","0","1","1","0","0","1","Current","0","88"
"REQ-0024","The system shall provide ground control software behaviour case 24","Functional","Nice","GND-CTRL","Ground Control Software","Support","Integration","0","4","4","4","0","88","88","1","0","1","1","0","0","1","Current","0","88"
"REQ-0025","The interface shall exchange, without loss, flight control interface behaviour case 25","Interface","MustShip","FLT-CTRL","Flight Control Interface","Safety","Integration","0","2","2","2","0","88","88","0","0","1","1","0","0","1","Current","0","88"
"REQ-0026","The payload shall inhibit release when payload release mechanism behaviour case 26","Safety","MustShip","REL-MECH","Payload Release Mechanism","Safety","HIL","1","2","2","2","0","88","","1","1","1","0","0","0","0","Insufficient evidence","0","88"
"REQ-0027","The payload shall inhibit release when command & telemetry link behaviour case 27","Safety","MustShip","COMM-LNK","Command & Telemetry Link","Mission","HIL","1","4","4","4","0","88","33","3","0","1","1","1","0","0","Stale - subsystem changed","13","88"
"REQ-0028","The subsystem shall complete, within budget, navigation & sensor fusion behaviour case 28","Performance","MustShip","NAV-SENS","Navigation & Sensor Fusion","Mission","HIL","0","2","2","2","0","88","","2","0","1","0","0","0","0","Insufficient evidence","0","88"
"REQ-0029","The subsystem shall complete, within budget, navigation & sensor fusion behaviour case 29","Performance","MustShip","NAV-SENS","Navigation & Sensor Fusion","Mission","HIL","0","3","3","3","0","88","88","1","0","1","1","0","0","1","Current","0","88"
"REQ-0030","The system shall record, for certification, command & telemetry link behaviour case 30","Regulatory","ShouldShip","COMM-LNK","Command & Telemetry Link","Mission","Field","1","1","1","1","0","88","88","0","0","1","1","0","0","1","Current","0","88"
"REQ-0031","The subsystem shall complete, within budget, payload release mechanism behaviour case 31","Performance","Nice","REL-MECH","Payload Release Mechanism","Safety","HIL","0","4","4","4","0","88","","4","0","1","0","0","0","0","Insufficient evidence","0","88"
"REQ-0032","The subsystem shall complete, within budget, command & telemetry link behaviour case 32","Performance","ShouldShip","COMM-LNK","Command & Telemetry Link","Mission","HIL","0","2","2","1","1","88","88","0","0","1","1","0","0","1","Current","0","88"
"REQ-0033","The system shall provide ground control software behaviour case 33","Functional","MustShip","GND-CTRL","Ground Control Software","Support","Integration","0","2","2","2","0","88","88","0","0","1","1","0","0","1","Current","0","88"
"REQ-0034","The system shall record, for certification, flight control interface behaviour case 34","Regulatory","MustShip","FLT-CTRL","Flight Control Interface","Safety","Field","1","3","3","3","0","71","69","2","0","1","1","1","0","0","Stale - subsystem changed","14","88"
"REQ-0035","The payload shall inhibit release when flight control interface behaviour case 35","Safety","MustShip","FLT-CTRL","Flight Control Interface","Safety","HIL","1","2","2","2","0","52","","2","0","1","0","0","0","0","Insufficient evidence","0","88"
"REQ-0036","The system shall provide flight control interface behaviour case 36","Functional","MustShip","FLT-CTRL","Flight Control Interface","Safety","Integration","0","2","2","2","0","66","66","0","0","1","1","1","0","0","Stale - subsystem changed","16","88"
"REQ-0037","The subsystem shall complete, within budget, payload release mechanism behaviour case 37","Performance","ShouldShip","REL-MECH","Payload Release Mechanism","Safety","HIL","0","4","4","4","0","88","62","3","0","1","1","1","0","0","Stale - subsystem changed","19","88"
"REQ-0038","The system shall provide navigation & sensor fusion behaviour case 38","Functional","MustShip","NAV-SENS","Navigation & Sensor Fusion","Mission","Integration","0","3","3","3","0","88","88","2","0","1","1","0","0","1","Current","0","88"
"REQ-0039","The system shall provide ground control software behaviour case 39","Functional","ShouldShip","GND-CTRL","Ground Control Software","Support","Integration","0","3","3","3","0","88","88","0","0","1","1","0","0","1","Current","0","88"
"REQ-0040","The system shall provide navigation & sensor fusion behaviour case 40","Functional","ShouldShip","NAV-SENS","Navigation & Sensor Fusion","Mission","Integration","0","3","3","3","0","88","88","1","0","1","1","0","0","1","Current","0","88"
"REQ-0041","The system shall provide diagnostics & logging behaviour case 41","Functional","MustShip","DIAG-LOG","Diagnostics & Logging","Support","Integration","0","1","1","1","0","88","88","0","0","1","1","0","0","1","Current","0","88"
"REQ-0042","The system shall record, for certification, command & telemetry link behaviour case 42","Regulatory","MustShip","COMM-LNK","Command & Telemetry Link","Mission","Field","1","3","3","2","1","88","","2","2","1","0","0","0","0","Insufficient evidence","0","88"
"REQ-0043","The payload shall inhibit release when flight control interface behaviour case 43","Safety","MustShip","FLT-CTRL","Flight Control Interface","Safety","HIL","1","1","1","1","0","39","","1","0","1","0","0","0","0","Insufficient evidence","0","88"
"REQ-0044","The payload shall inhibit release when power management behaviour case 44","Safety","ShouldShip","PWR-MGMT","Power Management","Mission","HIL","1","4","4","4","0","88","88","0","0","1","1","0","0","1","Current","0","88"
"REQ-0045","The interface shall exchange, without loss, command & telemetry link behaviour case 45","Interface","MustShip","COMM-LNK","Command & Telemetry Link","Mission","Integration","0","2","2","2","0","64","64","1","0","1","1","1","0","0","Stale - subsystem changed","1","88"
"REQ-0046","The system shall provide ground control software behaviour case 46","Functional","MustShip","GND-CTRL","Ground Control Software","Support","Integration","0","2","2","2","0","88","88","1","0","1","1","0","0","1","Current","0","88"
"REQ-0047","The subsystem shall complete, within budget, navigation & sensor fusion behaviour case 47","Performance","ShouldShip","NAV-SENS","Navigation & Sensor Fusion","Mission","HIL","0","3","3","3","0","88","88","1","0","1","1","0","0","1","Current","0","88"
"REQ-0048","The subsystem shall complete, within budget, command & telemetry link behaviour case 48","Performance","Nice","COMM-LNK","Command & Telemetry Link","Mission","HIL","0","1","1","1","0","88","","1","0","1","0","0","0","0","Insufficient evidence","0","88"
"REQ-0049","The subsystem shall complete, within budget, command & telemetry link behaviour case 49","Performance","MustShip","COMM-LNK","Command & Telemetry Link","Mission","HIL","0","4","4","2","0","88","","2","0","1","0","0","0","0","Insufficient evidence","0","88"
"REQ-0050","The interface shall exchange, without loss, power management behaviour case 50","Interface","MustShip","PWR-MGMT","Power Management","Mission","Integration","0","2","2","2","0","88","88","0","0","1","1","0","0","1","Current","0","88"
"REQ-0051","The system shall provide command & telemetry link behaviour case 51","Functional","MustShip","COMM-LNK","Command & Telemetry Link","Mission","Integration","0","1","1","1","0","88","88","0","0","1","1","0","0","1","Current","0","88"
"REQ-0052","The interface shall exchange, without loss, navigation & sensor fusion behaviour case 52","Interface","ShouldShip","NAV-SENS","Navigation & Sensor Fusion","Mission","Integration","0","3","3","3","0","88","88","2","0","1","1","0","0","1","Current","0","88"
"REQ-0053","The payload shall inhibit release when payload release mechanism behaviour case 53","Safety","MustShip","REL-MECH","Payload Release Mechanism","Safety","HIL","1","3","3","3","0","63","","2","1","1","0","0","0","0","Insufficient evidence","0","88"
"REQ-0054","The system shall provide navigation & sensor fusion behaviour case 54","Functional","MustShip","NAV-SENS","Navigation & Sensor Fusion","Mission","Integration","0","1","1","1","0","88","88","0","0","1","1","0","0","1","Current","0","88"
"REQ-0056","The system shall provide payload release mechanism behaviour case 56","Functional","Nice","REL-MECH","Payload Release Mechanism","Safety","Integration","0","3","3","3","0","88","88","2","0","1","1","0","0","1","Current","0","88"
"REQ-0057","The interface shall exchange, without loss, flight control interface behaviour case 57","Interface","ShouldShip","FLT-CTRL","Flight Control Interface","Safety","Integration","0","1","1","1","0","43","43","0","0","1","1","1","0","0","Stale - subsystem changed","27","88"
"REQ-0058","The subsystem shall complete, within budget, flight control interface behaviour case 58","Performance","Nice","FLT-CTRL","Flight Control Interface","Safety","HIL","0","2","2","2","0","88","","2","0","1","0","0","0","0","Insufficient evidence","0","88"
"REQ-0059","The interface shall exchange, without loss, power management behaviour case 59","Interface","MustShip","PWR-MGMT","Power Management","Mission","Integration","0","1","1","1","0","88","88","0","0","1","1","0","0","1","Current","0","88"
"REQ-0060","The payload shall inhibit release when flight control interface behaviour case 60","Safety","MustShip","FLT-CTRL","Flight Control Interface","Safety","HIL","1","3","3","3","0","88","53","1","1","1","1","1","0","0","Stale - subsystem changed","22","88"
"REQ-0061","The subsystem shall complete, within budget, power management behaviour case 61","Performance","Nice","PWR-MGMT","Power Management","Mission","HIL","0","4","4","3","1","88","88","1","0","1","1","0","0","1","Current","0","88"
"REQ-0062","The interface shall exchange, without loss, payload release mechanism behaviour case 62","Interface","MustShip","REL-MECH","Payload Release Mechanism","Safety","Integration","0","3","3","3","0","88","88","1","0","1","1","0","0","1","Current","0","88"
"REQ-0063","The system shall provide ground control software behaviour case 63","Functional","MustShip","GND-CTRL","Ground Control Software","Support","Integration","0","4","4","4","0","88","88","1","0","1","1","0","0","1","Current","0","88"
"REQ-0064","The interface shall exchange, without loss, flight control interface behaviour case 64","Interface","Nice","FLT-CTRL","Flight Control Interface","Safety","Integration","0","1","1","1","0","88","","1","0","1","0","0","0","0","Insufficient evidence","0","88"
"REQ-0065","The system shall provide diagnostics & logging behaviour case 65","Functional","Nice","DIAG-LOG","Diagnostics & Logging","Support","Integration","0","1","1","1","0","88","88","0","0","1","1","0","0","1","Current","0","88"
"REQ-0066","The subsystem shall complete, within budget, power management behaviour case 66","Performance","Nice","PWR-MGMT","Power Management","Mission","HIL","0","2","2","2","0","88","","2","0","1","0","0","0","0","Insufficient evidence","0","88"
"REQ-0067","The system shall provide ground control software behaviour case 67","Functional","MustShip","GND-CTRL","Ground Control Software","Support","Integration","0","2","2","2","0","88","88","1","0","1","1","0","0","1","Current","0","88"
"REQ-0068","The interface shall exchange, without loss, payload release mechanism behaviour case 68","Interface","MustShip","REL-MECH","Payload Release Mechanism","Safety","Integration","0","4","4","4","0","88","88","2","0","1","1","0","0","1","Current","0","88"
"REQ-0069","The payload shall inhibit release when flight control interface behaviour case 69","Safety","MustShip","FLT-CTRL","Flight Control Interface","Safety","HIL","1","4","4","3","1","59","59","2","0","1","1","1","0","0","Stale - subsystem changed","21","88"
"REQ-0070","The system shall provide command & telemetry link behaviour case 70","Functional","ShouldShip","COMM-LNK","Command & Telemetry Link","Mission","Integration","0","2","2","2","0","88","88","1","0","1","1","0","0","1","Current","0","88"
"REQ-0071","The subsystem shall complete, within budget, command & telemetry link behaviour case 71","Performance","MustShip","COMM-LNK","Command & Telemetry Link","Mission","HIL","0","2","2","2","0","88","88","0","0","1","1","0","0","1","Current","0","88"
"REQ-0072","The interface shall exchange, without loss, payload release mechanism behaviour case 72","Interface","MustShip","REL-MECH","Payload Release Mechanism","Safety","Integration","0","1","1","1","0","88","88","0","0","1","1","0","0","1","Current","0","88"
"REQ-0073","The interface shall exchange, without loss, command & telemetry link behaviour case 73","Interface","ShouldShip","COMM-LNK","Command & Telemetry Link","Mission","Integration","0","3","3","3","0","88","88","2","0","1","1","0","0","1","Current","0","88"
"REQ-0074","The system shall provide structural interface behaviour case 74","Functional","MustShip","STRUCT-I","Structural Interface","Safety","Integration","0","2","2","1","0","88","88","0","0","1","1","0","0","1","Current","0","88"
"REQ-0075","The interface shall exchange, without loss, power management behaviour case 75","Interface","MustShip","PWR-MGMT","Power Management","Mission","Integration","0","4","4","4","0","88","88","1","0","1","1","0","0","1","Current","0","88"
"REQ-0076","The subsystem shall complete, within budget, ground control software behaviour case 76","Performance","Nice","GND-CTRL","Ground Control Software","Support","HIL","0","1","1","1","0","88","","1","0","1","0","0","0","0","Insufficient evidence","0","88"
"REQ-0077","The system shall provide payload release mechanism behaviour case 77","Functional","ShouldShip","REL-MECH","Payload Release Mechanism","Safety","Integration","0","2","2","2","0","69","69","0","0","1","1","1","0","0","Stale - subsystem changed","14","88"
"REQ-0078","The payload shall inhibit release when power management behaviour case 78","Safety","ShouldShip","PWR-MGMT","Power Management","Mission","HIL","1","4","4","4","0","88","88","2","1","1","1","0","0","1","Current","0","88"
"REQ-0079","The subsystem shall complete, within budget, diagnostics & logging behaviour case 79","Performance","Nice","DIAG-LOG","Diagnostics & Logging","Support","HIL","0","1","1","1","0","69","69","0","0","1","1","1","0","0","Stale - subsystem changed","2","88"
"REQ-0080","The payload shall inhibit release when flight control interface behaviour case 80","Safety","MustShip","FLT-CTRL","Flight Control Interface","Safety","HIL","1","2","2","2","0","88","","2","2","1","0","0","0","0","Insufficient evidence","0","88"
"REQ-0081","The interface shall exchange, without loss, power management behaviour case 81","Interface","MustShip","PWR-MGMT","Power Management","Mission","Integration","0","3","3","3","0","88","88","0","0","1","1","0","0","1","Current","0","88"
"REQ-0082","The system shall provide navigation & sensor fusion behaviour case 82","Functional","ShouldShip","NAV-SENS","Navigation & Sensor Fusion","Mission","Integration","0","2","2","2","0","88","88","0","0","1","1","0","0","1","Current","0","88"
"REQ-0083","The system shall record, for certification, payload release mechanism behaviour case 83","Regulatory","MustShip","REL-MECH","Payload Release Mechanism","Safety","Field","1","2","2","2","0","88","88","1","0","1","1","0","0","1","Current","0","88"
"REQ-0085","The interface shall exchange, without loss, payload release mechanism behaviour case 85","Interface","MustShip","REL-MECH","Payload Release Mechanism","Safety","Integration","0","3","3","3","0","59","59","0","0","1","1","1","0","0","Stale - subsystem changed","21","88"
"REQ-0086","The interface shall exchange, without loss, power management behaviour case 86","Interface","ShouldShip","PWR-MGMT","Power Management","Mission","Integration","0","3","3","3","0","88","88","2","0","1","1","0","0","1","Current","0","88"
"REQ-0087","The system shall provide ground control software behaviour case 87","Functional","ShouldShip","GND-CTRL","Ground Control Software","Support","Integration","0","4","4","3","0","88","88","0","0","1","1","0","0","1","Current","0","88"
"REQ-0088","The subsystem shall complete, within budget, command & telemetry link behaviour case 88","Performance","ShouldShip","COMM-LNK","Command & Telemetry Link","Mission","HIL","0","3","3","2","1","88","88","0","0","1","1","0","0","1","Current","0","88"
"REQ-0089","The system shall record, for certification, payload release mechanism behaviour case 89","Regulatory","MustShip","REL-MECH","Payload Release Mechanism","Safety","Field","1","4","4","4","0","51","","4","1","1","0","0","0","0","Insufficient evidence","0","88"
"REQ-0090","The interface shall exchange, without loss, flight control interface behaviour case 90","Interface","ShouldShip","FLT-CTRL","Flight Control Interface","Safety","Integration","0","4","4","4","0","88","88","1","0","1","1","0","0","1","Current","0","88"
"REQ-0091","The interface shall exchange, without loss, structural interface behaviour case 91","Interface","ShouldShip","STRUCT-I","Structural Interface","Safety","Integration","0","1","1","1","0","88","88","0","0","1","1","0","0","1","Current","0","88"
"REQ-0092","The payload shall inhibit release when structural interface behaviour case 92","Safety","MustShip","STRUCT-I","Structural Interface","Safety","HIL","1","2","2","2","0","88","31","0","1","1","1","1","0","0","Stale - subsystem changed","9","88"
"REQ-0093","The subsystem shall complete, within budget, power management behaviour case 93","Performance","MustShip","PWR-MGMT","Power Management","Mission","HIL","0","2","2","1","1","39","39","0","0","1","1","1","0","0","Stale - subsystem changed","4","88"
"REQ-0094","The payload shall inhibit release when structural interface behaviour case 94","Safety","MustShip","STRUCT-I","Structural Interface","Safety","HIL","1","3","3","3","0","88","88","1","0","1","1","0","0","1","Current","0","88"
"REQ-0095","The system shall provide command & telemetry link behaviour case 95","Functional","Nice","COMM-LNK","Command & Telemetry Link","Mission","Integration","0","1","1","1","0","88","","1","0","1","0","0","0","0","Insufficient evidence","0","88"
"REQ-0097","The system shall provide navigation & sensor fusion behaviour case 97","Functional","MustShip","NAV-SENS","Navigation & Sensor Fusion","Mission","Integration","0","3","3","3","0","88","88","0","0","1","1","0","0","1","Current","0","88"
"REQ-0098","The system shall record, for certification, payload release mechanism behaviour case 98","Regulatory","ShouldShip","REL-MECH","Payload Release Mechanism","Safety","Field","1","3","3","3","0","88","88","0","1","1","1","0","0","1","Current","0","88"
"REQ-0099","The system shall provide command & telemetry link behaviour case 99","Functional","MustShip","COMM-LNK","Command & Telemetry Link","Mission","Integration","0","1","1","0","0","","","0","0","0","0","0","0","0","No evidence","0","88"
"REQ-0100","The system shall provide power management behaviour case 100","Functional","MustShip","PWR-MGMT","Power Management","Mission","Integration","0","4","4","3","0","88","88","0","0","1","1","0","0","1","Current","0","88"
"REQ-0101","The subsystem shall complete, within budget, command & telemetry link behaviour case 101","Performance","ShouldShip","COMM-LNK","Command & Telemetry Link","Mission","HIL","0","3","3","3","0","88","88","2","0","1","1","0","0","1","Current","0","88"
"REQ-0102","The interface shall exchange, without loss, power management behaviour case 102","Interface","MustShip","PWR-MGMT","Power Management","Mission","Integration","0","3","3","3","0","88","88","1","0","1","1","0","0","1","Current","0","88"
"REQ-0103","The interface shall exchange, without loss, command & telemetry link behaviour case 103","Interface","ShouldShip","COMM-LNK","Command & Telemetry Link","Mission","Integration","0","4","4","4","0","88","88","2","0","1","1","0","0","1","Current","0","88"
"REQ-0104","The system shall provide structural interface behaviour case 104","Functional","ShouldShip","STRUCT-I","Structural Interface","Safety","Integration","0","2","2","2","0","88","88","0","0","1","1","0","0","1","Current","0","88"
"REQ-0105","The subsystem shall complete, within budget, diagnostics & logging behaviour case 105","Performance","ShouldShip","DIAG-LOG","Diagnostics & Logging","Support","HIL","0","2","2","2","0","88","88","0","0","1","1","0","0","1","Current","0","88"
"REQ-0106","The payload shall inhibit release when flight control interface behaviour case 106","Safety","MustShip","FLT-CTRL","Flight Control Interface","Safety","HIL","1","2","2","2","0","42","42","0","0","1","1","1","0","0","Stale - subsystem changed","27","88"
"REQ-0107","The subsystem shall complete, within budget, ground control software behaviour case 107","Performance","ShouldShip","GND-CTRL","Ground Control Software","Support","HIL","0","3","3","3","0","69","69","0","0","1","1","1","0","0","Stale - subsystem changed","2","88"
"REQ-0108","The subsystem shall complete, within budget, structural interface behaviour case 108","Performance","Nice","STRUCT-I","Structural Interface","Safety","HIL","0","1","1","1","0","88","","1","0","1","0","0","0","0","Insufficient evidence","0","88"
"REQ-0109","The payload shall inhibit release when payload release mechanism behaviour case 109","Safety","MustShip","REL-MECH","Payload Release Mechanism","Safety","HIL","1","1","1","1","0","39","","1","1","1","0","0","0","0","Insufficient evidence","0","88"
"REQ-0110","The system shall provide command & telemetry link behaviour case 110","Functional","ShouldShip","COMM-LNK","Command & Telemetry Link","Mission","Integration","0","1","1","1","0","88","","1","0","1","0","0","0","0","Insufficient evidence","0","88"
"REQ-0111","The subsystem shall complete, within budget, navigation & sensor fusion behaviour case 111","Performance","ShouldShip","NAV-SENS","Navigation & Sensor Fusion","Mission","HIL","0","1","1","1","0","88","88","0","0","1","1","0","0","1","Current","0","88"
"REQ-0112","The system shall provide diagnostics & logging behaviour case 112","Functional","ShouldShip","DIAG-LOG","Diagnostics & Logging","Support","Integration","0","4","4","3","0","88","88","0","0","1","1","0","0","1","Current","0","88"
"REQ-0113","The system shall record, for certification, payload release mechanism behaviour case 113","Regulatory","MustShip","REL-MECH","Payload Release Mechanism","Safety","Field","1","3","3","2","1","88","31","1","0","1","1","1","0","0","Stale - subsystem changed","29","88"
"REQ-0114","The system shall provide navigation & sensor fusion behaviour case 114","Functional","Nice","NAV-SENS","Navigation & Sensor Fusion","Mission","Integration","0","4","4","4","0","88","67","1","0","1","1","1","0","0","Stale - subsystem changed","2","88"
"REQ-0115","The system shall provide flight control interface behaviour case 115","Functional","MustShip","FLT-CTRL","Flight Control Interface","Safety","Integration","0","4","4","4","0","88","88","2","0","1","1","0","0","1","Current","0","88"
"REQ-0116","The payload shall inhibit release when command & telemetry link behaviour case 116","Safety","MustShip","COMM-LNK","Command & Telemetry Link","Mission","HIL","1","4","4","3","0","88","","2","1","1","0","0","0","0","Insufficient evidence","0","88"
"REQ-0117","The subsystem shall complete, within budget, ground control software behaviour case 117","Performance","ShouldShip","GND-CTRL","Ground Control Software","Support","HIL","0","3","3","2","0","88","","2","0","1","0","0","0","0","Insufficient evidence","0","88"
"REQ-0118","The system shall provide payload release mechanism behaviour case 118","Functional","MustShip","REL-MECH","Payload Release Mechanism","Safety","Integration","0","2","2","2","0","88","","2","0","1","0","0","0","0","Insufficient evidence","0","88"
"REQ-0119","The subsystem shall complete, within budget, power management behaviour case 119","Performance","Nice","PWR-MGMT","Power Management","Mission","HIL","0","3","3","2","1","88","88","1","0","1","1","0","0","1","Current","0","88"
"REQ-0120","The subsystem shall complete, within budget, flight control interface behaviour case 120","Performance","Nice","FLT-CTRL","Flight Control Interface","Safety","HIL","0","2","2","2","0","63","63","0","0","1","1","1","0","0","Stale - subsystem changed","18","88"
"REQ-0121","The interface shall exchange, without loss, ground control software behaviour case 121","Interface","ShouldShip","GND-CTRL","Ground Control Software","Support","Integration","0","4","4","4","0","88","88","1","0","1","1","0","0","1","Current","0","88"
"REQ-0122","The payload shall inhibit release when command & telemetry link behaviour case 122","Safety","MustShip","COMM-LNK","Command & Telemetry Link","Mission","HIL","1","1","1","1","0","88","","1","0","1","0","0","0","0","Insufficient evidence","0","88"
"REQ-0123","The interface shall exchange, without loss, flight control interface behaviour case 123","Interface","Nice","FLT-CTRL","Flight Control Interface","Safety","Integration","0","1","1","1","0","88","88","0","0","1","1","0","0","1","Current","0","88"
"REQ-0124","The payload shall inhibit release when power management behaviour case 124","Safety","MustShip","PWR-MGMT","Power Management","Mission","HIL","1","1","1","1","0","88","","0","1","1","0","0","0","0","Insufficient evidence","0","88"
"REQ-0125","The interface shall exchange, without loss, flight control interface behaviour case 125","Interface","ShouldShip","FLT-CTRL","Flight Control Interface","Safety","Integration","0","3","3","3","0","88","88","0","0","1","1","0","0","1","Current","0","88"
"REQ-0126","The subsystem shall complete, within budget, command & telemetry link behaviour case 126","Performance","Nice","COMM-LNK","Command & Telemetry Link","Mission","HIL","0","4","4","3","0","88","88","1","0","1","1","0","0","1","Current","0","88"
"REQ-0127","The subsystem shall complete, within budget, navigation & sensor fusion behaviour case 127","Performance","MustShip","NAV-SENS","Navigation & Sensor Fusion","Mission","HIL","0","2","2","2","0","88","88","0","0","1","1","0","0","1","Current","0","88"
"REQ-0128","The system shall provide payload release mechanism behaviour case 128","Functional","Nice","REL-MECH","Payload Release Mechanism","Safety","Integration","0","3","3","3","0","49","49","1","0","1","1","1","0","0","Stale - subsystem changed","22","88"
"REQ-0129","The subsystem shall complete, within budget, flight control interface behaviour case 129","Performance","Nice","FLT-CTRL","Flight Control Interface","Safety","HIL","0","3","3","2","0","88","88","0","0","1","1","0","0","1","Current","0","88"
"REQ-0130","The system shall provide ground control software behaviour case 130","Functional","ShouldShip","GND-CTRL","Ground Control Software","Support","Integration","0","2","2","2","0","88","88","0","0","1","1","0","0","1","Current","0","88"
"REQ-0131","The interface shall exchange, without loss, power management behaviour case 131","Interface","Nice","PWR-MGMT","Power Management","Mission","Integration","0","1","1","1","0","46","46","0","0","1","1","1","0","0","Stale - subsystem changed","2","88"
"REQ-0132","The payload shall inhibit release when flight control interface behaviour case 132","Safety","ShouldShip","FLT-CTRL","Flight Control Interface","Safety","HIL","1","2","2","2","0","71","","2","0","1","0","0","0","0","Insufficient evidence","0","88"
"REQ-0133","The interface shall exchange, without loss, flight control interface behaviour case 133","Interface","MustShip","FLT-CTRL","Flight Control Interface","Safety","Integration","0","4","4","4","0","88","88","1","0","1","1","0","0","1","Current","0","88"
"REQ-0134","The subsystem shall complete, within budget, ground control software behaviour case 134","Performance","MustShip","GND-CTRL","Ground Control Software","Support","HIL","0","4","4","4","0","88","88","0","0","1","1","0","0","1","Current","0","88"
"REQ-0137","The system shall provide structural interface behaviour case 137","Functional","MustShip","STRUCT-I","Structural Interface","Safety","Integration","0","1","1","1","0","88","","1","0","1","0","0","0","0","Insufficient evidence","0","88"
"REQ-0138","The interface shall exchange, without loss, flight control interface behaviour case 138","Interface","Nice","FLT-CTRL","Flight Control Interface","Safety","Integration","0","4","4","3","0","65","65","1","0","1","1","1","0","0","Stale - subsystem changed","17","88"
"REQ-0139","The subsystem shall complete, within budget, structural interface behaviour case 139","Performance","ShouldShip","STRUCT-I","Structural Interface","Safety","HIL","0","2","2","2","0","88","88","1","0","1","1","0","0","1","Current","0","88"
"REQ-0140","The subsystem shall complete, within budget, power management behaviour case 140","Performance","MustShip","PWR-MGMT","Power Management","Mission","HIL","0","3","3","3","0","88","88","0","0","1","1","0","0","1","Current","0","88"
"REQ-0141","The interface shall exchange, without loss, payload release mechanism behaviour case 141","Interface","MustShip","REL-MECH","Payload Release Mechanism","Safety","Integration","0","1","1","1","0","59","","1","0","1","0","0","0","0","Insufficient evidence","0","88"
"REQ-0142","The system shall provide ground control software behaviour case 142","Functional","MustShip","GND-CTRL","Ground Control Software","Support","Integration","0","3","3","3","0","88","88","0","0","1","1","0","0","1","Current","0","88"
"REQ-0143","The system shall provide payload release mechanism behaviour case 143","Functional","ShouldShip","REL-MECH","Payload Release Mechanism","Safety","Integration","0","3","3","3","0","88","88","0","0","1","1","0","0","1","Current","0","88"
"REQ-0144","The system shall provide diagnostics & logging behaviour case 144","Functional","MustShip","DIAG-LOG","Diagnostics & Logging","Support","Integration","0","2","2","2","0","88","88","0","0","1","1","0","0","1","Current","0","88"
"REQ-0145","The system shall provide diagnostics & logging behaviour case 145","Functional","Nice","DIAG-LOG","Diagnostics & Logging","Support","Integration","0","1","1","1","0","88","88","0","0","1","1","0","0","1","Current","0","88"
"REQ-0146","The payload shall inhibit release when structural interface behaviour case 146","Safety","MustShip","STRUCT-I","Structural Interface","Safety","HIL","1","3","3","3","0","88","88","2","0","1","1","0","0","1","Current","0","88"
"REQ-0147","The interface shall exchange, without loss, payload release mechanism behaviour case 147","Interface","ShouldShip","REL-MECH","Payload Release Mechanism","Safety","Integration","0","3","3","3","0","88","61","2","0","1","1","1","0","0","Stale - subsystem changed","20","88"
"REQ-0148","The payload shall inhibit release when flight control interface behaviour case 148","Safety","ShouldShip","FLT-CTRL","Flight Control Interface","Safety","HIL","1","4","4","4","0","88","70","3","1","1","1","1","0","0","Stale - subsystem changed","13","88"
"REQ-0149","The payload shall inhibit release when payload release mechanism behaviour case 149","Safety","MustShip","REL-MECH","Payload Release Mechanism","Safety","HIL","1","1","1","1","0","46","","1","0","1","0","0","0","0","Insufficient evidence","0","88"
"REQ-0150","The interface shall exchange, without loss, navigation & sensor fusion behaviour case 150","Interface","ShouldShip","NAV-SENS","Navigation & Sensor Fusion","Mission","Integration","0","3","3","3","0","88","88","1","0","1","1","0","0","1","Current","0","88"
"REQ-0151","The system shall provide power management behaviour case 151","Functional","Nice","PWR-MGMT","Power Management","Mission","Integration","0","1","1","1","0","88","","1","0","1","0","0","0","0","Insufficient evidence","0","88"
"REQ-0152","The subsystem shall complete, within budget, diagnostics & logging behaviour case 152","Performance","ShouldShip","DIAG-LOG","Diagnostics & Logging","Support","HIL","0","2","2","2","0","88","58","1","0","1","1","1","0","0","Stale - subsystem changed","5","88"
"REQ-0153","The payload shall inhibit release when payload release mechanism behaviour case 153","Safety","MustShip","REL-MECH","Payload Release Mechanism","Safety","HIL","1","4","4","4","0","88","88","1","0","1","1","0","0","1","Current","0","88"
"REQ-0154","The system shall record, for certification, payload release mechanism behaviour case 154","Regulatory","MustShip","REL-MECH","Payload Release Mechanism","Safety","Field","1","4","4","4","0","65","65","2","2","1","1","1","0","0","Stale - subsystem changed","16","88"
"REQ-0155","The system shall provide power management behaviour case 155","Functional","MustShip","PWR-MGMT","Power Management","Mission","Integration","0","1","1","1","0","88","","1","0","1","0","0","0","0","Insufficient evidence","0","88"
"REQ-0156","The system shall provide ground control software behaviour case 156","Functional","ShouldShip","GND-CTRL","Ground Control Software","Support","Integration","0","2","2","2","0","88","88","0","0","1","1","0","0","1","Current","0","88"
"REQ-0157","The payload shall inhibit release when payload release mechanism behaviour case 157","Safety","MustShip","REL-MECH","Payload Release Mechanism","Safety","HIL","1","4","4","4","0","68","68","3","0","1","1","1","0","0","Stale - subsystem changed","14","88"
"REQ-0158","The payload shall inhibit release when structural interface behaviour case 158","Safety","MustShip","STRUCT-I","Structural Interface","Safety","HIL","1","3","3","3","0","88","88","0","1","1","1","0","0","1","Current","0","88"
"REQ-0159","The interface shall exchange, without loss, navigation & sensor fusion behaviour case 159","Interface","ShouldShip","NAV-SENS","Navigation & Sensor Fusion","Mission","Integration","0","3","3","3","0","88","88","1","0","1","1","0","0","1","Current","0","88"
"REQ-0160","The system shall provide navigation & sensor fusion behaviour case 160","Functional","ShouldShip","NAV-SENS","Navigation & Sensor Fusion","Mission","Integration","0","2","2","2","0","63","63","0","0","1","1","1","0","0","Stale - subsystem changed","2","88"
"REQ-0161","The system shall record, for certification, power management behaviour case 161","Regulatory","MustShip","PWR-MGMT","Power Management","Mission","Field","1","4","4","2","1","69","","2","0","1","0","0","0","0","Insufficient evidence","0","88"
"REQ-0162","The subsystem shall complete, within budget, power management behaviour case 162","Performance","ShouldShip","PWR-MGMT","Power Management","Mission","HIL","0","4","4","4","0","88","88","1","0","1","1","0","0","1","Current","0","88"
"REQ-0163","The system shall provide diagnostics & logging behaviour case 163","Functional","Nice","DIAG-LOG","Diagnostics & Logging","Support","Integration","0","3","3","3","0","88","88","2","0","1","1","0","0","1","Current","0","88"
"REQ-0164","The subsystem shall complete, within budget, payload release mechanism behaviour case 164","Performance","MustShip","REL-MECH","Payload Release Mechanism","Safety","HIL","0","2","2","2","0","88","88","0","0","1","1","0","0","1","Current","0","88"
"REQ-0165","The system shall provide payload release mechanism behaviour case 165","Functional","MustShip","REL-MECH","Payload Release Mechanism","Safety","Integration","0","4","4","4","0","71","71","0","0","1","1","1","0","0","Stale - subsystem changed","12","88"
"REQ-0166","The payload shall inhibit release when payload release mechanism behaviour case 166","Safety","MustShip","REL-MECH","Payload Release Mechanism","Safety","HIL","1","3","3","2","0","54","54","0","0","1","1","1","0","0","Stale - subsystem changed","22","88"
"REQ-0167","The payload shall inhibit release when payload release mechanism behaviour case 167","Safety","MustShip","REL-MECH","Payload Release Mechanism","Safety","HIL","1","2","2","1","1","65","65","0","0","1","1","1","0","0","Stale - subsystem changed","16","88"
"REQ-0168","The system shall provide ground control software behaviour case 168","Functional","MustShip","GND-CTRL","Ground Control Software","Support","Integration","0","2","2","2","0","88","88","0","0","1","1","0","0","1","Current","0","88"
"REQ-0169","The subsystem shall complete, within budget, payload release mechanism behaviour case 169","Performance","MustShip","REL-MECH","Payload Release Mechanism","Safety","HIL","0","2","2","1","1","88","","1","0","1","0","0","0","0","Insufficient evidence","0","88"
"REQ-0170","The system shall provide ground control software behaviour case 170","Functional","Nice","GND-CTRL","Ground Control Software","Support","Integration","0","4","4","4","0","88","88","0","0","1","1","0","0","1","Current","0","88"
"REQ-0171","The subsystem shall complete, within budget, power management behaviour case 171","Performance","ShouldShip","PWR-MGMT","Power Management","Mission","HIL","0","3","3","2","1","88","88","1","0","1","1","0","0","1","Current","0","88"
"REQ-0172","The payload shall inhibit release when navigation & sensor fusion behaviour case 172","Safety","MustShip","NAV-SENS","Navigation & Sensor Fusion","Mission","HIL","1","3","3","3","0","88","","3","1","1","0","0","0","0","Insufficient evidence","0","88"
"REQ-0173","The system shall provide command & telemetry link behaviour case 173","Functional","MustShip","COMM-LNK","Command & Telemetry Link","Mission","Integration","0","4","4","3","0","88","88","1","0","1","1","0","0","1","Current","0","88"
"REQ-0175","The subsystem shall complete, within budget, command & telemetry link behaviour case 175","Performance","MustShip","COMM-LNK","Command & Telemetry Link","Mission","HIL","0","2","2","2","0","88","88","1","0","1","1","0","0","1","Current","0","88"
"REQ-0176","The system shall record, for certification, payload release mechanism behaviour case 176","Regulatory","MustShip","REL-MECH","Payload Release Mechanism","Safety","Field","1","1","1","0","1","","","0","0","0","0","0","0","0","No evidence","0","88"
"REQ-0177","The system shall provide command & telemetry link behaviour case 177","Functional","MustShip","COMM-LNK","Command & Telemetry Link","Mission","Integration","0","1","1","1","0","88","88","0","0","1","1","0","0","1","Current","0","88"
"REQ-0178","The system shall provide flight control interface behaviour case 178","Functional","MustShip","FLT-CTRL","Flight Control Interface","Safety","Integration","0","1","1","1","0","47","","1","0","1","0","0","0","0","Insufficient evidence","0","88"
"REQ-0180","The interface shall exchange, without loss, ground control software behaviour case 180","Interface","Nice","GND-CTRL","Ground Control Software","Support","Integration","0","4","4","4","0","88","88","2","0","1","1","0","0","1","Current","0","88"
"REQ-0181","The payload shall inhibit release when payload release mechanism behaviour case 181","Safety","MustShip","REL-MECH","Payload Release Mechanism","Safety","HIL","1","1","1","1","0","88","","1","0","1","0","0","0","0","Insufficient evidence","0","88"
"REQ-0182","The subsystem shall complete, within budget, structural interface behaviour case 182","Performance","Nice","STRUCT-I","Structural Interface","Safety","HIL","0","4","4","2","0","88","88","1","0","1","1","0","0","1","Current","0","88"
"REQ-0184","The subsystem shall complete, within budget, power management behaviour case 184","Performance","Nice","PWR-MGMT","Power Management","Mission","HIL","0","2","2","2","0","88","48","1","0","1","1","1","0","0","Stale - subsystem changed","2","88"
"REQ-0185","The system shall provide ground control software behaviour case 185","Functional","MustShip","GND-CTRL","Ground Control Software","Support","Integration","0","2","2","1","0","88","88","0","0","1","1","0","0","1","Current","0","88"
"REQ-0186","The interface shall exchange, without loss, navigation & sensor fusion behaviour case 186","Interface","MustShip","NAV-SENS","Navigation & Sensor Fusion","Mission","Integration","0","2","2","2","0","88","88","1","0","1","1","0","0","1","Current","0","88"
"REQ-0187","The system shall record, for certification, flight control interface behaviour case 187","Regulatory","MustShip","FLT-CTRL","Flight Control Interface","Safety","Field","1","1","1","1","0","55","55","0","0","1","1","1","0","0","Stale - subsystem changed","22","88"
"REQ-0188","The system shall provide structural interface behaviour case 188","Functional","ShouldShip","STRUCT-I","Structural Interface","Safety","Integration","0","3","3","1","0","88","88","0","0","1","1","0","0","1","Current","0","88"
"REQ-0189","The payload shall inhibit release when flight control interface behaviour case 189","Safety","MustShip","FLT-CTRL","Flight Control Interface","Safety","HIL","1","1","1","1","0","59","","1","1","1","0","0","0","0","Insufficient evidence","0","88"
"REQ-0190","The system shall provide command & telemetry link behaviour case 190","Functional","Nice","COMM-LNK","Command & Telemetry Link","Mission","Integration","0","4","4","4","0","88","88","1","0","1","1","0","0","1","Current","0","88"
"REQ-0191","The payload shall inhibit release when payload release mechanism behaviour case 191","Safety","MustShip","REL-MECH","Payload Release Mechanism","Safety","HIL","1","3","3","3","0","65","65","1","1","1","1","1","0","0","Stale - subsystem changed","16","88"
"REQ-0193","The system shall provide command & telemetry link behaviour case 193","Functional","MustShip","COMM-LNK","Command & Telemetry Link","Mission","Integration","0","1","1","1","0","88","88","0","0","1","1","0","0","1","Current","0","88"
"REQ-0194","The system shall record, for certification, power management behaviour case 194","Regulatory","MustShip","PWR-MGMT","Power Management","Mission","Field","1","2","2","2","0","88","","1","1","1","0","0","0","0","Insufficient evidence","0","88"
"REQ-0195","The subsystem shall complete, within budget, navigation & sensor fusion behaviour case 195","Performance","MustShip","NAV-SENS","Navigation & Sensor Fusion","Mission","HIL","0","4","4","4","0","88","88","3","0","1","1","0","0","1","Current","0","88"
"REQ-0196","The payload shall inhibit release when command & telemetry link behaviour case 196","Safety","MustShip","COMM-LNK","Command & Telemetry Link","Mission","HIL","1","1","1","1","0","88","","1","0","1","0","0","0","0","Insufficient evidence","0","88"
"REQ-0197","The system shall provide navigation & sensor fusion behaviour case 197","Functional","MustShip","NAV-SENS","Navigation & Sensor Fusion","Mission","Integration","0","4","4","2","1","88","","2","0","1","0","0","0","0","Insufficient evidence","0","88"
"REQ-0198","The system shall record, for certification, payload release mechanism behaviour case 198","Regulatory","MustShip","REL-MECH","Payload Release Mechanism","Safety","Field","1","4","4","4","0","69","60","3","2","1","1","1","0","0","Stale - subsystem changed","20","88"
"REQ-0199","The subsystem shall complete, within budget, diagnostics & logging behaviour case 199","Performance","MustShip","DIAG-LOG","Diagnostics & Logging","Support","HIL","0","1","1","1","0","88","","1","0","1","0","0","0","0","Insufficient evidence","0","88"
"REQ-0200","The system shall provide navigation & sensor fusion behaviour case 200","Functional","MustShip","NAV-SENS","Navigation & Sensor Fusion","Mission","Integration","0","4","4","3","0","88","88","0","0","1","1","0","0","1","Current","0","88"
"REQ-0201","The interface shall exchange, without loss, diagnostics & logging behaviour case 201","Interface","ShouldShip","DIAG-LOG","Diagnostics & Logging","Support","Integration","0","2","2","2","0","88","88","0","0","1","1","0","0","1","Current","0","88"
"REQ-0203","The payload shall inhibit release when flight control interface behaviour case 203","Safety","MustShip","FLT-CTRL","Flight Control Interface","Safety","HIL","1","4","4","4","0","88","88","0","0","1","1","0","0","1","Current","0","88"
"REQ-0204","The system shall provide navigation & sensor fusion behaviour case 204","Functional","ShouldShip","NAV-SENS","Navigation & Sensor Fusion","Mission","Integration","0","4","4","3","0","88","88","2","0","1","1","0","0","1","Current","0","88"
"REQ-0205","The subsystem shall complete, within budget, power management behaviour case 205","Performance","ShouldShip","PWR-MGMT","Power Management","Mission","HIL","0","2","2","1","1","88","88","0","0","1","1","0","0","1","Current","0","88"
"REQ-0206","The subsystem shall complete, within budget, navigation & sensor fusion behaviour case 206","Performance","ShouldShip","NAV-SENS","Navigation & Sensor Fusion","Mission","HIL","0","3","3","3","0","88","88","2","0","1","1","0","0","1","Current","0","88"
"REQ-0207","The interface shall exchange, without loss, diagnostics & logging behaviour case 207","Interface","ShouldShip","DIAG-LOG","Diagnostics & Logging","Support","Integration","0","3","3","3","0","88","88","0","0","1","1","0","0","1","Current","0","88"
"REQ-0208","The interface shall exchange, without loss, flight control interface behaviour case 208","Interface","MustShip","FLT-CTRL","Flight Control Interface","Safety","Integration","0","2","2","2","0","67","","2","0","1","0","0","0","0","Insufficient evidence","0","88"
"REQ-0209","The system shall provide navigation & sensor fusion behaviour case 209","Functional","ShouldShip","NAV-SENS","Navigation & Sensor Fusion","Mission","Integration","0","2","2","2","0","88","88","1","0","1","1","0","0","1","Current","0","88"
"REQ-0210","The payload shall inhibit release when flight control interface behaviour case 210","Safety","MustShip","FLT-CTRL","Flight Control Interface","Safety","HIL","1","1","1","1","0","88","88","0","0","1","1","0","0","1","Current","0","88"
"REQ-0211","The interface shall exchange, without loss, payload release mechanism behaviour case 211","Interface","MustShip","REL-MECH","Payload Release Mechanism","Safety","Integration","0","2","2","0","0","","","0","0","0","0","0","0","0","No evidence","0","88"
"REQ-0212","The subsystem shall complete, within budget, diagnostics & logging behaviour case 212","Performance","ShouldShip","DIAG-LOG","Diagnostics & Logging","Support","HIL","0","2","2","2","0","88","","2","0","1","0","0","0","0","Insufficient evidence","0","88"
"REQ-0213","The interface shall exchange, without loss, command & telemetry link behaviour case 213","Interface","ShouldShip","COMM-LNK","Command & Telemetry Link","Mission","Integration","0","2","2","2","0","88","88","1","0","1","1","0","0","1","Current","0","88"
"REQ-0214","The system shall provide ground control software behaviour case 214","Functional","Nice","GND-CTRL","Ground Control Software","Support","Integration","0","2","2","2","0","88","88","1","0","1","1","0","0","1","Current","0","88"
"REQ-0215","The system shall provide navigation & sensor fusion behaviour case 215","Functional","Nice","NAV-SENS","Navigation & Sensor Fusion","Mission","Integration","0","4","4","4","0","88","88","1","0","1","1","0","0","1","Current","0","88"
"REQ-0216","The interface shall exchange, without loss, command & telemetry link behaviour case 216","Interface","Nice","COMM-LNK","Command & Telemetry Link","Mission","Integration","0","4","4","4","0","88","49","1","0","1","1","1","0","0","Stale - subsystem changed","6","88"
"REQ-0217","The payload shall inhibit release when payload release mechanism behaviour case 217","Safety","MustShip","REL-MECH","Payload Release Mechanism","Safety","HIL","1","1","1","1","0","40","40","0","0","1","1","1","0","0","Stale - subsystem changed","25","88"
"REQ-0218","The interface shall exchange, without loss, power management behaviour case 218","Interface","MustShip","PWR-MGMT","Power Management","Mission","Integration","0","1","1","1","0","88","","1","0","1","0","0","0","0","Insufficient evidence","0","88"
"REQ-0219","The system shall provide ground control software behaviour case 219","Functional","MustShip","GND-CTRL","Ground Control Software","Support","Integration","0","3","3","3","0","88","88","2","0","1","1","0","0","1","Current","0","88"
"REQ-0220","The subsystem shall complete, within budget, navigation & sensor fusion behaviour case 220","Performance","Nice","NAV-SENS","Navigation & Sensor Fusion","Mission","HIL","0","2","2","2","0","88","","2","0","1","0","0","0","0","Insufficient evidence","0","88"
"REQ-0221","The payload shall inhibit release when command & telemetry link behaviour case 221","Safety","MustShip","COMM-LNK","Command & Telemetry Link","Mission","HIL","1","3","3","3","0","88","88","0","0","1","1","0","0","1","Current","0","88"
"REQ-0222","The system shall provide payload release mechanism behaviour case 222","Functional","ShouldShip","REL-MECH","Payload Release Mechanism","Safety","Integration","0","3","3","2","0","88","","2","0","1","0","0","0","0","Insufficient evidence","0","88"
"REQ-0223","The subsystem shall complete, within budget, ground control software behaviour case 223","Performance","MustShip","GND-CTRL","Ground Control Software","Support","HIL","0","1","1","1","0","88","","1","0","1","0","0","0","0","Insufficient evidence","0","88"
"REQ-0224","The payload shall inhibit release when command & telemetry link behaviour case 224","Safety","MustShip","COMM-LNK","Command & Telemetry Link","Mission","HIL","1","3","3","2","1","88","","1","1","1","0","0","0","0","Insufficient evidence","0","88"
"REQ-0225","The payload shall inhibit release when flight control interface behaviour case 225","Safety","MustShip","FLT-CTRL","Flight Control Interface","Safety","HIL","1","1","1","1","0","51","51","0","0","1","1","1","0","0","Stale - subsystem changed","23","88"
"REQ-0226","The payload shall inhibit release when structural interface behaviour case 226","Safety","ShouldShip","STRUCT-I","Structural Interface","Safety","HIL","1","2","2","2","0","88","88","0","0","1","1","0","0","1","Current","0","88"
"REQ-0227","The interface shall exchange, without loss, power management behaviour case 227","Interface","ShouldShip","PWR-MGMT","Power Management","Mission","Integration","0","2","2","2","0","88","88","1","0","1","1","0","0","1","Current","0","88"
"REQ-0228","The system shall record, for certification, command & telemetry link behaviour case 228","Regulatory","MustShip","COMM-LNK","Command & Telemetry Link","Mission","Field","1","2","2","1","0","88","","1","1","1","0","0","0","0","Insufficient evidence","0","88"
"REQ-0229","The interface shall exchange, without loss, power management behaviour case 229","Interface","MustShip","PWR-MGMT","Power Management","Mission","Integration","0","3","3","2","0","88","88","1","0","1","1","0","0","1","Current","0","88"
"REQ-0230","The system shall provide flight control interface behaviour case 230","Functional","Nice","FLT-CTRL","Flight Control Interface","Safety","Integration","0","3","3","3","0","88","88","2","0","1","1","0","0","1","Current","0","88"
"REQ-0231","The interface shall exchange, without loss, command & telemetry link behaviour case 231","Interface","ShouldShip","COMM-LNK","Command & Telemetry Link","Mission","Integration","0","4","4","3","0","88","88","1","0","1","1","0","0","1","Current","0","88"
"REQ-0232","The payload shall inhibit release when payload release mechanism behaviour case 232","Safety","ShouldShip","REL-MECH","Payload Release Mechanism","Safety","HIL","1","3","3","3","0","88","88","1","0","1","1","0","0","1","Current","0","88"
"REQ-0233","The interface shall exchange, without loss, navigation & sensor fusion behaviour case 233","Interface","MustShip","NAV-SENS","Navigation & Sensor Fusion","Mission","Integration","0","3","3","2","1","88","","2","0","1","0","0","0","0","Insufficient evidence","0","88"
"REQ-0234","The system shall provide ground control software behaviour case 234","Functional","ShouldShip","GND-CTRL","Ground Control Software","Support","Integration","0","3","3","3","0","88","88","2","0","1","1","0","0","1","Current","0","88"
"REQ-0235","The system shall record, for certification, flight control interface behaviour case 235","Regulatory","MustShip","FLT-CTRL","Flight Control Interface","Safety","Field","1","3","3","3","0","68","37","1","1","1","1","1","0","0","Stale - subsystem changed","29","88"
"REQ-0236","The subsystem shall complete, within budget, ground control software behaviour case 236","Performance","ShouldShip","GND-CTRL","Ground Control Software","Support","HIL","0","4","4","4","0","88","88","3","0","1","1","0","0","1","Current","0","88"
"REQ-0237","The subsystem shall complete, within budget, power management behaviour case 237","Performance","ShouldShip","PWR-MGMT","Power Management","Mission","HIL","0","4","4","4","0","88","88","1","0","1","1","0","0","1","Current","0","88"
"REQ-0239","The interface shall exchange, without loss, power management behaviour case 239","Interface","ShouldShip","PWR-MGMT","Power Management","Mission","Integration","0","1","1","0","0","","","0","0","0","0","0","0","0","No evidence","0","88"
"REQ-0240","The system shall provide payload release mechanism behaviour case 240","Functional","MustShip","REL-MECH","Payload Release Mechanism","Safety","Integration","0","4","4","3","0","88","88","2","0","1","1","0","0","1","Current","0","88"
"REQ-0241","The system shall provide ground control software behaviour case 241","Functional","Nice","GND-CTRL","Ground Control Software","Support","Integration","0","1","1","0","0","","","0","0","0","0","0","0","0","No evidence","0","88"
"REQ-0242","The payload shall inhibit release when command & telemetry link behaviour case 242","Safety","MustShip","COMM-LNK","Command & Telemetry Link","Mission","HIL","1","2","2","2","0","88","88","0","0","1","1","0","0","1","Current","0","88"
"REQ-0243","The payload shall inhibit release when flight control interface behaviour case 243","Safety","ShouldShip","FLT-CTRL","Flight Control Interface","Safety","HIL","1","2","2","1","0","45","","1","0","1","0","0","0","0","Insufficient evidence","0","88"
"REQ-0244","The interface shall exchange, without loss, command & telemetry link behaviour case 244","Interface","ShouldShip","COMM-LNK","Command & Telemetry Link","Mission","Integration","0","1","1","1","0","88","88","0","0","1","1","0","0","1","Current","0","88"
"REQ-0245","The subsystem shall complete, within budget, flight control interface behaviour case 245","Performance","ShouldShip","FLT-CTRL","Flight Control Interface","Safety","HIL","0","1","1","1","0","88","","1","0","1","0","0","0","0","Insufficient evidence","0","88"
"REQ-0246","The payload shall inhibit release when payload release mechanism behaviour case 246","Safety","MustShip","REL-MECH","Payload Release Mechanism","Safety","HIL","1","1","1","1","0","88","88","0","0","1","1","0","0","1","Current","0","88"
"REQ-0247","The subsystem shall complete, within budget, command & telemetry link behaviour case 247","Performance","MustShip","COMM-LNK","Command & Telemetry Link","Mission","HIL","0","3","3","3","0","88","","3","0","1","0","0","0","0","Insufficient evidence","0","88"
"REQ-0248","The subsystem shall complete, within budget, power management behaviour case 248","Performance","ShouldShip","PWR-MGMT","Power Management","Mission","HIL","0","4","4","4","0","88","88","2","0","1","1","0","0","1","Current","0","88"
"REQ-0249","The subsystem shall complete, within budget, command & telemetry link behaviour case 249","Performance","MustShip","COMM-LNK","Command & Telemetry Link","Mission","HIL","0","2","2","0","1","","","0","0","0","0","0","0","0","No evidence","0","88"
"REQ-0250","The interface shall exchange, without loss, diagnostics & logging behaviour case 250","Interface","Nice","DIAG-LOG","Diagnostics & Logging","Support","Integration","0","4","4","4","0","88","88","2","0","1","1","0","0","1","Current","0","88"
"REQ-0251","The system shall provide ground control software behaviour case 251","Functional","MustShip","GND-CTRL","Ground Control Software","Support","Integration","0","3","3","3","0","88","88","1","0","1","1","0","0","1","Current","0","88"
"REQ-0252","The payload shall inhibit release when payload release mechanism behaviour case 252","Safety","MustShip","REL-MECH","Payload Release Mechanism","Safety","HIL","1","4","4","3","0","88","49","2","0","1","1","1","0","0","Stale - subsystem changed","22","88"
"REQ-0253","The system shall record, for certification, flight control interface behaviour case 253","Regulatory","MustShip","FLT-CTRL","Flight Control Interface","Safety","Field","1","4","4","3","0","69","50","0","1","1","1","1","1","0","Stale - requirement changed","24","88"
"REQ-0254","The interface shall exchange, without loss, command & telemetry link behaviour case 254","Interface","ShouldShip","COMM-LNK","Command & Telemetry Link","Mission","Integration","0","3","3","3","0","88","88","0","0","1","1","0","0","1","Current","0","88"
"REQ-0255","The payload shall inhibit release when flight control interface behaviour case 255","Safety","ShouldShip","FLT-CTRL","Flight Control Interface","Safety","HIL","1","3","3","2","0","88","88","0","0","1","1","0","0","1","Current","0","88"
"REQ-0256","The subsystem shall complete, within budget, power management behaviour case 256","Performance","ShouldShip","PWR-MGMT","Power Management","Mission","HIL","0","1","1","1","0","88","","1","0","1","0","0","0","0","Insufficient evidence","0","88"
"REQ-0257","The interface shall exchange, without loss, power management behaviour case 257","Interface","MustShip","PWR-MGMT","Power Management","Mission","Integration","0","3","3","2","0","88","88","1","0","1","1","0","0","1","Current","0","88"
"REQ-0258","The payload shall inhibit release when payload release mechanism behaviour case 258","Safety","MustShip","REL-MECH","Payload Release Mechanism","Safety","HIL","1","2","2","2","0","36","36","0","0","1","1","1","0","0","Stale - subsystem changed","28","88"
"REQ-0259","The system shall provide ground control software behaviour case 259","Functional","ShouldShip","GND-CTRL","Ground Control Software","Support","Integration","0","3","3","3","0","88","88","0","0","1","1","0","0","1","Current","0","88"
"REQ-0260","The interface shall exchange, without loss, payload release mechanism behaviour case 260","Interface","MustShip","REL-MECH","Payload Release Mechanism","Safety","Integration","0","1","1","1","0","55","55","0","0","1","1","1","0","0","Stale - subsystem changed","22","88"
"REQ-0261","The system shall provide ground control software behaviour case 261","Functional","ShouldShip","GND-CTRL","Ground Control Software","Support","Integration","0","1","1","1","0","88","88","0","0","1","1","0","0","1","Current","0","88"
"REQ-0262","The subsystem shall complete, within budget, payload release mechanism behaviour case 262","Performance","ShouldShip","REL-MECH","Payload Release Mechanism","Safety","HIL","0","2","2","2","0","64","64","0","0","1","1","1","0","0","Stale - subsystem changed","17","88"
"REQ-0263","The system shall provide command & telemetry link behaviour case 263","Functional","MustShip","COMM-LNK","Command & Telemetry Link","Mission","Integration","0","2","2","2","0","88","88","1","0","1","1","0","0","1","Current","0","88"
"REQ-0264","The system shall provide structural interface behaviour case 264","Functional","MustShip","STRUCT-I","Structural Interface","Safety","Integration","0","4","4","4","0","88","88","2","0","1","1","0","0","1","Current","0","88"
"REQ-0265","The subsystem shall complete, within budget, navigation & sensor fusion behaviour case 265","Performance","MustShip","NAV-SENS","Navigation & Sensor Fusion","Mission","HIL","0","2","2","2","0","88","88","0","0","1","1","0","0","1","Current","0","88"
"REQ-0266","The interface shall exchange, without loss, payload release mechanism behaviour case 266","Interface","MustShip","REL-MECH","Payload Release Mechanism","Safety","Integration","0","1","1","0","0","","","0","0","0","0","0","0","0","No evidence","0","88"
"REQ-0267","The interface shall exchange, without loss, power management behaviour case 267","Interface","Nice","PWR-MGMT","Power Management","Mission","Integration","0","3","3","2","0","88","88","0","0","1","1","0","0","1","Current","0","88"
"REQ-0268","The system shall provide power management behaviour case 268","Functional","MustShip","PWR-MGMT","Power Management","Mission","Integration","0","4","4","4","0","88","88","2","0","1","1","0","0","1","Current","0","88"
"REQ-0269","The subsystem shall complete, within budget, payload release mechanism behaviour case 269","Performance","MustShip","REL-MECH","Payload Release Mechanism","Safety","HIL","0","2","2","1","0","51","51","0","0","1","1","1","0","0","Stale - subsystem changed","22","88"
"REQ-0271","The system shall provide power management behaviour case 271","Functional","MustShip","PWR-MGMT","Power Management","Mission","Integration","0","2","2","2","0","88","88","1","0","1","1","0","0","1","Current","0","88"
"REQ-0272","The payload shall inhibit release when power management behaviour case 272","Safety","MustShip","PWR-MGMT","Power Management","Mission","HIL","1","1","1","1","0","88","","1","0","1","0","0","0","0","Insufficient evidence","0","88"
"REQ-0273","The interface shall exchange, without loss, power management behaviour case 273","Interface","ShouldShip","PWR-MGMT","Power Management","Mission","Integration","0","3","3","3","0","88","88","1","0","1","1","0","0","1","Current","0","88"
"REQ-0274","The subsystem shall complete, within budget, flight control interface behaviour case 274","Performance","ShouldShip","FLT-CTRL","Flight Control Interface","Safety","HIL","0","2","2","2","0","54","54","1","0","1","1","1","1","0","Stale - requirement changed","22","88"
"REQ-0275","The interface shall exchange, without loss, payload release mechanism behaviour case 275","Interface","Nice","REL-MECH","Payload Release Mechanism","Safety","Integration","0","3","3","3","0","88","88","1","0","1","1","0","0","1","Current","0","88"
"REQ-0276","The interface shall exchange, without loss, navigation & sensor fusion behaviour case 276","Interface","ShouldShip","NAV-SENS","Navigation & Sensor Fusion","Mission","Integration","0","4","4","4","0","88","88","0","0","1","1","0","0","1","Current","0","88"
"REQ-0277","The subsystem shall complete, within budget, power management behaviour case 277","Performance","MustShip","PWR-MGMT","Power Management","Mission","HIL","0","4","4","3","0","88","88","1","0","1","1","0","0","1","Current","0","88"
"REQ-0278","The system shall record, for certification, flight control interface behaviour case 278","Regulatory","ShouldShip","FLT-CTRL","Flight Control Interface","Safety","Field","1","4","4","4","0","70","49","2","0","1","1","1","0","0","Stale - subsystem changed","24","88"
"REQ-0279","The system shall provide ground control software behaviour case 279","Functional","Nice","GND-CTRL","Ground Control Software","Support","Integration","0","4","4","3","0","88","88","0","0","1","1","0","0","1","Current","0","88"
"REQ-0280","The payload shall inhibit release when flight control interface behaviour case 280","Safety","MustShip","FLT-CTRL","Flight Control Interface","Safety","HIL","1","4","4","3","0","63","63","0","0","1","1","1","0","0","Stale - subsystem changed","18","88"
"REQ-0281","The interface shall exchange, without loss, navigation & sensor fusion behaviour case 281","Interface","Nice","NAV-SENS","Navigation & Sensor Fusion","Mission","Integration","0","3","3","2","0","88","88","0","0","1","1","0","0","1","Current","0","88"
"REQ-0282","The system shall provide ground control software behaviour case 282","Functional","MustShip","GND-CTRL","Ground Control Software","Support","Integration","0","2","2","2","0","88","88","1","0","1","1","0","0","1","Current","0","88"
"REQ-0283","The subsystem shall complete, within budget, payload release mechanism behaviour case 283","Performance","MustShip","REL-MECH","Payload Release Mechanism","Safety","HIL","0","4","4","3","0","88","88","2","0","1","1","0","0","1","Current","0","88"
"REQ-0284","The subsystem shall complete, within budget, payload release mechanism behaviour case 284","Performance","Nice","REL-MECH","Payload Release Mechanism","Safety","HIL","0","1","1","1","0","68","","1","0","1","0","0","0","0","Insufficient evidence","0","88"
"REQ-0285","The subsystem shall complete, within budget, power management behaviour case 285","Performance","ShouldShip","PWR-MGMT","Power Management","Mission","HIL","0","3","3","3","0","88","88","1","0","1","1","0","0","1","Current","0","88"
"REQ-0286","The payload shall inhibit release when navigation & sensor fusion behaviour case 286","Safety","MustShip","NAV-SENS","Navigation & Sensor Fusion","Mission","HIL","1","3","3","3","0","88","","3","1","1","0","0","0","0","Insufficient evidence","0","88"
"REQ-0287","The interface shall exchange, without loss, payload release mechanism behaviour case 287","Interface","MustShip","REL-MECH","Payload Release Mechanism","Safety","Integration","0","3","3","2","0","69","69","0","0","1","1","1","1","0","Stale - requirement changed","14","88"
"REQ-0288","The interface shall exchange, without loss, payload release mechanism behaviour case 288","Interface","MustShip","REL-MECH","Payload Release Mechanism","Safety","Integration","0","4","4","3","0","88","88","1","0","1","1","0","0","1","Current","0","88"
"REQ-0289","The system shall record, for certification, flight control interface behaviour case 289","Regulatory","MustShip","FLT-CTRL","Flight Control Interface","Safety","Field","1","4","4","3","0","88","88","1","1","1","1","0","0","1","Current","0","88"
"REQ-0290","The system shall record, for certification, structural interface behaviour case 290","Regulatory","ShouldShip","STRUCT-I","Structural Interface","Safety","Field","1","4","4","4","0","88","70","3","0","1","1","1","0","0","Stale - subsystem changed","2","88"
"REQ-0291","The subsystem shall complete, within budget, structural interface behaviour case 291","Performance","MustShip","STRUCT-I","Structural Interface","Safety","HIL","0","2","2","2","0","88","88","1","0","1","1","0","0","1","Current","0","88"
"REQ-0292","The system shall provide navigation & sensor fusion behaviour case 292","Functional","MustShip","NAV-SENS","Navigation & Sensor Fusion","Mission","Integration","0","2","2","2","0","88","88","0","0","1","1","0","0","1","Current","0","88"
"REQ-0293","The interface shall exchange, without loss, ground control software behaviour case 293","Interface","MustShip","GND-CTRL","Ground Control Software","Support","Integration","0","1","1","1","0","50","50","0","0","1","1","1","0","0","Stale - subsystem changed","7","88"
"REQ-0294","The subsystem shall complete, within budget, flight control interface behaviour case 294","Performance","MustShip","FLT-CTRL","Flight Control Interface","Safety","HIL","0","4","4","4","0","88","88","2","0","1","1","0","0","1","Current","0","88"
"REQ-0295","The system shall record, for certification, power management behaviour case 295","Regulatory","MustShip","PWR-MGMT","Power Management","Mission","Field","1","4","4","4","0","88","88","0","0","1","1","0","0","1","Current","0","88"
"REQ-0296","The subsystem shall complete, within budget, power management behaviour case 296","Performance","MustShip","PWR-MGMT","Power Management","Mission","HIL","0","2","2","2","0","88","88","1","0","1","1","0","0","1","Current","0","88"
"REQ-0297","The interface shall exchange, without loss, navigation & sensor fusion behaviour case 297","Interface","ShouldShip","NAV-SENS","Navigation & Sensor Fusion","Mission","Integration","0","1","1","1","0","33","33","0","0","1","1","1","0","0","Stale - subsystem changed","12","88"
"REQ-0298","The system shall provide payload release mechanism behaviour case 298","Functional","MustShip","REL-MECH","Payload Release Mechanism","Safety","Integration","0","4","4","3","0","88","88","1","0","1","1","0","0","1","Current","0","88"
"REQ-0299","The system shall provide ground control software behaviour case 299","Functional","ShouldShip","GND-CTRL","Ground Control Software","Support","Integration","0","3","3","3","0","88","","3","0","1","0","0","0","0","Insufficient evidence","0","88"
"REQ-0300","The payload shall inhibit release when flight control interface behaviour case 300","Safety","MustShip","FLT-CTRL","Flight Control Interface","Safety","HIL","1","3","3","2","0","55","55","0","1","1","1","1","0","0","Stale - subsystem changed","22","88"
"REQ-0301","The payload shall inhibit release when structural interface behaviour case 301","Safety","MustShip","STRUCT-I","Structural Interface","Safety","HIL","1","2","2","1","0","88","","1","1","1","0","0","0","0","Insufficient evidence","0","88"
"REQ-0302","The interface shall exchange, without loss, power management behaviour case 302","Interface","Nice","PWR-MGMT","Power Management","Mission","Integration","0","2","2","2","0","88","88","1","0","1","1","0","0","1","Current","0","88"
"REQ-0303","The subsystem shall complete, within budget, command & telemetry link behaviour case 303","Performance","MustShip","COMM-LNK","Command & Telemetry Link","Mission","HIL","0","3","3","2","0","88","88","1","0","1","1","0","0","1","Current","0","88"
"REQ-0304","The subsystem shall complete, within budget, navigation & sensor fusion behaviour case 304","Performance","ShouldShip","NAV-SENS","Navigation & Sensor Fusion","Mission","HIL","0","3","3","3","0","88","88","0","0","1","1","0","0","1","Current","0","88"
"REQ-0305","The interface shall exchange, without loss, diagnostics & logging behaviour case 305","Interface","Nice","DIAG-LOG","Diagnostics & Logging","Support","Integration","0","4","4","3","0","88","88","0","0","1","1","0","0","1","Current","0","88"
"REQ-0306","The system shall provide flight control interface behaviour case 306","Functional","MustShip","FLT-CTRL","Flight Control Interface","Safety","Integration","0","1","1","1","0","88","","1","0","1","0","0","0","0","Insufficient evidence","0","88"
"REQ-0307","The subsystem shall complete, within budget, power management behaviour case 307","Performance","Nice","PWR-MGMT","Power Management","Mission","HIL","0","3","3","3","0","88","","3","0","1","0","0","0","0","Insufficient evidence","0","88"
"REQ-0308","The system shall record, for certification, flight control interface behaviour case 308","Regulatory","MustShip","FLT-CTRL","Flight Control Interface","Safety","Field","1","4","4","4","0","45","33","2","0","1","1","1","0","0","Stale - subsystem changed","32","88"
"REQ-0309","The payload shall inhibit release when flight control interface behaviour case 309","Safety","MustShip","FLT-CTRL","Flight Control Interface","Safety","HIL","1","4","4","3","1","88","88","2","0","1","1","0","0","1","Current","0","88"
"REQ-0310","The system shall provide power management behaviour case 310","Functional","Nice","PWR-MGMT","Power Management","Mission","Integration","0","1","1","1","0","88","","1","0","1","0","0","0","0","Insufficient evidence","0","88"
"REQ-0311","The system shall provide ground control software behaviour case 311","Functional","ShouldShip","GND-CTRL","Ground Control Software","Support","Integration","0","1","1","0","0","","","0","0","0","0","0","0","0","No evidence","0","88"
"REQ-0312","The system shall record, for certification, payload release mechanism behaviour case 312","Regulatory","MustShip","REL-MECH","Payload Release Mechanism","Safety","Field","1","4","4","3","1","88","88","2","1","1","1","0","0","1","Current","0","88"
"REQ-0313","The interface shall exchange, without loss, diagnostics & logging behaviour case 313","Interface","Nice","DIAG-LOG","Diagnostics & Logging","Support","Integration","0","4","4","4","0","88","","4","0","1","0","0","0","0","Insufficient evidence","0","88"
"REQ-0314","The system shall provide command & telemetry link behaviour case 314","Functional","ShouldShip","COMM-LNK","Command & Telemetry Link","Mission","Integration","0","1","1","1","0","88","88","0","0","1","1","0","0","1","Current","0","88"
"REQ-0315","The payload shall inhibit release when payload release mechanism behaviour case 315","Safety","MustShip","REL-MECH","Payload Release Mechanism","Safety","HIL","1","3","3","3","0","88","88","1","0","1","1","0","0","1","Current","0","88"
"REQ-0316","The payload shall inhibit release when power management behaviour case 316","Safety","MustShip","PWR-MGMT","Power Management","Mission","HIL","1","2","2","2","0","88","","2","0","1","0","0","0","0","Insufficient evidence","0","88"
"REQ-0317","The system shall provide diagnostics & logging behaviour case 317","Functional","ShouldShip","DIAG-LOG","Diagnostics & Logging","Support","Integration","0","1","1","1","0","88","88","0","0","1","1","0","0","1","Current","0","88"
"REQ-0318","The interface shall exchange, without loss, navigation & sensor fusion behaviour case 318","Interface","Nice","NAV-SENS","Navigation & Sensor Fusion","Mission","Integration","0","3","3","2","0","88","88","0","0","1","1","0","0","1","Current","0","88"
"REQ-0319","The interface shall exchange, without loss, ground control software behaviour case 319","Interface","MustShip","GND-CTRL","Ground Control Software","Support","Integration","0","3","3","3","0","88","88","2","0","1","1","0","0","1","Current","0","88"
"REQ-0320","The system shall provide flight control interface behaviour case 320","Functional","ShouldShip","FLT-CTRL","Flight Control Interface","Safety","Integration","0","2","2","2","0","88","63","1","0","1","1","1","0","0","Stale - subsystem changed","18","88"
"REQ-0321","The payload shall inhibit release when structural interface behaviour case 321","Safety","MustShip","STRUCT-I","Structural Interface","Safety","HIL","1","1","1","1","0","88","88","0","0","1","1","0","0","1","Current","0","88"
"REQ-0322","The system shall provide structural interface behaviour case 322","Functional","Nice","STRUCT-I","Structural Interface","Safety","Integration","0","4","4","3","0","88","88","1","0","1","1","0","0","1","Current","0","88"
"REQ-0323","The system shall provide ground control software behaviour case 323","Functional","Nice","GND-CTRL","Ground Control Software","Support","Integration","0","3","3","1","0","88","","1","0","1","0","0","0","0","Insufficient evidence","0","88"
"REQ-0324","The system shall provide flight control interface behaviour case 324","Functional","MustShip","FLT-CTRL","Flight Control Interface","Safety","Integration","0","1","1","1","0","36","","1","0","1","0","0","0","0","Insufficient evidence","0","88"
"REQ-0325","The subsystem shall complete, within budget, navigation & sensor fusion behaviour case 325","Performance","MustShip","NAV-SENS","Navigation & Sensor Fusion","Mission","HIL","0","1","1","1","0","88","88","0","0","1","1","0","0","1","Current","0","88"
"REQ-0326","The interface shall exchange, without loss, navigation & sensor fusion behaviour case 326","Interface","ShouldShip","NAV-SENS","Navigation & Sensor Fusion","Mission","Integration","0","3","3","2","0","88","","2","0","1","0","0","0","0","Insufficient evidence","0","88"
"REQ-0327","The system shall provide diagnostics & logging behaviour case 327","Functional","ShouldShip","DIAG-LOG","Diagnostics & Logging","Support","Integration","0","2","2","2","0","88","88","0","0","1","1","0","0","1","Current","0","88"
"REQ-0328","The subsystem shall complete, within budget, ground control software behaviour case 328","Performance","Nice","GND-CTRL","Ground Control Software","Support","HIL","0","2","2","2","0","88","88","0","0","1","1","0","0","1","Current","0","88"
"REQ-0329","The system shall provide power management behaviour case 329","Functional","ShouldShip","PWR-MGMT","Power Management","Mission","Integration","0","1","1","0","1","","","0","0","0","0","0","0","0","No evidence","0","88"
"REQ-0331","The system shall provide ground control software behaviour case 331","Functional","MustShip","GND-CTRL","Ground Control Software","Support","Integration","0","3","3","2","0","88","88","0","0","1","1","0","0","1","Current","0","88"
"REQ-0332","The payload shall inhibit release when navigation & sensor fusion behaviour case 332","Safety","MustShip","NAV-SENS","Navigation & Sensor Fusion","Mission","HIL","1","4","4","3","1","88","88","0","0","1","1","0","0","1","Current","0","88"
"REQ-0333","The system shall provide navigation & sensor fusion behaviour case 333","Functional","MustShip","NAV-SENS","Navigation & Sensor Fusion","Mission","Integration","0","4","4","4","0","88","88","2","0","1","1","0","0","1","Current","0","88"
"REQ-0334","The system shall provide diagnostics & logging behaviour case 334","Functional","MustShip","DIAG-LOG","Diagnostics & Logging","Support","Integration","0","1","1","1","0","88","88","0","0","1","1","0","0","1","Current","0","88"
"REQ-0335","The system shall provide diagnostics & logging behaviour case 335","Functional","ShouldShip","DIAG-LOG","Diagnostics & Logging","Support","Integration","0","2","2","1","0","88","","1","0","1","0","0","0","0","Insufficient evidence","0","88"
"REQ-0336","The payload shall inhibit release when payload release mechanism behaviour case 336","Safety","MustShip","REL-MECH","Payload Release Mechanism","Safety","HIL","1","2","2","2","0","88","","1","1","1","0","0","0","0","Insufficient evidence","0","88"
"REQ-0337","The subsystem shall complete, within budget, flight control interface behaviour case 337","Performance","ShouldShip","FLT-CTRL","Flight Control Interface","Safety","HIL","0","2","2","2","0","71","","2","0","1","0","0","0","0","Insufficient evidence","0","88"
"REQ-0338","The system shall provide payload release mechanism behaviour case 338","Functional","MustShip","REL-MECH","Payload Release Mechanism","Safety","Integration","0","2","2","2","0","88","67","1","0","1","1","1","0","0","Stale - subsystem changed","15","88"
"REQ-0339","The system shall provide command & telemetry link behaviour case 339","Functional","MustShip","COMM-LNK","Command & Telemetry Link","Mission","Integration","0","4","4","4","0","88","88","3","0","1","1","0","0","1","Current","0","88"
"REQ-0340","The system shall provide flight control interface behaviour case 340","Functional","MustShip","FLT-CTRL","Flight Control Interface","Safety","Integration","0","3","3","3","0","42","42","2","0","1","1","1","0","0","Stale - subsystem changed","27","88"
"REQ-0341","The interface shall exchange, without loss, navigation & sensor fusion behaviour case 341","Interface","MustShip","NAV-SENS","Navigation & Sensor Fusion","Mission","Integration","0","4","4","4","0","88","88","2","0","1","1","0","0","1","Current","0","88"
"REQ-0342","The subsystem shall complete, within budget, flight control interface behaviour case 342","Performance","ShouldShip","FLT-CTRL","Flight Control Interface","Safety","HIL","0","2","2","2","0","88","","2","0","1","0","0","0","0","Insufficient evidence","0","88"
"REQ-0343","The payload shall inhibit release when power management behaviour case 343","Safety","MustShip","PWR-MGMT","Power Management","Mission","HIL","1","3","3","3","0","88","88","1","1","1","1","0","0","1","Current","0","88"
"REQ-0344","The system shall provide ground control software behaviour case 344","Functional","ShouldShip","GND-CTRL","Ground Control Software","Support","Integration","0","4","4","4","0","88","88","1","0","1","1","0","0","1","Current","0","88"
"REQ-0345","The subsystem shall complete, within budget, payload release mechanism behaviour case 345","Performance","ShouldShip","REL-MECH","Payload Release Mechanism","Safety","HIL","0","2","2","2","0","88","","2","0","1","0","0","0","0","Insufficient evidence","0","88"
"REQ-0346","The system shall provide ground control software behaviour case 346","Functional","MustShip","GND-CTRL","Ground Control Software","Support","Integration","0","2","2","2","0","88","","2","0","1","0","0","0","0","Insufficient evidence","0","88"
"REQ-0347","The system shall provide ground control software behaviour case 347","Functional","Nice","GND-CTRL","Ground Control Software","Support","Integration","0","3","3","3","0","88","88","0","0","1","1","0","0","1","Current","0","88"
"REQ-0348","The system shall provide payload release mechanism behaviour case 348","Functional","ShouldShip","REL-MECH","Payload Release Mechanism","Safety","Integration","0","1","1","1","0","64","64","0","0","1","1","1","0","0","Stale - subsystem changed","17","88"
"REQ-0349","The payload shall inhibit release when flight control interface behaviour case 349","Safety","MustShip","FLT-CTRL","Flight Control Interface","Safety","HIL","1","4","4","4","0","88","34","1","2","1","1","1","0","0","Stale - subsystem changed","31","88"
"REQ-0350","The payload shall inhibit release when flight control interface behaviour case 350","Safety","MustShip","FLT-CTRL","Flight Control Interface","Safety","HIL","1","1","1","1","0","30","30","0","0","1","1","1","0","0","Stale - subsystem changed","33","88"
"REQ-0351","The system shall provide ground control software behaviour case 351","Functional","MustShip","GND-CTRL","Ground Control Software","Support","Integration","0","3","3","3","0","88","88","0","0","1","1","0","0","1","Current","0","88"
"REQ-0352","The system shall provide navigation & sensor fusion behaviour case 352","Functional","MustShip","NAV-SENS","Navigation & Sensor Fusion","Mission","Integration","0","2","2","1","0","88","88","0","0","1","1","0","0","1","Current","0","88"
"REQ-0353","The system shall provide flight control interface behaviour case 353","Functional","ShouldShip","FLT-CTRL","Flight Control Interface","Safety","Integration","0","4","4","4","0","88","88","0","0","1","1","0","0","1","Current","0","88"
"REQ-0354","The system shall provide ground control software behaviour case 354","Functional","MustShip","GND-CTRL","Ground Control Software","Support","Integration","0","1","1","1","0","88","","1","0","1","0","0","0","0","Insufficient evidence","0","88"
"REQ-0355","The interface shall exchange, without loss, diagnostics & logging behaviour case 355","Interface","ShouldShip","DIAG-LOG","Diagnostics & Logging","Support","Integration","0","3","3","2","0","69","69","0","0","1","1","1","0","0","Stale - subsystem changed","2","88"
"REQ-0356","The payload shall inhibit release when structural interface behaviour case 356","Safety","MustShip","STRUCT-I","Structural Interface","Safety","HIL","1","2","2","2","0","88","88","0","0","1","1","0","0","1","Current","0","88"
"REQ-0357","The payload shall inhibit release when payload release mechanism behaviour case 357","Safety","MustShip","REL-MECH","Payload Release Mechanism","Safety","HIL","1","1","1","1","0","88","88","0","0","1","1","0","0","1","Current","0","88"
"REQ-0358","The subsystem shall complete, within budget, command & telemetry link behaviour case 358","Performance","Nice","COMM-LNK","Command & Telemetry Link","Mission","HIL","0","3","3","3","0","88","88","0","0","1","1","0","0","1","Current","0","88"
"REQ-0359","The payload shall inhibit release when flight control interface behaviour case 359","Safety","MustShip","FLT-CTRL","Flight Control Interface","Safety","HIL","1","4","4","4","0","88","54","3","1","1","1","1","0","0","Stale - subsystem changed","22","88"
"REQ-0360","The payload shall inhibit release when command & telemetry link behaviour case 360","Safety","MustShip","COMM-LNK","Command & Telemetry Link","Mission","HIL","1","3","3","2","0","88","88","0","0","1","1","0","0","1","Current","0","88"
"REQ-0361","The subsystem shall complete, within budget, payload release mechanism behaviour case 361","Performance","Nice","REL-MECH","Payload Release Mechanism","Safety","HIL","0","1","1","1","0","31","","1","0","1","0","0","0","0","Insufficient evidence","0","88"
"REQ-0362","The subsystem shall complete, within budget, command & telemetry link behaviour case 362","Performance","ShouldShip","COMM-LNK","Command & Telemetry Link","Mission","HIL","0","1","1","0","0","","","0","0","0","0","0","0","0","No evidence","0","88"
"REQ-0363","The subsystem shall complete, within budget, flight control interface behaviour case 363","Performance","ShouldShip","FLT-CTRL","Flight Control Interface","Safety","HIL","0","3","3","3","0","65","","3","0","1","0","0","0","0","Insufficient evidence","0","88"
"REQ-0365","The system shall record, for certification, payload release mechanism behaviour case 365","Regulatory","ShouldShip","REL-MECH","Payload Release Mechanism","Safety","Field","1","2","2","2","0","88","88","1","0","1","1","0","0","1","Current","0","88"
"REQ-0366","The system shall provide ground control software behaviour case 366","Functional","Nice","GND-CTRL","Ground Control Software","Support","Integration","0","2","2","1","0","88","","1","0","1","0","0","0","0","Insufficient evidence","0","88"
"REQ-0367","The interface shall exchange, without loss, navigation & sensor fusion behaviour case 367","Interface","ShouldShip","NAV-SENS","Navigation & Sensor Fusion","Mission","Integration","0","2","2","2","0","88","54","1","0","1","1","1","0","0","Stale - subsystem changed","5","88"
"REQ-0368","The system shall record, for certification, flight control interface behaviour case 368","Regulatory","MustShip","FLT-CTRL","Flight Control Interface","Safety","Field","1","4","4","3","1","63","","3","0","1","0","0","0","0","Insufficient evidence","0","88"
"REQ-0369","The system shall provide flight control interface behaviour case 369","Functional","MustShip","FLT-CTRL","Flight Control Interface","Safety","Integration","0","2","2","2","0","88","88","0","0","1","1","0","0","1","Current","0","88"
"REQ-0370","The system shall provide command & telemetry link behaviour case 370","Functional","MustShip","COMM-LNK","Command & Telemetry Link","Mission","Integration","0","2","2","2","0","88","88","1","0","1","1","0","0","1","Current","0","88"
"REQ-0371","The interface shall exchange, without loss, command & telemetry link behaviour case 371","Interface","ShouldShip","COMM-LNK","Command & Telemetry Link","Mission","Integration","0","4","4","4","0","88","88","1","0","1","1","0","0","1","Current","0","88"
"REQ-0372","The payload shall inhibit release when flight control interface behaviour case 372","Safety","MustShip","FLT-CTRL","Flight Control Interface","Safety","HIL","1","4","4","4","0","88","29","3","1","1","1","1","0","0","Stale - subsystem changed","33","88"
"REQ-0373","The system shall provide command & telemetry link behaviour case 373","Functional","ShouldShip","COMM-LNK","Command & Telemetry Link","Mission","Integration","0","1","1","1","0","88","","1","0","1","0","0","0","0","Insufficient evidence","0","88"
"REQ-0374","The interface shall exchange, without loss, navigation & sensor fusion behaviour case 374","Interface","ShouldShip","NAV-SENS","Navigation & Sensor Fusion","Mission","Integration","0","4","4","4","0","88","88","0","0","1","1","0","0","1","Current","0","88"
"REQ-0375","The interface shall exchange, without loss, flight control interface behaviour case 375","Interface","MustShip","FLT-CTRL","Flight Control Interface","Safety","Integration","0","1","1","1","0","88","88","0","0","1","1","0","0","1","Current","0","88"
"REQ-0376","The system shall record, for certification, payload release mechanism behaviour case 376","Regulatory","ShouldShip","REL-MECH","Payload Release Mechanism","Safety","Field","1","2","2","2","0","71","44","1","0","1","1","1","0","0","Stale - subsystem changed","24","88"
"REQ-0377","The payload shall inhibit release when flight control interface behaviour case 377","Safety","ShouldShip","FLT-CTRL","Flight Control Interface","Safety","HIL","1","3","3","3","0","61","57","0","1","1","1","1","0","0","Stale - subsystem changed","22","88"
"REQ-0378","The payload shall inhibit release when power management behaviour case 378","Safety","MustShip","PWR-MGMT","Power Management","Mission","HIL","1","1","1","1","0","88","","1","0","1","0","0","0","0","Insufficient evidence","0","88"
"REQ-0379","The system shall provide structural interface behaviour case 379","Functional","ShouldShip","STRUCT-I","Structural Interface","Safety","Integration","0","1","1","1","0","88","88","0","0","1","1","0","0","1","Current","0","88"
"REQ-0380","The subsystem shall complete, within budget, payload release mechanism behaviour case 380","Performance","ShouldShip","REL-MECH","Payload Release Mechanism","Safety","HIL","0","1","1","1","0","45","","1","0","1","0","0","0","0","Insufficient evidence","0","88"
"REQ-0382","The payload shall inhibit release when flight control interface behaviour case 382","Safety","MustShip","FLT-CTRL","Flight Control Interface","Safety","HIL","1","3","3","2","1","88","","2","0","1","0","0","0","0","Insufficient evidence","0","88"
"REQ-0383","The system shall provide ground control software behaviour case 383","Functional","ShouldShip","GND-CTRL","Ground Control Software","Support","Integration","0","2","2","2","0","88","30","1","0","1","1","1","1","0","Stale - requirement changed","11","88"
"REQ-0385","The subsystem shall complete, within budget, command & telemetry link behaviour case 385","Performance","MustShip","COMM-LNK","Command & Telemetry Link","Mission","HIL","0","4","4","4","0","88","88","0","0","1","1","0","0","1","Current","0","88"
"REQ-0386","The system shall provide navigation & sensor fusion behaviour case 386","Functional","Nice","NAV-SENS","Navigation & Sensor Fusion","Mission","Integration","0","3","3","2","0","88","88","0","0","1","1","0","0","1","Current","0","88"
"REQ-0387","The system shall provide navigation & sensor fusion behaviour case 387","Functional","Nice","NAV-SENS","Navigation & Sensor Fusion","Mission","Integration","0","2","2","2","0","88","88","0","0","1","1","0","0","1","Current","0","88"
"REQ-0388","The subsystem shall complete, within budget, diagnostics & logging behaviour case 388","Performance","MustShip","DIAG-LOG","Diagnostics & Logging","Support","HIL","0","2","2","2","0","88","88","1","0","1","1","0","0","1","Current","0","88"
"REQ-0389","The system shall provide ground control software behaviour case 389","Functional","MustShip","GND-CTRL","Ground Control Software","Support","Integration","0","2","2","2","0","88","88","0","0","1","1","0","0","1","Current","0","88"
"REQ-0390","The interface shall exchange, without loss, command & telemetry link behaviour case 390","Interface","MustShip","COMM-LNK","Command & Telemetry Link","Mission","Integration","0","3","3","3","0","88","88","1","0","1","1","0","0","1","Current","0","88"
"REQ-0391","The system shall provide power management behaviour case 391","Functional","MustShip","PWR-MGMT","Power Management","Mission","Integration","0","4","4","4","0","88","88","0","0","1","1","0","0","1","Current","0","88"
"REQ-0392","The system shall record, for certification, flight control interface behaviour case 392","Regulatory","MustShip","FLT-CTRL","Flight Control Interface","Safety","Field","1","2","2","2","0","88","","2","0","1","0","0","0","0","Insufficient evidence","0","88"
"REQ-0393","The system shall provide payload release mechanism behaviour case 393","Functional","Nice","REL-MECH","Payload Release Mechanism","Safety","Integration","0","2","2","2","0","88","88","0","0","1","1","0","0","1","Current","0","88"
"REQ-0394","The system shall record, for certification, navigation & sensor fusion behaviour case 394","Regulatory","MustShip","NAV-SENS","Navigation & Sensor Fusion","Mission","Field","1","3","3","3","0","88","","3","0","1","0","0","0","0","Insufficient evidence","0","88"
"REQ-0395","The subsystem shall complete, within budget, power management behaviour case 395","Performance","ShouldShip","PWR-MGMT","Power Management","Mission","HIL","0","3","3","3","0","88","88","0","0","1","1","0","0","1","Current","0","88"
"REQ-0396","The subsystem shall complete, within budget, payload release mechanism behaviour case 396","Performance","Nice","REL-MECH","Payload Release Mechanism","Safety","HIL","0","2","2","2","0","71","71","0","0","1","1","1","0","0","Stale - subsystem changed","12","88"
"REQ-0397","The system shall provide payload release mechanism behaviour case 397","Functional","MustShip","REL-MECH","Payload Release Mechanism","Safety","Integration","0","1","1","1","0","34","34","0","0","1","1","1","1","0","Stale - requirement changed","28","88"
"REQ-0398","The subsystem shall complete, within budget, command & telemetry link behaviour case 398","Performance","MustShip","COMM-LNK","Command & Telemetry Link","Mission","HIL","0","1","1","0","1","","","0","0","0","0","0","0","0","No evidence","0","88"
"REQ-0399","The system shall provide diagnostics & logging behaviour case 399","Functional","Nice","DIAG-LOG","Diagnostics & Logging","Support","Integration","0","4","4","4","0","88","88","2","0","1","1","0","0","1","Current","0","88"
"REQ-0400","The subsystem shall complete, within budget, power management behaviour case 400","Performance","Nice","PWR-MGMT","Power Management","Mission","HIL","0","3","3","3","0","88","88","2","0","1","1","0","0","1","Current","0","88"
"REQ-0401","The interface shall exchange, without loss, payload release mechanism behaviour case 401","Interface","MustShip","REL-MECH","Payload Release Mechanism","Safety","Integration","0","1","1","1","0","41","41","0","0","1","1","1","0","0","Stale - subsystem changed","25","88"
"REQ-0402","The system shall provide ground control software behaviour case 402","Functional","MustShip","GND-CTRL","Ground Control Software","Support","Integration","0","4","4","3","0","88","","3","0","1","0","0","0","0","Insufficient evidence","0","88"
"REQ-0403","The system shall provide diagnostics & logging behaviour case 403","Functional","Nice","DIAG-LOG","Diagnostics & Logging","Support","Integration","0","3","3","3","0","88","88","0","0","1","1","0","0","1","Current","0","88"
"REQ-0404","The system shall record, for certification, power management behaviour case 404","Regulatory","ShouldShip","PWR-MGMT","Power Management","Mission","Field","1","2","2","2","0","88","88","0","0","1","1","0","0","1","Current","0","88"
"REQ-0405","The subsystem shall complete, within budget, diagnostics & logging behaviour case 405","Performance","MustShip","DIAG-LOG","Diagnostics & Logging","Support","HIL","0","1","1","1","0","88","88","0","0","1","1","0","0","1","Current","0","88"
"REQ-0406","The subsystem shall complete, within budget, payload release mechanism behaviour case 406","Performance","ShouldShip","REL-MECH","Payload Release Mechanism","Safety","HIL","0","1","1","1","0","38","38","0","0","1","1","1","0","0","Stale - subsystem changed","27","88"
"REQ-0407","The interface shall exchange, without loss, flight control interface behaviour case 407","Interface","ShouldShip","FLT-CTRL","Flight Control Interface","Safety","Integration","0","4","4","4","0","57","57","0","0","1","1","1","0","0","Stale - subsystem changed","22","88"
"REQ-0408","The system shall provide navigation & sensor fusion behaviour case 408","Functional","Nice","NAV-SENS","Navigation & Sensor Fusion","Mission","Integration","0","4","4","3","1","88","88","1","0","1","1","0","0","1","Current","0","88"
"REQ-0409","The system shall provide command & telemetry link behaviour case 409","Functional","MustShip","COMM-LNK","Command & Telemetry Link","Mission","Integration","0","4","4","4","0","88","88","2","0","1","1","0","0","1","Current","0","88"
"REQ-0410","The system shall provide command & telemetry link behaviour case 410","Functional","MustShip","COMM-LNK","Command & Telemetry Link","Mission","Integration","0","2","2","2","0","88","88","0","0","1","1","0","0","1","Current","0","88"
"REQ-0411","The interface shall exchange, without loss, command & telemetry link behaviour case 411","Interface","MustShip","COMM-LNK","Command & Telemetry Link","Mission","Integration","0","4","4","4","0","88","88","3","0","1","1","0","0","1","Current","0","88"
"REQ-0412","The system shall record, for certification, payload release mechanism behaviour case 412","Regulatory","MustShip","REL-MECH","Payload Release Mechanism","Safety","Field","1","2","2","2","0","66","","2","0","1","0","0","0","0","Insufficient evidence","0","88"
"REQ-0413","The interface shall exchange, without loss, command & telemetry link behaviour case 413","Interface","MustShip","COMM-LNK","Command & Telemetry Link","Mission","Integration","0","2","2","2","0","88","88","1","0","1","1","0","0","1","Current","0","88"
"REQ-0414","The interface shall exchange, without loss, command & telemetry link behaviour case 414","Interface","Nice","COMM-LNK","Command & Telemetry Link","Mission","Integration","0","3","3","2","0","88","88","0","0","1","1","0","0","1","Current","0","88"
"REQ-0415","The interface shall exchange, without loss, structural interface behaviour case 415","Interface","MustShip","STRUCT-I","Structural Interface","Safety","Integration","0","2","2","2","0","88","88","1","0","1","1","0","0","1","Current","0","88"
"REQ-0416","The payload shall inhibit release when command & telemetry link behaviour case 416","Safety","MustShip","COMM-LNK","Command & Telemetry Link","Mission","HIL","1","3","3","2","1","38","30","1","1","1","1","1","0","0","Stale - subsystem changed","14","88"
"REQ-0417","The system shall record, for certification, flight control interface behaviour case 417","Regulatory","MustShip","FLT-CTRL","Flight Control Interface","Safety","Field","1","3","3","3","0","68","54","2","0","1","1","1","0","0","Stale - subsystem changed","22","88"
"REQ-0418","The system shall provide diagnostics & logging behaviour case 418","Functional","ShouldShip","DIAG-LOG","Diagnostics & Logging","Support","Integration","0","1","1","1","0","88","88","0","0","1","1","0","0","1","Current","0","88"
"REQ-0419","The interface shall exchange, without loss, diagnostics & logging behaviour case 419","Interface","MustShip","DIAG-LOG","Diagnostics & Logging","Support","Integration","0","4","4","3","0","88","88","1","0","1","1","0","0","1","Current","0","88"
"REQ-0420","The interface shall exchange, without loss, power management behaviour case 420","Interface","MustShip","PWR-MGMT","Power Management","Mission","Integration","0","3","3","3","0","88","88","1","0","1","1","0","0","1","Current","0","88"
"REQ-0421","The payload shall inhibit release when navigation & sensor fusion behaviour case 421","Safety","MustShip","NAV-SENS","Navigation & Sensor Fusion","Mission","HIL","1","2","2","2","0","88","88","1","0","1","1","0","0","1","Current","0","88"
"REQ-0423","The payload shall inhibit release when flight control interface behaviour case 423","Safety","MustShip","FLT-CTRL","Flight Control Interface","Safety","HIL","1","3","3","3","0","88","88","0","0","1","1","0","0","1","Current","0","88"
"REQ-0424","The payload shall inhibit release when structural interface behaviour case 424","Safety","MustShip","STRUCT-I","Structural Interface","Safety","HIL","1","4","4","4","0","88","88","1","1","1","1","0","0","1","Current","0","88"
"REQ-0425","The subsystem shall complete, within budget, command & telemetry link behaviour case 425","Performance","MustShip","COMM-LNK","Command & Telemetry Link","Mission","HIL","0","4","4","2","2","88","88","0","0","1","1","0","0","1","Current","0","88"
"REQ-0426","The system shall record, for certification, structural interface behaviour case 426","Regulatory","MustShip","STRUCT-I","Structural Interface","Safety","Field","1","4","4","4","0","88","88","3","0","1","1","0","0","1","Current","0","88"
"REQ-0427","The payload shall inhibit release when flight control interface behaviour case 427","Safety","MustShip","FLT-CTRL","Flight Control Interface","Safety","HIL","1","2","2","2","0","45","","1","1","1","0","0","0","0","Insufficient evidence","0","88"
"REQ-0428","The interface shall exchange, without loss, ground control software behaviour case 428","Interface","MustShip","GND-CTRL","Ground Control Software","Support","Integration","0","1","1","1","0","88","","1","0","1","0","0","0","0","Insufficient evidence","0","88"
"REQ-0429","The payload shall inhibit release when payload release mechanism behaviour case 429","Safety","MustShip","REL-MECH","Payload Release Mechanism","Safety","HIL","1","1","1","1","0","41","41","0","0","1","1","1","0","0","Stale - subsystem changed","25","88"
"REQ-0431","The subsystem shall complete, within budget, command & telemetry link behaviour case 431","Performance","ShouldShip","COMM-LNK","Command & Telemetry Link","Mission","HIL","0","4","4","3","1","88","88","0","0","1","1","0","0","1","Current","0","88"
"REQ-0432","The system shall provide diagnostics & logging behaviour case 432","Functional","ShouldShip","DIAG-LOG","Diagnostics & Logging","Support","Integration","0","4","4","3","0","88","88","2","0","1","1","0","0","1","Current","0","88"
"REQ-0433","The interface shall exchange, without loss, power management behaviour case 433","Interface","MustShip","PWR-MGMT","Power Management","Mission","Integration","0","3","3","3","0","88","","3","0","1","0","0","0","0","Insufficient evidence","0","88"
"REQ-0434","The payload shall inhibit release when structural interface behaviour case 434","Safety","MustShip","STRUCT-I","Structural Interface","Safety","HIL","1","2","2","2","0","88","60","1","0","1","1","1","0","0","Stale - subsystem changed","2","88"
"REQ-0435","The system shall record, for certification, power management behaviour case 435","Regulatory","MustShip","PWR-MGMT","Power Management","Mission","Field","1","1","1","1","0","42","42","0","0","1","1","1","0","0","Stale - subsystem changed","4","88"
"REQ-0436","The interface shall exchange, without loss, power management behaviour case 436","Interface","ShouldShip","PWR-MGMT","Power Management","Mission","Integration","0","2","2","2","0","88","88","0","0","1","1","0","0","1","Current","0","88"
"REQ-0437","The subsystem shall complete, within budget, power management behaviour case 437","Performance","ShouldShip","PWR-MGMT","Power Management","Mission","HIL","0","1","1","1","0","88","","1","0","1","0","0","0","0","Insufficient evidence","0","88"
"REQ-0438","The system shall provide flight control interface behaviour case 438","Functional","MustShip","FLT-CTRL","Flight Control Interface","Safety","Integration","0","1","1","1","0","88","","1","0","1","0","0","0","0","Insufficient evidence","0","88"
"REQ-0439","The payload shall inhibit release when payload release mechanism behaviour case 439","Safety","MustShip","REL-MECH","Payload Release Mechanism","Safety","HIL","1","3","3","2","1","53","51","1","0","1","1","1","0","0","Stale - subsystem changed","22","88"
"REQ-0440","The subsystem shall complete, within budget, navigation & sensor fusion behaviour case 440","Performance","MustShip","NAV-SENS","Navigation & Sensor Fusion","Mission","HIL","0","1","1","1","0","88","88","0","0","1","1","0","0","1","Current","0","88"
"REQ-0441","The system shall provide power management behaviour case 441","Functional","MustShip","PWR-MGMT","Power Management","Mission","Integration","0","1","1","1","0","88","88","0","0","1","1","0","0","1","Current","0","88"
"REQ-0442","The payload shall inhibit release when payload release mechanism behaviour case 442","Safety","ShouldShip","REL-MECH","Payload Release Mechanism","Safety","HIL","1","3","3","3","0","88","88","0","1","1","1","0","0","1","Current","0","88"
"REQ-0443","The system shall provide command & telemetry link behaviour case 443","Functional","MustShip","COMM-LNK","Command & Telemetry Link","Mission","Integration","0","3","3","2","0","88","41","1","0","1","1","1","0","0","Stale - subsystem changed","10","88"
"REQ-0444","The payload shall inhibit release when navigation & sensor fusion behaviour case 444","Safety","MustShip","NAV-SENS","Navigation & Sensor Fusion","Mission","HIL","1","1","1","0","0","","","0","0","0","0","0","0","0","No evidence","0","88"
"REQ-0445","The system shall provide power management behaviour case 445","Functional","MustShip","PWR-MGMT","Power Management","Mission","Integration","0","2","2","2","0","88","88","1","0","1","1","0","0","1","Current","0","88"
"REQ-0446","The interface shall exchange, without loss, payload release mechanism behaviour case 446","Interface","ShouldShip","REL-MECH","Payload Release Mechanism","Safety","Integration","0","1","1","1","0","39","","1","0","1","0","0","0","0","Insufficient evidence","0","88"
"REQ-0447","The interface shall exchange, without loss, navigation & sensor fusion behaviour case 447","Interface","ShouldShip","NAV-SENS","Navigation & Sensor Fusion","Mission","Integration","0","2","2","1","0","88","88","0","0","1","1","0","0","1","Current","0","88"
"REQ-0448","The subsystem shall complete, within budget, power management behaviour case 448","Performance","Nice","PWR-MGMT","Power Management","Mission","HIL","0","1","1","0","1","","","0","0","0","0","0","0","0","No evidence","0","88"
"REQ-0449","The payload shall inhibit release when payload release mechanism behaviour case 449","Safety","MustShip","REL-MECH","Payload Release Mechanism","Safety","HIL","1","2","2","0","2","","","0","0","0","0","0","0","0","No evidence","0","88"
"REQ-0450","The system shall provide diagnostics & logging behaviour case 450","Functional","Nice","DIAG-LOG","Diagnostics & Logging","Support","Integration","0","3","3","3","0","88","88","0","0","1","1","0","0","1","Current","0","88"
"REQ-0451","The system shall provide diagnostics & logging behaviour case 451","Functional","MustShip","DIAG-LOG","Diagnostics & Logging","Support","Integration","0","2","2","2","0","88","88","0","0","1","1","0","0","1","Current","0","88"
"REQ-0452","The system shall record, for certification, power management behaviour case 452","Regulatory","MustShip","PWR-MGMT","Power Management","Mission","Field","1","3","3","2","1","88","88","0","0","1","1","0","0","1","Current","0","88"
"REQ-0453","The system shall provide power management behaviour case 453","Functional","ShouldShip","PWR-MGMT","Power Management","Mission","Integration","0","2","2","2","0","88","32","1","0","1","1","1","0","0","Stale - subsystem changed","4","88"
"REQ-0454","The interface shall exchange, without loss, payload release mechanism behaviour case 454","Interface","Nice","REL-MECH","Payload Release Mechanism","Safety","Integration","0","2","2","2","0","88","34","1","0","1","1","1","0","0","Stale - subsystem changed","28","88"
"REQ-0455","The subsystem shall complete, within budget, command & telemetry link behaviour case 455","Performance","MustShip","COMM-LNK","Command & Telemetry Link","Mission","HIL","0","4","4","4","0","88","88","1","0","1","1","0","0","1","Current","0","88"
"REQ-0456","The subsystem shall complete, within budget, command & telemetry link behaviour case 456","Performance","MustShip","COMM-LNK","Command & Telemetry Link","Mission","HIL","0","1","1","1","0","88","88","0","0","1","1","0","0","1","Current","0","88"
"REQ-0457","The system shall record, for certification, power management behaviour case 457","Regulatory","MustShip","PWR-MGMT","Power Management","Mission","Field","1","1","1","1","0","88","","1","0","1","0","0","0","0","Insufficient evidence","0","88"
"REQ-0458","The system shall provide navigation & sensor fusion behaviour case 458","Functional","MustShip","NAV-SENS","Navigation & Sensor Fusion","Mission","Integration","0","3","3","3","0","88","88","2","0","1","1","0","0","1","Current","0","88"
"REQ-0459","The system shall provide power management behaviour case 459","Functional","MustShip","PWR-MGMT","Power Management","Mission","Integration","0","2","2","2","0","88","","2","0","1","0","0","0","0","Insufficient evidence","0","88"
"REQ-0460","The subsystem shall complete, within budget, navigation & sensor fusion behaviour case 460","Performance","MustShip","NAV-SENS","Navigation & Sensor Fusion","Mission","HIL","0","2","2","2","0","88","88","1","0","1","1","0","0","1","Current","0","88"
"REQ-0461","The system shall provide power management behaviour case 461","Functional","ShouldShip","PWR-MGMT","Power Management","Mission","Integration","0","4","4","4","0","88","88","2","0","1","1","0","0","1","Current","0","88"
"REQ-0462","The subsystem shall complete, within budget, command & telemetry link behaviour case 462","Performance","Nice","COMM-LNK","Command & Telemetry Link","Mission","HIL","0","1","1","1","0","65","","1","0","1","0","0","0","0","Insufficient evidence","0","88"
"REQ-0463","The payload shall inhibit release when flight control interface behaviour case 463","Safety","ShouldShip","FLT-CTRL","Flight Control Interface","Safety","HIL","1","4","4","2","0","88","88","1","0","1","1","0","0","1","Current","0","88"
"REQ-0464","The system shall record, for certification, power management behaviour case 464","Regulatory","MustShip","PWR-MGMT","Power Management","Mission","Field","1","1","1","1","0","88","","1","0","1","0","0","0","0","Insufficient evidence","0","88"
"REQ-0465","The system shall provide navigation & sensor fusion behaviour case 465","Functional","MustShip","NAV-SENS","Navigation & Sensor Fusion","Mission","Integration","0","1","1","1","0","88","88","0","0","1","1","0","0","1","Current","0","88"
"REQ-0466","The system shall provide payload release mechanism behaviour case 466","Functional","ShouldShip","REL-MECH","Payload Release Mechanism","Safety","Integration","0","3","3","3","0","88","88","1","0","1","1","0","0","1","Current","0","88"
"REQ-0467","The system shall record, for certification, flight control interface behaviour case 467","Regulatory","MustShip","FLT-CTRL","Flight Control Interface","Safety","Field","1","4","4","4","0","88","34","3","1","1","1","1","0","0","Stale - subsystem changed","31","88"
"REQ-0468","The system shall provide ground control software behaviour case 468","Functional","MustShip","GND-CTRL","Ground Control Software","Support","Integration","0","4","4","4","0","88","88","1","0","1","1","0","0","1","Current","0","88"
"REQ-0469","The payload shall inhibit release when payload release mechanism behaviour case 469","Safety","MustShip","REL-MECH","Payload Release Mechanism","Safety","HIL","1","1","1","1","0","30","","1","0","1","0","0","0","0","Insufficient evidence","0","88"
"REQ-0470","The interface shall exchange, without loss, power management behaviour case 470","Interface","Nice","PWR-MGMT","Power Management","Mission","Integration","0","4","4","4","0","88","88","0","0","1","1","0","0","1","Current","0","88"
"REQ-0471","The system shall provide command & telemetry link behaviour case 471","Functional","MustShip","COMM-LNK","Command & Telemetry Link","Mission","Integration","0","4","4","4","0","88","88","1","0","1","1","0","0","1","Current","0","88"
"REQ-0472","The payload shall inhibit release when flight control interface behaviour case 472","Safety","MustShip","FLT-CTRL","Flight Control Interface","Safety","HIL","1","3","3","3","0","88","32","2","0","1","1","1","0","0","Stale - subsystem changed","33","88"
"REQ-0473","The system shall provide payload release mechanism behaviour case 473","Functional","MustShip","REL-MECH","Payload Release Mechanism","Safety","Integration","0","1","1","1","0","59","","1","0","1","0","0","0","0","Insufficient evidence","0","88"
"REQ-0474","The interface shall exchange, without loss, diagnostics & logging behaviour case 474","Interface","MustShip","DIAG-LOG","Diagnostics & Logging","Support","Integration","0","4","4","4","0","88","88","3","0","1","1","0","0","1","Current","0","88"
"REQ-0475","The subsystem shall complete, within budget, payload release mechanism behaviour case 475","Performance","MustShip","REL-MECH","Payload Release Mechanism","Safety","HIL","0","1","1","1","0","88","","1","0","1","0","0","0","0","Insufficient evidence","0","88"
"REQ-0476","The system shall provide power management behaviour case 476","Functional","ShouldShip","PWR-MGMT","Power Management","Mission","Integration","0","3","3","3","0","88","88","2","0","1","1","0","0","1","Current","0","88"
"REQ-0477","The system shall provide ground control software behaviour case 477","Functional","Nice","GND-CTRL","Ground Control Software","Support","Integration","0","4","4","3","0","88","88","1","0","1","1","0","0","1","Current","0","88"
"REQ-0478","The subsystem shall complete, within budget, flight control interface behaviour case 478","Performance","MustShip","FLT-CTRL","Flight Control Interface","Safety","HIL","0","2","2","2","0","64","64","1","0","1","1","1","0","0","Stale - subsystem changed","18","88"
"REQ-0479","The interface shall exchange, without loss, command & telemetry link behaviour case 479","Interface","MustShip","COMM-LNK","Command & Telemetry Link","Mission","Integration","0","1","1","1","0","88","88","0","0","1","1","0","0","1","Current","0","88"
"REQ-0480","The system shall provide power management behaviour case 480","Functional","ShouldShip","PWR-MGMT","Power Management","Mission","Integration","0","1","1","0","0","","","0","0","0","0","0","0","0","No evidence","0","88"
"REQ-0481","The system shall provide payload release mechanism behaviour case 481","Functional","MustShip","REL-MECH","Payload Release Mechanism","Safety","Integration","0","4","4","4","0","88","88","1","0","1","1","0","0","1","Current","0","88"
"REQ-0482","The interface shall exchange, without loss, ground control software behaviour case 482","Interface","MustShip","GND-CTRL","Ground Control Software","Support","Integration","0","1","1","1","0","31","31","0","0","1","1","1","0","0","Stale - subsystem changed","10","88"
"REQ-0483","The system shall provide command & telemetry link behaviour case 483","Functional","ShouldShip","COMM-LNK","Command & Telemetry Link","Mission","Integration","0","2","2","2","0","88","88","0","0","1","1","0","0","1","Current","0","88"
"REQ-0484","The interface shall exchange, without loss, diagnostics & logging behaviour case 484","Interface","Nice","DIAG-LOG","Diagnostics & Logging","Support","Integration","0","4","4","4","0","88","88","2","0","1","1","0","0","1","Current","0","88"
"REQ-0485","The subsystem shall complete, within budget, flight control interface behaviour case 485","Performance","ShouldShip","FLT-CTRL","Flight Control Interface","Safety","HIL","0","3","3","3","0","88","88","1","0","1","1","0","0","1","Current","0","88"
"REQ-0486","The interface shall exchange, without loss, power management behaviour case 486","Interface","MustShip","PWR-MGMT","Power Management","Mission","Integration","0","2","2","2","0","88","","2","0","1","0","0","0","0","Insufficient evidence","0","88"
"REQ-0487","The subsystem shall complete, within budget, ground control software behaviour case 487","Performance","ShouldShip","GND-CTRL","Ground Control Software","Support","HIL","0","4","4","3","0","88","88","2","0","1","1","0","0","1","Current","0","88"
"REQ-0488","The payload shall inhibit release when payload release mechanism behaviour case 488","Safety","MustShip","REL-MECH","Payload Release Mechanism","Safety","HIL","1","1","1","1","0","57","","0","1","1","0","0","0","0","Insufficient evidence","0","88"
"REQ-0489","The system shall provide navigation & sensor fusion behaviour case 489","Functional","ShouldShip","NAV-SENS","Navigation & Sensor Fusion","Mission","Integration","0","4","4","3","0","88","88","0","0","1","1","0","0","1","Current","0","88"
"REQ-0490","The system shall provide navigation & sensor fusion behaviour case 490","Functional","ShouldShip","NAV-SENS","Navigation & Sensor Fusion","Mission","Integration","0","3","3","3","0","88","88","2","0","1","1","0","0","1","Current","0","88"
"REQ-0491","The system shall provide diagnostics & logging behaviour case 491","Functional","ShouldShip","DIAG-LOG","Diagnostics & Logging","Support","Integration","0","1","1","1","0","88","88","0","0","1","1","0","0","1","Current","0","88"
"REQ-0492","The system shall provide ground control software behaviour case 492","Functional","ShouldShip","GND-CTRL","Ground Control Software","Support","Integration","0","2","2","2","0","88","88","1","0","1","1","0","0","1","Current","0","88"
"REQ-0493","The payload shall inhibit release when payload release mechanism behaviour case 493","Safety","MustShip","REL-MECH","Payload Release Mechanism","Safety","HIL","1","1","1","1","0","88","","1","0","1","0","0","0","0","Insufficient evidence","0","88"
"REQ-0494","The system shall provide power management behaviour case 494","Functional","MustShip","PWR-MGMT","Power Management","Mission","Integration","0","3","3","3","0","88","88","1","0","1","1","0","0","1","Current","0","88"
"REQ-0495","The system shall provide payload release mechanism behaviour case 495","Functional","ShouldShip","REL-MECH","Payload Release Mechanism","Safety","Integration","0","3","3","3","0","71","71","1","0","1","1","1","0","0","Stale - subsystem changed","12","88"
"REQ-0496","The payload shall inhibit release when navigation & sensor fusion behaviour case 496","Safety","MustShip","NAV-SENS","Navigation & Sensor Fusion","Mission","HIL","1","3","3","3","0","88","39","1","2","1","1","1","0","0","Stale - subsystem changed","12","88"
"REQ-0497","The interface shall exchange, without loss, payload release mechanism behaviour case 497","Interface","MustShip","REL-MECH","Payload Release Mechanism","Safety","Integration","0","3","3","2","1","88","88","0","0","1","1","0","0","1","Current","0","88"
"REQ-0498","The interface shall exchange, without loss, command & telemetry link behaviour case 498","Interface","MustShip","COMM-LNK","Command & Telemetry Link","Mission","Integration","0","4","4","4","0","88","88","2","0","1","1","0","0","1","Current","0","88"
"REQ-0499","The system shall provide payload release mechanism behaviour case 499","Functional","MustShip","REL-MECH","Payload Release Mechanism","Safety","Integration","0","3","3","3","0","88","88","0","0","1","1","0","0","1","Current","0","88"
"REQ-0500","The system shall provide navigation & sensor fusion behaviour case 500","Functional","ShouldShip","NAV-SENS","Navigation & Sensor Fusion","Mission","Integration","0","4","4","4","0","88","88","2","0","1","1","0","0","1","Current","0","88"
"REQ-0501","The subsystem shall complete, within budget, flight control interface behaviour case 501","Performance","ShouldShip","FLT-CTRL","Flight Control Interface","Safety","HIL","0","3","3","3","0","71","36","2","0","1","1","1","0","0","Stale - subsystem changed","30","88"
"REQ-0502","The subsystem shall complete, within budget, payload release mechanism behaviour case 502","Performance","Nice","REL-MECH","Payload Release Mechanism","Safety","HIL","0","1","1","1","0","28","28","0","0","1","1","1","1","0","Stale - requirement changed","29","88"
"REQ-0503","The system shall record, for certification, structural interface behaviour case 503","Regulatory","MustShip","STRUCT-I","Structural Interface","Safety","Field","1","2","2","1","1","36","","1","0","1","0","0","0","0","Insufficient evidence","0","88"
"REQ-0504","The system shall provide command & telemetry link behaviour case 504","Functional","ShouldShip","COMM-LNK","Command & Telemetry Link","Mission","Integration","0","3","3","3","0","88","88","1","0","1","1","0","0","1","Current","0","88"
"REQ-0505","The system shall provide flight control interface behaviour case 505","Functional","ShouldShip","FLT-CTRL","Flight Control Interface","Safety","Integration","0","1","1","1","0","30","30","0","0","1","1","1","0","0","Stale - subsystem changed","33","88"
"REQ-0506","The interface shall exchange, without loss, command & telemetry link behaviour case 506","Interface","ShouldShip","COMM-LNK","Command & Telemetry Link","Mission","Integration","0","2","2","2","0","88","88","1","0","1","1","0","0","1","Current","0","88"
"REQ-0507","The interface shall exchange, without loss, ground control software behaviour case 507","Interface","MustShip","GND-CTRL","Ground Control Software","Support","Integration","0","2","2","2","0","88","88","1","0","1","1","0","0","1","Current","0","88"
"REQ-0508","The system shall provide diagnostics & logging behaviour case 508","Functional","ShouldShip","DIAG-LOG","Diagnostics & Logging","Support","Integration","0","4","4","4","0","88","","4","0","1","0","0","0","0","Insufficient evidence","0","88"
"REQ-0509","The system shall provide power management behaviour case 509","Functional","Nice","PWR-MGMT","Power Management","Mission","Integration","0","3","3","3","0","88","88","2","0","1","1","0","0","1","Current","0","88"
"REQ-0510","The interface shall exchange, without loss, ground control software behaviour case 510","Interface","MustShip","GND-CTRL","Ground Control Software","Support","Integration","0","2","2","1","0","88","88","0","0","1","1","0","0","1","Current","0","88"
"REQ-0511","The interface shall exchange, without loss, power management behaviour case 511","Interface","ShouldShip","PWR-MGMT","Power Management","Mission","Integration","0","2","2","2","0","88","88","0","0","1","1","0","0","1","Current","0","88"
"REQ-0512","The system shall provide diagnostics & logging behaviour case 512","Functional","Nice","DIAG-LOG","Diagnostics & Logging","Support","Integration","0","1","1","1","0","88","88","0","0","1","1","0","0","1","Current","0","88"
"REQ-0514","The payload shall inhibit release when flight control interface behaviour case 514","Safety","MustShip","FLT-CTRL","Flight Control Interface","Safety","HIL","1","2","2","2","0","56","","2","0","1","0","0","0","0","Insufficient evidence","0","88"
"REQ-0515","The payload shall inhibit release when payload release mechanism behaviour case 515","Safety","MustShip","REL-MECH","Payload Release Mechanism","Safety","HIL","1","4","4","3","1","49","35","1","1","1","1","1","0","0","Stale - subsystem changed","28","88"
"REQ-0516","The system shall provide ground control software behaviour case 516","Functional","ShouldShip","GND-CTRL","Ground Control Software","Support","Integration","0","1","1","1","0","88","","1","0","1","0","0","0","0","Insufficient evidence","0","88"
"REQ-0517","The subsystem shall complete, within budget, payload release mechanism behaviour case 517","Performance","Nice","REL-MECH","Payload Release Mechanism","Safety","HIL","0","1","1","0","1","","","0","0","0","0","0","0","0","No evidence","0","88"
"REQ-0518","The system shall provide payload release mechanism behaviour case 518","Functional","Nice","REL-MECH","Payload Release Mechanism","Safety","Integration","0","1","1","0","0","","","0","0","0","0","0","0","0","No evidence","0","88"
"REQ-0519","The system shall provide ground control software behaviour case 519","Functional","ShouldShip","GND-CTRL","Ground Control Software","Support","Integration","0","3","3","2","0","88","88","1","0","1","1","0","0","1","Current","0","88"
"REQ-0520","The system shall provide navigation & sensor fusion behaviour case 520","Functional","ShouldShip","NAV-SENS","Navigation & Sensor Fusion","Mission","Integration","0","3","3","2","0","88","88","1","0","1","1","0","0","1","Current","0","88"
"REQ-0521","The payload shall inhibit release when payload release mechanism behaviour case 521","Safety","MustShip","REL-MECH","Payload Release Mechanism","Safety","HIL","1","4","4","4","0","88","","4","0","1","0","0","0","0","Insufficient evidence","0","88"
"REQ-0522","The subsystem shall complete, within budget, flight control interface behaviour case 522","Performance","ShouldShip","FLT-CTRL","Flight Control Interface","Safety","HIL","0","1","1","1","0","88","88","0","0","1","1","0","0","1","Current","0","88"
"REQ-0523","The payload shall inhibit release when payload release mechanism behaviour case 523","Safety","MustShip","REL-MECH","Payload Release Mechanism","Safety","HIL","1","3","3","3","0","88","88","0","1","1","1","0","0","1","Current","0","88"
"REQ-0524","The system shall provide navigation & sensor fusion behaviour case 524","Functional","MustShip","NAV-SENS","Navigation & Sensor Fusion","Mission","Integration","0","2","2","2","0","88","88","1","0","1","1","0","0","1","Current","0","88"
"REQ-0525","The interface shall exchange, without loss, command & telemetry link behaviour case 525","Interface","Nice","COMM-LNK","Command & Telemetry Link","Mission","Integration","0","3","3","1","1","88","88","0","0","1","1","0","0","1","Current","0","88"
"REQ-0526","The system shall provide diagnostics & logging behaviour case 526","Functional","ShouldShip","DIAG-LOG","Diagnostics & Logging","Support","Integration","0","2","2","2","0","88","88","1","0","1","1","0","0","1","Current","0","88"
"REQ-0527","The system shall provide ground control software behaviour case 527","Functional","ShouldShip","GND-CTRL","Ground Control Software","Support","Integration","0","4","4","4","0","88","88","2","0","1","1","0","0","1","Current","0","88"
"REQ-0528","The payload shall inhibit release when flight control interface behaviour case 528","Safety","MustShip","FLT-CTRL","Flight Control Interface","Safety","HIL","1","3","3","2","1","59","44","1","0","1","1","1","0","0","Stale - subsystem changed","26","88"
"REQ-0529","The subsystem shall complete, within budget, navigation & sensor fusion behaviour case 529","Performance","MustShip","NAV-SENS","Navigation & Sensor Fusion","Mission","HIL","0","1","1","1","0","88","","1","0","1","0","0","0","0","Insufficient evidence","0","88"
"REQ-0530","The interface shall exchange, without loss, diagnostics & logging behaviour case 530","Interface","MustShip","DIAG-LOG","Diagnostics & Logging","Support","Integration","0","4","4","4","0","88","88","3","0","1","1","0","0","1","Current","0","88"
"REQ-0531","The payload shall inhibit release when flight control interface behaviour case 531","Safety","ShouldShip","FLT-CTRL","Flight Control Interface","Safety","HIL","1","1","1","1","0","88","88","0","0","1","1","0","0","1","Current","0","88"
"REQ-0532","The subsystem shall complete, within budget, navigation & sensor fusion behaviour case 532","Performance","ShouldShip","NAV-SENS","Navigation & Sensor Fusion","Mission","HIL","0","3","3","1","2","88","","1","0","1","0","0","0","0","Insufficient evidence","0","88"
"REQ-0533","The system shall provide navigation & sensor fusion behaviour case 533","Functional","MustShip","NAV-SENS","Navigation & Sensor Fusion","Mission","Integration","0","2","2","2","0","88","88","0","0","1","1","0","0","1","Current","0","88"
"REQ-0534","The system shall provide power management behaviour case 534","Functional","ShouldShip","PWR-MGMT","Power Management","Mission","Integration","0","3","3","3","0","88","88","1","0","1","1","0","0","1","Current","0","88"
"REQ-0537","The payload shall inhibit release when command & telemetry link behaviour case 537","Safety","MustShip","COMM-LNK","Command & Telemetry Link","Mission","HIL","1","1","1","1","0","88","","1","1","1","0","0","0","0","Insufficient evidence","0","88"
"REQ-0538","The system shall provide diagnostics & logging behaviour case 538","Functional","MustShip","DIAG-LOG","Diagnostics & Logging","Support","Integration","0","4","4","4","0","88","88","2","0","1","1","0","0","1","Current","0","88"
"REQ-0539","The interface shall exchange, without loss, ground control software behaviour case 539","Interface","MustShip","GND-CTRL","Ground Control Software","Support","Integration","0","3","3","3","0","88","29","2","0","1","1","1","0","0","Stale - subsystem changed","11","88"
"REQ-0540","The system shall provide flight control interface behaviour case 540","Functional","ShouldShip","FLT-CTRL","Flight Control Interface","Safety","Integration","0","3","3","2","0","71","65","1","0","1","1","1","1","0","Stale - requirement changed","17","88"
