"PriorityRank","RequirementID","Title","ReqType","Priority","SubsystemCode","SubsystemName","Criticality","OwnerID","OwnerName","OwnerTeam","MinTestLevel","LastGoodBuild","InterveningBuilds","Cases","RigHours","AirframeHours","TestMinutes","CumulativeRigHours","PriorityScore","ActionCode","NeedsNewCase","IsThisWeek","RecommendedAction"
"1","REQ-0287","The interface shall exchange, without loss, payload release mechanism behaviour case 287","Interface","MustShip","REL-MECH","Payload Release Mechanism","Safety","P-009","Imani Petrovic","Avionics","Integration","69","14","3","2.50","0.00","292","2.50","92.00","REVIEW_THEN_RERUN","0","1","The requirement itself was modified after it was verified. Confirm the test still checks the right thing, then re-run -- re-running first risks certifying against the old wording."
"2","REQ-0397","The system shall provide payload release mechanism behaviour case 397","Functional","MustShip","REL-MECH","Payload Release Mechanism","Safety","P-007","Grace Baptiste","Integration & Test","Integration","34","28","1","2.50","0.00","33","5.00","92.00","REVIEW_THEN_RERUN","0","1","The requirement itself was modified after it was verified. Confirm the test still checks the right thing, then re-run -- re-running first risks certifying against the old wording."
"3","REQ-0253","The system shall record, for certification, flight control interface behaviour case 253","Regulatory","MustShip","FLT-CTRL","Flight Control Interface","Safety","P-019","Sana Nakamura","Integration & Test","Field","50","24","4","0.00","24.00","443","5.00","92.00","REVIEW_THEN_RERUN","0","0","The requirement itself was modified after it was verified. Confirm the test still checks the right thing, then re-run -- re-running first risks certifying against the old wording."
"4","REQ-0211","The interface shall exchange, without loss, payload release mechanism behaviour case 211","Interface","MustShip","REL-MECH","Payload Release Mechanism","Safety","P-021","Ulrike Dalgleish","Avionics","Integration","","0","2","0.00","0.00","103","5.00","90.00","VERIFY","0","1","No passing evidence exists. Write and run the test before the gate review; this is not a re-run, it is first-time verification."
"5","REQ-0266","The interface shall exchange, without loss, payload release mechanism behaviour case 266","Interface","MustShip","REL-MECH","Payload Release Mechanism","Safety","P-001","Aditi Halvorsen","Avionics","Integration","","0","1","0.00","0.00","195","5.00","90.00","VERIFY","1","1","No passing evidence exists. Write and run the test before the gate review; this is not a re-run, it is first-time verification."
"6","REQ-0449","The payload shall inhibit release when payload release mechanism behaviour case 449","Safety","MustShip","REL-MECH","Payload Release Mechanism","Safety","P-011","Katya Fairweather","Integration & Test","HIL","","0","2","5.00","0.00","100","10.00","90.00","VERIFY","0","1","No passing evidence exists. Write and run the test before the gate review; this is not a re-run, it is first-time verification."
"7","REQ-0176","The system shall record, for certification, payload release mechanism behaviour case 176","Regulatory","MustShip","REL-MECH","Payload Release Mechanism","Safety","P-008","Hiroshi Ibarra","Payload","Field","","0","1","0.00","8.00","187","10.00","90.00","VERIFY","1","0","No passing evidence exists. Write and run the test before the gate review; this is not a re-run, it is first-time verification."
"8","REQ-0085","The interface shall exchange, without loss, payload release mechanism behaviour case 85","Interface","MustShip","REL-MECH","Payload Release Mechanism","Safety","P-009","Imani Petrovic","Avionics","Integration","59","21","3","0.00","0.00","464","10.00","88.00","RERUN","0","1","Evidence was valid at build 59 but the subsystem has changed in 21 builds since. Re-run on the release candidate."
"9","REQ-0260","The interface shall exchange, without loss, payload release mechanism behaviour case 260","Interface","MustShip","REL-MECH","Payload Release Mechanism","Safety","P-017","Quentin Zielinski","Avionics","Integration","55","22","1","0.00","0.00","115","10.00","88.00","RERUN","0","1","Evidence was valid at build 55 but the subsystem has changed in 22 builds since. Re-run on the release candidate."
"10","REQ-0338","The system shall provide payload release mechanism behaviour case 338","Functional","MustShip","REL-MECH","Payload Release Mechanism","Safety","P-005","Elena Lindqvist","Avionics","Integration","67","15","2","0.00","0.00","260","10.00","88.00","RERUN","0","1","Evidence was valid at build 67 but the subsystem has changed in 15 builds since. Re-run on the release candidate."
"11","REQ-0340","The system shall provide flight control interface behaviour case 340","Functional","MustShip","FLT-CTRL","Flight Control Interface","Safety","P-006","Farid Saltzman","Ground Segment","Integration","42","27","3","0.00","0.00","566","10.00","88.00","RERUN","0","1","Evidence was valid at build 42 but the subsystem has changed in 27 builds since. Re-run on the release candidate."
"12","REQ-0401","The interface shall exchange, without loss, payload release mechanism behaviour case 401","Interface","MustShip","REL-MECH","Payload Release Mechanism","Safety","P-016","Priya Quintana","Payload","Integration","41","25","1","0.00","0.00","105","10.00","88.00","RERUN","0","1","Evidence was valid at build 41 but the subsystem has changed in 25 builds since. Re-run on the release candidate."
"13","REQ-0036","The system shall provide flight control interface behaviour case 36","Functional","MustShip","FLT-CTRL","Flight Control Interface","Safety","P-005","Elena Lindqvist","Avionics","Integration","66","16","2","2.50","0.00","189","12.50","88.00","RERUN","0","1","Evidence was valid at build 66 but the subsystem has changed in 16 builds since. Re-run on the release candidate."
"14","REQ-0157","The payload shall inhibit release when payload release mechanism behaviour case 157","Safety","MustShip","REL-MECH","Payload Release Mechanism","Safety","P-001","Aditi Halvorsen","Avionics","HIL","68","14","4","2.50","0.00","325","15.00","88.00","RERUN","0","1","Evidence was valid at build 68 but the subsystem has changed in 14 builds since. Re-run on the release candidate."
"15","REQ-0217","The payload shall inhibit release when payload release mechanism behaviour case 217","Safety","MustShip","REL-MECH","Payload Release Mechanism","Safety","P-003","Camille Villalobos","Integration & Test","HIL","40","25","1","2.50","0.00","96","17.50","88.00","RERUN","0","1","Evidence was valid at build 40 but the subsystem has changed in 25 builds since. Re-run on the release candidate."
"16","REQ-0225","The payload shall inhibit release when flight control interface behaviour case 225","Safety","MustShip","FLT-CTRL","Flight Control Interface","Safety","P-001","Aditi Halvorsen","Avionics","HIL","51","23","1","2.50","0.00","32","20.00","88.00","RERUN","0","1","Evidence was valid at build 51 but the subsystem has changed in 23 builds since. Re-run on the release candidate."
"17","REQ-0252","The payload shall inhibit release when payload release mechanism behaviour case 252","Safety","MustShip","REL-MECH","Payload Release Mechanism","Safety","P-004","Dmitri Eriksen","Payload","HIL","49","22","4","2.50","0.00","384","22.50","88.00","RERUN","0","1","Evidence was valid at build 49 but the subsystem has changed in 22 builds since. Re-run on the release candidate."
"18","REQ-0350","The payload shall inhibit release when flight control interface behaviour case 350","Safety","MustShip","FLT-CTRL","Flight Control Interface","Safety","P-004","Dmitri Eriksen","Payload","HIL","30","33","1","2.50","0.00","104","25.00","88.00","RERUN","0","1","Evidence was valid at build 30 but the subsystem has changed in 33 builds since. Re-run on the release candidate."
"19","REQ-0359","The payload shall inhibit release when flight control interface behaviour case 359","Safety","MustShip","FLT-CTRL","Flight Control Interface","Safety","P-005","Elena Lindqvist","Avionics","HIL","54","22","4","2.50","0.00","335","27.50","88.00","RERUN","0","1","Evidence was valid at build 54 but the subsystem has changed in 22 builds since. Re-run on the release candidate."
"20","REQ-0372","The payload shall inhibit release when flight control interface behaviour case 372","Safety","MustShip","FLT-CTRL","Flight Control Interface","Safety","P-010","Jonas Weatherby","Ground Segment","HIL","29","33","4","2.50","0.00","259","30.00","88.00","RERUN","0","1","Evidence was valid at build 29 but the subsystem has changed in 33 builds since. Re-run on the release candidate."
"21","REQ-0429","The payload shall inhibit release when payload release mechanism behaviour case 429","Safety","MustShip","REL-MECH","Payload Release Mechanism","Safety","P-019","Sana Nakamura","Integration & Test","HIL","41","25","1","2.50","0.00","147","32.50","88.00","RERUN","0","1","Evidence was valid at build 41 but the subsystem has changed in 25 builds since. Re-run on the release candidate."
"22","REQ-0472","The payload shall inhibit release when flight control interface behaviour case 472","Safety","MustShip","FLT-CTRL","Flight Control Interface","Safety","P-016","Priya Quintana","Payload","HIL","32","33","3","2.50","0.00","247","35.00","88.00","RERUN","0","1","Evidence was valid at build 32 but the subsystem has changed in 33 builds since. Re-run on the release candidate."
"23","REQ-0478","The subsystem shall complete, within budget, flight control interface behaviour case 478","Performance","MustShip","FLT-CTRL","Flight Control Interface","Safety","P-014","Nils Castellan","Ground Segment","HIL","64","18","2","2.50","0.00","342","37.50","88.00","RERUN","0","1","Evidence was valid at build 64 but the subsystem has changed in 18 builds since. Re-run on the release candidate."
"24","REQ-0060","The payload shall inhibit release when flight control interface behaviour case 60","Safety","MustShip","FLT-CTRL","Flight Control Interface","Safety","P-018","Rafael Grigorescu","Ground Segment","HIL","53","22","3","5.00","0.00","518","42.50","88.00","RERUN","0","1","Evidence was valid at build 53 but the subsystem has changed in 22 builds since. Re-run on the release candidate."
"25","REQ-0069","The payload shall inhibit release when flight control interface behaviour case 69","Safety","MustShip","FLT-CTRL","Flight Control Interface","Safety","P-010","Jonas Weatherby","Ground Segment","HIL","59","21","4","5.00","0.00","331","47.50","88.00","RERUN","0","1","Evidence was valid at build 59 but the subsystem has changed in 21 builds since. Re-run on the release candidate."
"26","REQ-0106","The payload shall inhibit release when flight control interface behaviour case 106","Safety","MustShip","FLT-CTRL","Flight Control Interface","Safety","P-004","Dmitri Eriksen","Payload","HIL","42","27","2","5.00","0.00","355","52.50","88.00","RERUN","0","1","Evidence was valid at build 42 but the subsystem has changed in 27 builds since. Re-run on the release candidate."
"27","REQ-0165","The system shall provide payload release mechanism behaviour case 165","Functional","MustShip","REL-MECH","Payload Release Mechanism","Safety","P-018","Rafael Grigorescu","Ground Segment","Integration","71","12","4","5.00","0.00","544","57.50","88.00","RERUN","0","1","Evidence was valid at build 71 but the subsystem has changed in 12 builds since. Re-run on the release candidate."
"28","REQ-0166","The payload shall inhibit release when payload release mechanism behaviour case 166","Safety","MustShip","REL-MECH","Payload Release Mechanism","Safety","P-005","Elena Lindqvist","Avionics","HIL","54","22","3","5.00","0.00","237","62.50","88.00","RERUN","0","1","Evidence was valid at build 54 but the subsystem has changed in 22 builds since. Re-run on the release candidate."
"29","REQ-0167","The payload shall inhibit release when payload release mechanism behaviour case 167","Safety","MustShip","REL-MECH","Payload Release Mechanism","Safety","P-011","Katya Fairweather","Integration & Test","HIL","65","16","2","5.00","0.00","159","67.50","88.00","RERUN","0","1","Evidence was valid at build 65 but the subsystem has changed in 16 builds since. Re-run on the release candidate."
"30","REQ-0191","The payload shall inhibit release when payload release mechanism behaviour case 191","Safety","MustShip","REL-MECH","Payload Release Mechanism","Safety","P-013","Mei Thackeray","Avionics","HIL","65","16","3","5.00","0.00","313","72.50","88.00","RERUN","0","1","Evidence was valid at build 65 but the subsystem has changed in 16 builds since. Re-run on the release candidate."
"31","REQ-0258","The payload shall inhibit release when payload release mechanism behaviour case 258","Safety","MustShip","REL-MECH","Payload Release Mechanism","Safety","P-020","Tomas Ustinov","Payload","HIL","36","28","2","5.00","0.00","327","77.50","88.00","RERUN","0","1","Evidence was valid at build 36 but the subsystem has changed in 28 builds since. Re-run on the release candidate."
"32","REQ-0269","The subsystem shall complete, within budget, payload release mechanism behaviour case 269","Performance","MustShip","REL-MECH","Payload Release Mechanism","Safety","P-012","Liam Moreau","Payload","HIL","51","22","2","5.00","0.00","240","82.50","88.00","RERUN","0","1","Evidence was valid at build 51 but the subsystem has changed in 22 builds since. Re-run on the release candidate."
"33","REQ-0300","The payload shall inhibit release when flight control interface behaviour case 300","Safety","MustShip","FLT-CTRL","Flight Control Interface","Safety","P-015","Olabisi Jindal","Integration & Test","HIL","55","22","3","5.00","0.00","450","87.50","88.00","RERUN","0","1","Evidence was valid at build 55 but the subsystem has changed in 22 builds since. Re-run on the release candidate."
"34","REQ-0439","The payload shall inhibit release when payload release mechanism behaviour case 439","Safety","MustShip","REL-MECH","Payload Release Mechanism","Safety","P-017","Quentin Zielinski","Avionics","HIL","51","22","3","5.00","0.00","199","92.50","88.00","RERUN","0","1","Evidence was valid at build 51 but the subsystem has changed in 22 builds since. Re-run on the release candidate."
"35","REQ-0528","The payload shall inhibit release when flight control interface behaviour case 528","Safety","MustShip","FLT-CTRL","Flight Control Interface","Safety","P-010","Jonas Weatherby","Ground Segment","HIL","44","26","3","5.00","0.00","591","97.50","88.00","RERUN","0","1","Evidence was valid at build 44 but the subsystem has changed in 26 builds since. Re-run on the release candidate."
"36","REQ-0280","The payload shall inhibit release when flight control interface behaviour case 280","Safety","MustShip","FLT-CTRL","Flight Control Interface","Safety","P-010","Jonas Weatherby","Ground Segment","HIL","63","18","4","7.50","0.00","327","105.00","88.00","RERUN","0","1","Evidence was valid at build 63 but the subsystem has changed in 18 builds since. Re-run on the release candidate."
"37","REQ-0349","The payload shall inhibit release when flight control interface behaviour case 349","Safety","MustShip","FLT-CTRL","Flight Control Interface","Safety","P-017","Quentin Zielinski","Avionics","HIL","34","31","4","7.50","0.00","432","112.50","88.00","RERUN","0","1","Evidence was valid at build 34 but the subsystem has changed in 31 builds since. Re-run on the release candidate."
"38","REQ-0515","The payload shall inhibit release when payload release mechanism behaviour case 515","Safety","MustShip","REL-MECH","Payload Release Mechanism","Safety","P-020","Tomas Ustinov","Payload","HIL","35","28","4","7.50","0.00","617","120.00","88.00","RERUN","0","1","Evidence was valid at build 35 but the subsystem has changed in 28 builds since. Re-run on the release candidate."
"39","REQ-0034","The system shall record, for certification, flight control interface behaviour case 34","Regulatory","MustShip","FLT-CTRL","Flight Control Interface","Safety","P-018","Rafael Grigorescu","Ground Segment","Field","69","14","3","0.00","8.00","96","120.00","88.00","RERUN","0","0","Evidence was valid at build 69 but the subsystem has changed in 14 builds since. Re-run on the release candidate."
"40","REQ-0187","The system shall record, for certification, flight control interface behaviour case 187","Regulatory","MustShip","FLT-CTRL","Flight Control Interface","Safety","P-003","Camille Villalobos","Integration & Test","Field","55","22","1","0.00","8.00","66","120.00","88.00","RERUN","0","0","Evidence was valid at build 55 but the subsystem has changed in 22 builds since. Re-run on the release candidate."
"41","REQ-0198","The system shall record, for certification, payload release mechanism behaviour case 198","Regulatory","MustShip","REL-MECH","Payload Release Mechanism","Safety","P-018","Rafael Grigorescu","Ground Segment","Field","60","20","4","0.00","8.00","442","120.00","88.00","RERUN","0","0","Evidence was valid at build 60 but the subsystem has changed in 20 builds since. Re-run on the release candidate."
"42","REQ-0417","The system shall record, for certification, flight control interface behaviour case 417","Regulatory","MustShip","FLT-CTRL","Flight Control Interface","Safety","P-019","Sana Nakamura","Integration & Test","Field","54","22","3","0.00","8.00","524","120.00","88.00","RERUN","0","0","Evidence was valid at build 54 but the subsystem has changed in 22 builds since. Re-run on the release candidate."
"43","REQ-0467","The system shall record, for certification, flight control interface behaviour case 467","Regulatory","MustShip","FLT-CTRL","Flight Control Interface","Safety","P-008","Hiroshi Ibarra","Payload","Field","34","31","4","0.00","8.00","469","120.00","88.00","RERUN","0","0","Evidence was valid at build 34 but the subsystem has changed in 31 builds since. Re-run on the release candidate."
"44","REQ-0113","The system shall record, for certification, payload release mechanism behaviour case 113","Regulatory","MustShip","REL-MECH","Payload Release Mechanism","Safety","P-012","Liam Moreau","Payload","Field","31","29","3","0.00","16.00","400","120.00","88.00","RERUN","0","0","Evidence was valid at build 31 but the subsystem has changed in 29 builds since. Re-run on the release candidate."
"45","REQ-0154","The system shall record, for certification, payload release mechanism behaviour case 154","Regulatory","MustShip","REL-MECH","Payload Release Mechanism","Safety","P-013","Mei Thackeray","Avionics","Field","65","16","4","0.00","16.00","308","120.00","88.00","RERUN","0","0","Evidence was valid at build 65 but the subsystem has changed in 16 builds since. Re-run on the release candidate."
"46","REQ-0235","The system shall record, for certification, flight control interface behaviour case 235","Regulatory","MustShip","FLT-CTRL","Flight Control Interface","Safety","P-011","Katya Fairweather","Integration & Test","Field","37","29","3","0.00","16.00","385","120.00","88.00","RERUN","0","0","Evidence was valid at build 37 but the subsystem has changed in 29 builds since. Re-run on the release candidate."
"47","REQ-0308","The system shall record, for certification, flight control interface behaviour case 308","Regulatory","MustShip","FLT-CTRL","Flight Control Interface","Safety","P-005","Elena Lindqvist","Avionics","Field","33","32","4","0.00","16.00","501","120.00","88.00","RERUN","0","0","Evidence was valid at build 33 but the subsystem has changed in 32 builds since. Re-run on the release candidate."
"48","REQ-0118","The system shall provide payload release mechanism behaviour case 118","Functional","MustShip","REL-MECH","Payload Release Mechanism","Safety","P-006","Farid Saltzman","Ground Segment","Integration","","0","2","0.00","0.00","209","120.00","86.00","RAISE_TEST_LEVEL","1","1","Passing evidence sits below the Integration level this requirement type demands, and a lower-level pass is not admissible. No Integration-level test exists yet: write one and run it against real neighbours; no rig time is needed."
"49","REQ-0137","The system shall provide structural interface behaviour case 137","Functional","MustShip","STRUCT-I","Structural Interface","Safety","P-009","Imani Petrovic","Avionics","Integration","","0","1","0.00","0.00","32","120.00","86.00","RAISE_TEST_LEVEL","1","1","Passing evidence sits below the Integration level this requirement type demands, and a lower-level pass is not admissible. No Integration-level test exists yet: write one and run it against real neighbours; no rig time is needed."
"50","REQ-0141","The interface shall exchange, without loss, payload release mechanism behaviour case 141","Interface","MustShip","REL-MECH","Payload Release Mechanism","Safety","P-007","Grace Baptiste","Integration & Test","Integration","","0","1","0.00","0.00","150","120.00","86.00","RAISE_TEST_LEVEL","1","1","Passing evidence sits below the Integration level this requirement type demands, and a lower-level pass is not admissible. No Integration-level test exists yet: write one and run it against real neighbours; no rig time is needed."
"51","REQ-0178","The system shall provide flight control interface behaviour case 178","Functional","MustShip","FLT-CTRL","Flight Control Interface","Safety","P-020","Tomas Ustinov","Payload","Integration","","0","1","0.00","0.00","143","120.00","86.00","RAISE_TEST_LEVEL","1","1","Passing evidence sits below the Integration level this requirement type demands, and a lower-level pass is not admissible. No Integration-level test exists yet: write one and run it against real neighbours; no rig time is needed."
"52","REQ-0208","The interface shall exchange, without loss, flight control interface behaviour case 208","Interface","MustShip","FLT-CTRL","Flight Control Interface","Safety","P-003","Camille Villalobos","Integration & Test","Integration","","0","2","0.00","0.00","103","120.00","86.00","RAISE_TEST_LEVEL","1","1","Passing evidence sits below the Integration level this requirement type demands, and a lower-level pass is not admissible. No Integration-level test exists yet: write one and run it against real neighbours; no rig time is needed."
"53","REQ-0306","The system shall provide flight control interface behaviour case 306","Functional","MustShip","FLT-CTRL","Flight Control Interface","Safety","P-004","Dmitri Eriksen","Payload","Integration","","0","1","0.00","0.00","16","120.00","86.00","RAISE_TEST_LEVEL","1","1","Passing evidence sits below the Integration level this requirement type demands, and a lower-level pass is not admissible. No Integration-level test exists yet: write one and run it against real neighbours; no rig time is needed."
"54","REQ-0324","The system shall provide flight control interface behaviour case 324","Functional","MustShip","FLT-CTRL","Flight Control Interface","Safety","P-010","Jonas Weatherby","Ground Segment","Integration","","0","1","0.00","0.00","26","120.00","86.00","RAISE_TEST_LEVEL","1","1","Passing evidence sits below the Integration level this requirement type demands, and a lower-level pass is not admissible. No Integration-level test exists yet: write one and run it against real neighbours; no rig time is needed."
"55","REQ-0438","The system shall provide flight control interface behaviour case 438","Functional","MustShip","FLT-CTRL","Flight Control Interface","Safety","P-020","Tomas Ustinov","Payload","Integration","","0","1","0.00","0.00","161","120.00","86.00","RAISE_TEST_LEVEL","1","1","Passing evidence sits below the Integration level this requirement type demands, and a lower-level pass is not admissible. No Integration-level test exists yet: write one and run it against real neighbours; no rig time is needed."
"56","REQ-0473","The system shall provide payload release mechanism behaviour case 473","Functional","MustShip","REL-MECH","Payload Release Mechanism","Safety","P-006","Farid Saltzman","Ground Segment","Integration","","0","1","0.00","0.00","93","120.00","86.00","RAISE_TEST_LEVEL","1","1","Passing evidence sits below the Integration level this requirement type demands, and a lower-level pass is not admissible. No Integration-level test exists yet: write one and run it against real neighbours; no rig time is needed."
"57","REQ-0026","The payload shall inhibit release when payload release mechanism behaviour case 26","Safety","MustShip","REL-MECH","Payload Release Mechanism","Safety","P-008","Hiroshi Ibarra","Payload","HIL","","0","2","2.50","0.00","289","122.50","86.00","RAISE_TEST_LEVEL","0","1","Passing evidence sits below the HIL level this requirement type demands, and a lower-level pass is not admissible. Run its tests at or above that level on the rig."
"58","REQ-0035","The payload shall inhibit release when flight control interface behaviour case 35","Safety","MustShip","FLT-CTRL","Flight Control Interface","Safety","P-007","Grace Baptiste","Integration & Test","HIL","","0","2","2.50","0.00","155","125.00","86.00","RAISE_TEST_LEVEL","1","1","Passing evidence sits below the HIL level this requirement type demands, and a lower-level pass is not admissible. No HIL-level test exists yet: write one and run it on the rig."
"59","REQ-0043","The payload shall inhibit release when flight control interface behaviour case 43","Safety","MustShip","FLT-CTRL","Flight Control Interface","Safety","P-007","Grace Baptiste","Integration & Test","HIL","","0","1","2.50","0.00","201","127.50","86.00","RAISE_TEST_LEVEL","1","1","Passing evidence sits below the HIL level this requirement type demands, and a lower-level pass is not admissible. No HIL-level test exists yet: write one and run it on the rig."
"60","REQ-0053","The payload shall inhibit release when payload release mechanism behaviour case 53","Safety","MustShip","REL-MECH","Payload Release Mechanism","Safety","P-013","Mei Thackeray","Avionics","HIL","","0","3","2.50","0.00","431","130.00","86.00","RAISE_TEST_LEVEL","0","1","Passing evidence sits below the HIL level this requirement type demands, and a lower-level pass is not admissible. Run its tests at or above that level on the rig."
"61","REQ-0080","The payload shall inhibit release when flight control interface behaviour case 80","Safety","MustShip","FLT-CTRL","Flight Control Interface","Safety","P-011","Katya Fairweather","Integration & Test","HIL","","0","2","2.50","0.00","156","132.50","86.00","RAISE_TEST_LEVEL","1","1","Passing evidence sits below the HIL level this requirement type demands, and a lower-level pass is not admissible. No HIL-level test exists yet: write one and run it on the rig."
"62","REQ-0109","The payload shall inhibit release when payload release mechanism behaviour case 109","Safety","MustShip","REL-MECH","Payload Release Mechanism","Safety","P-016","Priya Quintana","Payload","HIL","","0","1","2.50","0.00","180","135.00","86.00","RAISE_TEST_LEVEL","1","1","Passing evidence sits below the HIL level this requirement type demands, and a lower-level pass is not admissible. No HIL-level test exists yet: write one and run it on the rig."
"63","REQ-0149","The payload shall inhibit release when payload release mechanism behaviour case 149","Safety","MustShip","REL-MECH","Payload Release Mechanism","Safety","P-013","Mei Thackeray","Avionics","HIL","","0","1","2.50","0.00","205","137.50","86.00","RAISE_TEST_LEVEL","1","1","Passing evidence sits below the HIL level this requirement type demands, and a lower-level pass is not admissible. No HIL-level test exists yet: write one and run it on the rig."
"64","REQ-0169","The subsystem shall complete, within budget, payload release mechanism behaviour case 169","Performance","MustShip","REL-MECH","Payload Release Mechanism","Safety","P-015","Olabisi Jindal","Integration & Test","HIL","","0","2","2.50","0.00","291","140.00","86.00","RAISE_TEST_LEVEL","0","1","Passing evidence sits below the HIL level this requirement type demands, and a lower-level pass is not admissible. Run its tests at or above that level on the rig."
"65","REQ-0181","The payload shall inhibit release when payload release mechanism behaviour case 181","Safety","MustShip","REL-MECH","Payload Release Mechanism","Safety","P-005","Elena Lindqvist","Avionics","HIL","","0","1","2.50","0.00","187","142.50","86.00","RAISE_TEST_LEVEL","1","1","Passing evidence sits below the HIL level this requirement type demands, and a lower-level pass is not admissible. No HIL-level test exists yet: write one and run it on the rig."
"66","REQ-0189","The payload shall inhibit release when flight control interface behaviour case 189","Safety","MustShip","FLT-CTRL","Flight Control Interface","Safety","P-002","Bruno Oyelaran","Ground Segment","HIL","","0","1","2.50","0.00","121","145.00","86.00","RAISE_TEST_LEVEL","1","1","Passing evidence sits below the HIL level this requirement type demands, and a lower-level pass is not admissible. No HIL-level test exists yet: write one and run it on the rig."
"67","REQ-0301","The payload shall inhibit release when structural interface behaviour case 301","Safety","MustShip","STRUCT-I","Structural Interface","Safety","P-006","Farid Saltzman","Ground Segment","HIL","","0","2","2.50","0.00","56","147.50","86.00","RAISE_TEST_LEVEL","1","1","Passing evidence sits below the HIL level this requirement type demands, and a lower-level pass is not admissible. No HIL-level test exists yet: write one and run it on the rig."
"68","REQ-0336","The payload shall inhibit release when payload release mechanism behaviour case 336","Safety","MustShip","REL-MECH","Payload Release Mechanism","Safety","P-013","Mei Thackeray","Avionics","HIL","","0","2","2.50","0.00","122","150.00","86.00","RAISE_TEST_LEVEL","0","1","Passing evidence sits below the HIL level this requirement type demands, and a lower-level pass is not admissible. Run its tests at or above that level on the rig."
"69","REQ-0382","The payload shall inhibit release when flight control interface behaviour case 382","Safety","MustShip","FLT-CTRL","Flight Control Interface","Safety","P-004","Dmitri Eriksen","Payload","HIL","","0","3","2.50","0.00","338","152.50","86.00","RAISE_TEST_LEVEL","0","1","Passing evidence sits below the HIL level this requirement type demands, and a lower-level pass is not admissible. Run its tests at or above that level on the rig."
"70","REQ-0427","The payload shall inhibit release when flight control interface behaviour case 427","Safety","MustShip","FLT-CTRL","Flight Control Interface","Safety","P-001","Aditi Halvorsen","Avionics","HIL","","0","2","2.50","0.00","265","155.00","86.00","RAISE_TEST_LEVEL","0","1","Passing evidence sits below the HIL level this requirement type demands, and a lower-level pass is not admissible. Run its tests at or above that level on the rig."
"71","REQ-0469","The payload shall inhibit release when payload release mechanism behaviour case 469","Safety","MustShip","REL-MECH","Payload Release Mechanism","Safety","P-008","Hiroshi Ibarra","Payload","HIL","","0","1","2.50","0.00","193","157.50","86.00","RAISE_TEST_LEVEL","1","1","Passing evidence sits below the HIL level this requirement type demands, and a lower-level pass is not admissible. No HIL-level test exists yet: write one and run it on the rig."
"72","REQ-0475","The subsystem shall complete, within budget, payload release mechanism behaviour case 475","Performance","MustShip","REL-MECH","Payload Release Mechanism","Safety","P-008","Hiroshi Ibarra","Payload","HIL","","0","1","2.50","0.00","67","160.00","86.00","RAISE_TEST_LEVEL","1","1","Passing evidence sits below the HIL level this requirement type demands, and a lower-level pass is not admissible. No HIL-level test exists yet: write one and run it on the rig."
"73","REQ-0488","The payload shall inhibit release when payload release mechanism behaviour case 488","Safety","MustShip","REL-MECH","Payload Release Mechanism","Safety","P-017","Quentin Zielinski","Avionics","HIL","","0","1","2.50","0.00","34","162.50","86.00","INDEPENDENT_WITNESS","0","1","Verified by its own owner at build 57, and the subsystem or the requirement has changed since. Re-run it on the release candidate witnessed by a second engineer; a countersignature now would certify superseded evidence."
"74","REQ-0493","The payload shall inhibit release when payload release mechanism behaviour case 493","Safety","MustShip","REL-MECH","Payload Release Mechanism","Safety","P-009","Imani Petrovic","Avionics","HIL","","0","1","2.50","0.00","37","165.00","86.00","RAISE_TEST_LEVEL","1","1","Passing evidence sits below the HIL level this requirement type demands, and a lower-level pass is not admissible. No HIL-level test exists yet: write one and run it on the rig."
"75","REQ-0514","The payload shall inhibit release when flight control interface behaviour case 514","Safety","MustShip","FLT-CTRL","Flight Control Interface","Safety","P-019","Sana Nakamura","Integration & Test","HIL","","0","2","2.50","0.00","263","167.50","86.00","RAISE_TEST_LEVEL","1","1","Passing evidence sits below the HIL level this requirement type demands, and a lower-level pass is not admissible. No HIL-level test exists yet: write one and run it on the rig."
"76","REQ-0521","The payload shall inhibit release when payload release mechanism behaviour case 521","Safety","MustShip","REL-MECH","Payload Release Mechanism","Safety","P-013","Mei Thackeray","Avionics","HIL","","0","4","2.50","0.00","523","170.00","86.00","RAISE_TEST_LEVEL","1","1","Passing evidence sits below the HIL level this requirement type demands, and a lower-level pass is not admissible. No HIL-level test exists yet: write one and run it on the rig."
"77","REQ-0089","The system shall record, for certification, payload release mechanism behaviour case 89","Regulatory","MustShip","REL-MECH","Payload Release Mechanism","Safety","P-011","Katya Fairweather","Integration & Test","Field","","0","4","0.00","8.00","436","170.00","86.00","RAISE_TEST_LEVEL","1","0","Passing evidence sits below the Field level this requirement type demands, and a lower-level pass is not admissible. No Field-level test exists yet: write one and run it on the airframe -- a flight slot, not rig time."
"78","REQ-0368","The system shall record, for certification, flight control interface behaviour case 368","Regulatory","MustShip","FLT-CTRL","Flight Control Interface","Safety","P-009","Imani Petrovic","Avionics","Field","","0","4","0.00","8.00","630","170.00","86.00","RAISE_TEST_LEVEL","1","0","Passing evidence sits below the Field level this requirement type demands, and a lower-level pass is not admissible. No Field-level test exists yet: write one and run it on the airframe -- a flight slot, not rig time."
"79","REQ-0392","The system shall record, for certification, flight control interface behaviour case 392","Regulatory","MustShip","FLT-CTRL","Flight Control Interface","Safety","P-003","Camille Villalobos","Integration & Test","Field","","0","2","0.00","8.00","300","170.00","86.00","RAISE_TEST_LEVEL","1","0","Passing evidence sits below the Field level this requirement type demands, and a lower-level pass is not admissible. No Field-level test exists yet: write one and run it on the airframe -- a flight slot, not rig time."
"80","REQ-0412","The system shall record, for certification, payload release mechanism behaviour case 412","Regulatory","MustShip","REL-MECH","Payload Release Mechanism","Safety","P-012","Liam Moreau","Payload","Field","","0","2","0.00","8.00","152","170.00","86.00","RAISE_TEST_LEVEL","1","0","Passing evidence sits below the Field level this requirement type demands, and a lower-level pass is not admissible. No Field-level test exists yet: write one and run it on the airframe -- a flight slot, not rig time."
"81","REQ-0503","The system shall record, for certification, structural interface behaviour case 503","Regulatory","MustShip","STRUCT-I","Structural Interface","Safety","P-012","Liam Moreau","Payload","Field","","0","2","0.00","8.00","263","170.00","86.00","RAISE_TEST_LEVEL","0","0","Passing evidence sits below the Field level this requirement type demands, and a lower-level pass is not admissible. Run its tests at or above that level on the airframe -- a flight slot, not rig time."
"82","REQ-0014","The payload shall inhibit release when structural interface behaviour case 14","Safety","MustShip","STRUCT-I","Structural Interface","Safety","P-019","Sana Nakamura","Integration & Test","HIL","28","10","1","2.50","0.00","169","172.50","84.00","RERUN","0","1","Evidence was valid at build 28 but the subsystem has changed in 10 builds since. Re-run on the release candidate."
"83","REQ-0092","The payload shall inhibit release when structural interface behaviour case 92","Safety","MustShip","STRUCT-I","Structural Interface","Safety","P-014","Nils Castellan","Ground Segment","HIL","31","9","2","5.00","0.00","302","177.50","84.00","RERUN","0","1","Evidence was valid at build 31 but the subsystem has changed in 9 builds since. Re-run on the release candidate."
"84","REQ-0434","The payload shall inhibit release when structural interface behaviour case 434","Safety","MustShip","STRUCT-I","Structural Interface","Safety","P-005","Elena Lindqvist","Avionics","HIL","60","2","2","2.50","0.00","136","180.00","81.00","RERUN","0","1","Evidence was valid at build 60 but the subsystem has changed in 2 builds since. Re-run on the release candidate."
"85","REQ-0099","The system shall provide command & telemetry link behaviour case 99","Functional","MustShip","COMM-LNK","Command & Telemetry Link","Mission","P-012","Liam Moreau","Payload","Integration","","0","1","0.00","0.00","203","180.00","79.00","VERIFY","1","1","No passing evidence exists. Write and run the test before the gate review; this is not a re-run, it is first-time verification."
"86","REQ-0249","The subsystem shall complete, within budget, command & telemetry link behaviour case 249","Performance","MustShip","COMM-LNK","Command & Telemetry Link","Mission","P-008","Hiroshi Ibarra","Payload","HIL","","0","2","2.50","0.00","349","182.50","79.00","VERIFY","0","0","No passing evidence exists. Write and run the test before the gate review; this is not a re-run, it is first-time verification."
"87","REQ-0398","The subsystem shall complete, within budget, command & telemetry link behaviour case 398","Performance","MustShip","COMM-LNK","Command & Telemetry Link","Mission","P-014","Nils Castellan","Ground Segment","HIL","","0","1","2.50","0.00","114","185.00","79.00","VERIFY","0","0","No passing evidence exists. Write and run the test before the gate review; this is not a re-run, it is first-time verification."
"88","REQ-0444","The payload shall inhibit release when navigation & sensor fusion behaviour case 444","Safety","MustShip","NAV-SENS","Navigation & Sensor Fusion","Mission","P-007","Grace Baptiste","Integration & Test","HIL","","0","1","2.50","0.00","123","187.50","79.00","VERIFY","0","0","No passing evidence exists. Write and run the test before the gate review; this is not a re-run, it is first-time verification."
"89","REQ-0027","The payload shall inhibit release when command & telemetry link behaviour case 27","Safety","MustShip","COMM-LNK","Command & Telemetry Link","Mission","P-020","Tomas Ustinov","Payload","HIL","33","13","4","2.50","0.00","449","190.00","77.00","RERUN","0","0","Evidence was valid at build 33 but the subsystem has changed in 13 builds since. Re-run on the release candidate."
"90","REQ-0416","The payload shall inhibit release when command & telemetry link behaviour case 416","Safety","MustShip","COMM-LNK","Command & Telemetry Link","Mission","P-017","Quentin Zielinski","Avionics","HIL","30","14","3","5.00","0.00","522","195.00","77.00","RERUN","0","0","Evidence was valid at build 30 but the subsystem has changed in 14 builds since. Re-run on the release candidate."
"91","REQ-0496","The payload shall inhibit release when navigation & sensor fusion behaviour case 496","Safety","MustShip","NAV-SENS","Navigation & Sensor Fusion","Mission","P-012","Liam Moreau","Payload","HIL","39","12","3","5.00","0.00","158","200.00","77.00","RERUN","0","0","Evidence was valid at build 39 but the subsystem has changed in 12 builds since. Re-run on the release candidate."
"92","REQ-0008","The system shall provide command & telemetry link behaviour case 8","Functional","MustShip","COMM-LNK","Command & Telemetry Link","Mission","P-015","Olabisi Jindal","Integration & Test","Integration","","0","3","0.00","0.00","297","200.00","75.00","RAISE_TEST_LEVEL","1","0","Passing evidence sits below the Integration level this requirement type demands, and a lower-level pass is not admissible. No Integration-level test exists yet: write one and run it against real neighbours; no rig time is needed."
"93","REQ-0124","The payload shall inhibit release when power management behaviour case 124","Safety","MustShip","PWR-MGMT","Power Management","Mission","P-014","Nils Castellan","Ground Segment","HIL","","0","1","0.00","0.00","61","200.00","75.00","INDEPENDENT_WITNESS","0","0","Verified by its own owner against a policy requiring independence. Nothing has changed since that pass, so a second engineer reviews and countersigns it; no re-execution and no rig time."
"94","REQ-0155","The system shall provide power management behaviour case 155","Functional","MustShip","PWR-MGMT","Power Management","Mission","P-021","Ulrike Dalgleish","Avionics","Integration","","0","1","0.00","0.00","207","200.00","75.00","RAISE_TEST_LEVEL","1","0","Passing evidence sits below the Integration level this requirement type demands, and a lower-level pass is not admissible. No Integration-level test exists yet: write one and run it against real neighbours; no rig time is needed."
"95","REQ-0218","The interface shall exchange, without loss, power management behaviour case 218","Interface","MustShip","PWR-MGMT","Power Management","Mission","P-002","Bruno Oyelaran","Ground Segment","Integration","","0","1","0.00","0.00","51","200.00","75.00","RAISE_TEST_LEVEL","1","0","Passing evidence sits below the Integration level this requirement type demands, and a lower-level pass is not admissible. No Integration-level test exists yet: write one and run it against real neighbours; no rig time is needed."
"96","REQ-0433","The interface shall exchange, without loss, power management behaviour case 433","Interface","MustShip","PWR-MGMT","Power Management","Mission","P-015","Olabisi Jindal","Integration & Test","Integration","","0","3","0.00","0.00","330","200.00","75.00","RAISE_TEST_LEVEL","1","0","Passing evidence sits below the Integration level this requirement type demands, and a lower-level pass is not admissible. No Integration-level test exists yet: write one and run it against real neighbours; no rig time is needed."
"97","REQ-0459","The system shall provide power management behaviour case 459","Functional","MustShip","PWR-MGMT","Power Management","Mission","P-018","Rafael Grigorescu","Ground Segment","Integration","","0","2","0.00","0.00","173","200.00","75.00","RAISE_TEST_LEVEL","1","0","Passing evidence sits below the Integration level this requirement type demands, and a lower-level pass is not admissible. No Integration-level test exists yet: write one and run it against real neighbours; no rig time is needed."
"98","REQ-0486","The interface shall exchange, without loss, power management behaviour case 486","Interface","MustShip","PWR-MGMT","Power Management","Mission","P-003","Camille Villalobos","Integration & Test","Integration","","0","2","0.00","0.00","212","200.00","75.00","RAISE_TEST_LEVEL","1","0","Passing evidence sits below the Integration level this requirement type demands, and a lower-level pass is not admissible. No Integration-level test exists yet: write one and run it against real neighbours; no rig time is needed."
"99","REQ-0028","The subsystem shall complete, within budget, navigation & sensor fusion behaviour case 28","Performance","MustShip","NAV-SENS","Navigation & Sensor Fusion","Mission","P-002","Bruno Oyelaran","Ground Segment","HIL","","0","2","2.50","0.00","231","202.50","75.00","RAISE_TEST_LEVEL","1","0","Passing evidence sits below the HIL level this requirement type demands, and a lower-level pass is not admissible. No HIL-level test exists yet: write one and run it on the rig."
"100","REQ-0049","The subsystem shall complete, within budget, command & telemetry link behaviour case 49","Performance","MustShip","COMM-LNK","Command & Telemetry Link","Mission","P-004","Dmitri Eriksen","Payload","HIL","","0","4","2.50","0.00","409","205.00","75.00","RAISE_TEST_LEVEL","0","0","Passing evidence sits below the HIL level this requirement type demands, and a lower-level pass is not admissible. Run its tests at or above that level on the rig."
"101","REQ-0122","The payload shall inhibit release when command & telemetry link behaviour case 122","Safety","MustShip","COMM-LNK","Command & Telemetry Link","Mission","P-001","Aditi Halvorsen","Avionics","HIL","","0","1","2.50","0.00","194","207.50","75.00","RAISE_TEST_LEVEL","1","0","Passing evidence sits below the HIL level this requirement type demands, and a lower-level pass is not admissible. No HIL-level test exists yet: write one and run it on the rig."
"102","REQ-0172","The payload shall inhibit release when navigation & sensor fusion behaviour case 172","Safety","MustShip","NAV-SENS","Navigation & Sensor Fusion","Mission","P-009","Imani Petrovic","Avionics","HIL","","0","3","2.50","0.00","394","210.00","75.00","RAISE_TEST_LEVEL","1","0","Passing evidence sits below the HIL level this requirement type demands, and a lower-level pass is not admissible. No HIL-level test exists yet: write one and run it on the rig."
"103","REQ-0196","The payload shall inhibit release when command & telemetry link behaviour case 196","Safety","MustShip","COMM-LNK","Command & Telemetry Link","Mission","P-017","Quentin Zielinski","Avionics","HIL","","0","1","2.50","0.00","224","212.50","75.00","RAISE_TEST_LEVEL","1","0","Passing evidence sits below the HIL level this requirement type demands, and a lower-level pass is not admissible. No HIL-level test exists yet: write one and run it on the rig."
"104","REQ-0197","The system shall provide navigation & sensor fusion behaviour case 197","Functional","MustShip","NAV-SENS","Navigation & Sensor Fusion","Mission","P-010","Jonas Weatherby","Ground Segment","Integration","","0","4","2.50","0.00","757","215.00","75.00","RAISE_TEST_LEVEL","0","0","Passing evidence sits below the Integration level this requirement type demands, and a lower-level pass is not admissible. Run its tests at or above that level on the rig."
"105","REQ-0233","The interface shall exchange, without loss, navigation & sensor fusion behaviour case 233","Interface","MustShip","NAV-SENS","Navigation & Sensor Fusion","Mission","P-010","Jonas Weatherby","Ground Segment","Integration","","0","3","2.50","0.00","250","217.50","75.00","RAISE_TEST_LEVEL","0","0","Passing evidence sits below the Integration level this requirement type demands, and a lower-level pass is not admissible. Run its tests at or above that level on the rig."
"106","REQ-0247","The subsystem shall complete, within budget, command & telemetry link behaviour case 247","Performance","MustShip","COMM-LNK","Command & Telemetry Link","Mission","P-016","Priya Quintana","Payload","HIL","","0","3","2.50","0.00","239","220.00","75.00","RAISE_TEST_LEVEL","1","0","Passing evidence sits below the HIL level this requirement type demands, and a lower-level pass is not admissible. No HIL-level test exists yet: write one and run it on the rig."
"107","REQ-0272","The payload shall inhibit release when power management behaviour case 272","Safety","MustShip","PWR-MGMT","Power Management","Mission","P-020","Tomas Ustinov","Payload","HIL","","0","1","2.50","0.00","22","222.50","75.00","RAISE_TEST_LEVEL","1","0","Passing evidence sits below the HIL level this requirement type demands, and a lower-level pass is not admissible. No HIL-level test exists yet: write one and run it on the rig."
"108","REQ-0286","The payload shall inhibit release when navigation & sensor fusion behaviour case 286","Safety","MustShip","NAV-SENS","Navigation & Sensor Fusion","Mission","P-014","Nils Castellan","Ground Segment","HIL","","0","3","2.50","0.00","474","225.00","75.00","RAISE_TEST_LEVEL","1","0","Passing evidence sits below the HIL level this requirement type demands, and a lower-level pass is not admissible. No HIL-level test exists yet: write one and run it on the rig."
"109","REQ-0316","The payload shall inhibit release when power management behaviour case 316","Safety","MustShip","PWR-MGMT","Power Management","Mission","P-005","Elena Lindqvist","Avionics","HIL","","0","2","2.50","0.00","357","227.50","75.00","RAISE_TEST_LEVEL","1","0","Passing evidence sits below the HIL level this requirement type demands, and a lower-level pass is not admissible. No HIL-level test exists yet: write one and run it on the rig."
"110","REQ-0378","The payload shall inhibit release when power management behaviour case 378","Safety","MustShip","PWR-MGMT","Power Management","Mission","P-001","Aditi Halvorsen","Avionics","HIL","","0","1","2.50","0.00","94","230.00","75.00","RAISE_TEST_LEVEL","1","0","Passing evidence sits below the HIL level this requirement type demands, and a lower-level pass is not admissible. No HIL-level test exists yet: write one and run it on the rig."
"111","REQ-0529","The subsystem shall complete, within budget, navigation & sensor fusion behaviour case 529","Performance","MustShip","NAV-SENS","Navigation & Sensor Fusion","Mission","P-005","Elena Lindqvist","Avionics","HIL","","0","1","2.50","0.00","187","232.50","75.00","RAISE_TEST_LEVEL","1","0","Passing evidence sits below the HIL level this requirement type demands, and a lower-level pass is not admissible. No HIL-level test exists yet: write one and run it on the rig."
"112","REQ-0537","The payload shall inhibit release when command & telemetry link behaviour case 537","Safety","MustShip","COMM-LNK","Command & Telemetry Link","Mission","P-016","Priya Quintana","Payload","HIL","","0","1","2.50","0.00","25","235.00","75.00","RAISE_TEST_LEVEL","1","0","Passing evidence sits below the HIL level this requirement type demands, and a lower-level pass is not admissible. No HIL-level test exists yet: write one and run it on the rig."
"113","REQ-0116","The payload shall inhibit release when command & telemetry link behaviour case 116","Safety","MustShip","COMM-LNK","Command & Telemetry Link","Mission","P-014","Nils Castellan","Ground Segment","HIL","","0","4","5.00","0.00","397","240.00","75.00","RAISE_TEST_LEVEL","0","0","Passing evidence sits below the HIL level this requirement type demands, and a lower-level pass is not admissible. Run its tests at or above that level on the rig."
"114","REQ-0224","The payload shall inhibit release when command & telemetry link behaviour case 224","Safety","MustShip","COMM-LNK","Command & Telemetry Link","Mission","P-018","Rafael Grigorescu","Ground Segment","HIL","","0","3","5.00","0.00","350","245.00","75.00","RAISE_TEST_LEVEL","0","0","Passing evidence sits below the HIL level this requirement type demands, and a lower-level pass is not admissible. Run its tests at or above that level on the rig."
"115","REQ-0042","The system shall record, for certification, command & telemetry link behaviour case 42","Regulatory","MustShip","COMM-LNK","Command & Telemetry Link","Mission","P-009","Imani Petrovic","Avionics","Field","","0","3","0.00","8.00","310","245.00","75.00","RAISE_TEST_LEVEL","0","0","Passing evidence sits below the Field level this requirement type demands, and a lower-level pass is not admissible. Run its tests at or above that level on the airframe -- a flight slot, not rig time."
"116","REQ-0161","The system shall record, for certification, power management behaviour case 161","Regulatory","MustShip","PWR-MGMT","Power Management","Mission","P-015","Olabisi Jindal","Integration & Test","Field","","0","4","0.00","8.00","714","245.00","75.00","RAISE_TEST_LEVEL","0","0","Passing evidence sits below the Field level this requirement type demands, and a lower-level pass is not admissible. Run its tests at or above that level on the airframe -- a flight slot, not rig time."
"117","REQ-0194","The system shall record, for certification, power management behaviour case 194","Regulatory","MustShip","PWR-MGMT","Power Management","Mission","P-015","Olabisi Jindal","Integration & Test","Field","","0","2","0.00","8.00","210","245.00","75.00","RAISE_TEST_LEVEL","0","0","Passing evidence sits below the Field level this requirement type demands, and a lower-level pass is not admissible. Run its tests at or above that level on the airframe -- a flight slot, not rig time."
"118","REQ-0228","The system shall record, for certification, command & telemetry link behaviour case 228","Regulatory","MustShip","COMM-LNK","Command & Telemetry Link","Mission","P-018","Rafael Grigorescu","Ground Segment","Field","","0","2","0.00","8.00","370","245.00","75.00","RAISE_TEST_LEVEL","1","0","Passing evidence sits below the Field level this requirement type demands, and a lower-level pass is not admissible. No Field-level test exists yet: write one and run it on the airframe -- a flight slot, not rig time."
"119","REQ-0394","The system shall record, for certification, navigation & sensor fusion behaviour case 394","Regulatory","MustShip","NAV-SENS","Navigation & Sensor Fusion","Mission","P-006","Farid Saltzman","Ground Segment","Field","","0","3","0.00","8.00","431","245.00","75.00","RAISE_TEST_LEVEL","1","0","Passing evidence sits below the Field level this requirement type demands, and a lower-level pass is not admissible. No Field-level test exists yet: write one and run it on the airframe -- a flight slot, not rig time."
"120","REQ-0457","The system shall record, for certification, power management behaviour case 457","Regulatory","MustShip","PWR-MGMT","Power Management","Mission","P-021","Ulrike Dalgleish","Avionics","Field","","0","1","0.00","8.00","80","245.00","75.00","RAISE_TEST_LEVEL","1","0","Passing evidence sits below the Field level this requirement type demands, and a lower-level pass is not admissible. No Field-level test exists yet: write one and run it on the airframe -- a flight slot, not rig time."
"121","REQ-0464","The system shall record, for certification, power management behaviour case 464","Regulatory","MustShip","PWR-MGMT","Power Management","Mission","P-020","Tomas Ustinov","Payload","Field","","0","1","0.00","8.00","85","245.00","75.00","RAISE_TEST_LEVEL","1","0","Passing evidence sits below the Field level this requirement type demands, and a lower-level pass is not admissible. No Field-level test exists yet: write one and run it on the airframe -- a flight slot, not rig time."
"122","REQ-0443","The system shall provide command & telemetry link behaviour case 443","Functional","MustShip","COMM-LNK","Command & Telemetry Link","Mission","P-010","Jonas Weatherby","Ground Segment","Integration","41","10","3","0.00","0.00","349","245.00","73.00","RERUN","0","0","Evidence was valid at build 41 but the subsystem has changed in 10 builds since. Re-run on the release candidate."
"123","REQ-0045","The interface shall exchange, without loss, command & telemetry link behaviour case 45","Interface","MustShip","COMM-LNK","Command & Telemetry Link","Mission","P-004","Dmitri Eriksen","Payload","Integration","64","1","2","2.50","0.00","263","247.50","70.00","RERUN","0","0","Evidence was valid at build 64 but the subsystem has changed in 1 builds since. Re-run on the release candidate."
"124","REQ-0093","The subsystem shall complete, within budget, power management behaviour case 93","Performance","MustShip","PWR-MGMT","Power Management","Mission","P-001","Aditi Halvorsen","Avionics","HIL","39","4","2","5.00","0.00","112","252.50","70.00","RERUN","0","0","Evidence was valid at build 39 but the subsystem has changed in 4 builds since. Re-run on the release candidate."
"125","REQ-0435","The system shall record, for certification, power management behaviour case 435","Regulatory","MustShip","PWR-MGMT","Power Management","Mission","P-019","Sana Nakamura","Integration & Test","Field","42","4","1","0.00","8.00","92","252.50","70.00","RERUN","0","0","Evidence was valid at build 42 but the subsystem has changed in 4 builds since. Re-run on the release candidate."
"126","REQ-0346","The system shall provide ground control software behaviour case 346","Functional","MustShip","GND-CTRL","Ground Control Software","Support","P-013","Mei Thackeray","Avionics","Integration","","0","2","0.00","0.00","219","252.50","66.00","RAISE_TEST_LEVEL","1","0","Passing evidence sits below the Integration level this requirement type demands, and a lower-level pass is not admissible. No Integration-level test exists yet: write one and run it against real neighbours; no rig time is needed."
"127","REQ-0354","The system shall provide ground control software behaviour case 354","Functional","MustShip","GND-CTRL","Ground Control Software","Support","P-014","Nils Castellan","Ground Segment","Integration","","0","1","0.00","0.00","193","252.50","66.00","RAISE_TEST_LEVEL","1","0","Passing evidence sits below the Integration level this requirement type demands, and a lower-level pass is not admissible. No Integration-level test exists yet: write one and run it against real neighbours; no rig time is needed."
"128","REQ-0402","The system shall provide ground control software behaviour case 402","Functional","MustShip","GND-CTRL","Ground Control Software","Support","P-014","Nils Castellan","Ground Segment","Integration","","0","4","0.00","0.00","540","252.50","66.00","RAISE_TEST_LEVEL","1","0","Passing evidence sits below the Integration level this requirement type demands, and a lower-level pass is not admissible. No Integration-level test exists yet: write one and run it against real neighbours; no rig time is needed."
"129","REQ-0428","The interface shall exchange, without loss, ground control software behaviour case 428","Interface","MustShip","GND-CTRL","Ground Control Software","Support","P-003","Camille Villalobos","Integration & Test","Integration","","0","1","0.00","0.00","142","252.50","66.00","RAISE_TEST_LEVEL","1","0","Passing evidence sits below the Integration level this requirement type demands, and a lower-level pass is not admissible. No Integration-level test exists yet: write one and run it against real neighbours; no rig time is needed."
"130","REQ-0199","The subsystem shall complete, within budget, diagnostics & logging behaviour case 199","Performance","MustShip","DIAG-LOG","Diagnostics & Logging","Support","P-002","Bruno Oyelaran","Ground Segment","HIL","","0","1","2.50","0.00","75","255.00","66.00","RAISE_TEST_LEVEL","1","0","Passing evidence sits below the HIL level this requirement type demands, and a lower-level pass is not admissible. No HIL-level test exists yet: write one and run it on the rig."
"131","REQ-0223","The subsystem shall complete, within budget, ground control software behaviour case 223","Performance","MustShip","GND-CTRL","Ground Control Software","Support","P-009","Imani Petrovic","Avionics","HIL","","0","1","2.50","0.00","40","257.50","66.00","RAISE_TEST_LEVEL","1","0","Passing evidence sits below the HIL level this requirement type demands, and a lower-level pass is not admissible. No HIL-level test exists yet: write one and run it on the rig."
"132","REQ-0274","The subsystem shall complete, within budget, flight control interface behaviour case 274","Performance","ShouldShip","FLT-CTRL","Flight Control Interface","Safety","P-011","Katya Fairweather","Integration & Test","HIL","54","22","2","2.50","0.00","125","260.00","65.00","REVIEW_THEN_RERUN","0","0","The requirement itself was modified after it was verified. Confirm the test still checks the right thing, then re-run -- re-running first risks certifying against the old wording."
"133","REQ-0540","The system shall provide flight control interface behaviour case 540","Functional","ShouldShip","FLT-CTRL","Flight Control Interface","Safety","P-006","Farid Saltzman","Ground Segment","Integration","65","17","3","2.50","0.00","348","262.50","65.00","REVIEW_THEN_RERUN","0","0","The requirement itself was modified after it was verified. Confirm the test still checks the right thing, then re-run -- re-running first risks certifying against the old wording."
"134","REQ-0539","The interface shall exchange, without loss, ground control software behaviour case 539","Interface","MustShip","GND-CTRL","Ground Control Software","Support","P-003","Camille Villalobos","Integration & Test","Integration","29","11","3","0.00","0.00","306","262.50","64.00","RERUN","0","0","Evidence was valid at build 29 but the subsystem has changed in 11 builds since. Re-run on the release candidate."
"135","REQ-0012","The subsystem shall complete, within budget, diagnostics & logging behaviour case 12","Performance","MustShip","DIAG-LOG","Diagnostics & Logging","Support","P-020","Tomas Ustinov","Payload","HIL","39","9","2","2.50","0.00","256","265.00","64.00","RERUN","0","0","Evidence was valid at build 39 but the subsystem has changed in 9 builds since. Re-run on the release candidate."
"136","REQ-0293","The interface shall exchange, without loss, ground control software behaviour case 293","Interface","MustShip","GND-CTRL","Ground Control Software","Support","P-003","Camille Villalobos","Integration & Test","Integration","50","7","1","2.50","0.00","125","267.50","64.00","RERUN","0","0","Evidence was valid at build 50 but the subsystem has changed in 7 builds since. Re-run on the release candidate."
"137","REQ-0482","The interface shall exchange, without loss, ground control software behaviour case 482","Interface","MustShip","GND-CTRL","Ground Control Software","Support","P-012","Liam Moreau","Payload","Integration","31","10","1","2.50","0.00","177","270.00","64.00","RERUN","0","0","Evidence was valid at build 31 but the subsystem has changed in 10 builds since. Re-run on the release candidate."
"138","REQ-0057","The interface shall exchange, without loss, flight control interface behaviour case 57","Interface","ShouldShip","FLT-CTRL","Flight Control Interface","Safety","P-019","Sana Nakamura","Integration & Test","Integration","43","27","1","0.00","0.00","151","270.00","61.00","RERUN","0","0","Evidence was valid at build 43 but the subsystem has changed in 27 builds since. Re-run on the release candidate."
"139","REQ-0077","The system shall provide payload release mechanism behaviour case 77","Functional","ShouldShip","REL-MECH","Payload Release Mechanism","Safety","P-020","Tomas Ustinov","Payload","Integration","69","14","2","0.00","0.00","388","270.00","61.00","RERUN","0","0","Evidence was valid at build 69 but the subsystem has changed in 14 builds since. Re-run on the release candidate."
"140","REQ-0320","The system shall provide flight control interface behaviour case 320","Functional","ShouldShip","FLT-CTRL","Flight Control Interface","Safety","P-007","Grace Baptiste","Integration & Test","Integration","63","18","2","0.00","0.00","157","270.00","61.00","RERUN","0","0","Evidence was valid at build 63 but the subsystem has changed in 18 builds since. Re-run on the release candidate."
"141","REQ-0348","The system shall provide payload release mechanism behaviour case 348","Functional","ShouldShip","REL-MECH","Payload Release Mechanism","Safety","P-016","Priya Quintana","Payload","Integration","64","17","1","0.00","0.00","175","270.00","61.00","RERUN","0","0","Evidence was valid at build 64 but the subsystem has changed in 17 builds since. Re-run on the release candidate."
"142","REQ-0505","The system shall provide flight control interface behaviour case 505","Functional","ShouldShip","FLT-CTRL","Flight Control Interface","Safety","P-007","Grace Baptiste","Integration & Test","Integration","30","33","1","0.00","0.00","22","270.00","61.00","RERUN","0","0","Evidence was valid at build 30 but the subsystem has changed in 33 builds since. Re-run on the release candidate."
"143","REQ-0037","The subsystem shall complete, within budget, payload release mechanism behaviour case 37","Performance","ShouldShip","REL-MECH","Payload Release Mechanism","Safety","P-017","Quentin Zielinski","Avionics","HIL","62","19","4","2.50","0.00","490","272.50","61.00","RERUN","0","0","Evidence was valid at build 62 but the subsystem has changed in 19 builds since. Re-run on the release candidate."
"144","REQ-0147","The interface shall exchange, without loss, payload release mechanism behaviour case 147","Interface","ShouldShip","REL-MECH","Payload Release Mechanism","Safety","P-012","Liam Moreau","Payload","Integration","61","20","3","2.50","0.00","405","275.00","61.00","RERUN","0","0","Evidence was valid at build 61 but the subsystem has changed in 20 builds since. Re-run on the release candidate."
"145","REQ-0148","The payload shall inhibit release when flight control interface behaviour case 148","Safety","ShouldShip","FLT-CTRL","Flight Control Interface","Safety","P-017","Quentin Zielinski","Avionics","HIL","70","13","4","2.50","0.00","579","277.50","61.00","RERUN","0","0","Evidence was valid at build 70 but the subsystem has changed in 13 builds since. Re-run on the release candidate."
"146","REQ-0406","The subsystem shall complete, within budget, payload release mechanism behaviour case 406","Performance","ShouldShip","REL-MECH","Payload Release Mechanism","Safety","P-010","Jonas Weatherby","Ground Segment","HIL","38","27","1","2.50","0.00","127","280.00","61.00","RERUN","0","0","Evidence was valid at build 38 but the subsystem has changed in 27 builds since. Re-run on the release candidate."
"147","REQ-0407","The interface shall exchange, without loss, flight control interface behaviour case 407","Interface","ShouldShip","FLT-CTRL","Flight Control Interface","Safety","P-006","Farid Saltzman","Ground Segment","Integration","57","22","4","2.50","0.00","394","282.50","61.00","RERUN","0","0","Evidence was valid at build 57 but the subsystem has changed in 22 builds since. Re-run on the release candidate."
"148","REQ-0495","The system shall provide payload release mechanism behaviour case 495","Functional","ShouldShip","REL-MECH","Payload Release Mechanism","Safety","P-009","Imani Petrovic","Avionics","Integration","71","12","3","2.50","0.00","436","285.00","61.00","RERUN","0","0","Evidence was valid at build 71 but the subsystem has changed in 12 builds since. Re-run on the release candidate."
"149","REQ-0501","The subsystem shall complete, within budget, flight control interface behaviour case 501","Performance","ShouldShip","FLT-CTRL","Flight Control Interface","Safety","P-002","Bruno Oyelaran","Ground Segment","HIL","36","30","3","2.50","0.00","256","287.50","61.00","RERUN","0","0","Evidence was valid at build 36 but the subsystem has changed in 30 builds since. Re-run on the release candidate."
"150","REQ-0262","The subsystem shall complete, within budget, payload release mechanism behaviour case 262","Performance","ShouldShip","REL-MECH","Payload Release Mechanism","Safety","P-009","Imani Petrovic","Avionics","HIL","64","17","2","5.00","0.00","241","292.50","61.00","RERUN","0","0","Evidence was valid at build 64 but the subsystem has changed in 17 builds since. Re-run on the release candidate."
"151","REQ-0377","The payload shall inhibit release when flight control interface behaviour case 377","Safety","ShouldShip","FLT-CTRL","Flight Control Interface","Safety","P-012","Liam Moreau","Payload","HIL","57","22","3","7.50","0.00","290","300.00","61.00","RERUN","0","0","Evidence was valid at build 57 but the subsystem has changed in 22 builds since. Re-run on the release candidate."
"152","REQ-0376","The system shall record, for certification, payload release mechanism behaviour case 376","Regulatory","ShouldShip","REL-MECH","Payload Release Mechanism","Safety","P-015","Olabisi Jindal","Integration & Test","Field","44","24","2","0.00","8.00","199","300.00","61.00","RERUN","0","0","Evidence was valid at build 44 but the subsystem has changed in 24 builds since. Re-run on the release candidate."
"153","REQ-0278","The system shall record, for certification, flight control interface behaviour case 278","Regulatory","ShouldShip","FLT-CTRL","Flight Control Interface","Safety","P-018","Rafael Grigorescu","Ground Segment","Field","49","24","4","0.00","16.00","268","300.00","61.00","RERUN","0","0","Evidence was valid at build 49 but the subsystem has changed in 24 builds since. Re-run on the release candidate."
"154","REQ-0002","The payload shall inhibit release when payload release mechanism behaviour case 2","Safety","ShouldShip","REL-MECH","Payload Release Mechanism","Safety","P-012","Liam Moreau","Payload","HIL","","0","3","0.00","0.00","272","300.00","59.00","INDEPENDENT_WITNESS","0","0","Verified by its own owner against a policy requiring independence. Nothing has changed since that pass, so a second engineer reviews and countersigns it; no re-execution and no rig time."
"155","REQ-0222","The system shall provide payload release mechanism behaviour case 222","Functional","ShouldShip","REL-MECH","Payload Release Mechanism","Safety","P-014","Nils Castellan","Ground Segment","Integration","","0","3","0.00","0.00","392","300.00","59.00","RAISE_TEST_LEVEL","0","0","Passing evidence sits below the Integration level this requirement type demands, and a lower-level pass is not admissible. Run its tests at or above that level against real neighbours; no rig time is needed."
"156","REQ-0446","The interface shall exchange, without loss, payload release mechanism behaviour case 446","Interface","ShouldShip","REL-MECH","Payload Release Mechanism","Safety","P-012","Liam Moreau","Payload","Integration","","0","1","0.00","0.00","189","300.00","59.00","RAISE_TEST_LEVEL","1","0","Passing evidence sits below the Integration level this requirement type demands, and a lower-level pass is not admissible. No Integration-level test exists yet: write one and run it against real neighbours; no rig time is needed."
"157","REQ-0132","The payload shall inhibit release when flight control interface behaviour case 132","Safety","ShouldShip","FLT-CTRL","Flight Control Interface","Safety","P-004","Dmitri Eriksen","Payload","HIL","","0","2","2.50","0.00","56","302.50","59.00","RAISE_TEST_LEVEL","1","0","Passing evidence sits below the HIL level this requirement type demands, and a lower-level pass is not admissible. No HIL-level test exists yet: write one and run it on the rig."
"158","REQ-0243","The payload shall inhibit release when flight control interface behaviour case 243","Safety","ShouldShip","FLT-CTRL","Flight Control Interface","Safety","P-007","Grace Baptiste","Integration & Test","HIL","","0","2","2.50","0.00","218","305.00","59.00","RAISE_TEST_LEVEL","0","0","Passing evidence sits below the HIL level this requirement type demands, and a lower-level pass is not admissible. Run its tests at or above that level on the rig."
"159","REQ-0245","The subsystem shall complete, within budget, flight control interface behaviour case 245","Performance","ShouldShip","FLT-CTRL","Flight Control Interface","Safety","P-003","Camille Villalobos","Integration & Test","HIL","","0","1","2.50","0.00","180","307.50","59.00","RAISE_TEST_LEVEL","1","0","Passing evidence sits below the HIL level this requirement type demands, and a lower-level pass is not admissible. No HIL-level test exists yet: write one and run it on the rig."
"160","REQ-0337","The subsystem shall complete, within budget, flight control interface behaviour case 337","Performance","ShouldShip","FLT-CTRL","Flight Control Interface","Safety","P-004","Dmitri Eriksen","Payload","HIL","","0","2","2.50","0.00","242","310.00","59.00","RAISE_TEST_LEVEL","1","0","Passing evidence sits below the HIL level this requirement type demands, and a lower-level pass is not admissible. No HIL-level test exists yet: write one and run it on the rig."
"161","REQ-0342","The subsystem shall complete, within budget, flight control interface behaviour case 342","Performance","ShouldShip","FLT-CTRL","Flight Control Interface","Safety","P-014","Nils Castellan","Ground Segment","HIL","","0","2","2.50","0.00","274","312.50","59.00","RAISE_TEST_LEVEL","1","0","Passing evidence sits below the HIL level this requirement type demands, and a lower-level pass is not admissible. No HIL-level test exists yet: write one and run it on the rig."
"162","REQ-0345","The subsystem shall complete, within budget, payload release mechanism behaviour case 345","Performance","ShouldShip","REL-MECH","Payload Release Mechanism","Safety","P-006","Farid Saltzman","Ground Segment","HIL","","0","2","2.50","0.00","348","315.00","59.00","RAISE_TEST_LEVEL","1","0","Passing evidence sits below the HIL level this requirement type demands, and a lower-level pass is not admissible. No HIL-level test exists yet: write one and run it on the rig."
"163","REQ-0363","The subsystem shall complete, within budget, flight control interface behaviour case 363","Performance","ShouldShip","FLT-CTRL","Flight Control Interface","Safety","P-020","Tomas Ustinov","Payload","HIL","","0","3","2.50","0.00","518","317.50","59.00","RAISE_TEST_LEVEL","1","0","Passing evidence sits below the HIL level this requirement type demands, and a lower-level pass is not admissible. No HIL-level test exists yet: write one and run it on the rig."
"164","REQ-0380","The subsystem shall complete, within budget, payload release mechanism behaviour case 380","Performance","ShouldShip","REL-MECH","Payload Release Mechanism","Safety","P-016","Priya Quintana","Payload","HIL","","0","1","2.50","0.00","113","320.00","59.00","RAISE_TEST_LEVEL","1","0","Passing evidence sits below the HIL level this requirement type demands, and a lower-level pass is not admissible. No HIL-level test exists yet: write one and run it on the rig."
"165","REQ-0290","The system shall record, for certification, structural interface behaviour case 290","Regulatory","ShouldShip","STRUCT-I","Structural Interface","Safety","P-021","Ulrike Dalgleish","Avionics","Field","70","2","4","0.00","8.00","464","320.00","54.00","RERUN","0","0","Evidence was valid at build 70 but the subsystem has changed in 2 builds since. Re-run on the release candidate."
"166","REQ-0239","The interface shall exchange, without loss, power management behaviour case 239","Interface","ShouldShip","PWR-MGMT","Power Management","Mission","P-015","Olabisi Jindal","Integration & Test","Integration","","0","1","0.00","0.00","24","320.00","52.00","VERIFY","1","0","No passing evidence exists. Write and run the test before the gate review; this is not a re-run, it is first-time verification."
"167","REQ-0480","The system shall provide power management behaviour case 480","Functional","ShouldShip","PWR-MGMT","Power Management","Mission","P-004","Dmitri Eriksen","Payload","Integration","","0","1","0.00","0.00","194","320.00","52.00","VERIFY","1","0","No passing evidence exists. Write and run the test before the gate review; this is not a re-run, it is first-time verification."
"168","REQ-0005","The subsystem shall complete, within budget, command & telemetry link behaviour case 5","Performance","ShouldShip","COMM-LNK","Command & Telemetry Link","Mission","P-001","Aditi Halvorsen","Avionics","HIL","","0","1","2.50","0.00","184","322.50","52.00","VERIFY","0","0","No passing evidence exists. Write and run the test before the gate review; this is not a re-run, it is first-time verification."
"169","REQ-0329","The system shall provide power management behaviour case 329","Functional","ShouldShip","PWR-MGMT","Power Management","Mission","P-021","Ulrike Dalgleish","Avionics","Integration","","0","1","2.50","0.00","69","325.00","52.00","VERIFY","0","0","No passing evidence exists. Write and run the test before the gate review; this is not a re-run, it is first-time verification."
"170","REQ-0362","The subsystem shall complete, within budget, command & telemetry link behaviour case 362","Performance","ShouldShip","COMM-LNK","Command & Telemetry Link","Mission","P-007","Grace Baptiste","Integration & Test","HIL","","0","1","2.50","0.00","15","327.50","52.00","VERIFY","1","0","No passing evidence exists. Write and run the test before the gate review; this is not a re-run, it is first-time verification."
"171","REQ-0502","The subsystem shall complete, within budget, payload release mechanism behaviour case 502","Performance","Nice","REL-MECH","Payload Release Mechanism","Safety","P-011","Katya Fairweather","Integration & Test","HIL","28","29","1","2.50","0.00","184","330.00","51.00","REVIEW_THEN_RERUN","0","0","The requirement itself was modified after it was verified. Confirm the test still checks the right thing, then re-run -- re-running first risks certifying against the old wording."
"172","REQ-0297","The interface shall exchange, without loss, navigation & sensor fusion behaviour case 297","Interface","ShouldShip","NAV-SENS","Navigation & Sensor Fusion","Mission","P-017","Quentin Zielinski","Avionics","Integration","33","12","1","0.00","0.00","170","330.00","50.00","RERUN","0","0","Evidence was valid at build 33 but the subsystem has changed in 12 builds since. Re-run on the release candidate."
"173","REQ-0518","The system shall provide payload release mechanism behaviour case 518","Functional","Nice","REL-MECH","Payload Release Mechanism","Safety","P-003","Camille Villalobos","Integration & Test","Integration","","0","1","0.00","0.00","47","330.00","49.00","VERIFY","1","0","No passing evidence exists. Write and run the test before the gate review; this is not a re-run, it is first-time verification."
"174","REQ-0517","The subsystem shall complete, within budget, payload release mechanism behaviour case 517","Performance","Nice","REL-MECH","Payload Release Mechanism","Safety","P-003","Camille Villalobos","Integration & Test","HIL","","0","1","2.50","0.00","150","332.50","49.00","VERIFY","0","0","No passing evidence exists. Write and run the test before the gate review; this is not a re-run, it is first-time verification."
"175","REQ-0004","The system shall provide power management behaviour case 4","Functional","ShouldShip","PWR-MGMT","Power Management","Mission","P-009","Imani Petrovic","Avionics","Integration","","0","1","0.00","0.00","64","332.50","48.00","RAISE_TEST_LEVEL","1","0","Passing evidence sits below the Integration level this requirement type demands, and a lower-level pass is not admissible. No Integration-level test exists yet: write one and run it against real neighbours; no rig time is needed."
"176","REQ-0110","The system shall provide command & telemetry link behaviour case 110","Functional","ShouldShip","COMM-LNK","Command & Telemetry Link","Mission","P-004","Dmitri Eriksen","Payload","Integration","","0","1","0.00","0.00","130","332.50","48.00","RAISE_TEST_LEVEL","1","0","Passing evidence sits below the Integration level this requirement type demands, and a lower-level pass is not admissible. No Integration-level test exists yet: write one and run it against real neighbours; no rig time is needed."
"177","REQ-0326","The interface shall exchange, without loss, navigation & sensor fusion behaviour case 326","Interface","ShouldShip","NAV-SENS","Navigation & Sensor Fusion","Mission","P-004","Dmitri Eriksen","Payload","Integration","","0","3","0.00","0.00","429","332.50","48.00","RAISE_TEST_LEVEL","1","0","Passing evidence sits below the Integration level this requirement type demands, and a lower-level pass is not admissible. No Integration-level test exists yet: write one and run it against real neighbours; no rig time is needed."
"178","REQ-0373","The system shall provide command & telemetry link behaviour case 373","Functional","ShouldShip","COMM-LNK","Command & Telemetry Link","Mission","P-004","Dmitri Eriksen","Payload","Integration","","0","1","0.00","0.00","140","332.50","48.00","RAISE_TEST_LEVEL","1","0","Passing evidence sits below the Integration level this requirement type demands, and a lower-level pass is not admissible. No Integration-level test exists yet: write one and run it against real neighbours; no rig time is needed."
"179","REQ-0256","The subsystem shall complete, within budget, power management behaviour case 256","Performance","ShouldShip","PWR-MGMT","Power Management","Mission","P-006","Farid Saltzman","Ground Segment","HIL","","0","1","2.50","0.00","126","335.00","48.00","RAISE_TEST_LEVEL","1","0","Passing evidence sits below the HIL level this requirement type demands, and a lower-level pass is not admissible. No HIL-level test exists yet: write one and run it on the rig."
"180","REQ-0437","The subsystem shall complete, within budget, power management behaviour case 437","Performance","ShouldShip","PWR-MGMT","Power Management","Mission","P-021","Ulrike Dalgleish","Avionics","HIL","","0","1","2.50","0.00","49","337.50","48.00","RAISE_TEST_LEVEL","1","0","Passing evidence sits below the HIL level this requirement type demands, and a lower-level pass is not admissible. No HIL-level test exists yet: write one and run it on the rig."
"181","REQ-0532","The subsystem shall complete, within budget, navigation & sensor fusion behaviour case 532","Performance","ShouldShip","NAV-SENS","Navigation & Sensor Fusion","Mission","P-002","Bruno Oyelaran","Ground Segment","HIL","","0","3","5.00","0.00","479","342.50","48.00","RAISE_TEST_LEVEL","0","0","Passing evidence sits below the HIL level this requirement type demands, and a lower-level pass is not admissible. Run its tests at or above that level on the rig."
"182","REQ-0128","The system shall provide payload release mechanism behaviour case 128","Functional","Nice","REL-MECH","Payload Release Mechanism","Safety","P-013","Mei Thackeray","Avionics","Integration","49","22","3","0.00","0.00","541","342.50","47.00","RERUN","0","0","Evidence was valid at build 49 but the subsystem has changed in 22 builds since. Re-run on the release candidate."
"183","REQ-0138","The interface shall exchange, without loss, flight control interface behaviour case 138","Interface","Nice","FLT-CTRL","Flight Control Interface","Safety","P-009","Imani Petrovic","Avionics","Integration","65","17","4","2.50","0.00","458","345.00","47.00","RERUN","0","0","Evidence was valid at build 65 but the subsystem has changed in 17 builds since. Re-run on the release candidate."
"184","REQ-0454","The interface shall exchange, without loss, payload release mechanism behaviour case 454","Interface","Nice","REL-MECH","Payload Release Mechanism","Safety","P-005","Elena Lindqvist","Avionics","Integration","34","28","2","2.50","0.00","367","347.50","47.00","RERUN","0","0","Evidence was valid at build 34 but the subsystem has changed in 28 builds since. Re-run on the release candidate."
"185","REQ-0120","The subsystem shall complete, within budget, flight control interface behaviour case 120","Performance","Nice","FLT-CTRL","Flight Control Interface","Safety","P-017","Quentin Zielinski","Avionics","HIL","63","18","2","5.00","0.00","131","352.50","47.00","RERUN","0","0","Evidence was valid at build 63 but the subsystem has changed in 18 builds since. Re-run on the release candidate."
"186","REQ-0396","The subsystem shall complete, within budget, payload release mechanism behaviour case 396","Performance","Nice","REL-MECH","Payload Release Mechanism","Safety","P-001","Aditi Halvorsen","Avionics","HIL","71","12","2","5.00","0.00","313","357.50","47.00","RERUN","0","0","Evidence was valid at build 71 but the subsystem has changed in 12 builds since. Re-run on the release candidate."
"187","REQ-0064","The interface shall exchange, without loss, flight control interface behaviour case 64","Interface","Nice","FLT-CTRL","Flight Control Interface","Safety","P-015","Olabisi Jindal","Integration & Test","Integration","","0","1","0.00","0.00","179","357.50","45.00","RAISE_TEST_LEVEL","1","0","Passing evidence sits below the Integration level this requirement type demands, and a lower-level pass is not admissible. No Integration-level test exists yet: write one and run it against real neighbours; no rig time is needed."
"188","REQ-0031","The subsystem shall complete, within budget, payload release mechanism behaviour case 31","Performance","Nice","REL-MECH","Payload Release Mechanism","Safety","P-014","Nils Castellan","Ground Segment","HIL","","0","4","2.50","0.00","679","360.00","45.00","RAISE_TEST_LEVEL","1","0","Passing evidence sits below the HIL level this requirement type demands, and a lower-level pass is not admissible. No HIL-level test exists yet: write one and run it on the rig."
"189","REQ-0058","The subsystem shall complete, within budget, flight control interface behaviour case 58","Performance","Nice","FLT-CTRL","Flight Control Interface","Safety","P-017","Quentin Zielinski","Avionics","HIL","","0","2","2.50","0.00","283","362.50","45.00","RAISE_TEST_LEVEL","1","0","Passing evidence sits below the HIL level this requirement type demands, and a lower-level pass is not admissible. No HIL-level test exists yet: write one and run it on the rig."
"190","REQ-0108","The subsystem shall complete, within budget, structural interface behaviour case 108","Performance","Nice","STRUCT-I","Structural Interface","Safety","P-021","Ulrike Dalgleish","Avionics","HIL","","0","1","2.50","0.00","202","365.00","45.00","RAISE_TEST_LEVEL","1","0","Passing evidence sits below the HIL level this requirement type demands, and a lower-level pass is not admissible. No HIL-level test exists yet: write one and run it on the rig."
"191","REQ-0284","The subsystem shall complete, within budget, payload release mechanism behaviour case 284","Performance","Nice","REL-MECH","Payload Release Mechanism","Safety","P-017","Quentin Zielinski","Avionics","HIL","","0","1","2.50","0.00","207","367.50","45.00","RAISE_TEST_LEVEL","1","0","Passing evidence sits below the HIL level this requirement type demands, and a lower-level pass is not admissible. No HIL-level test exists yet: write one and run it on the rig."
"192","REQ-0361","The subsystem shall complete, within budget, payload release mechanism behaviour case 361","Performance","Nice","REL-MECH","Payload Release Mechanism","Safety","P-018","Rafael Grigorescu","Ground Segment","HIL","","0","1","2.50","0.00","56","370.00","45.00","RAISE_TEST_LEVEL","1","0","Passing evidence sits below the HIL level this requirement type demands, and a lower-level pass is not admissible. No HIL-level test exists yet: write one and run it on the rig."
"193","REQ-0160","The system shall provide navigation & sensor fusion behaviour case 160","Functional","ShouldShip","NAV-SENS","Navigation & Sensor Fusion","Mission","P-004","Dmitri Eriksen","Payload","Integration","63","2","2","0.00","0.00","437","370.00","43.00","RERUN","0","0","Evidence was valid at build 63 but the subsystem has changed in 2 builds since. Re-run on the release candidate."
"194","REQ-0311","The system shall provide ground control software behaviour case 311","Functional","ShouldShip","GND-CTRL","Ground Control Software","Support","P-003","Camille Villalobos","Integration & Test","Integration","","0","1","0.00","0.00","80","370.00","43.00","VERIFY","0","0","No passing evidence exists. Write and run the test before the gate review; this is not a re-run, it is first-time verification."
"195","REQ-0367","The interface shall exchange, without loss, navigation & sensor fusion behaviour case 367","Interface","ShouldShip","NAV-SENS","Navigation & Sensor Fusion","Mission","P-017","Quentin Zielinski","Avionics","Integration","54","5","2","0.00","0.00","154","370.00","43.00","RERUN","0","0","Evidence was valid at build 54 but the subsystem has changed in 5 builds since. Re-run on the release candidate."
"196","REQ-0453","The system shall provide power management behaviour case 453","Functional","ShouldShip","PWR-MGMT","Power Management","Mission","P-006","Farid Saltzman","Ground Segment","Integration","32","4","2","0.00","0.00","206","370.00","43.00","RERUN","0","0","Evidence was valid at build 32 but the subsystem has changed in 4 builds since. Re-run on the release candidate."
"197","REQ-0383","The system shall provide ground control software behaviour case 383","Functional","ShouldShip","GND-CTRL","Ground Control Software","Support","P-009","Imani Petrovic","Avionics","Integration","30","11","2","2.50","0.00","329","372.50","41.00","REVIEW_THEN_RERUN","0","0","The requirement itself was modified after it was verified. Confirm the test still checks the right thing, then re-run -- re-running first risks certifying against the old wording."
"198","REQ-0299","The system shall provide ground control software behaviour case 299","Functional","ShouldShip","GND-CTRL","Ground Control Software","Support","P-012","Liam Moreau","Payload","Integration","","0","3","0.00","0.00","561","372.50","39.00","RAISE_TEST_LEVEL","1","0","Passing evidence sits below the Integration level this requirement type demands, and a lower-level pass is not admissible. No Integration-level test exists yet: write one and run it against real neighbours; no rig time is needed."
"199","REQ-0335","The system shall provide diagnostics & logging behaviour case 335","Functional","ShouldShip","DIAG-LOG","Diagnostics & Logging","Support","P-018","Rafael Grigorescu","Ground Segment","Integration","","0","2","0.00","0.00","167","372.50","39.00","RAISE_TEST_LEVEL","1","0","Passing evidence sits below the Integration level this requirement type demands, and a lower-level pass is not admissible. No Integration-level test exists yet: write one and run it against real neighbours; no rig time is needed."
"200","REQ-0508","The system shall provide diagnostics & logging behaviour case 508","Functional","ShouldShip","DIAG-LOG","Diagnostics & Logging","Support","P-001","Aditi Halvorsen","Avionics","Integration","","0","4","0.00","0.00","407","372.50","39.00","RAISE_TEST_LEVEL","1","0","Passing evidence sits below the Integration level this requirement type demands, and a lower-level pass is not admissible. No Integration-level test exists yet: write one and run it against real neighbours; no rig time is needed."
"201","REQ-0516","The system shall provide ground control software behaviour case 516","Functional","ShouldShip","GND-CTRL","Ground Control Software","Support","P-001","Aditi Halvorsen","Avionics","Integration","","0","1","0.00","0.00","98","372.50","39.00","RAISE_TEST_LEVEL","1","0","Passing evidence sits below the Integration level this requirement type demands, and a lower-level pass is not admissible. No Integration-level test exists yet: write one and run it against real neighbours; no rig time is needed."
"202","REQ-0007","The subsystem shall complete, within budget, ground control software behaviour case 7","Performance","ShouldShip","GND-CTRL","Ground Control Software","Support","P-018","Rafael Grigorescu","Ground Segment","HIL","","0","1","2.50","0.00","130","375.00","39.00","RAISE_TEST_LEVEL","1","0","Passing evidence sits below the HIL level this requirement type demands, and a lower-level pass is not admissible. No HIL-level test exists yet: write one and run it on the rig."
"203","REQ-0117","The subsystem shall complete, within budget, ground control software behaviour case 117","Performance","ShouldShip","GND-CTRL","Ground Control Software","Support","P-010","Jonas Weatherby","Ground Segment","HIL","","0","3","2.50","0.00","478","377.50","39.00","RAISE_TEST_LEVEL","1","0","Passing evidence sits below the HIL level this requirement type demands, and a lower-level pass is not admissible. No HIL-level test exists yet: write one and run it on the rig."
"204","REQ-0212","The subsystem shall complete, within budget, diagnostics & logging behaviour case 212","Performance","ShouldShip","DIAG-LOG","Diagnostics & Logging","Support","P-015","Olabisi Jindal","Integration & Test","HIL","","0","2","2.50","0.00","407","380.00","39.00","RAISE_TEST_LEVEL","1","0","Passing evidence sits below the HIL level this requirement type demands, and a lower-level pass is not admissible. No HIL-level test exists yet: write one and run it on the rig."
"205","REQ-0448","The subsystem shall complete, within budget, power management behaviour case 448","Performance","Nice","PWR-MGMT","Power Management","Mission","P-018","Rafael Grigorescu","Ground Segment","HIL","","0","1","2.50","0.00","173","382.50","38.00","VERIFY","0","0","No passing evidence exists. Write and run the test before the gate review; this is not a re-run, it is first-time verification."
"206","REQ-0095","The system shall provide command & telemetry link behaviour case 95","Functional","Nice","COMM-LNK","Command & Telemetry Link","Mission","P-011","Katya Fairweather","Integration & Test","Integration","","0","1","0.00","0.00","163","382.50","34.00","RAISE_TEST_LEVEL","1","0","Passing evidence sits below the Integration level this requirement type demands, and a lower-level pass is not admissible. No Integration-level test exists yet: write one and run it against real neighbours; no rig time is needed."
"207","REQ-0151","The system shall provide power management behaviour case 151","Functional","Nice","PWR-MGMT","Power Management","Mission","P-017","Quentin Zielinski","Avionics","Integration","","0","1","0.00","0.00","130","382.50","34.00","RAISE_TEST_LEVEL","1","0","Passing evidence sits below the Integration level this requirement type demands, and a lower-level pass is not admissible. No Integration-level test exists yet: write one and run it against real neighbours; no rig time is needed."
"208","REQ-0310","The system shall provide power management behaviour case 310","Functional","Nice","PWR-MGMT","Power Management","Mission","P-020","Tomas Ustinov","Payload","Integration","","0","1","0.00","0.00","22","382.50","34.00","RAISE_TEST_LEVEL","1","0","Passing evidence sits below the Integration level this requirement type demands, and a lower-level pass is not admissible. No Integration-level test exists yet: write one and run it against real neighbours; no rig time is needed."
"209","REQ-0048","The subsystem shall complete, within budget, command & telemetry link behaviour case 48","Performance","Nice","COMM-LNK","Command & Telemetry Link","Mission","P-016","Priya Quintana","Payload","HIL","","0","1","2.50","0.00","108","385.00","34.00","RAISE_TEST_LEVEL","1","0","Passing evidence sits below the HIL level this requirement type demands, and a lower-level pass is not admissible. No HIL-level test exists yet: write one and run it on the rig."
"210","REQ-0066","The subsystem shall complete, within budget, power management behaviour case 66","Performance","Nice","PWR-MGMT","Power Management","Mission","P-013","Mei Thackeray","Avionics","HIL","","0","2","2.50","0.00","105","387.50","34.00","RAISE_TEST_LEVEL","1","0","Passing evidence sits below the HIL level this requirement type demands, and a lower-level pass is not admissible. No HIL-level test exists yet: write one and run it on the rig."
"211","REQ-0152","The subsystem shall complete, within budget, diagnostics & logging behaviour case 152","Performance","ShouldShip","DIAG-LOG","Diagnostics & Logging","Support","P-018","Rafael Grigorescu","Ground Segment","HIL","58","5","2","2.50","0.00","305","390.00","34.00","RERUN","0","0","Evidence was valid at build 58 but the subsystem has changed in 5 builds since. Re-run on the release candidate."
"212","REQ-0220","The subsystem shall complete, within budget, navigation & sensor fusion behaviour case 220","Performance","Nice","NAV-SENS","Navigation & Sensor Fusion","Mission","P-020","Tomas Ustinov","Payload","HIL","","0","2","2.50","0.00","173","392.50","34.00","RAISE_TEST_LEVEL","1","0","Passing evidence sits below the HIL level this requirement type demands, and a lower-level pass is not admissible. No HIL-level test exists yet: write one and run it on the rig."
"213","REQ-0307","The subsystem shall complete, within budget, power management behaviour case 307","Performance","Nice","PWR-MGMT","Power Management","Mission","P-009","Imani Petrovic","Avionics","HIL","","0","3","2.50","0.00","330","395.00","34.00","RAISE_TEST_LEVEL","1","0","Passing evidence sits below the HIL level this requirement type demands, and a lower-level pass is not admissible. No HIL-level test exists yet: write one and run it on the rig."
"214","REQ-0462","The subsystem shall complete, within budget, command & telemetry link behaviour case 462","Performance","Nice","COMM-LNK","Command & Telemetry Link","Mission","P-010","Jonas Weatherby","Ground Segment","HIL","","0","1","2.50","0.00","174","397.50","34.00","RAISE_TEST_LEVEL","1","0","Passing evidence sits below the HIL level this requirement type demands, and a lower-level pass is not admissible. No HIL-level test exists yet: write one and run it on the rig."
"215","REQ-0355","The interface shall exchange, without loss, diagnostics & logging behaviour case 355","Interface","ShouldShip","DIAG-LOG","Diagnostics & Logging","Support","P-015","Olabisi Jindal","Integration & Test","Integration","69","2","3","5.00","0.00","197","402.50","34.00","RERUN","0","0","Evidence was valid at build 69 but the subsystem has changed in 2 builds since. Re-run on the release candidate."
"216","REQ-0107","The subsystem shall complete, within budget, ground control software behaviour case 107","Performance","ShouldShip","GND-CTRL","Ground Control Software","Support","P-019","Sana Nakamura","Integration & Test","HIL","69","2","3","7.50","0.00","457","410.00","34.00","RERUN","0","0","Evidence was valid at build 69 but the subsystem has changed in 2 builds since. Re-run on the release candidate."
"217","REQ-0216","The interface shall exchange, without loss, command & telemetry link behaviour case 216","Interface","Nice","COMM-LNK","Command & Telemetry Link","Mission","P-009","Imani Petrovic","Avionics","Integration","49","6","4","5.00","0.00","531","415.00","32.00","RERUN","0","0","Evidence was valid at build 49 but the subsystem has changed in 6 builds since. Re-run on the release candidate."
"218","REQ-0114","The system shall provide navigation & sensor fusion behaviour case 114","Functional","Nice","NAV-SENS","Navigation & Sensor Fusion","Mission","P-003","Camille Villalobos","Integration & Test","Integration","67","2","4","0.00","0.00","347","415.00","29.00","RERUN","0","0","Evidence was valid at build 67 but the subsystem has changed in 2 builds since. Re-run on the release candidate."
"219","REQ-0241","The system shall provide ground control software behaviour case 241","Functional","Nice","GND-CTRL","Ground Control Software","Support","P-015","Olabisi Jindal","Integration & Test","Integration","","0","1","0.00","0.00","40","415.00","29.00","VERIFY","1","0","No passing evidence exists. Write and run the test before the gate review; this is not a re-run, it is first-time verification."
"220","REQ-0131","The interface shall exchange, without loss, power management behaviour case 131","Interface","Nice","PWR-MGMT","Power Management","Mission","P-021","Ulrike Dalgleish","Avionics","Integration","46","2","1","2.50","0.00","85","417.50","29.00","RERUN","0","0","Evidence was valid at build 46 but the subsystem has changed in 2 builds since. Re-run on the release candidate."
"221","REQ-0184","The subsystem shall complete, within budget, power management behaviour case 184","Performance","Nice","PWR-MGMT","Power Management","Mission","P-016","Priya Quintana","Payload","HIL","48","2","2","2.50","0.00","66","420.00","29.00","RERUN","0","0","Evidence was valid at build 48 but the subsystem has changed in 2 builds since. Re-run on the release candidate."
"222","REQ-0313","The interface shall exchange, without loss, diagnostics & logging behaviour case 313","Interface","Nice","DIAG-LOG","Diagnostics & Logging","Support","P-003","Camille Villalobos","Integration & Test","Integration","","0","4","0.00","0.00","707","420.00","25.00","RAISE_TEST_LEVEL","1","0","Passing evidence sits below the Integration level this requirement type demands, and a lower-level pass is not admissible. No Integration-level test exists yet: write one and run it against real neighbours; no rig time is needed."
"223","REQ-0323","The system shall provide ground control software behaviour case 323","Functional","Nice","GND-CTRL","Ground Control Software","Support","P-007","Grace Baptiste","Integration & Test","Integration","","0","3","0.00","0.00","403","420.00","25.00","RAISE_TEST_LEVEL","0","0","Passing evidence sits below the Integration level this requirement type demands, and a lower-level pass is not admissible. Run its tests at or above that level against real neighbours; no rig time is needed."
"224","REQ-0366","The system shall provide ground control software behaviour case 366","Functional","Nice","GND-CTRL","Ground Control Software","Support","P-004","Dmitri Eriksen","Payload","Integration","","0","2","0.00","0.00","249","420.00","25.00","RAISE_TEST_LEVEL","1","0","Passing evidence sits below the Integration level this requirement type demands, and a lower-level pass is not admissible. No Integration-level test exists yet: write one and run it against real neighbours; no rig time is needed."
"225","REQ-0076","The subsystem shall complete, within budget, ground control software behaviour case 76","Performance","Nice","GND-CTRL","Ground Control Software","Support","P-020","Tomas Ustinov","Payload","HIL","","0","1","2.50","0.00","207","422.50","25.00","RAISE_TEST_LEVEL","1","0","Passing evidence sits below the HIL level this requirement type demands, and a lower-level pass is not admissible. No HIL-level test exists yet: write one and run it on the rig."
"226","REQ-0079","The subsystem shall complete, within budget, diagnostics & logging behaviour case 79","Performance","Nice","DIAG-LOG","Diagnostics & Logging","Support","P-013","Mei Thackeray","Avionics","HIL","69","2","1","2.50","0.00","116","425.00","20.00","RERUN","0","0","Evidence was valid at build 69 but the subsystem has changed in 2 builds since. Re-run on the release candidate."
