"WorkItemID","RequirementID","Priority","SubsystemCode","AssignedToID","AssignedToName","OpenedDate","ClosedDate","EstimateHours","ActualHours","WorkItemStatus"
"WI-0001","REQ-0001","MustShip","COMM-LNK","P-021","Ulrike Dalgleish","2025-01-08","2025-02-01","18.7","19.1","Closed"
"WI-0002","REQ-0002","ShouldShip","REL-MECH","P-017","Quentin Zielinski","2026-02-04","2026-02-14","12.2","10.3","Closed"
"WI-0003","REQ-0002","ShouldShip","REL-MECH","P-012","Liam Moreau","2025-10-23","2025-11-23","35.2","39.0","Closed"
"WI-0004","REQ-0003","Nice","NAV-SENS","P-020","Tomas Ustinov","2025-09-06","2025-10-31","25.7","36.4","Closed"
"WI-0005","REQ-0003","Nice","NAV-SENS","P-011","Katya Fairweather","2025-04-14","2025-04-19","10.3","8.0","Closed"
"WI-0006","REQ-0004","ShouldShip","PWR-MGMT","P-003","Camille Villalobos","2025-04-21","2025-05-04","16.5","14.5","Closed"
"WI-0007","REQ-0004","ShouldShip","PWR-MGMT","P-019","Sana Nakamura","2026-03-10","2026-04-24","16.1","20.8","Closed"
"WI-0008","REQ-0005","ShouldShip","COMM-LNK","P-002","Bruno Oyelaran","2026-05-10","2026-06-16","32.6","38.8","Closed"
"WI-0009","REQ-0005","ShouldShip","COMM-LNK","P-021","Ulrike Dalgleish","2025-05-27","2025-06-12","4.8","4.4","Closed"
"WI-0010","REQ-0005","ShouldShip","COMM-LNK","P-008","Hiroshi Ibarra","2025-08-22","2025-10-16","28.5","40.6","Closed"
"WI-0011","REQ-0006","MustShip","STRUCT-I","P-014","Nils Castellan","2026-06-09","2026-06-15","33.7","27.0","Closed"
"WI-0012","REQ-0006","MustShip","STRUCT-I","P-002","Bruno Oyelaran","2025-03-12","","4.2","","InProgress"
"WI-0013","REQ-0007","ShouldShip","GND-CTRL","P-011","Katya Fairweather","2025-03-23","2025-04-18","17.2","17.9","Closed"
"WI-0014","REQ-0007","ShouldShip","GND-CTRL","P-005","Elena Lindqvist","2025-07-23","2025-07-30","17.9","14.5","Closed"
"WI-0015","REQ-0007","ShouldShip","GND-CTRL","P-008","Hiroshi Ibarra","2025-06-12","","20.4","","InProgress"
"WI-0016","REQ-0008","MustShip","COMM-LNK","P-003","Camille Villalobos","2025-06-29","2025-07-27","32.5","35.1","Closed"
"WI-0017","REQ-0008","MustShip","COMM-LNK","P-003","Camille Villalobos","2026-05-27","2026-06-22","5.0","5.2","Closed"
"WI-0018","REQ-0008","MustShip","COMM-LNK","P-015","Olabisi Jindal","2025-07-26","","10.0","","Open"
"WI-0019","REQ-0009","MustShip","REL-MECH","P-008","Hiroshi Ibarra","2025-07-23","2025-07-26","22.0","16.5","Closed"
"WI-0020","REQ-0009","MustShip","REL-MECH","P-013","Mei Thackeray","2026-01-18","2026-03-11","35.8","49.2","Closed"
"WI-0021","REQ-0009","MustShip","REL-MECH","P-007","Grace Baptiste","2025-06-30","2025-07-22","4.2","4.2","Closed"
"WI-0022","REQ-0010","MustShip","GND-CTRL","P-017","Quentin Zielinski","2026-04-10","2026-05-15","22.3","25.9","Closed"
"WI-0023","REQ-0011","ShouldShip","NAV-SENS","P-011","Katya Fairweather","2025-01-06","2025-02-11","8.6","10.1","Closed"
"WI-0024","REQ-0011","ShouldShip","NAV-SENS","P-002","Bruno Oyelaran","2025-09-18","2025-10-15","29.4","31.2","Closed"
"WI-0025","REQ-0012","MustShip","DIAG-LOG","P-009","Imani Petrovic","2025-09-26","2025-10-09","10.1","8.9","Closed"
"WI-0026","REQ-0012","MustShip","DIAG-LOG","P-018","Rafael Grigorescu","2026-02-15","2026-03-27","8.5","10.4","Closed"
"WI-0027","REQ-0013","ShouldShip","PWR-MGMT","P-004","Dmitri Eriksen","2026-01-20","2026-01-28","27.0","22.2","Closed"
"WI-0028","REQ-0014","MustShip","STRUCT-I","P-018","Rafael Grigorescu","2026-05-17","2026-05-26","21.5","18.0","Closed"
"WI-0029","REQ-0014","MustShip","STRUCT-I","P-003","Camille Villalobos","2026-05-08","2026-07-04","4.1","6.0","Closed"
"WI-0030","REQ-0015","MustShip","PWR-MGMT","P-002","Bruno Oyelaran","2025-12-08","2026-01-14","28.1","33.6","Closed"
"WI-0031","REQ-0015","MustShip","PWR-MGMT","P-017","Quentin Zielinski","2026-04-10","2026-05-07","3.0","3.2","Closed"
"WI-0032","REQ-0015","MustShip","PWR-MGMT","P-009","Imani Petrovic","2025-05-13","2025-05-16","6.8","5.2","Closed"
"WI-0033","REQ-0015","MustShip","PWR-MGMT","P-008","Hiroshi Ibarra","2025-03-15","2025-03-09","32.4","40.6","Closed"
"WI-0034","REQ-0016","MustShip","GND-CTRL","P-006","Farid Saltzman","2025-03-21","2025-04-11","2.0","2.0","Closed"
"WI-0035","REQ-0017","Nice","DIAG-LOG","P-006","Farid Saltzman","2025-09-19","2025-10-04","18.2","16.5","Closed"
"WI-0036","REQ-0018","MustShip","STRUCT-I","P-002","Bruno Oyelaran","2026-01-05","","23.0","","InProgress"
"WI-0037","REQ-0019","MustShip","NAV-SENS","P-009","Imani Petrovic","2025-05-10","2025-07-06","17.5","25.2","Closed"
"WI-0038","REQ-0020","ShouldShip","FLT-CTRL","P-016","Priya Quintana","2025-09-01","2025-10-26","9.8","13.9","Closed"
"WI-0039","REQ-0020","ShouldShip","FLT-CTRL","P-018","Rafael Grigorescu","2026-04-18","2026-06-05","8.1","10.8","Closed"
"WI-0040","REQ-0020","ShouldShip","FLT-CTRL","P-020","Tomas Ustinov","2025-09-16","2025-09-24","5.5","4.5","Closed"
"WI-0041","REQ-0021","ShouldShip","PWR-MGMT","P-007","Grace Baptiste","2025-01-28","2025-02-15","32.0","30.4","Closed"
"WI-0042","REQ-0021","ShouldShip","PWR-MGMT","P-018","Rafael Grigorescu","2025-10-04","2025-11-06","15.0","17.1","Closed"
"WI-0043","REQ-0022","MustShip","REL-MECH","P-001","Aditi Halvorsen","2026-04-19","2026-06-08","28.8","39.0","Closed"
"WI-0044","REQ-0023","MustShip","NAV-SENS","P-008","Hiroshi Ibarra","2025-08-07","2025-09-06","23.3","25.7","Closed"
"WI-0045","REQ-0024","Nice","GND-CTRL","P-008","Hiroshi Ibarra","2025-08-19","2025-08-27","24.8","20.4","Closed"
"WI-0046","REQ-0024","Nice","GND-CTRL","P-009","Imani Petrovic","2025-08-11","2025-09-06","24.3","25.6","Closed"
"WI-0047","REQ-0024","Nice","GND-CTRL","P-018","Rafael Grigorescu","2025-05-27","2025-07-21","30.3","43.2","Closed"
"WI-0048","REQ-0025","MustShip","FLT-CTRL","P-015","Olabisi Jindal","2025-12-06","2026-01-19","11.8","15.0","Closed"
"WI-0049","REQ-0026","MustShip","REL-MECH","P-020","Tomas Ustinov","2026-01-15","2026-02-17","3.8","4.4","Closed"
"WI-0050","REQ-0027","MustShip","COMM-LNK","P-020","Tomas Ustinov","2025-06-18","2025-06-12","10.5","12.6","Closed"
"WI-0051","REQ-0028","MustShip","NAV-SENS","P-009","Imani Petrovic","2026-03-05","2026-04-28","33.5","47.2","Closed"
"WI-0052","REQ-0029","MustShip","NAV-SENS","P-004","Dmitri Eriksen","2025-08-02","2025-09-23","31.7","43.8","Closed"
"WI-0053","REQ-0030","ShouldShip","COMM-LNK","P-005","Elena Lindqvist","2025-10-21","2025-12-17","2.3","3.3","Closed"
"WI-0054","REQ-0030","ShouldShip","COMM-LNK","P-001","Aditi Halvorsen","2025-05-12","2025-05-29","11.2","10.5","Closed"
"WI-0055","REQ-0030","ShouldShip","COMM-LNK","P-001","Aditi Halvorsen","2026-04-29","2026-05-24","32.8","33.8","Closed"
"WI-0056","REQ-0031","Nice","REL-MECH","P-010","Jonas Weatherby","2025-10-22","2025-11-01","5.2","4.4","Closed"
"WI-0057","REQ-0031","Nice","REL-MECH","P-002","Bruno Oyelaran","2025-09-12","2025-10-14","2.7","3.1","Closed"
"WI-0058","REQ-0031","Nice","REL-MECH","P-016","Priya Quintana","2025-10-20","2025-11-18","11.7","12.7","Closed"
"WI-0059","REQ-0031","Nice","REL-MECH","P-020","Tomas Ustinov","2025-08-13","2025-09-16","29.3","33.6","Closed"
"WI-0060","REQ-0032","ShouldShip","COMM-LNK","P-020","Tomas Ustinov","2026-05-29","2026-06-15","30.6","28.4","Closed"
"WI-0061","REQ-0032","ShouldShip","COMM-LNK","P-007","Grace Baptiste","2026-02-28","2026-03-31","13.5","15.1","Closed"
"WI-0062","REQ-0033","MustShip","GND-CTRL","P-021","Ulrike Dalgleish","2025-07-12","2025-09-02","14.5","20.1","Closed"
"WI-0063","REQ-0034","MustShip","FLT-CTRL","P-007","Grace Baptiste","2025-11-04","2025-12-27","17.6","24.6","Closed"
"WI-0064","REQ-0034","MustShip","FLT-CTRL","P-001","Aditi Halvorsen","2026-06-29","2026-07-13","21.2","19.1","Closed"
"WI-0065","REQ-0035","MustShip","FLT-CTRL","P-021","Ulrike Dalgleish","2026-05-24","2026-07-17","29.3","41.3","Closed"
"WI-0066","REQ-0036","MustShip","FLT-CTRL","P-010","Jonas Weatherby","2025-08-12","2025-09-17","8.9","10.5","Closed"
"WI-0067","REQ-0036","MustShip","FLT-CTRL","P-008","Hiroshi Ibarra","2026-06-24","2026-08-07","27.4","35.1","Closed"
"WI-0068","REQ-0037","ShouldShip","REL-MECH","P-009","Imani Petrovic","2026-01-28","2026-02-06","34.9","29.1","Closed"
"WI-0069","REQ-0037","ShouldShip","REL-MECH","P-007","Grace Baptiste","2025-03-10","2025-04-10","2.6","2.9","Closed"
"WI-0070","REQ-0037","ShouldShip","REL-MECH","P-008","Hiroshi Ibarra","2025-05-06","2025-05-31","23.3","24.2","Closed"
"WI-0071","REQ-0038","MustShip","NAV-SENS","P-020","Tomas Ustinov","2025-04-24","2025-05-01","19.8","16.0","Closed"
"WI-0072","REQ-0038","MustShip","NAV-SENS","P-002","Bruno Oyelaran","2025-08-26","2025-10-22","23.7","34.1","Closed"
"WI-0073","REQ-0038","MustShip","NAV-SENS","P-009","Imani Petrovic","2025-01-24","2025-02-09","17.5","16.2","Closed"
"WI-0074","REQ-0039","ShouldShip","GND-CTRL","P-011","Katya Fairweather","2025-01-21","2025-03-08","33.1","43.1","Closed"
"WI-0075","REQ-0039","ShouldShip","GND-CTRL","P-001","Aditi Halvorsen","2026-01-17","2026-03-04","28.3","36.8","Closed"
"WI-0076","REQ-0039","ShouldShip","GND-CTRL","P-007","Grace Baptiste","2025-02-02","2025-03-31","19.9","28.9","Closed"
"WI-0077","REQ-0040","ShouldShip","NAV-SENS","P-015","Olabisi Jindal","2025-05-12","2025-05-25","13.1","11.5","Closed"
"WI-0078","REQ-0041","MustShip","DIAG-LOG","P-021","Ulrike Dalgleish","2025-12-08","2026-01-21","8.5","10.9","Closed"
"WI-0079","REQ-0042","MustShip","COMM-LNK","P-012","Liam Moreau","2026-03-25","2026-04-06","17.6","15.4","Closed"
"WI-0080","REQ-0042","MustShip","COMM-LNK","P-021","Ulrike Dalgleish","2026-03-09","2026-03-12","25.0","18.9","Closed"
"WI-0081","REQ-0042","MustShip","COMM-LNK","P-011","Katya Fairweather","2026-06-15","2026-07-22","31.8","37.8","Closed"
"WI-0082","REQ-0043","MustShip","FLT-CTRL","P-010","Jonas Weatherby","2026-02-17","2026-03-08","35.3","34.0","Closed"
"WI-0083","REQ-0044","ShouldShip","PWR-MGMT","P-001","Aditi Halvorsen","2025-02-27","2025-04-24","14.5","20.6","Closed"
"WI-0084","REQ-0044","ShouldShip","PWR-MGMT","P-020","Tomas Ustinov","2025-10-28","2025-11-25","24.7","26.6","Closed"
"WI-0085","REQ-0044","ShouldShip","PWR-MGMT","P-006","Farid Saltzman","2025-12-24","2026-01-06","20.8","18.3","Closed"
"WI-0086","REQ-0045","MustShip","COMM-LNK","P-013","Mei Thackeray","2026-02-15","2026-04-03","31.5","41.3","Closed"
"WI-0087","REQ-0045","MustShip","COMM-LNK","P-019","Sana Nakamura","2025-03-27","2025-05-21","3.8","5.3","Closed"
"WI-0088","REQ-0045","MustShip","COMM-LNK","P-021","Ulrike Dalgleish","2026-05-04","2026-05-30","28.1","29.3","Closed"
"WI-0089","REQ-0046","MustShip","GND-CTRL","P-020","Tomas Ustinov","2026-04-09","2026-04-20","32.1","27.6","Closed"
"WI-0090","REQ-0046","MustShip","GND-CTRL","P-011","Katya Fairweather","2025-07-16","","34.0","","InProgress"
"WI-0091","REQ-0046","MustShip","GND-CTRL","P-004","Dmitri Eriksen","2025-05-10","2025-06-02","32.8","33.1","Closed"
"WI-0092","REQ-0047","ShouldShip","NAV-SENS","P-005","Elena Lindqvist","2026-06-23","2026-07-18","13.7","14.1","Closed"
"WI-0093","REQ-0048","Nice","COMM-LNK","P-002","Bruno Oyelaran","2025-11-24","2026-01-15","15.6","21.5","Closed"
"WI-0094","REQ-0048","Nice","COMM-LNK","P-006","Farid Saltzman","2025-11-04","2025-12-04","30.5","33.7","Closed"
"WI-0095","REQ-0048","Nice","COMM-LNK","P-010","Jonas Weatherby","2025-12-01","2025-12-17","16.4","15.2","Closed"
"WI-0096","REQ-0049","MustShip","COMM-LNK","P-002","Bruno Oyelaran","2026-05-21","2026-05-28","9.8","8.0","Closed"
"WI-0097","REQ-0049","MustShip","COMM-LNK","P-006","Farid Saltzman","2025-12-06","2026-01-15","12.0","14.8","Closed"
"WI-0098","REQ-0050","MustShip","PWR-MGMT","P-010","Jonas Weatherby","2025-07-03","2025-07-17","4.0","3.6","Closed"
"WI-0099","REQ-0050","MustShip","PWR-MGMT","P-006","Farid Saltzman","2025-12-15","2026-01-24","35.0","42.9","Closed"
"WI-0100","REQ-0051","MustShip","COMM-LNK","P-021","Ulrike Dalgleish","2026-05-10","2026-06-04","19.1","19.8","Closed"
"WI-0101","REQ-0051","MustShip","COMM-LNK","P-016","Priya Quintana","2026-03-13","2026-04-08","3.8","3.9","Closed"
"WI-0102","REQ-0051","MustShip","COMM-LNK","P-013","Mei Thackeray","2026-01-30","2026-03-18","20.8","27.4","Closed"
"WI-0103","REQ-0052","ShouldShip","NAV-SENS","P-020","Tomas Ustinov","2025-08-09","2025-09-26","20.9","27.8","Closed"
"WI-0104","REQ-0052","ShouldShip","NAV-SENS","P-011","Katya Fairweather","2026-06-17","2026-08-13","15.5","22.3","Closed"
"WI-0105","REQ-0052","ShouldShip","NAV-SENS","P-019","Sana Nakamura","2025-07-22","2025-08-26","9.4","11.0","Closed"
"WI-0106","REQ-0053","MustShip","REL-MECH","P-015","Olabisi Jindal","2025-05-27","2025-07-07","18.1","22.3","Closed"
"WI-0107","REQ-0053","MustShip","REL-MECH","P-003","Camille Villalobos","2025-10-11","2025-12-01","27.3","37.3","Closed"
"WI-0108","REQ-0053","MustShip","REL-MECH","P-001","Aditi Halvorsen","2025-12-14","2026-01-07","9.7","9.9","Closed"
"WI-0109","REQ-0054","MustShip","NAV-SENS","P-015","Olabisi Jindal","2025-11-07","2025-12-13","12.7","14.9","Closed"
"WI-0110","REQ-0054","MustShip","NAV-SENS","P-009","Imani Petrovic","2025-12-14","2026-01-09","19.0","19.9","Closed"
"WI-0111","REQ-0056","Nice","REL-MECH","P-005","Elena Lindqvist","2025-04-22","2025-05-01","8.9","7.4","Closed"
"WI-0112","REQ-0056","Nice","REL-MECH","P-021","Ulrike Dalgleish","2026-01-20","","10.8","","InProgress"
"WI-0113","REQ-0056","Nice","REL-MECH","P-020","Tomas Ustinov","2026-05-03","","31.3","","InProgress"
"WI-0114","REQ-0056","Nice","REL-MECH","P-013","Mei Thackeray","2025-03-19","2025-03-22","31.4","23.6","Closed"
"WI-0115","REQ-0057","ShouldShip","FLT-CTRL","P-006","Farid Saltzman","2025-05-13","2025-05-25","23.4","20.3","Closed"
"WI-0116","REQ-0057","ShouldShip","FLT-CTRL","P-006","Farid Saltzman","2025-04-09","2025-06-03","31.1","44.0","Closed"
"WI-0117","REQ-0058","Nice","FLT-CTRL","P-010","Jonas Weatherby","2025-07-31","2025-09-05","20.4","23.9","Closed"
"WI-0118","REQ-0058","Nice","FLT-CTRL","P-004","Dmitri Eriksen","2026-06-28","","23.0","","Open"
"WI-0119","REQ-0059","MustShip","PWR-MGMT","P-021","Ulrike Dalgleish","2025-02-20","2025-04-17","28.8","41.3","Closed"
"WI-0120","REQ-0059","MustShip","PWR-MGMT","P-007","Grace Baptiste","2025-11-23","2025-12-30","8.5","10.1","Closed"
"WI-0121","REQ-0060","MustShip","FLT-CTRL","P-009","Imani Petrovic","2025-05-18","2025-06-04","34.7","32.5","Closed"
"WI-0122","REQ-0060","MustShip","FLT-CTRL","P-020","Tomas Ustinov","2026-02-22","2026-04-03","3.7","4.5","Closed"
"WI-0123","REQ-0061","Nice","PWR-MGMT","P-019","Sana Nakamura","2026-05-05","2026-05-17","27.9","24.1","Closed"
"WI-0124","REQ-0061","Nice","PWR-MGMT","P-005","Elena Lindqvist","2026-03-01","2026-03-08","13.4","10.9","Closed"
"WI-0125","REQ-0061","Nice","PWR-MGMT","P-002","Bruno Oyelaran","2025-07-13","2025-08-05","18.9","19.2","Closed"
"WI-0126","REQ-0062","MustShip","REL-MECH","P-002","Bruno Oyelaran","2025-07-02","2025-08-27","14.8","21.2","Closed"
"WI-0127","REQ-0062","MustShip","REL-MECH","P-018","Rafael Grigorescu","2026-04-12","2026-06-06","27.9","39.8","Closed"
"WI-0128","REQ-0063","MustShip","GND-CTRL","P-017","Quentin Zielinski","2026-02-27","2026-03-10","15.4","13.3","Closed"
"WI-0129","REQ-0063","MustShip","GND-CTRL","P-002","Bruno Oyelaran","2025-07-27","2025-08-10","12.4","11.0","Closed"
"WI-0130","REQ-0063","MustShip","GND-CTRL","P-018","Rafael Grigorescu","2025-01-25","2025-03-23","35.8","51.4","Closed"
"WI-0131","REQ-0064","Nice","FLT-CTRL","P-010","Jonas Weatherby","2025-10-24","","8.9","","InProgress"
"WI-0132","REQ-0064","Nice","FLT-CTRL","P-007","Grace Baptiste","2025-12-29","","13.1","","Open"
"WI-0133","REQ-0064","Nice","FLT-CTRL","P-004","Dmitri Eriksen","2025-09-26","2025-10-08","2.1","1.8","Closed"
"WI-0134","REQ-0065","Nice","DIAG-LOG","P-005","Elena Lindqvist","2026-01-23","2026-03-11","31.2","41.3","Closed"
"WI-0135","REQ-0065","Nice","DIAG-LOG","P-012","Liam Moreau","2026-05-22","2026-05-31","13.9","11.5","Closed"
"WI-0136","REQ-0065","Nice","DIAG-LOG","P-005","Elena Lindqvist","2026-06-12","2026-06-18","2.5","2.0","Closed"
"WI-0137","REQ-0066","Nice","PWR-MGMT","P-020","Tomas Ustinov","2025-06-22","2025-08-06","9.0","11.7","Closed"
"WI-0138","REQ-0066","Nice","PWR-MGMT","P-012","Liam Moreau","2025-07-06","2025-07-22","2.7","2.5","Closed"
"WI-0139","REQ-0066","Nice","PWR-MGMT","P-017","Quentin Zielinski","2025-08-04","2025-09-01","10.5","11.3","Closed"
"WI-0140","REQ-0067","MustShip","GND-CTRL","P-014","Nils Castellan","2026-05-23","2026-06-05","33.9","29.8","Closed"
"WI-0141","REQ-0068","MustShip","REL-MECH","P-019","Sana Nakamura","2025-03-27","2025-04-10","9.1","8.2","Closed"
"WI-0142","REQ-0068","MustShip","REL-MECH","P-009","Imani Petrovic","2025-01-15","2025-03-08","17.2","23.7","Closed"
"WI-0143","REQ-0069","MustShip","FLT-CTRL","P-013","Mei Thackeray","2025-02-01","","15.9","","Open"
"WI-0144","REQ-0069","MustShip","FLT-CTRL","P-005","Elena Lindqvist","2025-06-12","2025-06-06","19.3","18.2","Closed"
"WI-0145","REQ-0070","ShouldShip","COMM-LNK","P-002","Bruno Oyelaran","2025-11-30","2026-01-21","24.5","33.7","Closed"
"WI-0146","REQ-0070","ShouldShip","COMM-LNK","P-007","Grace Baptiste","2025-04-15","2025-05-04","35.7","34.4","Closed"
"WI-0147","REQ-0071","MustShip","COMM-LNK","P-003","Camille Villalobos","2026-06-01","2026-07-17","23.9","31.2","Closed"
"WI-0148","REQ-0072","MustShip","REL-MECH","P-005","Elena Lindqvist","2025-06-25","2025-08-12","8.0","10.7","Closed"
"WI-0149","REQ-0072","MustShip","REL-MECH","P-017","Quentin Zielinski","2025-12-08","2025-12-17","18.9","15.9","Closed"
"WI-0150","REQ-0073","ShouldShip","COMM-LNK","P-002","Bruno Oyelaran","2025-04-24","2025-06-19","15.9","22.7","Closed"
"WI-0151","REQ-0073","ShouldShip","COMM-LNK","P-005","Elena Lindqvist","2025-05-08","2025-05-20","19.0","16.6","Closed"
"WI-0152","REQ-0074","MustShip","STRUCT-I","P-005","Elena Lindqvist","2025-11-18","2026-01-01","6.0","7.7","Closed"
"WI-0153","REQ-0074","MustShip","STRUCT-I","P-018","Rafael Grigorescu","2025-10-08","2025-10-21","4.3","3.8","Closed"
"WI-0154","REQ-0075","MustShip","PWR-MGMT","P-011","Katya Fairweather","2025-07-13","2025-08-07","6.1","6.3","Closed"
"WI-0155","REQ-0075","MustShip","PWR-MGMT","P-007","Grace Baptiste","2025-05-28","2025-06-05","10.6","8.7","Closed"
"WI-0156","REQ-0076","Nice","GND-CTRL","P-009","Imani Petrovic","2026-05-03","2026-06-05","16.5","18.7","Closed"
"WI-0157","REQ-0076","Nice","GND-CTRL","P-019","Sana Nakamura","2026-06-21","2026-07-14","14.4","14.6","Closed"
"WI-0158","REQ-0077","ShouldShip","REL-MECH","P-012","Liam Moreau","2026-06-03","2026-07-30","22.6","32.5","Closed"
"WI-0159","REQ-0077","ShouldShip","REL-MECH","P-012","Liam Moreau","2025-05-20","2025-06-07","14.4","13.7","Closed"
"WI-0160","REQ-0077","ShouldShip","REL-MECH","P-001","Aditi Halvorsen","2025-07-01","2025-08-19","35.2","47.4","Closed"
"WI-0161","REQ-0078","ShouldShip","PWR-MGMT","P-020","Tomas Ustinov","2025-07-30","2025-09-04","21.9","25.7","Closed"
"WI-0162","REQ-0078","ShouldShip","PWR-MGMT","P-005","Elena Lindqvist","2026-03-07","2026-03-21","13.5","12.1","Closed"
"WI-0163","REQ-0078","ShouldShip","PWR-MGMT","P-016","Priya Quintana","2026-02-16","2026-03-12","2.8","2.9","Closed"
"WI-0164","REQ-0078","ShouldShip","PWR-MGMT","P-015","Olabisi Jindal","2025-12-20","2025-12-23","16.8","12.7","Closed"
"WI-0165","REQ-0079","Nice","DIAG-LOG","P-019","Sana Nakamura","2025-08-02","2025-09-26","17.4","24.7","Closed"
"WI-0166","REQ-0080","MustShip","FLT-CTRL","P-005","Elena Lindqvist","2025-11-29","","15.2","","Open"
"WI-0167","REQ-0081","MustShip","PWR-MGMT","P-019","Sana Nakamura","2025-10-06","2025-11-03","35.5","38.1","Closed"
"WI-0168","REQ-0081","MustShip","PWR-MGMT","P-002","Bruno Oyelaran","2025-11-22","2026-01-07","12.7","16.5","Closed"
"WI-0169","REQ-0082","ShouldShip","NAV-SENS","P-010","Jonas Weatherby","2026-03-02","2026-03-15","28.8","25.6","Closed"
"WI-0170","REQ-0083","MustShip","REL-MECH","P-006","Farid Saltzman","2025-05-23","2025-07-04","33.6","42.0","Closed"
"WI-0171","REQ-0083","MustShip","REL-MECH","P-017","Quentin Zielinski","2025-05-05","2025-05-12","17.0","13.7","Closed"
"WI-0172","REQ-0083","MustShip","REL-MECH","P-009","Imani Petrovic","2025-01-25","2025-03-17","9.3","12.7","Closed"
"WI-0173","REQ-0085","MustShip","REL-MECH","P-011","Katya Fairweather","2026-04-04","2026-05-24","31.1","42.2","Closed"
"WI-0174","REQ-0085","MustShip","REL-MECH","P-011","Katya Fairweather","2026-02-27","2026-03-04","17.2","13.5","Closed"
"WI-0175","REQ-0086","ShouldShip","PWR-MGMT","P-002","Bruno Oyelaran","2026-02-09","2026-03-01","11.1","10.7","Closed"
"WI-0176","REQ-0087","ShouldShip","GND-CTRL","P-011","Katya Fairweather","2025-01-13","2025-03-08","32.6","46.0","Closed"
"WI-0177","REQ-0088","ShouldShip","COMM-LNK","P-016","Priya Quintana","2025-12-21","2025-12-27","18.7","14.7","Closed"
"WI-0178","REQ-0088","ShouldShip","COMM-LNK","P-018","Rafael Grigorescu","2025-06-18","2025-06-27","13.0","10.9","Closed"
"WI-0179","REQ-0088","ShouldShip","COMM-LNK","P-012","Liam Moreau","2025-04-26","","3.8","","InProgress"
"WI-0180","REQ-0089","MustShip","REL-MECH","P-009","Imani Petrovic","2025-10-23","2025-11-04","25.5","22.3","Closed"
"WI-0181","REQ-0089","MustShip","REL-MECH","P-012","Liam Moreau","2025-06-17","2025-08-09","24.8","34.7","Closed"
"WI-0182","REQ-0089","MustShip","REL-MECH","P-010","Jonas Weatherby","2026-05-30","","13.4","","Open"
"WI-0183","REQ-0090","ShouldShip","FLT-CTRL","P-018","Rafael Grigorescu","2025-10-29","","28.6","","Open"
"WI-0184","REQ-0090","ShouldShip","FLT-CTRL","P-014","Nils Castellan","2025-06-08","2025-08-02","5.7","8.1","Closed"
"WI-0185","REQ-0091","ShouldShip","STRUCT-I","P-003","Camille Villalobos","2025-06-24","2025-07-20","10.3","10.8","Closed"
"WI-0186","REQ-0091","ShouldShip","STRUCT-I","P-004","Dmitri Eriksen","2026-04-30","2026-05-17","14.0","13.1","Closed"
"WI-0187","REQ-0091","ShouldShip","STRUCT-I","P-008","Hiroshi Ibarra","2025-05-25","2025-07-04","20.7","25.3","Closed"
"WI-0188","REQ-0092","MustShip","STRUCT-I","P-011","Katya Fairweather","2025-03-20","2025-05-09","8.2","11.1","Closed"
"WI-0189","REQ-0092","MustShip","STRUCT-I","P-014","Nils Castellan","2025-07-06","2025-07-15","31.0","25.8","Closed"
"WI-0190","REQ-0093","MustShip","PWR-MGMT","P-019","Sana Nakamura","2025-02-02","2025-03-20","20.7","26.9","Closed"
"WI-0191","REQ-0093","MustShip","PWR-MGMT","P-014","Nils Castellan","2025-09-19","2025-10-28","14.0","16.9","Closed"
"WI-0192","REQ-0093","MustShip","PWR-MGMT","P-012","Liam Moreau","2025-06-24","2025-08-03","5.4","6.6","Closed"
"WI-0193","REQ-0094","MustShip","STRUCT-I","P-016","Priya Quintana","2025-06-29","2025-07-31","27.2","30.5","Closed"
"WI-0194","REQ-0094","MustShip","STRUCT-I","P-011","Katya Fairweather","2025-05-25","2025-07-21","9.7","14.0","Closed"
"WI-0195","REQ-0094","MustShip","STRUCT-I","P-016","Priya Quintana","2026-06-24","2026-07-21","33.1","35.0","Closed"
"WI-0196","REQ-0095","Nice","COMM-LNK","P-020","Tomas Ustinov","2025-05-25","2025-07-14","17.7","23.9","Closed"
"WI-0197","REQ-0095","Nice","COMM-LNK","P-015","Olabisi Jindal","2026-03-06","2026-03-31","9.0","9.3","Closed"
"WI-0198","REQ-0097","MustShip","NAV-SENS","P-017","Quentin Zielinski","2025-09-23","2025-09-26","35.7","27.1","Closed"
"WI-0199","REQ-0098","ShouldShip","REL-MECH","P-009","Imani Petrovic","2026-03-16","2026-04-19","10.9","12.6","Closed"
"WI-0200","REQ-0099","MustShip","COMM-LNK","P-005","Elena Lindqvist","2025-10-17","2025-11-27","8.8","10.9","Closed"
"WI-0201","REQ-0099","MustShip","COMM-LNK","P-012","Liam Moreau","2025-10-09","2025-11-09","26.2","29.1","Closed"
"WI-0202","REQ-0100","MustShip","PWR-MGMT","P-017","Quentin Zielinski","2025-12-31","2026-02-05","21.2","24.9","Closed"
"WI-0203","REQ-0100","MustShip","PWR-MGMT","P-008","Hiroshi Ibarra","2025-10-10","2025-10-18","27.7","22.8","Closed"
"WI-0204","REQ-0101","ShouldShip","COMM-LNK","P-001","Aditi Halvorsen","2025-03-14","","28.8","","Open"
"WI-0205","REQ-0101","ShouldShip","COMM-LNK","P-007","Grace Baptiste","2025-11-16","2026-01-05","17.1","23.1","Closed"
"WI-0206","REQ-0102","MustShip","PWR-MGMT","P-004","Dmitri Eriksen","2025-09-05","2025-10-23","15.4","20.5","Closed"
"WI-0207","REQ-0103","ShouldShip","COMM-LNK","P-004","Dmitri Eriksen","2025-08-09","2025-09-01","5.4","5.5","Closed"
"WI-0208","REQ-0103","ShouldShip","COMM-LNK","P-015","Olabisi Jindal","2025-07-14","2025-08-16","26.5","30.1","Closed"
"WI-0209","REQ-0104","ShouldShip","STRUCT-I","P-021","Ulrike Dalgleish","2026-02-02","2026-03-14","33.3","41.1","Closed"
"WI-0210","REQ-0104","ShouldShip","STRUCT-I","P-017","Quentin Zielinski","2025-05-16","2025-05-22","31.2","24.8","Closed"
"WI-0211","REQ-0105","ShouldShip","DIAG-LOG","P-003","Camille Villalobos","2025-12-25","2026-02-06","6.0","7.7","Closed"
"WI-0212","REQ-0105","ShouldShip","DIAG-LOG","P-008","Hiroshi Ibarra","2025-11-30","2026-01-05","34.5","40.7","Closed"
"WI-0213","REQ-0106","MustShip","FLT-CTRL","P-003","Camille Villalobos","2026-05-24","2026-06-12","31.7","30.6","Closed"
"WI-0214","REQ-0106","MustShip","FLT-CTRL","P-020","Tomas Ustinov","2025-06-21","2025-08-11","18.5","25.3","Closed"
"WI-0215","REQ-0106","MustShip","FLT-CTRL","P-002","Bruno Oyelaran","2026-02-20","2026-03-24","27.2","30.6","Closed"
"WI-0216","REQ-0107","ShouldShip","GND-CTRL","P-018","Rafael Grigorescu","2026-06-17","2026-07-01","21.9","19.5","Closed"
"WI-0217","REQ-0108","Nice","STRUCT-I","P-002","Bruno Oyelaran","2025-08-05","2025-09-15","29.8","36.9","Closed"
"WI-0218","REQ-0109","MustShip","REL-MECH","P-012","Liam Moreau","2025-07-30","","31.6","","InProgress"
"WI-0219","REQ-0110","ShouldShip","COMM-LNK","P-004","Dmitri Eriksen","2025-09-09","2025-10-24","3.6","4.7","Closed"
"WI-0220","REQ-0111","ShouldShip","NAV-SENS","P-007","Grace Baptiste","2026-01-19","2026-02-25","34.5","41.2","Closed"
"WI-0221","REQ-0111","ShouldShip","NAV-SENS","P-021","Ulrike Dalgleish","2026-04-21","2026-05-07","8.4","7.7","Closed"
"WI-0222","REQ-0111","ShouldShip","NAV-SENS","P-001","Aditi Halvorsen","2025-08-19","2025-08-24","28.2","21.9","Closed"
"WI-0223","REQ-0112","ShouldShip","DIAG-LOG","P-020","Tomas Ustinov","2025-01-13","2025-03-07","26.4","36.7","Closed"
"WI-0224","REQ-0112","ShouldShip","DIAG-LOG","P-018","Rafael Grigorescu","2025-11-22","2026-01-04","2.1","2.6","Closed"
"WI-0225","REQ-0113","MustShip","REL-MECH","P-015","Olabisi Jindal","2025-02-06","2025-03-08","20.3","22.5","Closed"
"WI-0226","REQ-0114","Nice","NAV-SENS","P-003","Camille Villalobos","2025-01-15","2025-01-26","28.0","24.0","Closed"
"WI-0227","REQ-0114","Nice","NAV-SENS","P-007","Grace Baptiste","2025-10-25","2025-11-10","19.9","18.2","Closed"
"WI-0228","REQ-0114","Nice","NAV-SENS","P-003","Camille Villalobos","2025-11-02","2025-12-18","14.4","18.8","Closed"
"WI-0229","REQ-0115","MustShip","FLT-CTRL","P-008","Hiroshi Ibarra","2025-12-23","2026-01-07","9.7","8.9","Closed"
"WI-0230","REQ-0115","MustShip","FLT-CTRL","P-017","Quentin Zielinski","2026-01-07","2026-01-21","15.9","14.3","Closed"
"WI-0231","REQ-0116","MustShip","COMM-LNK","P-005","Elena Lindqvist","2025-06-09","2025-07-19","26.1","32.1","Closed"
"WI-0232","REQ-0117","ShouldShip","GND-CTRL","P-008","Hiroshi Ibarra","2026-01-16","2026-03-05","9.5","12.7","Closed"
"WI-0233","REQ-0117","ShouldShip","GND-CTRL","P-010","Jonas Weatherby","2026-01-21","2026-02-01","9.3","8.0","Closed"
"WI-0234","REQ-0117","ShouldShip","GND-CTRL","P-019","Sana Nakamura","2025-03-15","2025-04-25","3.6","4.4","Closed"
"WI-0235","REQ-0118","MustShip","REL-MECH","P-014","Nils Castellan","2026-03-30","2026-04-23","34.9","35.7","Closed"
"WI-0236","REQ-0119","Nice","PWR-MGMT","P-014","Nils Castellan","2025-04-09","2025-05-10","19.6","21.8","Closed"
"WI-0237","REQ-0120","Nice","FLT-CTRL","P-015","Olabisi Jindal","2025-02-16","2025-03-27","15.3","18.6","Closed"
"WI-0238","REQ-0120","Nice","FLT-CTRL","P-011","Katya Fairweather","2025-04-30","2025-06-08","4.5","5.4","Closed"
"WI-0239","REQ-0121","ShouldShip","GND-CTRL","P-001","Aditi Halvorsen","2025-01-15","","8.8","","InProgress"
"WI-0240","REQ-0121","ShouldShip","GND-CTRL","P-012","Liam Moreau","2026-04-13","2026-05-04","29.9","29.6","Closed"
"WI-0241","REQ-0121","ShouldShip","GND-CTRL","P-005","Elena Lindqvist","2025-12-07","","16.8","","InProgress"
"WI-0242","REQ-0121","ShouldShip","GND-CTRL","P-006","Farid Saltzman","2025-06-10","2025-07-02","3.0","3.0","Closed"
"WI-0243","REQ-0122","MustShip","COMM-LNK","P-003","Camille Villalobos","2025-08-07","2025-09-28","19.9","27.4","Closed"
"WI-0244","REQ-0122","MustShip","COMM-LNK","P-003","Camille Villalobos","2026-03-31","2026-04-12","8.1","7.0","Closed"
"WI-0245","REQ-0122","MustShip","COMM-LNK","P-006","Farid Saltzman","2025-05-19","2025-07-04","23.5","30.7","Closed"
"WI-0246","REQ-0123","Nice","FLT-CTRL","P-010","Jonas Weatherby","2026-05-15","2026-07-09","21.0","29.7","Closed"
"WI-0247","REQ-0123","Nice","FLT-CTRL","P-009","Imani Petrovic","2025-12-26","2026-02-06","35.8","44.7","Closed"
"WI-0248","REQ-0123","Nice","FLT-CTRL","P-009","Imani Petrovic","2026-01-19","2026-02-23","35.3","40.9","Closed"
"WI-0249","REQ-0124","MustShip","PWR-MGMT","P-004","Dmitri Eriksen","2025-06-13","2025-08-09","32.5","46.8","Closed"
"WI-0250","REQ-0124","MustShip","PWR-MGMT","P-009","Imani Petrovic","2025-08-31","2025-09-22","6.3","6.3","Closed"
"WI-0251","REQ-0125","ShouldShip","FLT-CTRL","P-013","Mei Thackeray","2026-02-12","2026-04-01","8.0","10.6","Closed"
"WI-0252","REQ-0125","ShouldShip","FLT-CTRL","P-005","Elena Lindqvist","2025-08-19","2025-09-29","29.6","36.6","Closed"
"WI-0253","REQ-0126","Nice","COMM-LNK","P-012","Liam Moreau","2026-01-26","2026-03-24","17.5","25.2","Closed"
"WI-0254","REQ-0126","Nice","COMM-LNK","P-018","Rafael Grigorescu","2025-03-20","2025-04-18","6.9","7.5","Closed"
"WI-0255","REQ-0127","MustShip","NAV-SENS","P-021","Ulrike Dalgleish","2026-04-24","2026-05-04","6.4","5.4","Closed"
"WI-0256","REQ-0128","Nice","REL-MECH","P-015","Olabisi Jindal","2026-06-05","2026-07-16","12.9","16.0","Closed"
"WI-0257","REQ-0128","Nice","REL-MECH","P-005","Elena Lindqvist","2026-01-28","2026-03-24","20.0","28.3","Closed"
"WI-0258","REQ-0128","Nice","REL-MECH","P-008","Hiroshi Ibarra","2025-11-01","","2.1","","InProgress"
"WI-0259","REQ-0129","Nice","FLT-CTRL","P-003","Camille Villalobos","2025-09-14","2025-11-02","10.2","13.7","Closed"
"WI-0260","REQ-0130","ShouldShip","GND-CTRL","P-016","Priya Quintana","2025-11-23","2025-12-18","25.5","26.3","Closed"
"WI-0261","REQ-0130","ShouldShip","GND-CTRL","P-010","Jonas Weatherby","2025-10-05","2025-10-19","23.4","21.0","Closed"
"WI-0262","REQ-0130","ShouldShip","GND-CTRL","P-015","Olabisi Jindal","2025-12-07","2025-12-21","34.4","31.1","Closed"
"WI-0263","REQ-0131","Nice","PWR-MGMT","P-009","Imani Petrovic","2025-06-27","2025-07-09","14.9","13.0","Closed"
"WI-0264","REQ-0131","Nice","PWR-MGMT","P-018","Rafael Grigorescu","2026-04-20","2026-04-23","24.2","18.4","Closed"
"WI-0265","REQ-0132","ShouldShip","FLT-CTRL","P-010","Jonas Weatherby","2025-11-08","2025-12-29","17.5","23.9","Closed"
"WI-0266","REQ-0132","ShouldShip","FLT-CTRL","P-001","Aditi Halvorsen","2025-01-08","2025-02-15","31.5","37.9","Closed"
"WI-0267","REQ-0132","ShouldShip","FLT-CTRL","P-010","Jonas Weatherby","2025-04-05","2025-05-17","15.6","19.5","Closed"
"WI-0268","REQ-0133","MustShip","FLT-CTRL","P-010","Jonas Weatherby","2026-04-15","2026-06-04","14.0","19.0","Closed"
"WI-0269","REQ-0134","MustShip","GND-CTRL","P-013","Mei Thackeray","2026-01-16","","6.6","","InProgress"
"WI-0270","REQ-0134","MustShip","GND-CTRL","P-021","Ulrike Dalgleish","2026-04-15","2026-06-01","26.6","34.8","Closed"
"WI-0271","REQ-0137","MustShip","STRUCT-I","P-001","Aditi Halvorsen","2025-05-07","2025-05-01","12.9","14.0","Closed"
"WI-0272","REQ-0138","Nice","FLT-CTRL","P-010","Jonas Weatherby","2025-11-27","2025-12-01","35.7","27.3","Closed"
"WI-0273","REQ-0138","Nice","FLT-CTRL","P-012","Liam Moreau","2025-01-12","2025-01-23","14.0","12.1","Closed"
"WI-0274","REQ-0139","ShouldShip","STRUCT-I","P-014","Nils Castellan","2025-02-21","2025-03-03","32.1","27.3","Closed"
"WI-0275","REQ-0140","MustShip","PWR-MGMT","P-005","Elena Lindqvist","2025-05-23","2025-06-23","25.3","28.2","Closed"
"WI-0276","REQ-0141","MustShip","REL-MECH","P-020","Tomas Ustinov","2026-03-23","2026-04-02","8.3","7.0","Closed"
"WI-0277","REQ-0141","MustShip","REL-MECH","P-004","Dmitri Eriksen","2025-03-01","2025-03-09","21.7","17.9","Closed"
"WI-0278","REQ-0142","MustShip","GND-CTRL","P-014","Nils Castellan","2026-03-14","","3.5","","InProgress"
"WI-0279","REQ-0143","ShouldShip","REL-MECH","P-001","Aditi Halvorsen","2026-06-15","2026-07-04","15.3","14.7","Closed"
"WI-0280","REQ-0143","ShouldShip","REL-MECH","P-015","Olabisi Jindal","2025-01-26","2025-02-09","21.7","19.4","Closed"
"WI-0281","REQ-0143","ShouldShip","REL-MECH","P-021","Ulrike Dalgleish","2025-03-20","2025-04-20","13.1","14.6","Closed"
"WI-0282","REQ-0144","MustShip","DIAG-LOG","P-002","Bruno Oyelaran","2025-04-19","2025-05-22","31.0","35.4","Closed"
"WI-0283","REQ-0144","MustShip","DIAG-LOG","P-018","Rafael Grigorescu","2025-02-16","2025-04-14","5.5","7.9","Closed"
"WI-0284","REQ-0145","Nice","DIAG-LOG","P-003","Camille Villalobos","2025-05-28","2025-07-06","9.8","11.8","Closed"
"WI-0285","REQ-0145","Nice","DIAG-LOG","P-019","Sana Nakamura","2025-06-24","2025-08-06","14.8","18.7","Closed"
"WI-0286","REQ-0145","Nice","DIAG-LOG","P-001","Aditi Halvorsen","2025-09-06","2025-10-14","12.3","14.8","Closed"
"WI-0287","REQ-0146","MustShip","STRUCT-I","P-005","Elena Lindqvist","2025-02-04","2025-03-08","16.4","18.6","Closed"
"WI-0288","REQ-0146","MustShip","STRUCT-I","P-018","Rafael Grigorescu","2025-07-15","2025-08-08","33.1","33.9","Closed"
"WI-0289","REQ-0147","ShouldShip","REL-MECH","P-018","Rafael Grigorescu","2026-03-11","2026-04-23","7.8","9.9","Closed"
"WI-0290","REQ-0148","ShouldShip","FLT-CTRL","P-014","Nils Castellan","2025-08-06","2025-08-14","4.0","3.3","Closed"
"WI-0291","REQ-0148","ShouldShip","FLT-CTRL","P-001","Aditi Halvorsen","2026-04-02","2026-04-11","20.8","17.3","Closed"
"WI-0292","REQ-0149","MustShip","REL-MECH","P-012","Liam Moreau","2025-10-19","2025-11-08","12.9","12.5","Closed"
"WI-0293","REQ-0149","MustShip","REL-MECH","P-001","Aditi Halvorsen","2025-06-07","2025-07-08","35.9","39.9","Closed"
"WI-0294","REQ-0149","MustShip","REL-MECH","P-021","Ulrike Dalgleish","2026-03-06","2026-04-12","20.1","24.0","Closed"
"WI-0295","REQ-0150","ShouldShip","NAV-SENS","P-004","Dmitri Eriksen","2025-07-12","2025-08-19","17.9","21.6","Closed"
"WI-0296","REQ-0151","Nice","PWR-MGMT","P-015","Olabisi Jindal","2025-05-23","2025-06-23","8.0","9.0","Closed"
"WI-0297","REQ-0152","ShouldShip","DIAG-LOG","P-009","Imani Petrovic","2026-03-13","2026-04-18","9.0","10.6","Closed"
"WI-0298","REQ-0152","ShouldShip","DIAG-LOG","P-020","Tomas Ustinov","2025-01-13","2025-02-13","16.5","18.4","Closed"
"WI-0299","REQ-0153","MustShip","REL-MECH","P-003","Camille Villalobos","2025-05-10","2025-06-13","20.5","23.5","Closed"
"WI-0300","REQ-0154","MustShip","REL-MECH","P-012","Liam Moreau","2025-06-22","2025-08-11","17.8","24.0","Closed"
"WI-0301","REQ-0155","MustShip","PWR-MGMT","P-001","Aditi Halvorsen","2026-05-13","2026-05-29","27.1","24.9","Closed"
"WI-0302","REQ-0155","MustShip","PWR-MGMT","P-018","Rafael Grigorescu","2026-01-21","2026-02-04","7.1","6.4","Closed"
"WI-0303","REQ-0156","ShouldShip","GND-CTRL","P-019","Sana Nakamura","2025-09-10","2025-10-25","8.8","11.4","Closed"
"WI-0304","REQ-0157","MustShip","REL-MECH","P-010","Jonas Weatherby","2026-05-09","2026-07-04","31.8","45.6","Closed"
"WI-0305","REQ-0157","MustShip","REL-MECH","P-004","Dmitri Eriksen","2026-04-26","2026-06-05","32.1","39.4","Closed"
"WI-0306","REQ-0157","MustShip","REL-MECH","P-021","Ulrike Dalgleish","2025-12-11","2025-12-20","21.5","18.0","Closed"
"WI-0307","REQ-0158","MustShip","STRUCT-I","P-012","Liam Moreau","2025-03-25","2025-05-20","11.2","16.0","Closed"
"WI-0308","REQ-0158","MustShip","STRUCT-I","P-001","Aditi Halvorsen","2025-12-05","2025-12-15","10.1","8.5","Closed"
"WI-0309","REQ-0159","ShouldShip","NAV-SENS","P-001","Aditi Halvorsen","2025-02-28","2025-04-10","4.9","6.0","Closed"
"WI-0310","REQ-0159","ShouldShip","NAV-SENS","P-020","Tomas Ustinov","2025-08-24","2025-10-18","12.0","17.1","Closed"
"WI-0311","REQ-0159","ShouldShip","NAV-SENS","P-016","Priya Quintana","2025-10-27","2025-12-13","21.1","27.8","Closed"
"WI-0312","REQ-0160","ShouldShip","NAV-SENS","P-006","Farid Saltzman","2026-06-24","2026-08-12","30.7","41.0","Closed"
"WI-0313","REQ-0160","ShouldShip","NAV-SENS","P-020","Tomas Ustinov","2025-12-25","2026-01-08","21.0","18.9","Closed"
"WI-0314","REQ-0160","ShouldShip","NAV-SENS","P-014","Nils Castellan","2026-06-09","2026-06-13","33.8","26.2","Closed"
"WI-0315","REQ-0161","MustShip","PWR-MGMT","P-004","Dmitri Eriksen","2026-04-14","2026-05-29","9.1","11.8","Closed"
"WI-0316","REQ-0161","MustShip","PWR-MGMT","P-021","Ulrike Dalgleish","2025-10-11","2025-10-19","22.9","18.8","Closed"
"WI-0317","REQ-0161","MustShip","PWR-MGMT","P-019","Sana Nakamura","2025-12-17","2025-12-29","25.2","21.9","Closed"
"WI-0318","REQ-0161","MustShip","PWR-MGMT","P-006","Farid Saltzman","2025-03-18","","19.4","","InProgress"
"WI-0319","REQ-0162","ShouldShip","PWR-MGMT","P-002","Bruno Oyelaran","2026-04-07","2026-04-13","34.4","27.3","Closed"
"WI-0320","REQ-0163","Nice","DIAG-LOG","P-003","Camille Villalobos","2025-04-18","2025-05-16","20.2","21.7","Closed"
"WI-0321","REQ-0164","MustShip","REL-MECH","P-011","Katya Fairweather","2026-03-20","2026-04-23","27.1","31.2","Closed"
"WI-0322","REQ-0164","MustShip","REL-MECH","P-005","Elena Lindqvist","2025-11-02","","20.1","","InProgress"
"WI-0323","REQ-0164","MustShip","REL-MECH","P-005","Elena Lindqvist","2026-04-27","2026-06-15","19.7","26.5","Closed"
"WI-0324","REQ-0165","MustShip","REL-MECH","P-017","Quentin Zielinski","2026-06-06","2026-06-26","19.7","19.1","Closed"
"WI-0325","REQ-0165","MustShip","REL-MECH","P-011","Katya Fairweather","2025-07-28","2025-08-05","20.2","16.7","Closed"
"WI-0326","REQ-0165","MustShip","REL-MECH","P-009","Imani Petrovic","2026-03-22","2026-04-23","30.5","34.3","Closed"
"WI-0327","REQ-0166","MustShip","REL-MECH","P-004","Dmitri Eriksen","2025-01-18","2025-02-14","14.3","15.2","Closed"
"WI-0328","REQ-0166","MustShip","REL-MECH","P-012","Liam Moreau","2025-02-28","2025-04-12","2.1","2.7","Closed"
"WI-0329","REQ-0167","MustShip","REL-MECH","P-016","Priya Quintana","2025-05-15","2025-05-27","4.8","4.2","Closed"
"WI-0330","REQ-0168","MustShip","GND-CTRL","P-002","Bruno Oyelaran","2026-04-28","2026-06-03","27.0","31.8","Closed"
"WI-0331","REQ-0169","MustShip","REL-MECH","P-016","Priya Quintana","2026-01-20","2026-02-18","2.5","2.7","Closed"
"WI-0332","REQ-0169","MustShip","REL-MECH","P-019","Sana Nakamura","2025-08-12","2025-09-03","7.7","7.7","Closed"
"WI-0333","REQ-0169","MustShip","REL-MECH","P-013","Mei Thackeray","2025-02-28","2025-04-16","29.4","38.7","Closed"
"WI-0334","REQ-0170","Nice","GND-CTRL","P-013","Mei Thackeray","2025-11-20","2025-12-21","5.8","6.5","Closed"
"WI-0335","REQ-0170","Nice","GND-CTRL","P-001","Aditi Halvorsen","2025-05-13","2025-06-19","33.1","39.5","Closed"
"WI-0336","REQ-0171","ShouldShip","PWR-MGMT","P-016","Priya Quintana","2025-08-20","2025-09-19","9.1","10.0","Closed"
"WI-0337","REQ-0171","ShouldShip","PWR-MGMT","P-014","Nils Castellan","2025-05-13","2025-06-15","24.9","28.2","Closed"
"WI-0338","REQ-0171","ShouldShip","PWR-MGMT","P-013","Mei Thackeray","2026-06-29","2026-07-20","18.0","17.7","Closed"
"WI-0339","REQ-0172","MustShip","NAV-SENS","P-017","Quentin Zielinski","2025-01-23","2025-02-04","32.9","28.4","Closed"
"WI-0340","REQ-0173","MustShip","COMM-LNK","P-008","Hiroshi Ibarra","2026-06-17","2026-08-08","13.2","18.2","Closed"
"WI-0341","REQ-0173","MustShip","COMM-LNK","P-009","Imani Petrovic","2025-04-09","2025-05-11","28.1","31.7","Closed"
"WI-0342","REQ-0175","MustShip","COMM-LNK","P-019","Sana Nakamura","2025-05-07","2025-05-18","10.9","9.3","Closed"
"WI-0343","REQ-0176","MustShip","REL-MECH","P-010","Jonas Weatherby","2025-11-13","","34.7","","Open"
"WI-0344","REQ-0176","MustShip","REL-MECH","P-010","Jonas Weatherby","2026-03-23","2026-04-21","9.7","10.5","Closed"
"WI-0345","REQ-0177","MustShip","COMM-LNK","P-020","Tomas Ustinov","2025-09-16","2025-11-02","20.6","27.2","Closed"
"WI-0346","REQ-0177","MustShip","COMM-LNK","P-018","Rafael Grigorescu","2026-05-25","2026-06-09","10.2","9.3","Closed"
"WI-0347","REQ-0177","MustShip","COMM-LNK","P-019","Sana Nakamura","2026-01-23","2026-02-03","19.8","17.0","Closed"
"WI-0348","REQ-0178","MustShip","FLT-CTRL","P-004","Dmitri Eriksen","2025-04-23","2025-05-10","17.3","16.2","Closed"
"WI-0349","REQ-0180","Nice","GND-CTRL","P-005","Elena Lindqvist","2026-04-11","2026-05-18","27.0","32.2","Closed"
"WI-0350","REQ-0180","Nice","GND-CTRL","P-011","Katya Fairweather","2026-02-12","2026-03-11","25.7","27.4","Closed"
"WI-0351","REQ-0181","MustShip","REL-MECH","P-003","Camille Villalobos","2026-03-15","","24.1","","Open"
"WI-0352","REQ-0181","MustShip","REL-MECH","P-010","Jonas Weatherby","2025-09-14","2025-09-21","8.9","7.2","Closed"
"WI-0353","REQ-0182","Nice","STRUCT-I","P-008","Hiroshi Ibarra","2025-05-14","2025-06-15","32.6","36.5","Closed"
"WI-0354","REQ-0182","Nice","STRUCT-I","P-006","Farid Saltzman","2025-11-20","2025-12-23","24.9","28.2","Closed"
"WI-0355","REQ-0182","Nice","STRUCT-I","P-017","Quentin Zielinski","2026-04-15","2026-05-28","35.0","44.3","Closed"
"WI-0356","REQ-0184","Nice","PWR-MGMT","P-017","Quentin Zielinski","2026-04-01","2026-04-23","2.5","2.5","Closed"
"WI-0357","REQ-0185","MustShip","GND-CTRL","P-019","Sana Nakamura","2025-09-06","2025-09-18","24.1","21.0","Closed"
"WI-0358","REQ-0185","MustShip","GND-CTRL","P-011","Katya Fairweather","2025-08-15","2025-08-23","2.6","2.1","Closed"
"WI-0359","REQ-0186","MustShip","NAV-SENS","P-014","Nils Castellan","2026-01-13","2026-03-05","14.7","20.1","Closed"
"WI-0360","REQ-0186","MustShip","NAV-SENS","P-008","Hiroshi Ibarra","2025-12-03","2025-12-23","25.7","24.9","Closed"
"WI-0361","REQ-0187","MustShip","FLT-CTRL","P-020","Tomas Ustinov","2025-03-18","2025-04-10","25.7","25.9","Closed"
"WI-0362","REQ-0188","ShouldShip","STRUCT-I","P-012","Liam Moreau","2025-08-20","2025-09-06","34.7","32.7","Closed"
"WI-0363","REQ-0189","MustShip","FLT-CTRL","P-016","Priya Quintana","2025-07-13","2025-08-21","30.9","37.4","Closed"
"WI-0364","REQ-0190","Nice","COMM-LNK","P-021","Ulrike Dalgleish","2025-12-23","2026-01-08","29.6","27.2","Closed"
"WI-0365","REQ-0190","Nice","COMM-LNK","P-017","Quentin Zielinski","2025-09-24","2025-11-20","21.0","30.4","Closed"
"WI-0366","REQ-0190","Nice","COMM-LNK","P-012","Liam Moreau","2025-08-05","2025-09-19","21.9","28.2","Closed"
"WI-0367","REQ-0191","MustShip","REL-MECH","P-003","Camille Villalobos","2025-07-02","2025-07-27","31.6","32.9","Closed"
"WI-0368","REQ-0191","MustShip","REL-MECH","P-006","Farid Saltzman","2025-10-03","2025-10-25","34.1","34.2","Closed"
"WI-0369","REQ-0191","MustShip","REL-MECH","P-020","Tomas Ustinov","2025-11-18","2025-11-25","15.5","12.6","Closed"
"WI-0370","REQ-0193","MustShip","COMM-LNK","P-012","Liam Moreau","2025-04-07","2025-04-12","31.9","25.0","Closed"
"WI-0371","REQ-0193","MustShip","COMM-LNK","P-001","Aditi Halvorsen","2025-01-28","2025-02-06","33.3","27.9","Closed"
"WI-0372","REQ-0193","MustShip","COMM-LNK","P-011","Katya Fairweather","2025-08-18","2025-09-14","9.9","10.5","Closed"
"WI-0373","REQ-0194","MustShip","PWR-MGMT","P-020","Tomas Ustinov","2025-09-07","2025-09-10","17.8","13.6","Closed"
"WI-0374","REQ-0194","MustShip","PWR-MGMT","P-009","Imani Petrovic","2025-02-22","2025-03-07","18.4","16.3","Closed"
"WI-0375","REQ-0195","MustShip","NAV-SENS","P-011","Katya Fairweather","2025-03-06","2025-03-24","22.4","21.2","Closed"
"WI-0376","REQ-0195","MustShip","NAV-SENS","P-017","Quentin Zielinski","2025-04-29","2025-06-22","24.3","34.2","Closed"
"WI-0377","REQ-0195","MustShip","NAV-SENS","P-017","Quentin Zielinski","2026-03-05","2026-04-18","10.1","13.0","Closed"
"WI-0378","REQ-0196","MustShip","COMM-LNK","P-012","Liam Moreau","2025-06-28","2025-07-12","2.4","2.1","Closed"
"WI-0379","REQ-0196","MustShip","COMM-LNK","P-002","Bruno Oyelaran","2026-05-12","2026-06-22","9.0","11.2","Closed"
"WI-0380","REQ-0196","MustShip","COMM-LNK","P-006","Farid Saltzman","2025-06-14","2025-07-03","23.4","22.3","Closed"
"WI-0381","REQ-0196","MustShip","COMM-LNK","P-016","Priya Quintana","2025-08-18","2025-09-05","27.6","26.3","Closed"
"WI-0382","REQ-0197","MustShip","NAV-SENS","P-008","Hiroshi Ibarra","2026-06-07","2026-07-04","16.8","17.8","Closed"
"WI-0383","REQ-0197","MustShip","NAV-SENS","P-005","Elena Lindqvist","2026-06-01","2026-07-21","28.9","39.3","Closed"
"WI-0384","REQ-0197","MustShip","NAV-SENS","P-006","Farid Saltzman","2026-04-01","2026-04-29","16.7","17.9","Closed"
"WI-0385","REQ-0198","MustShip","REL-MECH","P-011","Katya Fairweather","2026-04-24","2026-06-16","3.8","5.2","Closed"
"WI-0386","REQ-0198","MustShip","REL-MECH","P-008","Hiroshi Ibarra","2025-10-01","","22.7","","Open"
"WI-0387","REQ-0198","MustShip","REL-MECH","P-008","Hiroshi Ibarra","2026-04-13","2026-05-24","3.0","3.7","Closed"
"WI-0388","REQ-0199","MustShip","DIAG-LOG","P-004","Dmitri Eriksen","2025-09-05","2025-10-01","33.6","35.1","Closed"
"WI-0389","REQ-0200","MustShip","NAV-SENS","P-005","Elena Lindqvist","2026-03-22","2026-04-25","12.3","14.2","Closed"
"WI-0390","REQ-0201","ShouldShip","DIAG-LOG","P-003","Camille Villalobos","2025-03-06","2025-04-08","34.5","39.4","Closed"
"WI-0391","REQ-0201","ShouldShip","DIAG-LOG","P-019","Sana Nakamura","2026-04-10","","23.3","","Open"
"WI-0392","REQ-0203","MustShip","FLT-CTRL","P-019","Sana Nakamura","2025-12-11","2026-01-17","24.0","28.5","Closed"
"WI-0393","REQ-0204","ShouldShip","NAV-SENS","P-010","Jonas Weatherby","2025-11-04","2025-12-12","16.4","19.7","Closed"
"WI-0394","REQ-0204","ShouldShip","NAV-SENS","P-016","Priya Quintana","2025-01-23","2025-02-13","12.6","12.5","Closed"
"WI-0395","REQ-0205","ShouldShip","PWR-MGMT","P-020","Tomas Ustinov","2026-03-03","2026-03-07","23.4","18.0","Closed"
"WI-0396","REQ-0206","ShouldShip","NAV-SENS","P-014","Nils Castellan","2025-05-19","2025-06-08","12.1","11.7","Closed"
"WI-0397","REQ-0206","ShouldShip","NAV-SENS","P-007","Grace Baptiste","2025-09-01","2025-09-27","29.2","30.7","Closed"
"WI-0398","REQ-0206","ShouldShip","NAV-SENS","P-021","Ulrike Dalgleish","2025-08-15","2025-08-20","31.9","24.9","Closed"
"WI-0399","REQ-0207","ShouldShip","DIAG-LOG","P-018","Rafael Grigorescu","2025-02-10","2025-03-21","25.1","30.5","Closed"
"WI-0400","REQ-0207","ShouldShip","DIAG-LOG","P-009","Imani Petrovic","2026-01-21","2026-02-14","34.6","35.5","Closed"
"WI-0401","REQ-0207","ShouldShip","DIAG-LOG","P-021","Ulrike Dalgleish","2025-12-23","2026-01-23","18.6","20.7","Closed"
"WI-0402","REQ-0207","ShouldShip","DIAG-LOG","P-005","Elena Lindqvist","2025-11-25","2026-01-15","22.9","31.4","Closed"
"WI-0403","REQ-0208","MustShip","FLT-CTRL","P-016","Priya Quintana","2025-11-26","2025-12-17","31.5","30.8","Closed"
"WI-0404","REQ-0209","ShouldShip","NAV-SENS","P-021","Ulrike Dalgleish","2025-03-11","2025-04-23","6.4","8.1","Closed"
"WI-0405","REQ-0210","MustShip","FLT-CTRL","P-019","Sana Nakamura","2026-03-29","2026-05-16","28.2","37.6","Closed"
"WI-0406","REQ-0210","MustShip","FLT-CTRL","P-021","Ulrike Dalgleish","2025-07-31","2025-09-14","25.6","33.0","Closed"
"WI-0407","REQ-0210","MustShip","FLT-CTRL","P-010","Jonas Weatherby","2025-11-28","2025-12-24","29.8","31.4","Closed"
"WI-0408","REQ-0211","MustShip","REL-MECH","P-007","Grace Baptiste","2025-03-20","2025-04-24","4.4","5.1","Closed"
"WI-0409","REQ-0211","MustShip","REL-MECH","P-012","Liam Moreau","2025-02-04","2025-02-16","13.9","12.1","Closed"
"WI-0410","REQ-0211","MustShip","REL-MECH","P-019","Sana Nakamura","2025-01-10","2025-02-08","27.6","30.1","Closed"
"WI-0411","REQ-0212","ShouldShip","DIAG-LOG","P-013","Mei Thackeray","2025-03-08","2025-03-02","8.5","9.2","Closed"
"WI-0412","REQ-0212","ShouldShip","DIAG-LOG","P-010","Jonas Weatherby","2026-04-29","2026-05-09","29.2","24.6","Closed"
"WI-0413","REQ-0212","ShouldShip","DIAG-LOG","P-019","Sana Nakamura","2025-01-11","2025-01-30","30.9","29.6","Closed"
"WI-0414","REQ-0213","ShouldShip","COMM-LNK","P-004","Dmitri Eriksen","2026-03-08","2026-03-30","12.8","12.8","Closed"
"WI-0415","REQ-0213","ShouldShip","COMM-LNK","P-012","Liam Moreau","2026-03-22","2026-04-07","29.3","26.8","Closed"
"WI-0416","REQ-0213","ShouldShip","COMM-LNK","P-001","Aditi Halvorsen","2026-05-28","","7.4","","Open"
"WI-0417","REQ-0214","Nice","GND-CTRL","P-005","Elena Lindqvist","2026-04-11","","32.8","","Open"
"WI-0418","REQ-0214","Nice","GND-CTRL","P-009","Imani Petrovic","2025-03-01","2025-04-06","13.6","16.0","Closed"
"WI-0419","REQ-0215","Nice","NAV-SENS","P-009","Imani Petrovic","2025-07-23","2025-09-17","28.6","40.8","Closed"
"WI-0420","REQ-0215","Nice","NAV-SENS","P-019","Sana Nakamura","2025-03-17","2025-03-25","35.5","29.0","Closed"
"WI-0421","REQ-0215","Nice","NAV-SENS","P-020","Tomas Ustinov","2025-11-19","2026-01-04","35.1","45.9","Closed"
"WI-0422","REQ-0216","Nice","COMM-LNK","P-020","Tomas Ustinov","2026-06-01","2026-06-23","27.3","27.2","Closed"
"WI-0423","REQ-0216","Nice","COMM-LNK","P-018","Rafael Grigorescu","2025-03-12","2025-04-13","10.2","11.5","Closed"
"WI-0424","REQ-0216","Nice","COMM-LNK","P-002","Bruno Oyelaran","2025-06-07","2025-07-19","34.4","43.2","Closed"
"WI-0425","REQ-0217","MustShip","REL-MECH","P-020","Tomas Ustinov","2026-05-26","2026-07-21","6.6","9.4","Closed"
"WI-0426","REQ-0218","MustShip","PWR-MGMT","P-003","Camille Villalobos","2025-09-19","2025-10-24","23.2","27.0","Closed"
"WI-0427","REQ-0218","MustShip","PWR-MGMT","P-006","Farid Saltzman","2026-06-13","","15.5","","InProgress"
"WI-0428","REQ-0218","MustShip","PWR-MGMT","P-019","Sana Nakamura","2025-02-22","","34.2","","InProgress"
"WI-0429","REQ-0219","MustShip","GND-CTRL","P-009","Imani Petrovic","2026-06-03","2026-07-06","13.2","15.1","Closed"
"WI-0430","REQ-0219","MustShip","GND-CTRL","P-001","Aditi Halvorsen","2025-06-08","2025-06-20","34.4","29.9","Closed"
"WI-0431","REQ-0219","MustShip","GND-CTRL","P-013","Mei Thackeray","2025-08-05","2025-08-19","19.1","17.2","Closed"
"WI-0432","REQ-0220","Nice","NAV-SENS","P-013","Mei Thackeray","2025-04-28","2025-06-19","29.2","40.4","Closed"
"WI-0433","REQ-0221","MustShip","COMM-LNK","P-016","Priya Quintana","2026-04-29","2026-05-23","19.1","19.5","Closed"
"WI-0434","REQ-0222","ShouldShip","REL-MECH","P-015","Olabisi Jindal","2026-06-22","2026-08-07","20.8","27.1","Closed"
"WI-0435","REQ-0223","MustShip","GND-CTRL","P-010","Jonas Weatherby","2025-12-08","2026-01-18","31.4","39.2","Closed"
"WI-0436","REQ-0223","MustShip","GND-CTRL","P-020","Tomas Ustinov","2026-06-15","2026-07-19","35.9","41.5","Closed"
"WI-0437","REQ-0224","MustShip","COMM-LNK","P-006","Farid Saltzman","2025-01-31","2025-03-10","5.6","6.7","Closed"
"WI-0438","REQ-0224","MustShip","COMM-LNK","P-016","Priya Quintana","2025-05-05","2025-06-30","29.8","42.5","Closed"
"WI-0439","REQ-0224","MustShip","COMM-LNK","P-013","Mei Thackeray","2026-05-14","2026-07-07","32.9","46.5","Closed"
"WI-0440","REQ-0225","MustShip","FLT-CTRL","P-020","Tomas Ustinov","2025-02-26","2025-03-28","5.3","5.9","Closed"
"WI-0441","REQ-0225","MustShip","FLT-CTRL","P-011","Katya Fairweather","2025-12-22","2026-02-11","28.5","39.1","Closed"
"WI-0442","REQ-0225","MustShip","FLT-CTRL","P-014","Nils Castellan","2025-04-06","2025-05-03","8.1","8.6","Closed"
"WI-0443","REQ-0226","ShouldShip","STRUCT-I","P-011","Katya Fairweather","2025-07-24","2025-09-04","27.1","33.8","Closed"
"WI-0444","REQ-0227","ShouldShip","PWR-MGMT","P-021","Ulrike Dalgleish","2025-11-04","2025-12-28","17.5","24.5","Closed"
"WI-0445","REQ-0228","MustShip","COMM-LNK","P-016","Priya Quintana","2026-06-17","2026-06-30","10.1","8.9","Closed"
"WI-0446","REQ-0228","MustShip","COMM-LNK","P-007","Grace Baptiste","2025-10-27","","8.4","","InProgress"
"WI-0447","REQ-0229","MustShip","PWR-MGMT","P-016","Priya Quintana","2025-06-27","2025-08-08","2.8","3.5","Closed"
"WI-0448","REQ-0230","Nice","FLT-CTRL","P-016","Priya Quintana","2025-04-02","2025-05-03","13.1","14.6","Closed"
"WI-0449","REQ-0230","Nice","FLT-CTRL","P-012","Liam Moreau","2025-12-09","","20.4","","Open"
"WI-0450","REQ-0231","ShouldShip","COMM-LNK","P-017","Quentin Zielinski","2025-01-28","2025-03-19","13.0","17.7","Closed"
"WI-0451","REQ-0231","ShouldShip","COMM-LNK","P-010","Jonas Weatherby","2025-03-29","2025-05-25","20.0","28.9","Closed"
"WI-0452","REQ-0232","ShouldShip","REL-MECH","P-020","Tomas Ustinov","2025-02-18","2025-02-21","28.7","21.6","Closed"
"WI-0453","REQ-0233","MustShip","NAV-SENS","P-006","Farid Saltzman","2026-03-14","2026-04-10","16.7","17.8","Closed"
"WI-0454","REQ-0233","MustShip","NAV-SENS","P-021","Ulrike Dalgleish","2025-01-16","2025-03-13","12.4","17.7","Closed"
"WI-0455","REQ-0234","ShouldShip","GND-CTRL","P-002","Bruno Oyelaran","2025-12-26","2026-01-12","19.0","17.7","Closed"
"WI-0456","REQ-0234","ShouldShip","GND-CTRL","P-008","Hiroshi Ibarra","2026-04-11","2026-05-22","35.9","44.5","Closed"
"WI-0457","REQ-0234","ShouldShip","GND-CTRL","P-016","Priya Quintana","2025-03-02","2025-03-06","2.5","2.0","Closed"
"WI-0458","REQ-0235","MustShip","FLT-CTRL","P-018","Rafael Grigorescu","2025-02-01","2025-03-18","33.4","43.3","Closed"
"WI-0459","REQ-0235","MustShip","FLT-CTRL","P-021","Ulrike Dalgleish","2025-09-07","2025-11-02","27.8","39.7","Closed"
"WI-0460","REQ-0235","MustShip","FLT-CTRL","P-014","Nils Castellan","2025-02-17","2025-02-25","21.7","17.8","Closed"
"WI-0461","REQ-0236","ShouldShip","GND-CTRL","P-017","Quentin Zielinski","2025-09-07","2025-10-18","9.5","11.8","Closed"
"WI-0462","REQ-0236","ShouldShip","GND-CTRL","P-017","Quentin Zielinski","2025-08-25","2025-09-11","18.7","17.5","Closed"
"WI-0463","REQ-0237","ShouldShip","PWR-MGMT","P-021","Ulrike Dalgleish","2025-09-16","2025-10-04","10.6","10.0","Closed"
"WI-0464","REQ-0237","ShouldShip","PWR-MGMT","P-020","Tomas Ustinov","2025-02-10","2025-03-25","15.0","19.1","Closed"
"WI-0465","REQ-0239","ShouldShip","PWR-MGMT","P-016","Priya Quintana","2026-02-13","2026-02-28","20.3","18.5","Closed"
"WI-0466","REQ-0239","ShouldShip","PWR-MGMT","P-006","Farid Saltzman","2025-05-11","2025-05-23","32.0","27.8","Closed"
"WI-0467","REQ-0240","MustShip","REL-MECH","P-011","Katya Fairweather","2025-05-29","2025-06-05","18.6","15.0","Closed"
"WI-0468","REQ-0241","Nice","GND-CTRL","P-011","Katya Fairweather","2025-03-12","2025-03-23","19.4","16.7","Closed"
"WI-0469","REQ-0241","Nice","GND-CTRL","P-013","Mei Thackeray","2026-06-21","2026-07-15","14.7","15.1","Closed"
"WI-0470","REQ-0241","Nice","GND-CTRL","P-007","Grace Baptiste","2025-08-18","2025-09-05","28.8","27.4","Closed"
"WI-0471","REQ-0242","MustShip","COMM-LNK","P-001","Aditi Halvorsen","2025-07-09","2025-07-23","30.2","27.1","Closed"
"WI-0472","REQ-0242","MustShip","COMM-LNK","P-015","Olabisi Jindal","2026-01-14","2026-02-12","18.9","20.5","Closed"
"WI-0473","REQ-0243","ShouldShip","FLT-CTRL","P-018","Rafael Grigorescu","2025-11-23","2025-12-31","31.3","37.6","Closed"
"WI-0474","REQ-0243","ShouldShip","FLT-CTRL","P-015","Olabisi Jindal","2026-06-12","2026-08-07","10.5","15.1","Closed"
"WI-0475","REQ-0244","ShouldShip","COMM-LNK","P-004","Dmitri Eriksen","2025-02-09","2025-03-12","35.9","39.9","Closed"
"WI-0476","REQ-0244","ShouldShip","COMM-LNK","P-006","Farid Saltzman","2025-09-17","2025-11-10","27.3","38.5","Closed"
"WI-0477","REQ-0244","ShouldShip","COMM-LNK","P-014","Nils Castellan","2025-06-12","2025-07-21","33.3","40.5","Closed"
"WI-0478","REQ-0245","ShouldShip","FLT-CTRL","P-021","Ulrike Dalgleish","2026-04-14","2026-05-26","32.7","40.8","Closed"
"WI-0479","REQ-0245","ShouldShip","FLT-CTRL","P-016","Priya Quintana","2026-04-07","2026-05-22","26.9","34.7","Closed"
"WI-0480","REQ-0246","MustShip","REL-MECH","P-012","Liam Moreau","2026-03-12","2026-04-14","29.3","33.4","Closed"
"WI-0481","REQ-0247","MustShip","COMM-LNK","P-020","Tomas Ustinov","2025-02-23","2025-03-29","26.1","29.9","Closed"
"WI-0482","REQ-0248","ShouldShip","PWR-MGMT","P-012","Liam Moreau","2025-02-18","2025-02-28","32.7","27.6","Closed"
"WI-0483","REQ-0248","ShouldShip","PWR-MGMT","P-009","Imani Petrovic","2025-01-20","2025-03-03","4.0","5.0","Closed"
"WI-0484","REQ-0249","MustShip","COMM-LNK","P-017","Quentin Zielinski","2026-02-17","2026-03-09","29.4","28.5","Closed"
"WI-0485","REQ-0249","MustShip","COMM-LNK","P-005","Elena Lindqvist","2026-05-01","2026-05-16","29.9","27.2","Closed"
"WI-0486","REQ-0249","MustShip","COMM-LNK","P-001","Aditi Halvorsen","2025-01-13","2025-03-09","15.6","22.2","Closed"
"WI-0487","REQ-0250","Nice","DIAG-LOG","P-005","Elena Lindqvist","2025-06-02","2025-07-16","17.5","22.3","Closed"
"WI-0488","REQ-0250","Nice","DIAG-LOG","P-005","Elena Lindqvist","2026-05-09","2026-05-30","32.5","32.1","Closed"
"WI-0489","REQ-0250","Nice","DIAG-LOG","P-007","Grace Baptiste","2025-03-14","2025-04-17","7.6","8.8","Closed"
"WI-0490","REQ-0251","MustShip","GND-CTRL","P-002","Bruno Oyelaran","2025-10-08","2025-11-18","8.3","10.3","Closed"
"WI-0491","REQ-0251","MustShip","GND-CTRL","P-008","Hiroshi Ibarra","2026-01-21","2026-03-11","33.6","45.3","Closed"
"WI-0492","REQ-0252","MustShip","REL-MECH","P-017","Quentin Zielinski","2025-08-01","2025-08-28","19.4","20.5","Closed"
"WI-0493","REQ-0253","MustShip","FLT-CTRL","P-018","Rafael Grigorescu","2025-03-04","2025-04-20","26.6","35.1","Closed"
"WI-0494","REQ-0254","ShouldShip","COMM-LNK","P-018","Rafael Grigorescu","2025-11-03","2025-11-08","9.6","7.5","Closed"
"WI-0495","REQ-0254","ShouldShip","COMM-LNK","P-016","Priya Quintana","2025-05-23","2025-05-27","8.5","6.5","Closed"
"WI-0496","REQ-0254","ShouldShip","COMM-LNK","P-014","Nils Castellan","2025-07-24","2025-08-20","12.5","13.2","Closed"
"WI-0497","REQ-0255","ShouldShip","FLT-CTRL","P-001","Aditi Halvorsen","2026-02-21","2026-03-31","4.0","4.8","Closed"
"WI-0498","REQ-0255","ShouldShip","FLT-CTRL","P-003","Camille Villalobos","2025-08-31","2025-09-12","7.3","6.3","Closed"
"WI-0499","REQ-0255","ShouldShip","FLT-CTRL","P-009","Imani Petrovic","2025-10-27","2025-11-07","19.1","16.3","Closed"
"WI-0500","REQ-0256","ShouldShip","PWR-MGMT","P-006","Farid Saltzman","2025-11-09","2025-12-06","4.6","4.8","Closed"
"WI-0501","REQ-0256","ShouldShip","PWR-MGMT","P-012","Liam Moreau","2025-06-08","2025-06-02","35.8","33.0","Closed"
"WI-0502","REQ-0256","ShouldShip","PWR-MGMT","P-011","Katya Fairweather","2026-04-21","2026-06-02","18.2","22.7","Closed"
"WI-0503","REQ-0257","MustShip","PWR-MGMT","P-008","Hiroshi Ibarra","2025-02-23","2025-03-08","15.1","13.3","Closed"
"WI-0504","REQ-0258","MustShip","REL-MECH","P-003","Camille Villalobos","2026-06-09","2026-07-01","22.0","21.9","Closed"
"WI-0505","REQ-0259","ShouldShip","GND-CTRL","P-020","Tomas Ustinov","2025-01-16","2025-02-16","28.9","32.0","Closed"
"WI-0506","REQ-0259","ShouldShip","GND-CTRL","P-006","Farid Saltzman","2025-09-11","2025-10-09","29.7","31.7","Closed"
"WI-0507","REQ-0260","MustShip","REL-MECH","P-003","Camille Villalobos","2026-05-29","2026-06-06","18.6","15.2","Closed"
"WI-0508","REQ-0261","ShouldShip","GND-CTRL","P-006","Farid Saltzman","2026-04-02","2026-05-26","11.1","15.6","Closed"
"WI-0509","REQ-0262","ShouldShip","REL-MECH","P-008","Hiroshi Ibarra","2025-11-16","2025-12-24","5.8","7.0","Closed"
"WI-0510","REQ-0262","ShouldShip","REL-MECH","P-017","Quentin Zielinski","2025-09-09","2025-09-25","30.1","27.7","Closed"
"WI-0511","REQ-0262","ShouldShip","REL-MECH","P-003","Camille Villalobos","2026-04-25","2026-05-08","2.4","2.2","Closed"
"WI-0512","REQ-0263","MustShip","COMM-LNK","P-016","Priya Quintana","2026-05-08","2026-06-24","9.9","13.0","Closed"
"WI-0513","REQ-0263","MustShip","COMM-LNK","P-003","Camille Villalobos","2026-01-17","2026-03-11","17.8","24.8","Closed"
"WI-0514","REQ-0263","MustShip","COMM-LNK","P-013","Mei Thackeray","2025-03-27","2025-04-02","33.1","26.3","Closed"
"WI-0515","REQ-0264","MustShip","STRUCT-I","P-008","Hiroshi Ibarra","2026-02-05","2026-02-24","34.4","32.9","Closed"
"WI-0516","REQ-0264","MustShip","STRUCT-I","P-020","Tomas Ustinov","2025-06-10","2025-06-15","16.8","13.1","Closed"
"WI-0517","REQ-0264","MustShip","STRUCT-I","P-001","Aditi Halvorsen","2026-02-14","2026-03-17","35.7","39.7","Closed"
"WI-0518","REQ-0265","MustShip","NAV-SENS","P-003","Camille Villalobos","2026-04-19","2026-04-29","3.8","3.2","Closed"
"WI-0519","REQ-0265","MustShip","NAV-SENS","P-006","Farid Saltzman","2025-02-28","2025-04-24","8.0","11.3","Closed"
"WI-0520","REQ-0266","MustShip","REL-MECH","P-009","Imani Petrovic","2025-04-15","2025-05-21","19.4","22.7","Closed"
"WI-0521","REQ-0266","MustShip","REL-MECH","P-010","Jonas Weatherby","2025-11-05","2025-11-08","2.3","1.8","Closed"
"WI-0522","REQ-0267","Nice","PWR-MGMT","P-013","Mei Thackeray","2026-04-27","2026-06-20","28.4","39.9","Closed"
"WI-0523","REQ-0267","Nice","PWR-MGMT","P-013","Mei Thackeray","2025-10-24","2025-12-06","4.6","5.8","Closed"
"WI-0524","REQ-0267","Nice","PWR-MGMT","P-003","Camille Villalobos","2025-06-26","2025-08-20","14.3","20.3","Closed"
"WI-0525","REQ-0268","MustShip","PWR-MGMT","P-009","Imani Petrovic","2025-05-09","2025-06-16","2.1","2.5","Closed"
"WI-0526","REQ-0268","MustShip","PWR-MGMT","P-004","Dmitri Eriksen","2025-12-02","","18.9","","InProgress"
"WI-0527","REQ-0269","MustShip","REL-MECH","P-014","Nils Castellan","2026-05-02","2026-05-22","29.3","28.7","Closed"
"WI-0528","REQ-0269","MustShip","REL-MECH","P-017","Quentin Zielinski","2026-03-31","2026-04-20","16.3","15.9","Closed"
"WI-0529","REQ-0269","MustShip","REL-MECH","P-006","Farid Saltzman","2025-02-05","2025-03-17","15.7","19.4","Closed"
"WI-0530","REQ-0271","MustShip","PWR-MGMT","P-003","Camille Villalobos","2025-11-22","2025-12-03","30.1","25.9","Closed"
"WI-0531","REQ-0271","MustShip","PWR-MGMT","P-002","Bruno Oyelaran","2025-04-30","2025-05-05","23.0","18.1","Closed"
"WI-0532","REQ-0272","MustShip","PWR-MGMT","P-017","Quentin Zielinski","2025-07-30","2025-09-20","24.1","33.3","Closed"
"WI-0533","REQ-0272","MustShip","PWR-MGMT","P-013","Mei Thackeray","2026-03-05","2026-04-13","5.7","6.9","Closed"
"WI-0534","REQ-0272","MustShip","PWR-MGMT","P-002","Bruno Oyelaran","2025-12-12","","7.3","","InProgress"
"WI-0535","REQ-0273","ShouldShip","PWR-MGMT","P-006","Farid Saltzman","2025-12-14","2025-12-22","21.2","17.4","Closed"
"WI-0536","REQ-0273","ShouldShip","PWR-MGMT","P-016","Priya Quintana","2025-10-24","2025-10-29","14.1","11.1","Closed"
"WI-0537","REQ-0273","ShouldShip","PWR-MGMT","P-006","Farid Saltzman","2025-10-05","2025-11-18","24.7","31.7","Closed"
"WI-0538","REQ-0274","ShouldShip","FLT-CTRL","P-003","Camille Villalobos","2025-07-01","2025-08-14","18.5","23.5","Closed"
"WI-0539","REQ-0274","ShouldShip","FLT-CTRL","P-010","Jonas Weatherby","2025-09-28","2025-11-17","13.7","18.5","Closed"
"WI-0540","REQ-0275","Nice","REL-MECH","P-021","Ulrike Dalgleish","2025-09-30","2025-10-06","14.2","11.3","Closed"
"WI-0541","REQ-0275","Nice","REL-MECH","P-008","Hiroshi Ibarra","2025-07-18","2025-08-31","25.3","32.4","Closed"
"WI-0542","REQ-0276","ShouldShip","NAV-SENS","P-009","Imani Petrovic","2025-08-11","2025-10-05","20.8","29.5","Closed"
"WI-0543","REQ-0276","ShouldShip","NAV-SENS","P-005","Elena Lindqvist","2026-06-18","2026-07-20","14.5","16.3","Closed"
"WI-0544","REQ-0276","ShouldShip","NAV-SENS","P-019","Sana Nakamura","2025-03-23","2025-04-01","15.1","12.6","Closed"
"WI-0545","REQ-0277","MustShip","PWR-MGMT","P-019","Sana Nakamura","2026-04-06","2026-06-01","13.1","18.8","Closed"
"WI-0546","REQ-0277","MustShip","PWR-MGMT","P-005","Elena Lindqvist","2025-01-20","2025-01-26","11.5","9.1","Closed"
"WI-0547","REQ-0278","ShouldShip","FLT-CTRL","P-004","Dmitri Eriksen","2025-10-23","2025-11-02","18.3","15.4","Closed"
"WI-0548","REQ-0278","ShouldShip","FLT-CTRL","P-003","Camille Villalobos","2025-05-27","2025-07-10","35.7","45.6","Closed"
"WI-0549","REQ-0278","ShouldShip","FLT-CTRL","P-018","Rafael Grigorescu","2026-06-24","2026-07-11","31.2","29.4","Closed"
"WI-0550","REQ-0279","Nice","GND-CTRL","P-006","Farid Saltzman","2025-10-03","2025-10-27","19.0","19.6","Closed"
"WI-0551","REQ-0279","Nice","GND-CTRL","P-020","Tomas Ustinov","2025-12-04","","13.3","","Open"
"WI-0552","REQ-0280","MustShip","FLT-CTRL","P-001","Aditi Halvorsen","2025-12-07","2026-01-13","16.9","20.1","Closed"
"WI-0553","REQ-0280","MustShip","FLT-CTRL","P-018","Rafael Grigorescu","2025-04-13","2025-04-07","27.3","31.9","Closed"
"WI-0554","REQ-0281","Nice","NAV-SENS","P-015","Olabisi Jindal","2025-05-26","2025-06-03","22.1","18.1","Closed"
"WI-0555","REQ-0281","Nice","NAV-SENS","P-010","Jonas Weatherby","2026-05-08","2026-06-25","10.1","13.4","Closed"
"WI-0556","REQ-0281","Nice","NAV-SENS","P-020","Tomas Ustinov","2026-06-20","2026-07-22","8.9","10.0","Closed"
"WI-0557","REQ-0282","MustShip","GND-CTRL","P-016","Priya Quintana","2025-07-08","2025-08-28","30.1","41.3","Closed"
"WI-0558","REQ-0282","MustShip","GND-CTRL","P-004","Dmitri Eriksen","2025-10-01","2025-10-23","29.9","29.8","Closed"
"WI-0559","REQ-0282","MustShip","GND-CTRL","P-014","Nils Castellan","2025-02-13","2025-03-31","22.3","29.2","Closed"
"WI-0560","REQ-0283","MustShip","REL-MECH","P-020","Tomas Ustinov","2025-12-29","2026-01-22","21.3","21.7","Closed"
"WI-0561","REQ-0283","MustShip","REL-MECH","P-010","Jonas Weatherby","2025-04-07","2025-04-17","8.9","7.6","Closed"
"WI-0562","REQ-0283","MustShip","REL-MECH","P-001","Aditi Halvorsen","2025-05-25","2025-06-21","10.3","11.0","Closed"
"WI-0563","REQ-0284","Nice","REL-MECH","P-015","Olabisi Jindal","2025-12-22","2025-12-29","26.9","21.8","Closed"
"WI-0564","REQ-0284","Nice","REL-MECH","P-018","Rafael Grigorescu","2026-05-23","2026-06-02","8.6","7.2","Closed"
"WI-0565","REQ-0284","Nice","REL-MECH","P-014","Nils Castellan","2025-05-22","2025-06-18","29.4","31.0","Closed"
"WI-0566","REQ-0284","Nice","REL-MECH","P-021","Ulrike Dalgleish","2025-09-24","2025-10-01","27.6","22.2","Closed"
"WI-0567","REQ-0285","ShouldShip","PWR-MGMT","P-001","Aditi Halvorsen","2025-01-31","2025-02-05","20.0","15.7","Closed"
"WI-0568","REQ-0285","ShouldShip","PWR-MGMT","P-011","Katya Fairweather","2025-09-27","2025-10-23","13.5","14.1","Closed"
"WI-0569","REQ-0285","ShouldShip","PWR-MGMT","P-020","Tomas Ustinov","2026-02-13","2026-04-05","24.3","33.3","Closed"
"WI-0570","REQ-0286","MustShip","NAV-SENS","P-002","Bruno Oyelaran","2025-04-23","2025-05-19","4.2","4.4","Closed"
"WI-0571","REQ-0286","MustShip","NAV-SENS","P-004","Dmitri Eriksen","2025-07-25","2025-08-20","6.0","6.3","Closed"
"WI-0572","REQ-0286","MustShip","NAV-SENS","P-012","Liam Moreau","2025-03-01","2025-03-22","27.8","27.5","Closed"
"WI-0573","REQ-0287","MustShip","REL-MECH","P-009","Imani Petrovic","2025-07-15","2025-08-29","21.6","27.9","Closed"
"WI-0574","REQ-0288","MustShip","REL-MECH","P-020","Tomas Ustinov","2025-05-04","2025-05-09","20.9","16.4","Closed"
"WI-0575","REQ-0288","MustShip","REL-MECH","P-012","Liam Moreau","2025-08-06","2025-09-14","21.9","26.5","Closed"
"WI-0576","REQ-0289","MustShip","FLT-CTRL","P-011","Katya Fairweather","2025-08-02","2025-09-12","28.5","35.4","Closed"
"WI-0577","REQ-0290","ShouldShip","STRUCT-I","P-019","Sana Nakamura","2026-03-14","2026-04-28","16.5","21.4","Closed"
"WI-0578","REQ-0291","MustShip","STRUCT-I","P-005","Elena Lindqvist","2026-06-01","2026-06-12","26.2","22.6","Closed"
"WI-0579","REQ-0291","MustShip","STRUCT-I","P-017","Quentin Zielinski","2025-02-24","2025-03-24","10.5","11.3","Closed"
"WI-0580","REQ-0291","MustShip","STRUCT-I","P-021","Ulrike Dalgleish","2025-11-24","2026-01-10","33.6","44.1","Closed"
"WI-0581","REQ-0292","MustShip","NAV-SENS","P-002","Bruno Oyelaran","2026-04-22","2026-05-17","26.1","26.9","Closed"
"WI-0582","REQ-0293","MustShip","GND-CTRL","P-010","Jonas Weatherby","2026-02-18","","5.3","","InProgress"
"WI-0583","REQ-0293","MustShip","GND-CTRL","P-013","Mei Thackeray","2025-10-14","2025-10-28","34.6","31.0","Closed"
"WI-0584","REQ-0294","MustShip","FLT-CTRL","P-006","Farid Saltzman","2026-05-12","2026-05-18","16.2","12.9","Closed"
"WI-0585","REQ-0295","MustShip","PWR-MGMT","P-017","Quentin Zielinski","2026-03-06","2026-03-27","13.9","13.8","Closed"
"WI-0586","REQ-0295","MustShip","PWR-MGMT","P-004","Dmitri Eriksen","2025-06-11","2025-07-25","22.5","28.8","Closed"
"WI-0587","REQ-0296","MustShip","PWR-MGMT","P-010","Jonas Weatherby","2026-02-09","2026-03-02","2.8","2.7","Closed"
"WI-0588","REQ-0296","MustShip","PWR-MGMT","P-003","Camille Villalobos","2026-02-22","2026-03-04","15.2","12.9","Closed"
"WI-0589","REQ-0296","MustShip","PWR-MGMT","P-020","Tomas Ustinov","2025-04-16","2025-05-27","20.7","25.8","Closed"
"WI-0590","REQ-0297","ShouldShip","NAV-SENS","P-007","Grace Baptiste","2025-07-06","2025-08-21","31.0","40.4","Closed"
"WI-0591","REQ-0297","ShouldShip","NAV-SENS","P-018","Rafael Grigorescu","2025-11-15","2025-12-08","30.7","31.1","Closed"
"WI-0592","REQ-0297","ShouldShip","NAV-SENS","P-007","Grace Baptiste","2025-05-19","2025-06-10","17.3","17.3","Closed"
"WI-0593","REQ-0298","MustShip","REL-MECH","P-020","Tomas Ustinov","2025-04-30","2025-05-30","29.3","32.3","Closed"
"WI-0594","REQ-0299","ShouldShip","GND-CTRL","P-010","Jonas Weatherby","2026-05-11","2026-06-08","16.7","18.1","Closed"
"WI-0595","REQ-0299","ShouldShip","GND-CTRL","P-019","Sana Nakamura","2025-05-13","2025-06-12","29.0","32.1","Closed"
"WI-0596","REQ-0299","ShouldShip","GND-CTRL","P-013","Mei Thackeray","2025-02-25","2025-04-23","5.0","7.2","Closed"
"WI-0597","REQ-0300","MustShip","FLT-CTRL","P-016","Priya Quintana","2025-04-22","2025-06-14","28.9","40.2","Closed"
"WI-0598","REQ-0300","MustShip","FLT-CTRL","P-016","Priya Quintana","2025-10-25","2025-11-14","9.0","8.9","Closed"
"WI-0599","REQ-0301","MustShip","STRUCT-I","P-010","Jonas Weatherby","2025-04-03","2025-05-25","2.1","2.9","Closed"
"WI-0600","REQ-0301","MustShip","STRUCT-I","P-015","Olabisi Jindal","2026-06-23","","29.8","","InProgress"
"WI-0601","REQ-0301","MustShip","STRUCT-I","P-020","Tomas Ustinov","2026-01-10","2026-03-06","28.5","40.4","Closed"
"WI-0602","REQ-0302","Nice","PWR-MGMT","P-012","Liam Moreau","2025-04-29","2025-06-08","17.8","21.9","Closed"
"WI-0603","REQ-0303","MustShip","COMM-LNK","P-020","Tomas Ustinov","2026-01-10","","31.4","","Open"
"WI-0604","REQ-0303","MustShip","COMM-LNK","P-005","Elena Lindqvist","2026-03-24","2026-04-03","7.7","6.5","Closed"
"WI-0605","REQ-0303","MustShip","COMM-LNK","P-021","Ulrike Dalgleish","2026-01-21","","27.4","","Open"
"WI-0606","REQ-0304","ShouldShip","NAV-SENS","P-019","Sana Nakamura","2025-11-24","2025-12-04","21.0","17.7","Closed"
"WI-0607","REQ-0304","ShouldShip","NAV-SENS","P-017","Quentin Zielinski","2025-06-13","2025-07-19","22.5","26.5","Closed"
"WI-0608","REQ-0304","ShouldShip","NAV-SENS","P-002","Bruno Oyelaran","2025-05-18","2025-06-11","20.3","20.8","Closed"
"WI-0609","REQ-0305","Nice","DIAG-LOG","P-012","Liam Moreau","2025-01-24","2025-03-11","28.0","36.5","Closed"
"WI-0610","REQ-0305","Nice","DIAG-LOG","P-002","Bruno Oyelaran","2025-05-15","2025-05-26","11.1","9.5","Closed"
"WI-0611","REQ-0306","MustShip","FLT-CTRL","P-021","Ulrike Dalgleish","2026-06-28","2026-08-21","31.1","43.6","Closed"
"WI-0612","REQ-0307","Nice","PWR-MGMT","P-019","Sana Nakamura","2026-02-25","2026-03-16","16.1","15.5","Closed"
"WI-0613","REQ-0307","Nice","PWR-MGMT","P-009","Imani Petrovic","2025-08-12","2025-09-22","34.6","43.1","Closed"
"WI-0614","REQ-0307","Nice","PWR-MGMT","P-020","Tomas Ustinov","2025-07-14","2025-09-01","27.9","37.4","Closed"
"WI-0615","REQ-0308","MustShip","FLT-CTRL","P-005","Elena Lindqvist","2025-06-22","2025-07-28","35.9","42.3","Closed"
"WI-0616","REQ-0308","MustShip","FLT-CTRL","P-011","Katya Fairweather","2025-05-31","2025-06-27","14.3","15.1","Closed"
"WI-0617","REQ-0309","MustShip","FLT-CTRL","P-009","Imani Petrovic","2025-12-29","2026-01-31","29.8","33.9","Closed"
"WI-0618","REQ-0309","MustShip","FLT-CTRL","P-006","Farid Saltzman","2025-08-28","2025-10-07","4.8","5.8","Closed"
"WI-0619","REQ-0310","Nice","PWR-MGMT","P-015","Olabisi Jindal","2025-02-24","2025-04-17","33.8","46.5","Closed"
"WI-0620","REQ-0310","Nice","PWR-MGMT","P-019","Sana Nakamura","2025-09-13","2025-11-01","34.9","46.6","Closed"
"WI-0621","REQ-0311","ShouldShip","GND-CTRL","P-021","Ulrike Dalgleish","2025-11-02","2025-11-16","25.0","22.4","Closed"
"WI-0622","REQ-0311","ShouldShip","GND-CTRL","P-020","Tomas Ustinov","2025-11-30","2025-12-05","18.7","14.6","Closed"
"WI-0623","REQ-0312","MustShip","REL-MECH","P-019","Sana Nakamura","2025-10-25","2025-10-28","10.9","8.2","Closed"
"WI-0624","REQ-0313","Nice","DIAG-LOG","P-014","Nils Castellan","2025-11-26","2026-01-21","26.4","37.9","Closed"
"WI-0625","REQ-0313","Nice","DIAG-LOG","P-021","Ulrike Dalgleish","2025-04-10","","23.6","","Open"
"WI-0626","REQ-0313","Nice","DIAG-LOG","P-011","Katya Fairweather","2025-06-30","2025-08-06","18.8","22.3","Closed"
"WI-0627","REQ-0314","ShouldShip","COMM-LNK","P-017","Quentin Zielinski","2025-01-31","2025-02-11","15.7","13.5","Closed"
"WI-0628","REQ-0314","ShouldShip","COMM-LNK","P-020","Tomas Ustinov","2025-11-02","2025-12-20","25.8","34.3","Closed"
"WI-0629","REQ-0314","ShouldShip","COMM-LNK","P-006","Farid Saltzman","2025-07-06","2025-08-20","9.9","12.9","Closed"
"WI-0630","REQ-0315","MustShip","REL-MECH","P-020","Tomas Ustinov","2025-06-28","2025-07-09","16.4","14.0","Closed"
"WI-0631","REQ-0316","MustShip","PWR-MGMT","P-019","Sana Nakamura","2025-04-26","2025-06-19","34.9","49.1","Closed"
"WI-0632","REQ-0317","ShouldShip","DIAG-LOG","P-009","Imani Petrovic","2025-08-30","","4.1","","InProgress"
"WI-0633","REQ-0317","ShouldShip","DIAG-LOG","P-005","Elena Lindqvist","2025-05-10","2025-06-22","19.8","25.0","Closed"
"WI-0634","REQ-0318","Nice","NAV-SENS","P-009","Imani Petrovic","2026-04-06","2026-04-27","7.0","7.0","Closed"
"WI-0635","REQ-0318","Nice","NAV-SENS","P-019","Sana Nakamura","2025-12-31","2026-01-23","27.3","27.4","Closed"
"WI-0636","REQ-0319","MustShip","GND-CTRL","P-020","Tomas Ustinov","2025-01-29","2025-03-03","3.8","4.3","Closed"
"WI-0637","REQ-0320","ShouldShip","FLT-CTRL","P-003","Camille Villalobos","2026-05-26","2026-07-03","22.3","26.7","Closed"
"WI-0638","REQ-0320","ShouldShip","FLT-CTRL","P-014","Nils Castellan","2025-09-23","2025-10-22","29.5","32.1","Closed"
"WI-0639","REQ-0320","ShouldShip","FLT-CTRL","P-006","Farid Saltzman","2025-04-27","2025-06-18","32.0","44.2","Closed"
"WI-0640","REQ-0321","MustShip","STRUCT-I","P-007","Grace Baptiste","2025-07-08","2025-09-01","18.8","26.6","Closed"
"WI-0641","REQ-0321","MustShip","STRUCT-I","P-018","Rafael Grigorescu","2026-06-18","2026-07-14","2.6","2.7","Closed"
"WI-0642","REQ-0322","Nice","STRUCT-I","P-006","Farid Saltzman","2025-06-11","2025-07-13","2.3","2.5","Closed"
"WI-0643","REQ-0322","Nice","STRUCT-I","P-002","Bruno Oyelaran","2025-04-10","2025-05-29","33.2","44.3","Closed"
"WI-0644","REQ-0322","Nice","STRUCT-I","P-019","Sana Nakamura","2025-09-17","2025-11-02","8.3","10.9","Closed"
"WI-0645","REQ-0323","Nice","GND-CTRL","P-005","Elena Lindqvist","2026-03-19","2026-05-13","14.4","20.5","Closed"
"WI-0646","REQ-0323","Nice","GND-CTRL","P-017","Quentin Zielinski","2025-12-09","2026-01-29","6.3","8.6","Closed"
"WI-0647","REQ-0324","MustShip","FLT-CTRL","P-020","Tomas Ustinov","2026-06-16","2026-07-25","34.1","41.2","Closed"
"WI-0648","REQ-0324","MustShip","FLT-CTRL","P-021","Ulrike Dalgleish","2025-12-06","2026-01-31","12.7","18.2","Closed"
"WI-0649","REQ-0324","MustShip","FLT-CTRL","P-010","Jonas Weatherby","2026-03-05","2026-03-16","3.1","2.7","Closed"
"WI-0650","REQ-0325","MustShip","NAV-SENS","P-008","Hiroshi Ibarra","2025-08-17","2025-10-08","4.7","6.5","Closed"
"WI-0651","REQ-0325","MustShip","NAV-SENS","P-020","Tomas Ustinov","2025-12-31","2026-02-03","13.9","15.9","Closed"
"WI-0652","REQ-0325","MustShip","NAV-SENS","P-012","Liam Moreau","2025-10-10","2025-10-18","6.9","5.7","Closed"
"WI-0653","REQ-0325","MustShip","NAV-SENS","P-001","Aditi Halvorsen","2025-09-09","2025-09-14","35.9","27.9","Closed"
"WI-0654","REQ-0326","ShouldShip","NAV-SENS","P-012","Liam Moreau","2025-02-26","2025-04-01","21.0","24.3","Closed"
"WI-0655","REQ-0327","ShouldShip","DIAG-LOG","P-010","Jonas Weatherby","2025-10-20","","16.2","","InProgress"
"WI-0656","REQ-0328","Nice","GND-CTRL","P-006","Farid Saltzman","2026-04-20","2026-05-27","27.9","33.4","Closed"
"WI-0657","REQ-0329","ShouldShip","PWR-MGMT","P-011","Katya Fairweather","2026-04-07","2026-05-26","12.7","16.9","Closed"
"WI-0658","REQ-0329","ShouldShip","PWR-MGMT","P-016","Priya Quintana","2025-06-21","","8.8","","InProgress"
"WI-0659","REQ-0331","MustShip","GND-CTRL","P-005","Elena Lindqvist","2025-06-16","2025-07-07","7.4","7.3","Closed"
"WI-0660","REQ-0332","MustShip","NAV-SENS","P-005","Elena Lindqvist","2025-01-13","2025-03-06","5.3","7.4","Closed"
"WI-0661","REQ-0332","MustShip","NAV-SENS","P-007","Grace Baptiste","2025-09-19","2025-10-02","23.2","20.5","Closed"
"WI-0662","REQ-0333","MustShip","NAV-SENS","P-010","Jonas Weatherby","2026-05-28","2026-06-15","3.4","3.2","Closed"
"WI-0663","REQ-0334","MustShip","DIAG-LOG","P-014","Nils Castellan","2025-10-05","2025-11-17","11.4","14.5","Closed"
"WI-0664","REQ-0334","MustShip","DIAG-LOG","P-018","Rafael Grigorescu","2026-05-20","2026-06-09","26.6","26.0","Closed"
"WI-0665","REQ-0334","MustShip","DIAG-LOG","P-020","Tomas Ustinov","2026-04-15","2026-05-24","4.2","5.1","Closed"
"WI-0666","REQ-0335","ShouldShip","DIAG-LOG","P-006","Farid Saltzman","2026-04-21","2026-05-15","4.0","4.1","Closed"
"WI-0667","REQ-0335","ShouldShip","DIAG-LOG","P-004","Dmitri Eriksen","2026-02-27","2026-04-06","22.3","26.7","Closed"
"WI-0668","REQ-0335","ShouldShip","DIAG-LOG","P-006","Farid Saltzman","2026-01-19","2026-02-07","2.2","2.1","Closed"
"WI-0669","REQ-0336","MustShip","REL-MECH","P-014","Nils Castellan","2025-03-19","2025-04-10","6.2","6.2","Closed"
"WI-0670","REQ-0336","MustShip","REL-MECH","P-019","Sana Nakamura","2025-12-08","2026-01-08","18.9","21.0","Closed"
"WI-0671","REQ-0337","ShouldShip","FLT-CTRL","P-010","Jonas Weatherby","2025-09-02","2025-10-01","13.5","14.6","Closed"
"WI-0672","REQ-0337","ShouldShip","FLT-CTRL","P-008","Hiroshi Ibarra","2026-06-20","2026-08-12","12.2","17.0","Closed"
"WI-0673","REQ-0338","MustShip","REL-MECH","P-015","Olabisi Jindal","2025-09-16","2025-10-03","27.5","25.6","Closed"
"WI-0674","REQ-0339","MustShip","COMM-LNK","P-007","Grace Baptiste","2025-07-04","2025-08-08","33.8","39.2","Closed"
"WI-0675","REQ-0339","MustShip","COMM-LNK","P-005","Elena Lindqvist","2026-06-07","2026-06-27","29.3","28.3","Closed"
"WI-0676","REQ-0340","MustShip","FLT-CTRL","P-012","Liam Moreau","2026-01-27","2026-02-22","27.6","28.8","Closed"
"WI-0677","REQ-0341","MustShip","NAV-SENS","P-004","Dmitri Eriksen","2026-06-23","2026-07-22","13.5","14.6","Closed"
"WI-0678","REQ-0341","MustShip","NAV-SENS","P-018","Rafael Grigorescu","2026-03-13","2026-04-14","13.1","14.7","Closed"
"WI-0679","REQ-0342","ShouldShip","FLT-CTRL","P-011","Katya Fairweather","2025-10-16","2025-11-27","16.4","20.5","Closed"
"WI-0680","REQ-0342","ShouldShip","FLT-CTRL","P-006","Farid Saltzman","2025-09-16","2025-10-25","32.2","39.1","Closed"
"WI-0681","REQ-0343","MustShip","PWR-MGMT","P-020","Tomas Ustinov","2025-10-26","2025-11-27","8.3","9.4","Closed"
"WI-0682","REQ-0343","MustShip","PWR-MGMT","P-019","Sana Nakamura","2025-08-27","2025-10-09","13.0","16.6","Closed"
"WI-0683","REQ-0344","ShouldShip","GND-CTRL","P-001","Aditi Halvorsen","2025-03-16","2025-05-04","23.7","31.9","Closed"
"WI-0684","REQ-0344","ShouldShip","GND-CTRL","P-002","Bruno Oyelaran","2025-03-29","2025-04-18","4.2","4.1","Closed"
"WI-0685","REQ-0344","ShouldShip","GND-CTRL","P-017","Quentin Zielinski","2025-08-13","2025-09-18","17.0","20.1","Closed"
"WI-0686","REQ-0345","ShouldShip","REL-MECH","P-014","Nils Castellan","2025-10-04","2025-11-25","10.4","14.3","Closed"
"WI-0687","REQ-0345","ShouldShip","REL-MECH","P-018","Rafael Grigorescu","2025-09-21","2025-11-09","9.6","13.0","Closed"
"WI-0688","REQ-0346","MustShip","GND-CTRL","P-015","Olabisi Jindal","2025-09-09","2025-09-29","25.8","25.3","Closed"
"WI-0689","REQ-0346","MustShip","GND-CTRL","P-005","Elena Lindqvist","2025-03-08","2025-04-02","33.1","34.3","Closed"
"WI-0690","REQ-0346","MustShip","GND-CTRL","P-008","Hiroshi Ibarra","2025-03-23","2025-04-07","3.4","3.1","Closed"
"WI-0691","REQ-0347","Nice","GND-CTRL","P-020","Tomas Ustinov","2026-05-02","2026-06-03","35.0","39.3","Closed"
"WI-0692","REQ-0347","Nice","GND-CTRL","P-020","Tomas Ustinov","2025-09-16","2025-11-11","29.8","42.6","Closed"
"WI-0693","REQ-0347","Nice","GND-CTRL","P-001","Aditi Halvorsen","2025-03-19","2025-05-01","4.2","5.3","Closed"
"WI-0694","REQ-0348","ShouldShip","REL-MECH","P-011","Katya Fairweather","2025-04-17","","8.6","","InProgress"
"WI-0695","REQ-0348","ShouldShip","REL-MECH","P-015","Olabisi Jindal","2025-06-24","2025-08-18","22.0","31.4","Closed"
"WI-0696","REQ-0349","MustShip","FLT-CTRL","P-003","Camille Villalobos","2025-11-09","2026-01-02","32.9","46.4","Closed"
"WI-0697","REQ-0349","MustShip","FLT-CTRL","P-001","Aditi Halvorsen","2025-01-17","2025-01-25","32.2","26.4","Closed"
"WI-0698","REQ-0349","MustShip","FLT-CTRL","P-006","Farid Saltzman","2025-11-03","2025-12-17","34.3","44.0","Closed"
"WI-0699","REQ-0350","MustShip","FLT-CTRL","P-003","Camille Villalobos","2026-04-11","2026-05-13","27.1","30.4","Closed"
"WI-0700","REQ-0350","MustShip","FLT-CTRL","P-001","Aditi Halvorsen","2026-04-07","2026-05-15","33.0","39.7","Closed"
"WI-0701","REQ-0350","MustShip","FLT-CTRL","P-018","Rafael Grigorescu","2025-05-07","2025-05-17","13.9","11.7","Closed"
"WI-0702","REQ-0351","MustShip","GND-CTRL","P-011","Katya Fairweather","2026-02-20","2026-03-08","16.2","15.0","Closed"
"WI-0703","REQ-0351","MustShip","GND-CTRL","P-013","Mei Thackeray","2025-01-13","2025-02-26","18.8","24.1","Closed"
"WI-0704","REQ-0351","MustShip","GND-CTRL","P-018","Rafael Grigorescu","2025-03-24","2025-04-15","27.2","27.2","Closed"
"WI-0705","REQ-0352","MustShip","NAV-SENS","P-003","Camille Villalobos","2026-02-02","2026-03-24","8.0","10.8","Closed"
"WI-0706","REQ-0352","MustShip","NAV-SENS","P-005","Elena Lindqvist","2025-03-05","2025-03-22","17.8","16.6","Closed"
"WI-0707","REQ-0352","MustShip","NAV-SENS","P-017","Quentin Zielinski","2025-10-31","2025-12-08","19.6","23.4","Closed"
"WI-0708","REQ-0353","ShouldShip","FLT-CTRL","P-021","Ulrike Dalgleish","2026-03-23","2026-04-19","32.0","33.9","Closed"
"WI-0709","REQ-0353","ShouldShip","FLT-CTRL","P-004","Dmitri Eriksen","2025-09-09","2025-11-03","27.7","39.3","Closed"
"WI-0710","REQ-0353","ShouldShip","FLT-CTRL","P-003","Camille Villalobos","2025-08-03","","23.1","","InProgress"
"WI-0711","REQ-0354","MustShip","GND-CTRL","P-001","Aditi Halvorsen","2026-06-04","","3.6","","InProgress"
"WI-0712","REQ-0354","MustShip","GND-CTRL","P-019","Sana Nakamura","2025-09-13","2025-10-11","34.7","37.3","Closed"
"WI-0713","REQ-0355","ShouldShip","DIAG-LOG","P-019","Sana Nakamura","2025-07-05","2025-07-13","6.1","5.0","Closed"
"WI-0714","REQ-0355","ShouldShip","DIAG-LOG","P-001","Aditi Halvorsen","2026-06-19","2026-07-23","27.8","32.1","Closed"
"WI-0715","REQ-0355","ShouldShip","DIAG-LOG","P-011","Katya Fairweather","2025-09-04","2025-09-23","2.3","2.2","Closed"
"WI-0716","REQ-0356","MustShip","STRUCT-I","P-013","Mei Thackeray","2025-02-10","2025-02-15","32.5","25.2","Closed"
"WI-0717","REQ-0356","MustShip","STRUCT-I","P-018","Rafael Grigorescu","2025-09-15","2025-10-01","14.9","13.7","Closed"
"WI-0718","REQ-0356","MustShip","STRUCT-I","P-012","Liam Moreau","2026-05-21","2026-05-27","17.5","14.0","Closed"
"WI-0719","REQ-0357","MustShip","REL-MECH","P-020","Tomas Ustinov","2025-05-28","2025-06-17","32.8","32.0","Closed"
"WI-0720","REQ-0357","MustShip","REL-MECH","P-017","Quentin Zielinski","2026-02-03","2026-03-14","5.6","6.8","Closed"
"WI-0721","REQ-0358","Nice","COMM-LNK","P-019","Sana Nakamura","2025-03-10","2025-03-13","6.2","4.6","Closed"
"WI-0722","REQ-0359","MustShip","FLT-CTRL","P-010","Jonas Weatherby","2026-06-07","2026-07-05","7.4","8.0","Closed"
"WI-0723","REQ-0359","MustShip","FLT-CTRL","P-006","Farid Saltzman","2026-06-02","2026-06-15","5.0","4.4","Closed"
"WI-0724","REQ-0360","MustShip","COMM-LNK","P-003","Camille Villalobos","2026-06-18","","30.2","","Open"
"WI-0725","REQ-0360","MustShip","COMM-LNK","P-012","Liam Moreau","2025-04-09","2025-05-05","4.3","4.5","Closed"
"WI-0726","REQ-0360","MustShip","COMM-LNK","P-008","Hiroshi Ibarra","2025-12-20","2026-01-12","11.9","12.1","Closed"
"WI-0727","REQ-0361","Nice","REL-MECH","P-005","Elena Lindqvist","2025-05-02","2025-05-19","27.0","25.1","Closed"
"WI-0728","REQ-0362","ShouldShip","COMM-LNK","P-004","Dmitri Eriksen","2025-10-12","","25.3","","InProgress"
"WI-0729","REQ-0362","ShouldShip","COMM-LNK","P-001","Aditi Halvorsen","2025-02-09","2025-03-06","16.8","17.4","Closed"
"WI-0730","REQ-0363","ShouldShip","FLT-CTRL","P-020","Tomas Ustinov","2025-09-22","2025-10-29","25.3","30.0","Closed"
"WI-0731","REQ-0365","ShouldShip","REL-MECH","P-019","Sana Nakamura","2025-01-27","2025-02-12","17.6","16.2","Closed"
"WI-0732","REQ-0366","Nice","GND-CTRL","P-010","Jonas Weatherby","2025-05-18","2025-06-20","35.9","40.9","Closed"
"WI-0733","REQ-0367","ShouldShip","NAV-SENS","P-021","Ulrike Dalgleish","2025-05-01","","8.4","","InProgress"
"WI-0734","REQ-0367","ShouldShip","NAV-SENS","P-019","Sana Nakamura","2026-06-04","2026-07-24","2.1","2.8","Closed"
"WI-0735","REQ-0368","MustShip","FLT-CTRL","P-010","Jonas Weatherby","2025-02-21","2025-04-09","14.6","19.2","Closed"
"WI-0736","REQ-0368","MustShip","FLT-CTRL","P-004","Dmitri Eriksen","2025-06-02","2025-07-09","19.4","23.1","Closed"
"WI-0737","REQ-0368","MustShip","FLT-CTRL","P-017","Quentin Zielinski","2025-11-10","2025-12-18","13.0","15.6","Closed"
"WI-0738","REQ-0368","MustShip","FLT-CTRL","P-004","Dmitri Eriksen","2026-03-01","2026-03-28","15.1","16.0","Closed"
"WI-0739","REQ-0369","MustShip","FLT-CTRL","P-015","Olabisi Jindal","2025-11-03","2025-12-13","19.0","23.3","Closed"
"WI-0740","REQ-0370","MustShip","COMM-LNK","P-011","Katya Fairweather","2025-07-12","2025-08-15","24.7","28.5","Closed"
"WI-0741","REQ-0370","MustShip","COMM-LNK","P-009","Imani Petrovic","2025-06-28","2025-08-20","15.7","21.9","Closed"
"WI-0742","REQ-0370","MustShip","COMM-LNK","P-021","Ulrike Dalgleish","2025-01-21","2025-03-14","19.8","27.3","Closed"
"WI-0743","REQ-0371","ShouldShip","COMM-LNK","P-008","Hiroshi Ibarra","2026-01-31","2026-03-14","34.7","43.4","Closed"
"WI-0744","REQ-0371","ShouldShip","COMM-LNK","P-008","Hiroshi Ibarra","2026-02-12","2026-03-18","15.5","17.9","Closed"
"WI-0745","REQ-0371","ShouldShip","COMM-LNK","P-015","Olabisi Jindal","2025-05-17","2025-07-08","17.6","24.3","Closed"
"WI-0746","REQ-0372","MustShip","FLT-CTRL","P-014","Nils Castellan","2026-06-12","2026-07-31","22.8","30.5","Closed"
"WI-0747","REQ-0372","MustShip","FLT-CTRL","P-004","Dmitri Eriksen","2025-01-07","2025-01-20","4.5","4.0","Closed"
"WI-0748","REQ-0372","MustShip","FLT-CTRL","P-013","Mei Thackeray","2025-03-31","","8.3","","InProgress"
"WI-0749","REQ-0373","ShouldShip","COMM-LNK","P-008","Hiroshi Ibarra","2025-11-13","2025-12-15","10.1","11.3","Closed"
"WI-0750","REQ-0373","ShouldShip","COMM-LNK","P-007","Grace Baptiste","2026-01-18","2026-01-29","21.5","18.5","Closed"
"WI-0751","REQ-0373","ShouldShip","COMM-LNK","P-012","Liam Moreau","2025-12-20","","20.1","","InProgress"
"WI-0752","REQ-0374","ShouldShip","NAV-SENS","P-021","Ulrike Dalgleish","2026-03-17","2026-04-17","23.6","26.3","Closed"
"WI-0753","REQ-0375","MustShip","FLT-CTRL","P-001","Aditi Halvorsen","2026-01-24","2026-03-13","11.2","15.0","Closed"
"WI-0754","REQ-0376","ShouldShip","REL-MECH","P-014","Nils Castellan","2026-03-13","2026-04-05","10.5","10.5","Closed"
"WI-0755","REQ-0376","ShouldShip","REL-MECH","P-016","Priya Quintana","2025-08-15","2025-08-19","3.8","2.9","Closed"
"WI-0756","REQ-0376","ShouldShip","REL-MECH","P-012","Liam Moreau","2026-06-14","2026-07-14","14.0","15.3","Closed"
"WI-0757","REQ-0377","ShouldShip","FLT-CTRL","P-015","Olabisi Jindal","2025-01-08","2025-02-25","8.9","11.9","Closed"
"WI-0758","REQ-0377","ShouldShip","FLT-CTRL","P-019","Sana Nakamura","2025-05-15","2025-05-26","33.3","28.6","Closed"
"WI-0759","REQ-0378","MustShip","PWR-MGMT","P-014","Nils Castellan","2025-09-28","2025-10-28","8.9","9.9","Closed"
"WI-0760","REQ-0378","MustShip","PWR-MGMT","P-008","Hiroshi Ibarra","2025-09-06","2025-09-11","12.7","9.9","Closed"
"WI-0761","REQ-0378","MustShip","PWR-MGMT","P-016","Priya Quintana","2025-11-05","2025-11-10","24.0","18.8","Closed"
"WI-0762","REQ-0379","ShouldShip","STRUCT-I","P-007","Grace Baptiste","2025-03-05","2025-03-26","30.4","30.0","Closed"
"WI-0763","REQ-0379","ShouldShip","STRUCT-I","P-021","Ulrike Dalgleish","2025-05-23","2025-06-01","24.4","20.2","Closed"
"WI-0764","REQ-0380","ShouldShip","REL-MECH","P-018","Rafael Grigorescu","2025-05-14","2025-05-20","7.4","5.9","Closed"
"WI-0765","REQ-0382","MustShip","FLT-CTRL","P-006","Farid Saltzman","2025-01-08","2025-03-03","33.5","47.0","Closed"
"WI-0766","REQ-0382","MustShip","FLT-CTRL","P-020","Tomas Ustinov","2025-11-27","2026-01-01","8.9","10.4","Closed"
"WI-0767","REQ-0382","MustShip","FLT-CTRL","P-002","Bruno Oyelaran","2026-03-22","2026-05-05","12.5","16.0","Closed"
"WI-0768","REQ-0383","ShouldShip","GND-CTRL","P-016","Priya Quintana","2025-06-21","2025-06-24","28.9","21.8","Closed"
"WI-0769","REQ-0385","MustShip","COMM-LNK","P-021","Ulrike Dalgleish","2025-02-22","","11.0","","Open"
"WI-0770","REQ-0385","MustShip","COMM-LNK","P-020","Tomas Ustinov","2026-01-03","2026-02-01","34.3","37.2","Closed"
"WI-0771","REQ-0385","MustShip","COMM-LNK","P-009","Imani Petrovic","2026-05-08","2026-05-20","11.0","9.6","Closed"
"WI-0772","REQ-0386","Nice","NAV-SENS","P-018","Rafael Grigorescu","2025-03-11","2025-04-22","11.6","14.6","Closed"
"WI-0773","REQ-0387","Nice","NAV-SENS","P-006","Farid Saltzman","2025-08-06","2025-08-10","8.6","6.6","Closed"
"WI-0774","REQ-0387","Nice","NAV-SENS","P-019","Sana Nakamura","2025-08-17","2025-09-30","29.1","37.4","Closed"
"WI-0775","REQ-0387","Nice","NAV-SENS","P-001","Aditi Halvorsen","2025-10-10","","35.1","","InProgress"
"WI-0776","REQ-0388","MustShip","DIAG-LOG","P-005","Elena Lindqvist","2026-04-25","2026-05-19","12.0","12.2","Closed"
"WI-0777","REQ-0389","MustShip","GND-CTRL","P-011","Katya Fairweather","2025-03-15","2025-04-04","19.0","18.4","Closed"
"WI-0778","REQ-0390","MustShip","COMM-LNK","P-019","Sana Nakamura","2025-01-10","2025-02-23","6.6","8.5","Closed"
"WI-0779","REQ-0390","MustShip","COMM-LNK","P-004","Dmitri Eriksen","2026-01-11","2026-02-07","13.9","14.7","Closed"
"WI-0780","REQ-0391","MustShip","PWR-MGMT","P-006","Farid Saltzman","2025-03-28","2025-04-18","17.3","17.1","Closed"
"WI-0781","REQ-0391","MustShip","PWR-MGMT","P-004","Dmitri Eriksen","2026-04-04","2026-05-09","15.3","17.7","Closed"
"WI-0782","REQ-0392","MustShip","FLT-CTRL","P-018","Rafael Grigorescu","2026-05-05","2026-06-22","13.1","17.4","Closed"
"WI-0783","REQ-0392","MustShip","FLT-CTRL","P-002","Bruno Oyelaran","2026-04-11","2026-05-12","24.1","26.8","Closed"
"WI-0784","REQ-0393","Nice","REL-MECH","P-018","Rafael Grigorescu","2026-03-03","2026-03-20","21.3","19.8","Closed"
"WI-0785","REQ-0393","Nice","REL-MECH","P-017","Quentin Zielinski","2025-02-16","2025-02-19","22.5","16.9","Closed"
"WI-0786","REQ-0394","MustShip","NAV-SENS","P-010","Jonas Weatherby","2025-09-06","2025-10-04","19.0","20.5","Closed"
"WI-0787","REQ-0394","MustShip","NAV-SENS","P-005","Elena Lindqvist","2025-09-12","2025-10-28","29.1","38.0","Closed"
"WI-0788","REQ-0395","ShouldShip","PWR-MGMT","P-001","Aditi Halvorsen","2025-12-28","2026-02-01","32.9","38.2","Closed"
"WI-0789","REQ-0395","ShouldShip","PWR-MGMT","P-005","Elena Lindqvist","2026-06-13","2026-07-13","15.2","16.8","Closed"
"WI-0790","REQ-0395","ShouldShip","PWR-MGMT","P-001","Aditi Halvorsen","2026-02-13","2026-02-16","17.0","12.8","Closed"
"WI-0791","REQ-0396","Nice","REL-MECH","P-010","Jonas Weatherby","2025-01-21","2025-02-26","9.9","11.6","Closed"
"WI-0792","REQ-0396","Nice","REL-MECH","P-013","Mei Thackeray","2025-07-16","2025-08-22","11.8","14.0","Closed"
"WI-0793","REQ-0396","Nice","REL-MECH","P-005","Elena Lindqvist","2025-10-13","2025-10-27","4.6","4.1","Closed"
"WI-0794","REQ-0397","MustShip","REL-MECH","P-015","Olabisi Jindal","2025-09-19","2025-10-25","24.8","29.0","Closed"
"WI-0795","REQ-0397","MustShip","REL-MECH","P-010","Jonas Weatherby","2025-09-12","2025-09-20","13.9","11.4","Closed"
"WI-0796","REQ-0398","MustShip","COMM-LNK","P-012","Liam Moreau","2025-06-17","2025-07-23","30.9","36.5","Closed"
"WI-0797","REQ-0398","MustShip","COMM-LNK","P-001","Aditi Halvorsen","2025-04-08","2025-05-21","28.9","36.7","Closed"
"WI-0798","REQ-0398","MustShip","COMM-LNK","P-020","Tomas Ustinov","2025-07-24","2025-09-11","27.9","37.2","Closed"
"WI-0799","REQ-0399","Nice","DIAG-LOG","P-008","Hiroshi Ibarra","2025-04-01","2025-05-04","15.3","17.5","Closed"
"WI-0800","REQ-0399","Nice","DIAG-LOG","P-015","Olabisi Jindal","2026-05-09","2026-06-01","7.2","7.4","Closed"
"WI-0801","REQ-0400","Nice","PWR-MGMT","P-011","Katya Fairweather","2025-06-27","2025-08-18","14.0","19.3","Closed"
"WI-0802","REQ-0400","Nice","PWR-MGMT","P-017","Quentin Zielinski","2026-06-02","2026-07-07","30.6","35.5","Closed"
"WI-0803","REQ-0400","Nice","PWR-MGMT","P-001","Aditi Halvorsen","2025-10-29","2025-12-04","12.4","14.7","Closed"
"WI-0804","REQ-0401","MustShip","REL-MECH","P-010","Jonas Weatherby","2026-05-20","2026-06-25","3.3","3.9","Closed"
"WI-0805","REQ-0401","MustShip","REL-MECH","P-013","Mei Thackeray","2025-09-13","","19.7","","InProgress"
"WI-0806","REQ-0401","MustShip","REL-MECH","P-012","Liam Moreau","2025-09-30","2025-11-13","30.9","39.4","Closed"
"WI-0807","REQ-0401","MustShip","REL-MECH","P-014","Nils Castellan","2026-05-20","2026-07-12","2.6","3.7","Closed"
"WI-0808","REQ-0402","MustShip","GND-CTRL","P-011","Katya Fairweather","2025-03-15","2025-04-15","17.1","19.1","Closed"
"WI-0809","REQ-0402","MustShip","GND-CTRL","P-004","Dmitri Eriksen","2025-11-30","2025-12-22","18.7","18.7","Closed"
"WI-0810","REQ-0403","Nice","DIAG-LOG","P-003","Camille Villalobos","2026-06-06","2026-06-29","13.6","13.7","Closed"
"WI-0811","REQ-0403","Nice","DIAG-LOG","P-012","Liam Moreau","2025-05-27","2025-06-13","19.6","18.4","Closed"
"WI-0812","REQ-0404","ShouldShip","PWR-MGMT","P-019","Sana Nakamura","2025-01-11","2025-03-07","18.5","26.3","Closed"
"WI-0813","REQ-0405","MustShip","DIAG-LOG","P-019","Sana Nakamura","2026-04-13","2026-05-21","27.0","32.4","Closed"
"WI-0814","REQ-0405","MustShip","DIAG-LOG","P-015","Olabisi Jindal","2025-01-27","2025-03-23","17.8","25.2","Closed"
"WI-0815","REQ-0405","MustShip","DIAG-LOG","P-008","Hiroshi Ibarra","2026-04-23","2026-05-31","28.2","33.7","Closed"
"WI-0816","REQ-0406","ShouldShip","REL-MECH","P-009","Imani Petrovic","2026-06-29","2026-08-24","22.4","32.1","Closed"
"WI-0817","REQ-0406","ShouldShip","REL-MECH","P-002","Bruno Oyelaran","2025-09-30","2025-10-16","30.9","28.5","Closed"
"WI-0818","REQ-0407","ShouldShip","FLT-CTRL","P-011","Katya Fairweather","2025-05-01","2025-05-19","11.7","11.0","Closed"
"WI-0819","REQ-0407","ShouldShip","FLT-CTRL","P-009","Imani Petrovic","2026-01-17","2026-01-29","32.0","27.6","Closed"
"WI-0820","REQ-0408","Nice","NAV-SENS","P-020","Tomas Ustinov","2025-09-25","2025-11-18","23.8","33.6","Closed"
"WI-0821","REQ-0408","Nice","NAV-SENS","P-016","Priya Quintana","2025-07-22","2025-08-19","2.7","2.9","Closed"
"WI-0822","REQ-0408","Nice","NAV-SENS","P-020","Tomas Ustinov","2026-06-08","2026-07-13","26.7","31.1","Closed"
"WI-0823","REQ-0409","MustShip","COMM-LNK","P-011","Katya Fairweather","2025-04-23","2025-05-23","35.0","38.4","Closed"
"WI-0824","REQ-0409","MustShip","COMM-LNK","P-015","Olabisi Jindal","2026-06-02","","9.6","","Open"
"WI-0825","REQ-0410","MustShip","COMM-LNK","P-017","Quentin Zielinski","2026-06-20","2026-07-28","26.0","31.2","Closed"
"WI-0826","REQ-0411","MustShip","COMM-LNK","P-018","Rafael Grigorescu","2025-02-13","2025-04-02","28.5","37.8","Closed"
"WI-0827","REQ-0411","MustShip","COMM-LNK","P-017","Quentin Zielinski","2025-03-11","2025-04-27","20.4","26.8","Closed"
"WI-0828","REQ-0411","MustShip","COMM-LNK","P-020","Tomas Ustinov","2025-12-19","2026-02-11","12.3","17.3","Closed"
"WI-0829","REQ-0412","MustShip","REL-MECH","P-020","Tomas Ustinov","2025-01-22","2025-02-07","32.7","30.0","Closed"
"WI-0830","REQ-0412","MustShip","REL-MECH","P-004","Dmitri Eriksen","2026-06-23","2026-08-10","8.3","11.1","Closed"
"WI-0831","REQ-0412","MustShip","REL-MECH","P-011","Katya Fairweather","2025-07-10","2025-07-31","3.4","3.3","Closed"
"WI-0832","REQ-0413","MustShip","COMM-LNK","P-011","Katya Fairweather","2025-07-13","2025-08-02","22.5","22.0","Closed"
"WI-0833","REQ-0413","MustShip","COMM-LNK","P-016","Priya Quintana","2025-06-24","2025-08-05","12.7","15.9","Closed"
"WI-0834","REQ-0413","MustShip","COMM-LNK","P-009","Imani Petrovic","2025-05-27","2025-07-11","33.9","43.6","Closed"
"WI-0835","REQ-0414","Nice","COMM-LNK","P-005","Elena Lindqvist","2025-05-14","2025-05-20","35.8","28.4","Closed"
"WI-0836","REQ-0414","Nice","COMM-LNK","P-004","Dmitri Eriksen","2026-04-14","2026-06-08","27.7","39.1","Closed"
"WI-0837","REQ-0415","MustShip","STRUCT-I","P-015","Olabisi Jindal","2026-05-29","2026-06-02","4.2","3.2","Closed"
"WI-0838","REQ-0416","MustShip","COMM-LNK","P-009","Imani Petrovic","2026-05-03","2026-05-13","23.3","19.7","Closed"
"WI-0839","REQ-0416","MustShip","COMM-LNK","P-002","Bruno Oyelaran","2026-06-13","2026-06-18","26.6","21.0","Closed"
"WI-0840","REQ-0417","MustShip","FLT-CTRL","P-014","Nils Castellan","2025-07-25","2025-09-01","8.9","10.7","Closed"
"WI-0841","REQ-0418","ShouldShip","DIAG-LOG","P-006","Farid Saltzman","2025-03-20","2025-05-12","16.7","23.4","Closed"
"WI-0842","REQ-0418","ShouldShip","DIAG-LOG","P-015","Olabisi Jindal","2025-06-05","2025-08-01","29.4","42.5","Closed"
"WI-0843","REQ-0419","MustShip","DIAG-LOG","P-016","Priya Quintana","2025-03-09","2025-04-10","33.4","37.8","Closed"
"WI-0844","REQ-0419","MustShip","DIAG-LOG","P-011","Katya Fairweather","2025-02-25","2025-03-19","19.9","19.8","Closed"
"WI-0845","REQ-0419","MustShip","DIAG-LOG","P-002","Bruno Oyelaran","2025-01-22","2025-01-27","25.6","20.1","Closed"
"WI-0846","REQ-0420","MustShip","PWR-MGMT","P-014","Nils Castellan","2025-06-04","2025-07-20","9.7","12.7","Closed"
"WI-0847","REQ-0420","MustShip","PWR-MGMT","P-018","Rafael Grigorescu","2026-01-26","2026-02-19","35.3","36.0","Closed"
"WI-0848","REQ-0421","MustShip","NAV-SENS","P-017","Quentin Zielinski","2025-10-11","2025-10-15","16.3","12.6","Closed"
"WI-0849","REQ-0423","MustShip","FLT-CTRL","P-008","Hiroshi Ibarra","2025-11-24","","4.8","","InProgress"
"WI-0850","REQ-0423","MustShip","FLT-CTRL","P-014","Nils Castellan","2025-12-16","2026-01-15","25.1","27.5","Closed"
"WI-0851","REQ-0424","MustShip","STRUCT-I","P-002","Bruno Oyelaran","2025-08-29","2025-09-07","15.6","13.0","Closed"
"WI-0852","REQ-0424","MustShip","STRUCT-I","P-004","Dmitri Eriksen","2026-02-14","2026-03-02","18.0","16.6","Closed"
"WI-0853","REQ-0425","MustShip","COMM-LNK","P-002","Bruno Oyelaran","2025-04-24","2025-05-18","34.8","35.6","Closed"
"WI-0854","REQ-0425","MustShip","COMM-LNK","P-010","Jonas Weatherby","2026-01-26","2026-02-01","6.6","5.3","Closed"
"WI-0855","REQ-0426","MustShip","STRUCT-I","P-008","Hiroshi Ibarra","2026-06-23","2026-08-09","7.6","10.1","Closed"
"WI-0856","REQ-0427","MustShip","FLT-CTRL","P-020","Tomas Ustinov","2025-06-09","2025-07-26","22.8","30.1","Closed"
"WI-0857","REQ-0428","MustShip","GND-CTRL","P-010","Jonas Weatherby","2026-01-20","2026-03-09","17.3","23.0","Closed"
"WI-0858","REQ-0429","MustShip","REL-MECH","P-020","Tomas Ustinov","2025-12-03","2025-12-18","24.5","22.2","Closed"
"WI-0859","REQ-0429","MustShip","REL-MECH","P-001","Aditi Halvorsen","2026-04-14","2026-05-18","32.0","36.8","Closed"
"WI-0860","REQ-0429","MustShip","REL-MECH","P-016","Priya Quintana","2026-01-09","2026-02-02","31.3","31.9","Closed"
"WI-0861","REQ-0431","ShouldShip","COMM-LNK","P-004","Dmitri Eriksen","2026-03-21","2026-03-26","5.4","4.2","Closed"
"WI-0862","REQ-0432","ShouldShip","DIAG-LOG","P-011","Katya Fairweather","2026-02-04","2026-03-12","21.8","25.6","Closed"
"WI-0863","REQ-0433","MustShip","PWR-MGMT","P-003","Camille Villalobos","2025-10-10","2025-10-15","9.7","7.5","Closed"
"WI-0864","REQ-0433","MustShip","PWR-MGMT","P-017","Quentin Zielinski","2025-06-16","2025-06-25","28.9","24.2","Closed"
"WI-0865","REQ-0434","MustShip","STRUCT-I","P-019","Sana Nakamura","2025-12-22","2026-01-07","16.2","15.1","Closed"
"WI-0866","REQ-0434","MustShip","STRUCT-I","P-017","Quentin Zielinski","2025-06-03","2025-07-27","24.8","34.7","Closed"
"WI-0867","REQ-0435","MustShip","PWR-MGMT","P-021","Ulrike Dalgleish","2026-05-09","2026-05-15","28.0","22.4","Closed"
"WI-0868","REQ-0436","ShouldShip","PWR-MGMT","P-016","Priya Quintana","2025-05-13","2025-06-24","25.6","32.0","Closed"
"WI-0869","REQ-0436","ShouldShip","PWR-MGMT","P-016","Priya Quintana","2026-06-23","2026-08-05","34.0","42.9","Closed"
"WI-0870","REQ-0436","ShouldShip","PWR-MGMT","P-009","Imani Petrovic","2026-06-18","2026-08-10","10.9","15.2","Closed"
"WI-0871","REQ-0437","ShouldShip","PWR-MGMT","P-011","Katya Fairweather","2025-09-16","2025-10-31","27.6","35.6","Closed"
"WI-0872","REQ-0437","ShouldShip","PWR-MGMT","P-009","Imani Petrovic","2025-09-29","2025-11-14","33.9","44.4","Closed"
"WI-0873","REQ-0437","ShouldShip","PWR-MGMT","P-021","Ulrike Dalgleish","2025-12-24","2026-02-12","34.4","46.6","Closed"
"WI-0874","REQ-0438","MustShip","FLT-CTRL","P-009","Imani Petrovic","2025-09-11","2025-10-18","29.5","35.1","Closed"
"WI-0875","REQ-0438","MustShip","FLT-CTRL","P-021","Ulrike Dalgleish","2026-06-05","2026-07-22","11.8","15.5","Closed"
"WI-0876","REQ-0438","MustShip","FLT-CTRL","P-003","Camille Villalobos","2025-07-16","2025-08-17","3.8","4.3","Closed"
"WI-0877","REQ-0439","MustShip","REL-MECH","P-017","Quentin Zielinski","2025-05-08","2025-06-13","16.3","19.1","Closed"
"WI-0878","REQ-0439","MustShip","REL-MECH","P-004","Dmitri Eriksen","2026-01-09","2026-02-08","24.3","26.8","Closed"
"WI-0879","REQ-0440","MustShip","NAV-SENS","P-009","Imani Petrovic","2025-02-17","2025-02-23","16.8","13.3","Closed"
"WI-0880","REQ-0440","MustShip","NAV-SENS","P-015","Olabisi Jindal","2025-08-23","2025-10-01","10.1","12.3","Closed"
"WI-0881","REQ-0441","MustShip","PWR-MGMT","P-011","Katya Fairweather","2025-06-16","2025-06-26","27.2","23.1","Closed"
"WI-0882","REQ-0441","MustShip","PWR-MGMT","P-012","Liam Moreau","2025-09-07","2025-09-15","15.8","12.9","Closed"
"WI-0883","REQ-0441","MustShip","PWR-MGMT","P-008","Hiroshi Ibarra","2025-05-04","2025-04-28","13.2","12.8","Closed"
"WI-0884","REQ-0442","ShouldShip","REL-MECH","P-017","Quentin Zielinski","2026-04-09","2026-06-01","23.4","32.6","Closed"
"WI-0885","REQ-0442","ShouldShip","REL-MECH","P-004","Dmitri Eriksen","2026-02-18","2026-02-22","21.6","16.7","Closed"
"WI-0886","REQ-0443","MustShip","COMM-LNK","P-010","Jonas Weatherby","2026-03-15","2026-03-27","10.1","8.8","Closed"
"WI-0887","REQ-0443","MustShip","COMM-LNK","P-006","Farid Saltzman","2025-05-30","2025-07-12","21.2","26.7","Closed"
"WI-0888","REQ-0443","MustShip","COMM-LNK","P-013","Mei Thackeray","2026-01-16","2026-03-11","23.5","33.0","Closed"
"WI-0889","REQ-0444","MustShip","NAV-SENS","P-016","Priya Quintana","2026-05-21","2026-07-01","13.5","16.8","Closed"
"WI-0890","REQ-0444","MustShip","NAV-SENS","P-003","Camille Villalobos","2026-06-10","2026-06-17","31.3","25.3","Closed"
"WI-0891","REQ-0445","MustShip","PWR-MGMT","P-003","Camille Villalobos","2025-07-13","2025-08-25","6.4","8.0","Closed"
"WI-0892","REQ-0445","MustShip","PWR-MGMT","P-021","Ulrike Dalgleish","2025-05-20","2025-06-04","26.5","24.2","Closed"
"WI-0893","REQ-0445","MustShip","PWR-MGMT","P-013","Mei Thackeray","2026-03-19","2026-05-11","27.9","39.0","Closed"
"WI-0894","REQ-0446","ShouldShip","REL-MECH","P-005","Elena Lindqvist","2025-08-20","2025-09-08","20.2","19.5","Closed"
"WI-0895","REQ-0446","ShouldShip","REL-MECH","P-018","Rafael Grigorescu","2025-03-05","","22.1","","InProgress"
"WI-0896","REQ-0447","ShouldShip","NAV-SENS","P-008","Hiroshi Ibarra","2025-10-03","2025-10-06","30.5","23.1","Closed"
"WI-0897","REQ-0447","ShouldShip","NAV-SENS","P-009","Imani Petrovic","2026-05-27","2026-06-12","31.3","28.9","Closed"
"WI-0898","REQ-0448","Nice","PWR-MGMT","P-021","Ulrike Dalgleish","2025-09-07","2025-10-31","24.2","34.0","Closed"
"WI-0899","REQ-0448","Nice","PWR-MGMT","P-005","Elena Lindqvist","2025-05-01","2025-06-06","22.7","26.6","Closed"
"WI-0900","REQ-0449","MustShip","REL-MECH","P-006","Farid Saltzman","2026-04-09","2026-05-10","24.5","27.3","Closed"
"WI-0901","REQ-0449","MustShip","REL-MECH","P-016","Priya Quintana","2026-04-02","2026-05-08","29.6","34.8","Closed"
"WI-0902","REQ-0450","Nice","DIAG-LOG","P-001","Aditi Halvorsen","2026-01-29","2026-02-13","5.1","4.6","Closed"
"WI-0903","REQ-0450","Nice","DIAG-LOG","P-021","Ulrike Dalgleish","2025-09-23","2025-10-31","19.3","23.2","Closed"
"WI-0904","REQ-0450","Nice","DIAG-LOG","P-009","Imani Petrovic","2026-04-20","2026-05-20","23.1","25.4","Closed"
"WI-0905","REQ-0450","Nice","DIAG-LOG","P-021","Ulrike Dalgleish","2026-02-12","","14.3","","InProgress"
"WI-0906","REQ-0451","MustShip","DIAG-LOG","P-011","Katya Fairweather","2025-11-25","2026-01-04","14.8","18.1","Closed"
"WI-0907","REQ-0451","MustShip","DIAG-LOG","P-013","Mei Thackeray","2025-03-05","2025-03-10","16.7","13.1","Closed"
"WI-0908","REQ-0451","MustShip","DIAG-LOG","P-017","Quentin Zielinski","2025-05-08","2025-05-19","12.6","10.8","Closed"
"WI-0909","REQ-0452","MustShip","PWR-MGMT","P-020","Tomas Ustinov","2025-10-01","2025-11-17","19.0","25.1","Closed"
"WI-0910","REQ-0452","MustShip","PWR-MGMT","P-019","Sana Nakamura","2025-08-02","2025-09-20","16.1","21.6","Closed"
"WI-0911","REQ-0452","MustShip","PWR-MGMT","P-011","Katya Fairweather","2025-10-22","2025-12-10","35.4","47.5","Closed"
"WI-0912","REQ-0453","ShouldShip","PWR-MGMT","P-021","Ulrike Dalgleish","2025-08-20","2025-10-13","19.9","27.9","Closed"
"WI-0913","REQ-0453","ShouldShip","PWR-MGMT","P-021","Ulrike Dalgleish","2025-08-25","2025-09-25","8.9","9.9","Closed"
"WI-0914","REQ-0453","ShouldShip","PWR-MGMT","P-013","Mei Thackeray","2025-02-09","2025-04-05","10.5","14.8","Closed"
"WI-0915","REQ-0454","Nice","REL-MECH","P-014","Nils Castellan","2026-01-24","2026-03-07","30.2","38.0","Closed"
"WI-0916","REQ-0455","MustShip","COMM-LNK","P-010","Jonas Weatherby","2025-07-17","2025-08-24","17.6","21.3","Closed"
"WI-0917","REQ-0455","MustShip","COMM-LNK","P-012","Liam Moreau","2025-12-04","2026-01-21","24.3","32.3","Closed"
"WI-0918","REQ-0455","MustShip","COMM-LNK","P-016","Priya Quintana","2026-05-31","2026-07-05","13.1","15.2","Closed"
"WI-0919","REQ-0456","MustShip","COMM-LNK","P-011","Katya Fairweather","2025-01-08","2025-01-22","23.6","21.2","Closed"
"WI-0920","REQ-0456","MustShip","COMM-LNK","P-008","Hiroshi Ibarra","2025-08-02","2025-08-11","16.9","14.1","Closed"
"WI-0921","REQ-0457","MustShip","PWR-MGMT","P-021","Ulrike Dalgleish","2026-02-08","2026-03-03","9.7","9.8","Closed"
"WI-0922","REQ-0458","MustShip","NAV-SENS","P-001","Aditi Halvorsen","2025-10-03","2025-11-13","18.6","23.2","Closed"
"WI-0923","REQ-0458","MustShip","NAV-SENS","P-009","Imani Petrovic","2025-03-14","2025-04-08","29.6","30.8","Closed"
"WI-0924","REQ-0458","MustShip","NAV-SENS","P-003","Camille Villalobos","2025-04-06","2025-04-29","12.3","12.4","Closed"
"WI-0925","REQ-0459","MustShip","PWR-MGMT","P-010","Jonas Weatherby","2025-09-02","2025-09-06","20.0","15.4","Closed"
"WI-0926","REQ-0459","MustShip","PWR-MGMT","P-020","Tomas Ustinov","2025-03-02","2025-03-10","3.0","2.4","Closed"
"WI-0927","REQ-0460","MustShip","NAV-SENS","P-019","Sana Nakamura","2026-06-21","","32.7","","Open"
"WI-0928","REQ-0461","ShouldShip","PWR-MGMT","P-011","Katya Fairweather","2025-03-03","2025-03-08","12.7","10.0","Closed"
"WI-0929","REQ-0461","ShouldShip","PWR-MGMT","P-012","Liam Moreau","2025-02-21","2025-03-25","18.6","20.8","Closed"
"WI-0930","REQ-0461","ShouldShip","PWR-MGMT","P-018","Rafael Grigorescu","2025-04-19","2025-06-15","29.3","42.2","Closed"
"WI-0931","REQ-0462","Nice","COMM-LNK","P-016","Priya Quintana","2026-04-17","2026-04-30","14.2","12.5","Closed"
"WI-0932","REQ-0463","ShouldShip","FLT-CTRL","P-013","Mei Thackeray","2025-02-20","2025-03-11","25.9","25.0","Closed"
"WI-0933","REQ-0463","ShouldShip","FLT-CTRL","P-021","Ulrike Dalgleish","2025-06-27","2025-07-30","13.8","15.7","Closed"
"WI-0934","REQ-0464","MustShip","PWR-MGMT","P-002","Bruno Oyelaran","2026-06-08","2026-07-29","6.3","8.6","Closed"
"WI-0935","REQ-0465","MustShip","NAV-SENS","P-006","Farid Saltzman","2026-04-05","2026-05-12","14.1","16.7","Closed"
"WI-0936","REQ-0465","MustShip","NAV-SENS","P-002","Bruno Oyelaran","2026-03-14","2026-04-21","16.4","19.8","Closed"
"WI-0937","REQ-0465","MustShip","NAV-SENS","P-007","Grace Baptiste","2026-01-23","2026-02-15","23.7","23.9","Closed"
"WI-0938","REQ-0466","ShouldShip","REL-MECH","P-016","Priya Quintana","2025-08-05","2025-08-23","21.7","20.5","Closed"
"WI-0939","REQ-0466","ShouldShip","REL-MECH","P-001","Aditi Halvorsen","2025-05-23","2025-06-23","31.6","35.3","Closed"
"WI-0940","REQ-0466","ShouldShip","REL-MECH","P-014","Nils Castellan","2026-04-21","","2.1","","InProgress"
"WI-0941","REQ-0467","MustShip","FLT-CTRL","P-018","Rafael Grigorescu","2026-01-21","2026-03-07","28.3","36.8","Closed"
"WI-0942","REQ-0467","MustShip","FLT-CTRL","P-008","Hiroshi Ibarra","2026-04-21","2026-06-10","6.3","8.5","Closed"
"WI-0943","REQ-0467","MustShip","FLT-CTRL","P-020","Tomas Ustinov","2026-02-22","2026-04-05","35.4","44.3","Closed"
"WI-0944","REQ-0468","MustShip","GND-CTRL","P-020","Tomas Ustinov","2025-11-05","2025-11-25","21.6","21.1","Closed"
"WI-0945","REQ-0468","MustShip","GND-CTRL","P-013","Mei Thackeray","2025-06-24","2025-08-11","14.1","18.6","Closed"
"WI-0946","REQ-0469","MustShip","REL-MECH","P-001","Aditi Halvorsen","2026-06-18","2026-07-10","34.5","34.4","Closed"
"WI-0947","REQ-0469","MustShip","REL-MECH","P-005","Elena Lindqvist","2025-11-09","2025-11-30","3.0","3.0","Closed"
"WI-0948","REQ-0469","MustShip","REL-MECH","P-005","Elena Lindqvist","2026-04-17","2026-06-05","30.5","41.0","Closed"
"WI-0949","REQ-0470","Nice","PWR-MGMT","P-017","Quentin Zielinski","2025-02-15","2025-02-22","11.8","9.5","Closed"
"WI-0950","REQ-0471","MustShip","COMM-LNK","P-007","Grace Baptiste","2025-07-11","2025-09-06","23.1","33.3","Closed"
"WI-0951","REQ-0472","MustShip","FLT-CTRL","P-016","Priya Quintana","2026-04-07","2026-05-26","20.6","27.5","Closed"
"WI-0952","REQ-0472","MustShip","FLT-CTRL","P-004","Dmitri Eriksen","2026-01-11","2026-01-24","29.2","25.7","Closed"
"WI-0953","REQ-0472","MustShip","FLT-CTRL","P-004","Dmitri Eriksen","2025-10-02","2025-10-08","27.1","21.6","Closed"
"WI-0954","REQ-0473","MustShip","REL-MECH","P-020","Tomas Ustinov","2026-05-06","2026-05-14","26.6","21.8","Closed"
"WI-0955","REQ-0473","MustShip","REL-MECH","P-001","Aditi Halvorsen","2025-11-05","2025-11-18","13.2","11.7","Closed"
"WI-0956","REQ-0473","MustShip","REL-MECH","P-021","Ulrike Dalgleish","2025-08-07","2025-09-09","31.0","35.3","Closed"
"WI-0957","REQ-0474","MustShip","DIAG-LOG","P-003","Camille Villalobos","2026-06-17","2026-07-11","35.0","36.0","Closed"
"WI-0958","REQ-0474","MustShip","DIAG-LOG","P-015","Olabisi Jindal","2025-12-03","2026-01-19","22.6","29.7","Closed"
"WI-0959","REQ-0475","MustShip","REL-MECH","P-003","Camille Villalobos","2025-11-09","2026-01-01","2.5","3.5","Closed"
"WI-0960","REQ-0475","MustShip","REL-MECH","P-015","Olabisi Jindal","2025-08-19","2025-09-11","26.2","26.3","Closed"
"WI-0961","REQ-0475","MustShip","REL-MECH","P-003","Camille Villalobos","2025-06-28","2025-07-27","6.8","7.4","Closed"
"WI-0962","REQ-0476","ShouldShip","PWR-MGMT","P-015","Olabisi Jindal","2025-11-24","2025-12-07","8.2","7.2","Closed"
"WI-0963","REQ-0476","ShouldShip","PWR-MGMT","P-008","Hiroshi Ibarra","2026-03-13","2026-03-26","18.8","16.7","Closed"
"WI-0964","REQ-0476","ShouldShip","PWR-MGMT","P-001","Aditi Halvorsen","2025-02-17","2025-03-06","3.8","3.5","Closed"
"WI-0965","REQ-0477","Nice","GND-CTRL","P-018","Rafael Grigorescu","2025-06-14","2025-08-02","23.2","31.1","Closed"
"WI-0966","REQ-0477","Nice","GND-CTRL","P-017","Quentin Zielinski","2025-08-27","2025-10-10","6.5","8.3","Closed"
"WI-0967","REQ-0477","Nice","GND-CTRL","P-013","Mei Thackeray","2025-11-13","2025-12-27","34.7","44.1","Closed"
"WI-0968","REQ-0478","MustShip","FLT-CTRL","P-004","Dmitri Eriksen","2026-02-05","2026-03-11","34.3","39.7","Closed"
"WI-0969","REQ-0478","MustShip","FLT-CTRL","P-015","Olabisi Jindal","2025-06-08","2025-07-10","28.1","31.8","Closed"
"WI-0970","REQ-0478","MustShip","FLT-CTRL","P-002","Bruno Oyelaran","2025-06-24","2025-06-29","16.3","12.8","Closed"
"WI-0971","REQ-0479","MustShip","COMM-LNK","P-015","Olabisi Jindal","2025-01-07","2025-01-16","14.0","11.6","Closed"
"WI-0972","REQ-0480","ShouldShip","PWR-MGMT","P-017","Quentin Zielinski","2026-02-24","2026-03-28","21.4","24.1","Closed"
"WI-0973","REQ-0480","ShouldShip","PWR-MGMT","P-014","Nils Castellan","2026-04-16","2026-05-24","34.5","41.7","Closed"
"WI-0974","REQ-0480","ShouldShip","PWR-MGMT","P-013","Mei Thackeray","2025-10-10","2025-11-02","29.8","30.2","Closed"
"WI-0975","REQ-0481","MustShip","REL-MECH","P-021","Ulrike Dalgleish","2025-12-26","2026-01-20","32.4","33.5","Closed"
"WI-0976","REQ-0481","MustShip","REL-MECH","P-003","Camille Villalobos","2025-05-17","2025-06-15","24.4","26.5","Closed"
"WI-0977","REQ-0482","MustShip","GND-CTRL","P-003","Camille Villalobos","2025-12-18","2025-12-30","17.8","15.4","Closed"
"WI-0978","REQ-0483","ShouldShip","COMM-LNK","P-005","Elena Lindqvist","2025-10-22","2025-12-13","28.6","39.5","Closed"
"WI-0979","REQ-0483","ShouldShip","COMM-LNK","P-009","Imani Petrovic","2026-02-12","2026-02-25","29.7","26.3","Closed"
"WI-0980","REQ-0484","Nice","DIAG-LOG","P-010","Jonas Weatherby","2026-05-02","2026-05-21","8.1","7.8","Closed"
"WI-0981","REQ-0485","ShouldShip","FLT-CTRL","P-002","Bruno Oyelaran","2026-01-11","2026-01-15","29.9","23.1","Closed"
"WI-0982","REQ-0485","ShouldShip","FLT-CTRL","P-011","Katya Fairweather","2025-01-16","2025-03-10","29.2","40.8","Closed"
"WI-0983","REQ-0486","MustShip","PWR-MGMT","P-002","Bruno Oyelaran","2025-07-02","2025-08-21","20.8","28.2","Closed"
"WI-0984","REQ-0487","ShouldShip","GND-CTRL","P-014","Nils Castellan","2025-10-25","2025-11-01","29.5","23.9","Closed"
"WI-0985","REQ-0488","MustShip","REL-MECH","P-012","Liam Moreau","2025-12-21","2025-12-29","15.0","12.4","Closed"
"WI-0986","REQ-0489","ShouldShip","NAV-SENS","P-007","Grace Baptiste","2025-03-28","2025-05-17","29.5","39.9","Closed"
"WI-0987","REQ-0489","ShouldShip","NAV-SENS","P-015","Olabisi Jindal","2025-09-29","2025-10-18","11.1","10.7","Closed"
"WI-0988","REQ-0489","ShouldShip","NAV-SENS","P-015","Olabisi Jindal","2025-04-14","2025-05-14","3.5","3.8","Closed"
"WI-0989","REQ-0489","ShouldShip","NAV-SENS","P-019","Sana Nakamura","2026-02-03","2026-03-20","11.6","15.0","Closed"
"WI-0990","REQ-0490","ShouldShip","NAV-SENS","P-011","Katya Fairweather","2026-02-05","2026-03-10","32.0","36.4","Closed"
"WI-0991","REQ-0490","ShouldShip","NAV-SENS","P-006","Farid Saltzman","2026-02-09","2026-02-26","14.9","14.0","Closed"
"WI-0992","REQ-0491","ShouldShip","DIAG-LOG","P-016","Priya Quintana","2025-07-03","2025-06-27","6.7","5.5","Closed"
"WI-0993","REQ-0492","ShouldShip","GND-CTRL","P-007","Grace Baptiste","2025-07-01","2025-07-15","2.2","2.0","Closed"
"WI-0994","REQ-0493","MustShip","REL-MECH","P-016","Priya Quintana","2025-06-11","2025-07-18","18.1","21.6","Closed"
"WI-0995","REQ-0493","MustShip","REL-MECH","P-007","Grace Baptiste","2025-02-01","2025-03-05","16.8","19.0","Closed"
"WI-0996","REQ-0493","MustShip","REL-MECH","P-005","Elena Lindqvist","2026-03-24","2026-05-01","16.8","20.2","Closed"
"WI-0997","REQ-0493","MustShip","REL-MECH","P-016","Priya Quintana","2025-07-25","2025-08-02","2.4","1.9","Closed"
"WI-0998","REQ-0494","MustShip","PWR-MGMT","P-015","Olabisi Jindal","2026-05-29","2026-06-20","27.4","27.5","Closed"
"WI-0999","REQ-0494","MustShip","PWR-MGMT","P-006","Farid Saltzman","2025-02-19","2025-04-03","5.2","6.6","Closed"
"WI-1000","REQ-0495","ShouldShip","REL-MECH","P-003","Camille Villalobos","2025-06-26","2025-07-09","10.4","9.2","Closed"
"WI-1001","REQ-0495","ShouldShip","REL-MECH","P-018","Rafael Grigorescu","2025-10-08","2025-10-11","5.3","4.0","Closed"
"WI-1002","REQ-0495","ShouldShip","REL-MECH","P-003","Camille Villalobos","2025-10-09","2025-10-24","15.6","14.2","Closed"
"WI-1003","REQ-0496","MustShip","NAV-SENS","P-007","Grace Baptiste","2026-04-05","2026-05-02","10.6","11.3","Closed"
"WI-1004","REQ-0496","MustShip","NAV-SENS","P-005","Elena Lindqvist","2025-08-04","2025-09-20","26.7","35.2","Closed"
"WI-1005","REQ-0496","MustShip","NAV-SENS","P-014","Nils Castellan","2026-04-21","2026-05-21","29.1","32.0","Closed"
"WI-1006","REQ-0497","MustShip","REL-MECH","P-014","Nils Castellan","2025-11-27","","20.4","","InProgress"
"WI-1007","REQ-0497","MustShip","REL-MECH","P-019","Sana Nakamura","2025-07-03","2025-08-03","12.9","14.4","Closed"
"WI-1008","REQ-0498","MustShip","COMM-LNK","P-017","Quentin Zielinski","2025-08-12","2025-09-13","6.7","7.6","Closed"
"WI-1009","REQ-0498","MustShip","COMM-LNK","P-001","Aditi Halvorsen","2026-01-27","2026-03-21","35.0","48.7","Closed"
"WI-1010","REQ-0499","MustShip","REL-MECH","P-003","Camille Villalobos","2025-07-29","2025-09-01","8.0","9.2","Closed"
"WI-1011","REQ-0500","ShouldShip","NAV-SENS","P-003","Camille Villalobos","2025-05-27","2025-07-11","11.5","14.8","Closed"
"WI-1012","REQ-0501","ShouldShip","FLT-CTRL","P-006","Farid Saltzman","2025-07-16","2025-09-05","10.2","13.8","Closed"
"WI-1013","REQ-0502","Nice","REL-MECH","P-010","Jonas Weatherby","2025-09-22","2025-11-15","16.5","23.2","Closed"
"WI-1014","REQ-0503","MustShip","STRUCT-I","P-008","Hiroshi Ibarra","2026-03-03","2026-04-17","30.0","38.6","Closed"
"WI-1015","REQ-0503","MustShip","STRUCT-I","P-002","Bruno Oyelaran","2026-01-20","2026-01-27","17.5","14.2","Closed"
"WI-1016","REQ-0504","ShouldShip","COMM-LNK","P-007","Grace Baptiste","2025-03-28","2025-04-10","33.6","29.7","Closed"
"WI-1017","REQ-0504","ShouldShip","COMM-LNK","P-015","Olabisi Jindal","2026-05-23","2026-07-05","15.6","19.8","Closed"
"WI-1018","REQ-0504","ShouldShip","COMM-LNK","P-002","Bruno Oyelaran","2026-01-22","","22.7","","Open"
"WI-1019","REQ-0505","ShouldShip","FLT-CTRL","P-021","Ulrike Dalgleish","2026-01-17","2026-02-19","7.0","8.0","Closed"
"WI-1020","REQ-0505","ShouldShip","FLT-CTRL","P-012","Liam Moreau","2025-06-29","2025-08-07","21.1","25.7","Closed"
"WI-1021","REQ-0505","ShouldShip","FLT-CTRL","P-011","Katya Fairweather","2026-03-08","","29.5","","InProgress"
"WI-1022","REQ-0506","ShouldShip","COMM-LNK","P-021","Ulrike Dalgleish","2025-11-03","2025-11-12","29.2","24.2","Closed"
"WI-1023","REQ-0506","ShouldShip","COMM-LNK","P-005","Elena Lindqvist","2026-05-26","2026-07-22","31.5","45.5","Closed"
"WI-1024","REQ-0506","ShouldShip","COMM-LNK","P-001","Aditi Halvorsen","2025-08-01","2025-09-19","20.9","28.2","Closed"
"WI-1025","REQ-0507","MustShip","GND-CTRL","P-003","Camille Villalobos","2025-11-03","2025-12-20","34.4","45.3","Closed"
"WI-1026","REQ-0507","MustShip","GND-CTRL","P-015","Olabisi Jindal","2025-01-15","2025-02-08","20.3","20.7","Closed"
"WI-1027","REQ-0508","ShouldShip","DIAG-LOG","P-015","Olabisi Jindal","2025-11-13","2025-12-19","7.6","9.0","Closed"
"WI-1028","REQ-0508","ShouldShip","DIAG-LOG","P-011","Katya Fairweather","2025-04-02","2025-05-29","2.0","2.9","Closed"
"WI-1029","REQ-0508","ShouldShip","DIAG-LOG","P-006","Farid Saltzman","2025-04-18","2025-04-28","20.7","17.4","Closed"
"WI-1030","REQ-0509","Nice","PWR-MGMT","P-007","Grace Baptiste","2025-03-16","2025-04-25","19.8","24.2","Closed"
"WI-1031","REQ-0509","Nice","PWR-MGMT","P-011","Katya Fairweather","2025-01-21","2025-02-08","32.5","31.0","Closed"
"WI-1032","REQ-0509","Nice","PWR-MGMT","P-013","Mei Thackeray","2025-12-14","2026-01-10","27.8","29.7","Closed"
"WI-1033","REQ-0510","MustShip","GND-CTRL","P-014","Nils Castellan","2025-11-05","2025-12-23","21.2","28.1","Closed"
"WI-1034","REQ-0511","ShouldShip","PWR-MGMT","P-012","Liam Moreau","2026-05-24","2026-05-27","26.9","20.3","Closed"
"WI-1035","REQ-0512","Nice","DIAG-LOG","P-017","Quentin Zielinski","2026-05-01","2026-05-28","21.9","23.1","Closed"
"WI-1036","REQ-0514","MustShip","FLT-CTRL","P-002","Bruno Oyelaran","2026-04-17","2026-04-26","21.1","17.7","Closed"
"WI-1037","REQ-0514","MustShip","FLT-CTRL","P-017","Quentin Zielinski","2026-01-17","2026-03-13","28.5","40.6","Closed"
"WI-1038","REQ-0514","MustShip","FLT-CTRL","P-021","Ulrike Dalgleish","2026-04-18","2026-06-01","23.7","30.2","Closed"
"WI-1039","REQ-0515","MustShip","REL-MECH","P-018","Rafael Grigorescu","2026-03-16","2026-04-09","9.8","10.0","Closed"
"WI-1040","REQ-0516","ShouldShip","GND-CTRL","P-006","Farid Saltzman","2025-11-07","2025-12-18","18.1","22.3","Closed"
"WI-1041","REQ-0516","ShouldShip","GND-CTRL","P-005","Elena Lindqvist","2026-03-31","2026-04-22","22.4","22.4","Closed"
"WI-1042","REQ-0516","ShouldShip","GND-CTRL","P-005","Elena Lindqvist","2026-04-15","2026-05-07","4.1","4.1","Closed"
"WI-1043","REQ-0517","Nice","REL-MECH","P-011","Katya Fairweather","2025-11-25","2026-01-21","18.5","26.6","Closed"
"WI-1044","REQ-0517","Nice","REL-MECH","P-019","Sana Nakamura","2025-11-26","2025-12-15","19.0","18.3","Closed"
"WI-1045","REQ-0517","Nice","REL-MECH","P-010","Jonas Weatherby","2026-01-21","2026-02-18","6.9","7.4","Closed"
"WI-1046","REQ-0517","Nice","REL-MECH","P-003","Camille Villalobos","2025-08-27","2025-10-19","30.8","43.0","Closed"
"WI-1047","REQ-0518","Nice","REL-MECH","P-019","Sana Nakamura","2025-03-09","2025-04-23","20.0","25.7","Closed"
"WI-1048","REQ-0518","Nice","REL-MECH","P-010","Jonas Weatherby","2025-07-21","2025-09-04","24.9","32.0","Closed"
"WI-1049","REQ-0518","Nice","REL-MECH","P-003","Camille Villalobos","2026-02-27","2026-03-04","23.3","18.2","Closed"
"WI-1050","REQ-0519","ShouldShip","GND-CTRL","P-004","Dmitri Eriksen","2025-11-29","2026-01-23","33.4","47.5","Closed"
"WI-1051","REQ-0519","ShouldShip","GND-CTRL","P-018","Rafael Grigorescu","2025-10-20","","32.0","","InProgress"
"WI-1052","REQ-0519","ShouldShip","GND-CTRL","P-015","Olabisi Jindal","2026-01-12","2026-01-24","26.5","23.0","Closed"
"WI-1053","REQ-0520","ShouldShip","NAV-SENS","P-008","Hiroshi Ibarra","2026-03-03","2026-04-09","17.6","20.9","Closed"
"WI-1054","REQ-0520","ShouldShip","NAV-SENS","P-013","Mei Thackeray","2025-04-29","2025-06-05","24.9","29.7","Closed"
"WI-1055","REQ-0520","ShouldShip","NAV-SENS","P-007","Grace Baptiste","2025-01-20","2025-02-15","9.8","10.3","Closed"
"WI-1056","REQ-0521","MustShip","REL-MECH","P-008","Hiroshi Ibarra","2025-04-15","2025-05-02","20.5","19.2","Closed"
"WI-1057","REQ-0522","ShouldShip","FLT-CTRL","P-009","Imani Petrovic","2026-03-05","2026-04-05","10.8","12.0","Closed"
"WI-1058","REQ-0523","MustShip","REL-MECH","P-008","Hiroshi Ibarra","2025-10-03","2025-10-21","30.1","28.6","Closed"
"WI-1059","REQ-0523","MustShip","REL-MECH","P-019","Sana Nakamura","2026-03-02","2026-03-27","11.7","12.1","Closed"
"WI-1060","REQ-0524","MustShip","NAV-SENS","P-008","Hiroshi Ibarra","2026-05-27","2026-07-15","5.6","7.5","Closed"
"WI-1061","REQ-0524","MustShip","NAV-SENS","P-008","Hiroshi Ibarra","2026-03-17","2026-05-10","28.8","40.5","Closed"
"WI-1062","REQ-0525","Nice","COMM-LNK","P-018","Rafael Grigorescu","2025-04-18","2025-04-29","7.8","6.7","Closed"
"WI-1063","REQ-0526","ShouldShip","DIAG-LOG","P-008","Hiroshi Ibarra","2026-05-05","2026-05-25","11.1","10.8","Closed"
"WI-1064","REQ-0526","ShouldShip","DIAG-LOG","P-017","Quentin Zielinski","2025-07-15","2025-07-24","31.2","25.9","Closed"
"WI-1065","REQ-0527","ShouldShip","GND-CTRL","P-003","Camille Villalobos","2025-01-08","2025-02-05","29.1","31.2","Closed"
"WI-1066","REQ-0527","ShouldShip","GND-CTRL","P-017","Quentin Zielinski","2026-04-09","2026-05-30","18.4","25.1","Closed"
"WI-1067","REQ-0528","MustShip","FLT-CTRL","P-011","Katya Fairweather","2025-06-13","2025-07-12","8.6","9.4","Closed"
"WI-1068","REQ-0529","MustShip","NAV-SENS","P-010","Jonas Weatherby","2025-04-19","2025-06-14","12.8","18.3","Closed"
"WI-1069","REQ-0529","MustShip","NAV-SENS","P-001","Aditi Halvorsen","2025-01-09","2025-01-27","2.0","1.9","Closed"
"WI-1070","REQ-0530","MustShip","DIAG-LOG","P-011","Katya Fairweather","2026-06-18","2026-08-12","31.9","45.4","Closed"
"WI-1071","REQ-0530","MustShip","DIAG-LOG","P-006","Farid Saltzman","2025-06-21","2025-07-16","14.1","14.7","Closed"
"WI-1072","REQ-0530","MustShip","DIAG-LOG","P-001","Aditi Halvorsen","2026-06-23","2026-07-09","26.4","24.4","Closed"
"WI-1073","REQ-0531","ShouldShip","FLT-CTRL","P-006","Farid Saltzman","2026-02-23","2026-03-13","18.5","17.5","Closed"
"WI-1074","REQ-0531","ShouldShip","FLT-CTRL","P-011","Katya Fairweather","2026-04-11","2026-05-07","12.6","13.3","Closed"
"WI-1075","REQ-0531","ShouldShip","FLT-CTRL","P-018","Rafael Grigorescu","2025-10-02","","2.5","","InProgress"
"WI-1076","REQ-0532","ShouldShip","NAV-SENS","P-021","Ulrike Dalgleish","2026-06-02","2026-07-17","6.3","8.0","Closed"
"WI-1077","REQ-0533","MustShip","NAV-SENS","P-004","Dmitri Eriksen","2026-04-25","2026-05-16","23.9","23.5","Closed"
"WI-1078","REQ-0533","MustShip","NAV-SENS","P-007","Grace Baptiste","2025-06-23","2025-08-03","12.8","15.9","Closed"
"WI-1079","REQ-0533","MustShip","NAV-SENS","P-003","Camille Villalobos","2025-05-21","2025-07-16","9.7","13.8","Closed"
"WI-1080","REQ-0534","ShouldShip","PWR-MGMT","P-011","Katya Fairweather","2025-09-13","2025-11-05","20.0","27.9","Closed"
"WI-1081","REQ-0534","ShouldShip","PWR-MGMT","P-016","Priya Quintana","2026-06-03","2026-06-07","26.5","20.2","Closed"
"WI-1082","REQ-0534","ShouldShip","PWR-MGMT","P-007","Grace Baptiste","2025-05-07","2025-06-23","30.3","40.0","Closed"
"WI-1083","REQ-0534","ShouldShip","PWR-MGMT","P-012","Liam Moreau","2025-07-25","2025-09-20","22.1","32.0","Closed"
"WI-1084","REQ-0537","MustShip","COMM-LNK","P-017","Quentin Zielinski","2026-03-18","2026-04-22","33.1","38.4","Closed"
"WI-1085","REQ-0537","MustShip","COMM-LNK","P-015","Olabisi Jindal","2026-06-19","2026-07-05","29.8","27.4","Closed"
"WI-1086","REQ-0537","MustShip","COMM-LNK","P-003","Camille Villalobos","2025-03-22","2025-03-28","2.3","1.8","Closed"
"WI-1087","REQ-0538","MustShip","DIAG-LOG","P-013","Mei Thackeray","2025-08-18","2025-09-11","6.6","6.7","Closed"
"WI-1088","REQ-0538","MustShip","DIAG-LOG","P-008","Hiroshi Ibarra","2025-07-19","2025-08-18","23.5","25.8","Closed"
"WI-1089","REQ-0539","MustShip","GND-CTRL","P-008","Hiroshi Ibarra","2025-04-21","2025-06-13","5.9","8.2","Closed"
"WI-1090","REQ-0539","MustShip","GND-CTRL","P-017","Quentin Zielinski","2025-03-12","2025-03-27","22.5","20.5","Closed"
"WI-1091","REQ-0540","ShouldShip","FLT-CTRL","P-012","Liam Moreau","2025-10-22","2025-12-16","9.6","13.6","Closed"
