"InvoiceNo","CustomerID","CustomerName","Segment","Region","SalesRep","RiskTier","CreditLimit","CollectorID","CollectorName","Team","TermsCode","NetDays","DiscountPct","InvoiceDate","DueDate","InvoiceAmount","PaidToDate","DiscountToDate","CreditMemoToDate","WriteOffToDate","OpenBalance","OverAppliedAmount","IsOpen","IsPastDue","DaysPastDue","BucketKey","BucketName","RiskWeight","IsDisputedOpen","DisputeReason"
"INV-000153","C0378","Silverline Fabrication - Southwest","OEM Manufacturer","Southwest","Rosa Delgado","Medium","585000.00","COL-01","Priya Natarajan","Strategic Accounts","NET45","45","0.00","2024-01-03","2024-02-17","8016.67","0.00","0.00","0.00","0.00","8016.67","0.00","1","1","683","5","90+","1.00","0",""
"INV-000196","C0326","Pioneer Manufacturing","OEM Manufacturer","Northeast","Adrian Cole","Low","315000.00","COL-01","Priya Natarajan","Strategic Accounts","NET45","45","0.00","2024-01-04","2024-02-18","3019.28","0.00","0.00","0.00","0.00","3019.28","0.00","1","1","682","5","90+","1.00","0",""
"INV-001056","C0190","Harbor Fabrication","OEM Manufacturer","West","Owen Price","Medium","580000.00","COL-01","Priya Natarajan","Strategic Accounts","NET45","45","0.00","2024-01-30","2024-03-15","12428.36","0.00","0.00","0.00","0.00","12428.36","0.00","1","1","656","5","90+","1.00","0",""
"INV-001631","C0196","Lakeshore MRO Services - Midwest","MRO Reseller","Midwest","Hana Sato","Low","75000.00","COL-06","Sam Horowitz","Small Business","2/10NET30","30","2.00","2024-02-15","2024-03-16","3697.77","0.00","0.00","0.00","0.00","3697.77","0.00","1","1","655","5","90+","1.00","0",""
"INV-001887","C0095","Stonegate Fabrication","OEM Manufacturer","West","Owen Price","Low","600000.00","COL-02","Marcus Bell","Strategic Accounts","NET60","60","0.00","2024-02-22","2024-04-22","15952.24","0.00","0.00","0.00","0.00","15952.24","0.00","1","1","618","5","90+","1.00","0",""
"INV-001929","C0392","Apex Industrial Supply - Southwest 3","MRO Reseller","Southwest","Rosa Delgado","High","95000.00","COL-05","Grace Lindqvist","Small Business","NET30","30","0.00","2024-02-22","2024-03-23","504.90","201.96","0.00","0.00","0.00","302.94","0.00","1","1","648","5","90+","1.00","0",""
"INV-002573","C0118","Granite MRO Services","MRO Reseller","Southeast","Dana Whitfield","Low","60000.00","COL-05","Grace Lindqvist","Small Business","2/10NET30","30","2.00","2024-03-12","2024-04-11","514.90","0.00","0.00","0.00","0.00","514.90","0.00","1","1","629","5","90+","1.00","0",""
"INV-002698","C0172","Crestview Electric","Contractor","West","Owen Price","Medium","120000.00","COL-04","Tomas Okafor","Commercial","2/10NET30","30","2.00","2024-03-14","2024-04-13","7155.82","4293.49","0.00","0.00","0.00","2862.33","0.00","1","1","627","5","90+","1.00","0",""
"INV-003672","C0147","Apex Manufacturing - Northeast","OEM Manufacturer","Northeast","Nadia Farouk","Low","455000.00","COL-02","Marcus Bell","Strategic Accounts","NET45","45","0.00","2024-04-08","2024-05-23","1792.87","0.00","0.00","0.00","0.00","1792.87","0.00","1","1","587","5","90+","1.00","0",""
"INV-004341","C0369","Lakeshore Components","OEM Manufacturer","Midwest","Hana Sato","High","545000.00","COL-02","Marcus Bell","Strategic Accounts","NET60","60","0.00","2024-04-22","2024-06-21","1876.30","0.00","0.00","0.00","0.00","1876.30","0.00","1","1","558","5","90+","1.00","0",""
"INV-004785","C0295","Ironbridge Maintenance Supply","MRO Reseller","Northeast","Nadia Farouk","Low","85000.00","COL-06","Sam Horowitz","Small Business","2/10NET30","30","2.00","2024-05-02","2024-06-01","517.98","0.00","0.00","0.00","0.00","517.98","0.00","1","1","578","5","90+","1.00","0",""
"INV-004996","C0084","Granite Construction","Contractor","Southwest","Rosa Delgado","Medium","145000.00","COL-03","Elena Ruiz","Commercial","2/10NET30","30","2.00","2024-05-08","2024-06-07","919.96","0.00","0.00","0.00","0.00","919.96","0.00","1","1","572","5","90+","1.00","0",""
"INV-005808","C0215","Silverline Medical Center","Institutional","Southeast","Luis Moreno","Low","155000.00","COL-02","Marcus Bell","Strategic Accounts","NET60","60","0.00","2024-05-27","2024-07-26","4011.74","0.00","0.00","0.00","0.00","4011.74","0.00","1","1","523","5","90+","1.00","0",""
"INV-006171","C0095","Stonegate Fabrication","OEM Manufacturer","West","Owen Price","Low","600000.00","COL-02","Marcus Bell","Strategic Accounts","NET60","60","0.00","2024-06-04","2024-08-03","2762.41","0.00","0.00","0.00","0.00","2762.41","0.00","1","1","515","5","90+","1.00","0",""
"INV-006583","C0182","Lakeshore Parts & Service","MRO Reseller","Midwest","Hana Sato","Medium","50000.00","COL-06","Sam Horowitz","Small Business","NET30","30","0.00","2024-06-13","2024-07-13","574.59","0.00","0.00","0.00","0.00","574.59","0.00","1","1","536","5","90+","1.00","0",""
"INV-006640","C0141","Lakeshore Contracting","Contractor","Southwest","Kevin Ames","Low","95000.00","COL-03","Elena Ruiz","Commercial","2/10NET30","30","2.00","2024-06-14","2024-07-14","930.63","0.00","0.00","0.00","0.00","930.63","0.00","1","1","535","5","90+","1.00","0",""
"INV-006691","C0042","Bluewater Industries","OEM Manufacturer","Southwest","Kevin Ames","High","355000.00","COL-01","Priya Natarajan","Strategic Accounts","NET60","60","0.00","2024-06-17","2024-08-16","3658.04","0.00","0.00","0.00","0.00","3658.04","0.00","1","1","502","5","90+","1.00","0",""
"INV-007455","C0369","Lakeshore Components","OEM Manufacturer","Midwest","Hana Sato","High","545000.00","COL-02","Marcus Bell","Strategic Accounts","NET60","60","0.00","2024-07-03","2024-09-01","4927.43","0.00","0.00","0.00","0.00","4927.43","0.00","1","1","486","5","90+","1.00","0",""
"INV-007586","C0151","Riverbend MRO Services - Northeast 3","MRO Reseller","Northeast","Adrian Cole","Low","120000.00","COL-05","Grace Lindqvist","Small Business","NET30","30","0.00","2024-07-08","2024-08-07","2414.29","0.00","0.00","0.00","0.00","2414.29","0.00","1","1","511","5","90+","1.00","0",""
"INV-007845","C0206","Oakmont Manufacturing","OEM Manufacturer","Southeast","Dana Whitfield","Medium","590000.00","COL-01","Priya Natarajan","Strategic Accounts","NET60","60","0.00","2024-07-12","2024-09-10","2962.54","0.00","0.00","0.00","0.00","2962.54","0.00","1","1","477","5","90+","1.00","0",""
"INV-007847","C0210","Harbor Construction - Southwest","Contractor","Southwest","Rosa Delgado","Low","80000.00","COL-04","Tomas Okafor","Commercial","NET30","30","0.00","2024-07-12","2024-08-11","3195.97","0.00","0.00","0.00","0.00","3195.97","0.00","1","1","507","5","90+","1.00","0",""
"INV-007898","C0115","Ironbridge Contracting","Contractor","Northeast","Adrian Cole","Low","65000.00","COL-03","Elena Ruiz","Commercial","NET30","30","0.00","2024-07-15","2024-08-14","1417.00","0.00","0.00","0.00","0.00","1417.00","0.00","1","1","504","5","90+","1.00","0",""
"INV-008060","C0298","Cedar Ridge Contracting - Northeast","Contractor","Northeast","Nadia Farouk","Low","150000.00","COL-01","Priya Natarajan","Strategic Accounts","NET30","30","0.00","2024-07-17","2024-08-16","862.74","517.64","0.00","0.00","0.00","345.10","0.00","1","1","502","5","90+","1.00","0",""
"INV-008084","C0068","Harbor Industries","OEM Manufacturer","Southwest","Rosa Delgado","High","600000.00","COL-01","Priya Natarajan","Strategic Accounts","NET60","60","0.00","2024-07-18","2024-09-16","6753.52","0.00","0.00","0.00","0.00","6753.52","0.00","1","1","471","5","90+","1.00","0",""
"INV-008166","C0251","Silverline Mechanical - Southwest","Contractor","Southwest","Kevin Ames","Low","140000.00","COL-04","Tomas Okafor","Commercial","NET30","30","0.00","2024-07-19","2024-08-18","800.42","0.00","0.00","0.00","0.00","800.42","0.00","1","1","500","5","90+","1.00","0",""
"INV-008744","C0246","Lakeshore Industrial Supply","MRO Reseller","Southeast","Luis Moreno","Low","90000.00","COL-06","Sam Horowitz","Small Business","NET30","30","0.00","2024-08-02","2024-09-01","471.72","0.00","0.00","0.00","0.00","471.72","0.00","1","1","486","5","90+","1.00","0",""
"INV-009897","C0058","Lakeshore Builders","Contractor","Southwest","Kevin Ames","Low","55000.00","COL-03","Elena Ruiz","Commercial","NET30","30","0.00","2024-08-30","2024-09-29","1653.18","0.00","0.00","0.00","0.00","1653.18","0.00","1","1","458","5","90+","1.00","0",""
"INV-010244","C0170","Titan Industries","OEM Manufacturer","Northeast","Adrian Cole","Low","580000.00","COL-01","Priya Natarajan","Strategic Accounts","NET45","45","0.00","2024-09-06","2024-10-21","2548.35","1019.34","0.00","0.00","0.00","1529.01","0.00","1","1","436","5","90+","1.00","0",""
"INV-010640","C0378","Silverline Fabrication - Southwest","OEM Manufacturer","Southwest","Rosa Delgado","Medium","585000.00","COL-01","Priya Natarajan","Strategic Accounts","NET45","45","0.00","2024-09-16","2024-10-31","2173.55","0.00","0.00","0.00","0.00","2173.55","0.00","1","1","426","5","90+","1.00","0",""
"INV-011380","C0328","Westbrook Industries","OEM Manufacturer","Midwest","Ben Kowalczyk","Low","590000.00","COL-01","Priya Natarajan","Strategic Accounts","NET45","45","0.00","2024-10-03","2024-11-17","3169.41","0.00","0.00","0.00","0.00","3169.41","0.00","1","1","409","5","90+","1.00","0",""
"INV-011902","C0196","Lakeshore MRO Services - Midwest","MRO Reseller","Midwest","Hana Sato","Low","75000.00","COL-06","Sam Horowitz","Small Business","2/10NET30","30","2.00","2024-10-17","2024-11-16","514.98","0.00","0.00","0.00","0.00","514.98","0.00","1","1","410","5","90+","1.00","0",""
"INV-012038","C0393","Silverline Components - West 3","OEM Manufacturer","West","Owen Price","Low","415000.00","COL-01","Priya Natarajan","Strategic Accounts","NET45","45","0.00","2024-10-21","2024-12-05","2607.46","0.00","0.00","0.00","0.00","2607.46","0.00","1","1","391","5","90+","1.00","0",""
"INV-012135","C0301","Titan Builders - Midwest 4","Contractor","Midwest","Ben Kowalczyk","Medium","105000.00","COL-03","Elena Ruiz","Commercial","NET30","30","0.00","2024-10-23","2024-11-22","2303.59","0.00","0.00","0.00","0.00","2303.59","0.00","1","1","404","5","90+","1.00","0",""
"INV-012446","C0034","Crestview Contracting","Contractor","Southwest","Rosa Delgado","Low","75000.00","COL-04","Tomas Okafor","Commercial","NET30","30","0.00","2024-10-31","2024-11-30","1402.84","0.00","0.00","0.00","0.00","1402.84","0.00","1","1","396","5","90+","1.00","0",""
"INV-012705","C0001","Silverline MRO Services","MRO Reseller","Northeast","Adrian Cole","Medium","120000.00","COL-05","Grace Lindqvist","Small Business","NET30","30","0.00","2024-11-07","2024-12-07","1263.09","0.00","0.00","0.00","0.00","1263.09","0.00","1","1","389","5","90+","1.00","0",""
"INV-012753","C0380","Silverline Construction","Contractor","Southwest","Kevin Ames","Low","30000.00","COL-04","Tomas Okafor","Commercial","NET30","30","0.00","2024-11-07","2024-12-07","3971.58","0.00","0.00","0.00","0.00","3971.58","0.00","1","1","389","5","90+","1.00","0",""
"INV-012971","C0068","Harbor Industries","OEM Manufacturer","Southwest","Rosa Delgado","High","600000.00","COL-01","Priya Natarajan","Strategic Accounts","NET60","60","0.00","2024-11-14","2025-01-13","1941.39","0.00","0.00","0.00","0.00","1941.39","0.00","1","1","352","5","90+","1.00","0",""
"INV-013383","C0107","Silverline Mechanical","Contractor","Southeast","Dana Whitfield","Low","145000.00","COL-03","Elena Ruiz","Commercial","2/10NET30","30","2.00","2024-11-25","2024-12-25","4939.05","0.00","0.00","0.00","0.00","4939.05","0.00","1","1","371","5","90+","1.00","0",""
"INV-013737","C0206","Oakmont Manufacturing","OEM Manufacturer","Southeast","Dana Whitfield","Medium","590000.00","COL-01","Priya Natarajan","Strategic Accounts","NET60","60","0.00","2024-12-03","2025-02-01","2881.20","0.00","0.00","0.00","0.00","2881.20","0.00","1","1","333","5","90+","1.00","0",""
"INV-014282","C0008","Silverline Maintenance Supply","MRO Reseller","Southwest","Kevin Ames","Low","105000.00","COL-06","Sam Horowitz","Small Business","NET30","30","0.00","2024-12-17","2025-01-16","507.20","0.00","0.00","0.00","0.00","507.20","0.00","1","1","349","5","90+","1.00","0",""
"INV-015207","C0049","Westbrook Mechanical","Contractor","Southwest","Rosa Delgado","Medium","145000.00","COL-03","Elena Ruiz","Commercial","2/10NET30","30","2.00","2025-01-09","2025-02-08","3683.79","0.00","0.00","0.00","0.00","3683.79","0.00","1","1","326","5","90+","1.00","0",""
"INV-015296","C0017","Silverline Fabrication","OEM Manufacturer","Southwest","Kevin Ames","Low","500000.00","COL-01","Priya Natarajan","Strategic Accounts","NET45","45","0.00","2025-01-13","2025-02-27","3923.60","0.00","0.00","0.00","0.00","3923.60","0.00","1","1","307","5","90+","1.00","0",""
"INV-015483","C0349","Granite Manufacturing","OEM Manufacturer","Northeast","Nadia Farouk","High","490000.00","COL-02","Marcus Bell","Strategic Accounts","NET60","60","0.00","2025-01-16","2025-03-17","11345.74","0.00","0.00","0.00","0.00","11345.74","0.00","1","1","289","5","90+","1.00","0",""
"INV-015832","C0226","Lakeshore Industries","OEM Manufacturer","Midwest","Hana Sato","Medium","410000.00","COL-01","Priya Natarajan","Strategic Accounts","NET60","60","0.00","2025-01-27","2025-03-28","4228.56","0.00","0.00","0.00","0.00","4228.56","0.00","1","1","278","5","90+","1.00","0",""
"INV-015896","C0359","Stonegate Fabrication - West","OEM Manufacturer","West","Maya Brennan","High","380000.00","COL-02","Marcus Bell","Strategic Accounts","NET60","60","0.00","2025-01-28","2025-03-29","8807.44","5284.46","0.00","0.00","0.00","3522.98","0.00","1","1","277","5","90+","1.00","0",""
"INV-016012","C0031","Stonegate Machine Works","OEM Manufacturer","Northeast","Adrian Cole","Low","515000.00","COL-02","Marcus Bell","Strategic Accounts","NET60","60","0.00","2025-01-31","2025-04-01","1675.15","0.00","0.00","0.00","0.00","1675.15","0.00","1","1","274","5","90+","1.00","0",""
"INV-016708","C0126","Oakmont Parts & Service","MRO Reseller","West","Owen Price","Medium","65000.00","COL-06","Sam Horowitz","Small Business","NET30","30","0.00","2025-02-20","2025-03-22","450.00","0.00","0.00","0.00","0.00","450.00","0.00","1","1","284","5","90+","1.00","0",""
"INV-016753","C0038","Summit Fabrication","OEM Manufacturer","Northeast","Adrian Cole","High","430000.00","COL-01","Priya Natarajan","Strategic Accounts","NET45","45","0.00","2025-02-21","2025-04-07","4494.00","0.00","0.00","0.00","0.00","4494.00","0.00","1","1","268","5","90+","1.00","0",""
"INV-016866","C0139","Harbor Machine Works","OEM Manufacturer","Midwest","Ben Kowalczyk","Medium","570000.00","COL-01","Priya Natarajan","Strategic Accounts","NET45","45","0.00","2025-02-25","2025-04-11","3403.44","0.00","0.00","0.00","0.00","3403.44","0.00","1","1","264","5","90+","1.00","0",""
"INV-017223","C0095","Stonegate Fabrication","OEM Manufacturer","West","Owen Price","Low","600000.00","COL-02","Marcus Bell","Strategic Accounts","NET60","60","0.00","2025-03-06","2025-05-05","4788.73","1915.49","0.00","0.00","0.00","2873.24","0.00","1","1","240","5","90+","1.00","0",""
"INV-017321","C0076","Cedar Ridge Construction","Contractor","West","Maya Brennan","Low","110000.00","COL-04","Tomas Okafor","Commercial","NET30","30","0.00","2025-03-10","2025-04-09","912.52","547.51","0.00","0.00","0.00","365.01","0.00","1","1","266","5","90+","1.00","0",""
"INV-017446","C0134","Frontier MRO Services","MRO Reseller","Northeast","Adrian Cole","Medium","90000.00","COL-05","Grace Lindqvist","Small Business","2/10NET30","30","2.00","2025-03-12","2025-04-11","902.13","0.00","0.00","0.00","0.00","902.13","0.00","1","1","264","5","90+","1.00","0",""
"INV-017797","C0257","Granite Supply Co.","MRO Reseller","West","Owen Price","Medium","40000.00","COL-06","Sam Horowitz","Small Business","NET30","30","0.00","2025-03-20","2025-04-19","635.50","0.00","0.00","0.00","0.00","635.50","0.00","1","1","256","5","90+","1.00","0",""
"INV-018178","C0183","Oakmont Maintenance Supply","MRO Reseller","West","Maya Brennan","High","100000.00","COL-05","Grace Lindqvist","Small Business","NET30","30","0.00","2025-03-31","2025-04-30","1677.21","0.00","0.00","0.00","0.00","1677.21","0.00","1","1","245","5","90+","1.00","0",""
"INV-018489","C0186","Redline Parts & Service - Northeast","MRO Reseller","Northeast","Nadia Farouk","Low","100000.00","COL-05","Grace Lindqvist","Small Business","NET30","30","0.00","2025-04-07","2025-05-07","1041.56","0.00","0.00","0.00","0.00","1041.56","0.00","1","1","238","5","90+","1.00","0",""
"INV-019187","C0009","Ironbridge Fabrication","OEM Manufacturer","Northeast","Nadia Farouk","Medium","590000.00","COL-02","Marcus Bell","Strategic Accounts","NET45","45","0.00","2025-04-23","2025-06-07","2451.75","1471.05","0.00","0.00","0.00","980.70","0.00","1","1","207","5","90+","1.00","0",""
"INV-019661","C0119","Titan Builders","Contractor","Northeast","Nadia Farouk","Medium","105000.00","COL-04","Tomas Okafor","Commercial","2/10NET30","30","2.00","2025-05-05","2025-06-04","877.69","0.00","0.00","0.00","0.00","877.69","0.00","1","1","210","5","90+","1.00","0",""
"INV-019941","C0265","Westbrook Mechanical - Southwest 3","Contractor","Southwest","Kevin Ames","Medium","85000.00","COL-04","Tomas Okafor","Commercial","NET30","30","0.00","2025-05-09","2025-06-08","822.99","0.00","0.00","0.00","0.00","822.99","0.00","1","1","206","5","90+","1.00","0",""
"INV-020157","C0048","Stonegate Industries","OEM Manufacturer","Northeast","Nadia Farouk","Medium","415000.00","COL-01","Priya Natarajan","Strategic Accounts","NET45","45","0.00","2025-05-15","2025-06-29","1838.06","0.00","0.00","0.00","0.00","1838.06","0.00","1","1","185","5","90+","1.00","0",""
"INV-020275","C0028","Keystone Parts & Service","MRO Reseller","Southeast","Dana Whitfield","Medium","25000.00","COL-06","Sam Horowitz","Small Business","NET30","30","0.00","2025-05-19","2025-06-18","465.74","0.00","0.00","0.00","0.00","465.74","0.00","1","1","196","5","90+","1.00","0",""
"INV-020325","C0036","Harbor Builders - West","Contractor","West","Owen Price","Low","145000.00","COL-03","Elena Ruiz","Commercial","NET30","30","0.00","2025-05-20","2025-06-19","1424.76","569.90","0.00","0.00","0.00","854.86","0.00","1","1","195","5","90+","1.00","0",""
"INV-020975","C0326","Pioneer Manufacturing","OEM Manufacturer","Northeast","Adrian Cole","Low","315000.00","COL-01","Priya Natarajan","Strategic Accounts","NET45","45","0.00","2025-06-03","2025-07-18","1707.37","1024.42","0.00","0.00","0.00","682.95","0.00","1","1","166","5","90+","1.00","0",""
"INV-021108","C0389","Ironbridge Components - Southeast","OEM Manufacturer","Southeast","Dana Whitfield","Medium","590000.00","COL-02","Marcus Bell","Strategic Accounts","NET60","60","0.00","2025-06-05","2025-08-04","9541.80","0.00","0.00","0.00","0.00","9541.80","0.00","1","1","149","5","90+","1.00","0",""
"INV-021110","C0009","Ironbridge Fabrication","OEM Manufacturer","Northeast","Nadia Farouk","Medium","590000.00","COL-02","Marcus Bell","Strategic Accounts","NET45","45","0.00","2025-06-06","2025-07-21","2073.37","0.00","0.00","0.00","0.00","2073.37","0.00","1","1","163","5","90+","1.00","0",""
"INV-021239","C0045","Lakeshore Machine Works","OEM Manufacturer","Southeast","Dana Whitfield","Low","265000.00","COL-02","Marcus Bell","Strategic Accounts","NET45","45","0.00","2025-06-10","2025-07-25","3814.59","1525.84","0.00","0.00","0.00","2288.75","0.00","1","1","159","5","90+","1.00","0",""
"INV-021975","C0079","Cedar Ridge Machine Works","OEM Manufacturer","West","Owen Price","Low","555000.00","COL-01","Priya Natarajan","Strategic Accounts","NET60","60","0.00","2025-06-26","2025-08-25","13482.79","8089.67","0.00","0.00","0.00","5393.12","0.00","1","1","128","5","90+","1.00","0",""
"INV-022020","C0023","Harbor Builders","Contractor","West","Owen Price","High","120000.00","COL-04","Tomas Okafor","Commercial","NET30","30","0.00","2025-06-27","2025-07-27","1085.45","0.00","0.00","0.00","0.00","1085.45","0.00","1","1","157","5","90+","1.00","0",""
"INV-022060","C0349","Granite Manufacturing","OEM Manufacturer","Northeast","Nadia Farouk","High","490000.00","COL-02","Marcus Bell","Strategic Accounts","NET60","60","0.00","2025-06-27","2025-08-26","2133.05","0.00","0.00","0.00","0.00","2133.05","0.00","1","1","127","5","90+","1.00","0",""
"INV-022196","C0132","Keystone Contracting","Contractor","West","Maya Brennan","High","105000.00","COL-04","Tomas Okafor","Commercial","NET60","60","0.00","2025-07-02","2025-08-31","4464.13","0.00","0.00","0.00","0.00","4464.13","0.00","1","1","122","5","90+","1.00","0",""
"INV-022361","C0386","Bluewater Electric","Contractor","West","Maya Brennan","High","100000.00","COL-03","Elena Ruiz","Commercial","NET60","60","0.00","2025-07-04","2025-09-02","6197.24","0.00","0.00","0.00","0.00","6197.24","0.00","1","1","120","5","90+","1.00","0",""
"INV-022395","C0232","Titan Builders - Southwest","Contractor","Southwest","Kevin Ames","High","105000.00","COL-04","Tomas Okafor","Commercial","2/10NET30","30","2.00","2025-07-07","2025-08-06","7374.40","0.00","0.00","0.00","0.00","7374.40","0.00","1","1","147","5","90+","1.00","0",""
"INV-022618","C0059","Apex Mechanical","Contractor","Midwest","Ben Kowalczyk","High","150000.00","COL-02","Marcus Bell","Strategic Accounts","NET30","30","0.00","2025-07-11","2025-08-10","3541.08","0.00","0.00","0.00","0.00","3541.08","0.00","1","1","143","5","90+","1.00","0",""
"INV-022695","C0132","Keystone Contracting","Contractor","West","Maya Brennan","High","105000.00","COL-04","Tomas Okafor","Commercial","NET60","60","0.00","2025-07-14","2025-09-12","1427.54","0.00","0.00","0.00","0.00","1427.54","0.00","1","1","110","5","90+","1.00","0",""
"INV-022716","C0271","Riverbend Electric - Midwest 3","Contractor","Midwest","Hana Sato","High","140000.00","COL-03","Elena Ruiz","Commercial","2/10NET30","30","2.00","2025-07-14","2025-08-13","800.28","0.00","0.00","0.00","0.00","800.28","0.00","1","1","140","5","90+","1.00","0",""
"INV-022723","C0324","Pioneer Construction","Contractor","Southeast","Dana Whitfield","High","145000.00","COL-03","Elena Ruiz","Commercial","2/10NET30","30","2.00","2025-07-14","2025-08-13","3324.72","0.00","0.00","0.00","0.00","3324.72","0.00","1","1","140","5","90+","1.00","0",""
"INV-022785","C0302","Crestview Contracting - Northeast 3","Contractor","Northeast","Nadia Farouk","High","125000.00","COL-04","Tomas Okafor","Commercial","2/10NET30","30","2.00","2025-07-15","2025-08-14","2018.09","0.00","0.00","0.00","0.00","2018.09","0.00","1","1","139","5","90+","1.00","0",""
"INV-022787","C0324","Pioneer Construction","Contractor","Southeast","Dana Whitfield","High","145000.00","COL-03","Elena Ruiz","Commercial","2/10NET30","30","2.00","2025-07-15","2025-08-14","953.56","0.00","0.00","0.00","0.00","953.56","0.00","1","1","139","5","90+","1.00","0",""
"INV-022841","C0297","Apex Mechanical - Southeast 3","Contractor","Southeast","Dana Whitfield","High","30000.00","COL-04","Tomas Okafor","Commercial","NET30","30","0.00","2025-07-16","2025-08-15","913.98","0.00","0.00","0.00","0.00","913.98","0.00","1","1","138","5","90+","1.00","0",""
"INV-022973","C0232","Titan Builders - Southwest","Contractor","Southwest","Kevin Ames","High","105000.00","COL-04","Tomas Okafor","Commercial","2/10NET30","30","2.00","2025-07-18","2025-08-17","2240.13","0.00","0.00","0.00","0.00","2240.13","0.00","1","1","136","5","90+","1.00","0",""
"INV-022977","C0271","Riverbend Electric - Midwest 3","Contractor","Midwest","Hana Sato","High","140000.00","COL-03","Elena Ruiz","Commercial","2/10NET30","30","2.00","2025-07-18","2025-08-17","6130.11","0.00","0.00","0.00","0.00","6130.11","0.00","1","1","136","5","90+","1.00","0",""
"INV-022982","C0323","Titan Parts & Service - Southwest 3","MRO Reseller","Southwest","Kevin Ames","Low","30000.00","COL-05","Grace Lindqvist","Small Business","NET30","30","0.00","2025-07-18","2025-08-17","462.58","185.03","0.00","0.00","0.00","277.55","0.00","1","1","136","5","90+","1.00","0",""
"INV-023049","C0386","Bluewater Electric","Contractor","West","Maya Brennan","High","100000.00","COL-03","Elena Ruiz","Commercial","NET60","60","0.00","2025-07-21","2025-09-19","1494.17","0.00","0.00","0.00","0.00","1494.17","0.00","1","1","103","5","90+","1.00","0",""
"INV-023073","C0128","Summit Builders","Contractor","Southwest","Kevin Ames","Low","125000.00","COL-03","Elena Ruiz","Commercial","NET60","60","0.00","2025-07-22","2025-09-20","847.17","0.00","0.00","0.00","0.00","847.17","0.00","1","1","102","5","90+","1.00","0",""
"INV-023080","C0163","Keystone Fabrication","OEM Manufacturer","Midwest","Ben Kowalczyk","Medium","600000.00","COL-01","Priya Natarajan","Strategic Accounts","NET60","60","0.00","2025-07-22","2025-09-20","6170.49","0.00","0.00","0.00","0.00","6170.49","0.00","1","1","102","5","90+","1.00","0",""
"INV-023102","C0297","Apex Mechanical - Southeast 3","Contractor","Southeast","Dana Whitfield","High","30000.00","COL-04","Tomas Okafor","Commercial","NET30","30","0.00","2025-07-22","2025-08-21","977.22","0.00","0.00","0.00","0.00","977.22","0.00","1","1","132","5","90+","1.00","0",""
"INV-023156","C0232","Titan Builders - Southwest","Contractor","Southwest","Kevin Ames","High","105000.00","COL-04","Tomas Okafor","Commercial","2/10NET30","30","2.00","2025-07-23","2025-08-22","7679.16","0.00","0.00","0.00","0.00","7679.16","0.00","1","1","131","5","90+","1.00","0",""
"INV-023227","C0283","Apex Industries","OEM Manufacturer","Midwest","Hana Sato","Low","390000.00","COL-01","Priya Natarajan","Strategic Accounts","NET60","60","0.00","2025-07-24","2025-09-22","2194.90","0.00","0.00","0.00","0.00","2194.90","0.00","1","1","100","5","90+","1.00","0",""
"INV-023239","C0386","Bluewater Electric","Contractor","West","Maya Brennan","High","100000.00","COL-03","Elena Ruiz","Commercial","NET60","60","0.00","2025-07-24","2025-09-22","2595.67","0.00","0.00","0.00","0.00","2595.67","0.00","1","1","100","5","90+","1.00","0",""
"INV-023249","C0059","Apex Mechanical","Contractor","Midwest","Ben Kowalczyk","High","150000.00","COL-02","Marcus Bell","Strategic Accounts","NET30","30","0.00","2025-07-25","2025-08-24","800.31","0.00","0.00","0.00","0.00","800.31","0.00","1","1","129","5","90+","1.00","0",""
"INV-023273","C0271","Riverbend Electric - Midwest 3","Contractor","Midwest","Hana Sato","High","140000.00","COL-03","Elena Ruiz","Commercial","2/10NET30","30","2.00","2025-07-25","2025-08-24","1652.37","0.00","0.00","0.00","0.00","1652.37","0.00","1","1","129","5","90+","1.00","0",""
"INV-023277","C0297","Apex Mechanical - Southeast 3","Contractor","Southeast","Dana Whitfield","High","30000.00","COL-04","Tomas Okafor","Commercial","NET30","30","0.00","2025-07-25","2025-08-24","4759.35","0.00","0.00","0.00","0.00","4759.35","0.00","1","1","129","5","90+","1.00","0",""
"INV-023334","C0302","Crestview Contracting - Northeast 3","Contractor","Northeast","Nadia Farouk","High","125000.00","COL-04","Tomas Okafor","Commercial","2/10NET30","30","2.00","2025-07-28","2025-08-27","6536.75","0.00","0.00","0.00","0.00","6536.75","0.00","1","1","126","5","90+","1.00","0",""
"INV-023377","C0139","Harbor Machine Works","OEM Manufacturer","Midwest","Ben Kowalczyk","Medium","570000.00","COL-01","Priya Natarajan","Strategic Accounts","NET45","45","0.00","2025-07-29","2025-09-12","6203.01","3721.81","0.00","0.00","0.00","2481.20","0.00","1","1","110","5","90+","1.00","0",""
"INV-023407","C0324","Pioneer Construction","Contractor","Southeast","Dana Whitfield","High","145000.00","COL-03","Elena Ruiz","Commercial","2/10NET30","30","2.00","2025-07-29","2025-08-28","826.01","0.00","0.00","0.00","0.00","826.01","0.00","1","1","125","5","90+","1.00","0",""
"INV-023459","C0297","Apex Mechanical - Southeast 3","Contractor","Southeast","Dana Whitfield","High","30000.00","COL-04","Tomas Okafor","Commercial","NET30","30","0.00","2025-07-30","2025-08-29","6653.78","0.00","0.00","0.00","0.00","6653.78","0.00","1","1","124","5","90+","1.00","0",""
"INV-023480","C0036","Harbor Builders - West","Contractor","West","Owen Price","Low","145000.00","COL-03","Elena Ruiz","Commercial","NET60","60","0.00","2025-07-31","2025-09-29","932.03","0.00","0.00","0.00","0.00","932.03","0.00","1","1","93","5","90+","1.00","0",""
"INV-023496","C0132","Keystone Contracting","Contractor","West","Maya Brennan","High","105000.00","COL-04","Tomas Okafor","Commercial","NET60","60","0.00","2025-07-31","2025-09-29","1749.36","0.00","0.00","0.00","0.00","1749.36","0.00","1","1","93","5","90+","1.00","0",""
"INV-023525","C0307","Westbrook Contracting - Northeast","Contractor","Northeast","Nadia Farouk","Medium","85000.00","COL-03","Elena Ruiz","Commercial","NET30","30","0.00","2025-07-31","2025-08-30","3010.22","1204.09","0.00","0.00","0.00","1806.13","0.00","1","1","123","5","90+","1.00","0",""
"INV-023561","C0132","Keystone Contracting","Contractor","West","Maya Brennan","High","105000.00","COL-04","Tomas Okafor","Commercial","NET60","60","0.00","2025-08-01","2025-09-30","1696.50","0.00","0.00","0.00","0.00","1696.50","0.00","1","1","92","5","90+","1.00","0",""
"INV-023620","C0132","Keystone Contracting","Contractor","West","Maya Brennan","High","105000.00","COL-04","Tomas Okafor","Commercial","NET60","60","0.00","2025-08-04","2025-10-03","2087.69","0.00","0.00","0.00","0.00","2087.69","0.00","1","1","89","4","61-90","0.75","0",""
"INV-023642","C0302","Crestview Contracting - Northeast 3","Contractor","Northeast","Nadia Farouk","High","125000.00","COL-04","Tomas Okafor","Commercial","2/10NET30","30","2.00","2025-08-04","2025-09-03","1367.51","0.00","0.00","0.00","0.00","1367.51","0.00","1","1","119","5","90+","1.00","0",""
"INV-023648","C0324","Pioneer Construction","Contractor","Southeast","Dana Whitfield","High","145000.00","COL-03","Elena Ruiz","Commercial","2/10NET30","30","2.00","2025-08-04","2025-09-03","3377.95","0.00","0.00","0.00","0.00","3377.95","0.00","1","1","119","5","90+","1.00","0",""
"INV-023708","C0297","Apex Mechanical - Southeast 3","Contractor","Southeast","Dana Whitfield","High","30000.00","COL-04","Tomas Okafor","Commercial","NET30","30","0.00","2025-08-05","2025-09-04","6623.99","0.00","0.00","0.00","0.00","6623.99","0.00","1","1","118","5","90+","1.00","0",""
"INV-023709","C0302","Crestview Contracting - Northeast 3","Contractor","Northeast","Nadia Farouk","High","125000.00","COL-04","Tomas Okafor","Commercial","2/10NET30","30","2.00","2025-08-05","2025-09-04","6090.11","0.00","0.00","0.00","0.00","6090.11","0.00","1","1","118","5","90+","1.00","0",""
"INV-023722","C0376","Summit Components - Midwest","OEM Manufacturer","Midwest","Hana Sato","High","565000.00","COL-01","Priya Natarajan","Strategic Accounts","NET45","45","0.00","2025-08-05","2025-09-19","3775.75","0.00","0.00","0.00","0.00","3775.75","0.00","1","1","103","5","90+","1.00","0",""
"INV-023752","C0238","Oakmont Builders - Midwest","Contractor","Midwest","Ben Kowalczyk","Low","145000.00","COL-04","Tomas Okafor","Commercial","NET30","30","0.00","2025-08-06","2025-09-05","843.00","0.00","0.00","0.00","0.00","843.00","0.00","1","1","117","5","90+","1.00","0",""
"INV-023756","C0271","Riverbend Electric - Midwest 3","Contractor","Midwest","Hana Sato","High","140000.00","COL-03","Elena Ruiz","Commercial","2/10NET30","30","2.00","2025-08-06","2025-09-05","2262.80","0.00","0.00","0.00","0.00","2262.80","0.00","1","1","117","5","90+","1.00","0",""
"INV-023767","C0302","Crestview Contracting - Northeast 3","Contractor","Northeast","Nadia Farouk","High","125000.00","COL-04","Tomas Okafor","Commercial","2/10NET30","30","2.00","2025-08-06","2025-09-05","1084.68","0.00","0.00","0.00","0.00","1084.68","0.00","1","1","117","5","90+","1.00","0",""
"INV-023845","C0386","Bluewater Electric","Contractor","West","Maya Brennan","High","100000.00","COL-03","Elena Ruiz","Commercial","NET60","60","0.00","2025-08-07","2025-10-06","5958.39","0.00","0.00","0.00","0.00","5958.39","0.00","1","1","86","4","61-90","0.75","0","PO Mismatch"
"INV-023860","C0059","Apex Mechanical","Contractor","Midwest","Ben Kowalczyk","High","150000.00","COL-02","Marcus Bell","Strategic Accounts","NET30","30","0.00","2025-08-08","2025-09-07","2340.72","0.00","0.00","0.00","0.00","2340.72","0.00","1","1","115","5","90+","1.00","0",""
"INV-023884","C0232","Titan Builders - Southwest","Contractor","Southwest","Kevin Ames","High","105000.00","COL-04","Tomas Okafor","Commercial","2/10NET30","30","2.00","2025-08-08","2025-09-07","913.88","0.00","0.00","0.00","0.00","913.88","0.00","1","1","115","5","90+","1.00","0",""
"INV-023889","C0271","Riverbend Electric - Midwest 3","Contractor","Midwest","Hana Sato","High","140000.00","COL-03","Elena Ruiz","Commercial","2/10NET30","30","2.00","2025-08-08","2025-09-07","1516.96","0.00","0.00","0.00","0.00","1516.96","0.00","1","1","115","5","90+","1.00","0",""
"INV-023952","C0297","Apex Mechanical - Southeast 3","Contractor","Southeast","Dana Whitfield","High","30000.00","COL-04","Tomas Okafor","Commercial","NET30","30","0.00","2025-08-11","2025-09-10","6073.46","0.00","0.00","0.00","0.00","6073.46","0.00","1","1","112","5","90+","1.00","0",""
"INV-023954","C0302","Crestview Contracting - Northeast 3","Contractor","Northeast","Nadia Farouk","High","125000.00","COL-04","Tomas Okafor","Commercial","2/10NET30","30","2.00","2025-08-11","2025-09-10","1046.01","0.00","0.00","0.00","0.00","1046.01","0.00","1","1","112","5","90+","1.00","0",""
"INV-024004","C0232","Titan Builders - Southwest","Contractor","Southwest","Kevin Ames","High","105000.00","COL-04","Tomas Okafor","Commercial","2/10NET30","30","2.00","2025-08-12","2025-09-11","6219.33","0.00","0.00","0.00","0.00","6219.33","0.00","1","1","111","5","90+","1.00","0",""
"INV-024014","C0271","Riverbend Electric - Midwest 3","Contractor","Midwest","Hana Sato","High","140000.00","COL-03","Elena Ruiz","Commercial","2/10NET30","30","2.00","2025-08-12","2025-09-11","2247.11","0.00","0.00","0.00","0.00","2247.11","0.00","1","1","111","5","90+","1.00","0",""
"INV-024015","C0277","Lakeshore Construction - West","Contractor","West","Maya Brennan","High","25000.00","COL-04","Tomas Okafor","Commercial","2/10NET30","30","2.00","2025-08-12","2025-09-11","4672.34","0.00","0.00","0.00","0.00","4672.34","0.00","1","1","111","5","90+","1.00","0",""
"INV-024036","C0386","Bluewater Electric","Contractor","West","Maya Brennan","High","100000.00","COL-03","Elena Ruiz","Commercial","NET60","60","0.00","2025-08-12","2025-10-11","1601.70","0.00","0.00","0.00","0.00","1601.70","0.00","1","1","81","4","61-90","0.75","0",""
"INV-024037","C0391","Keystone MRO Services - Northeast","MRO Reseller","Northeast","Adrian Cole","Low","30000.00","COL-05","Grace Lindqvist","Small Business","NET30","30","0.00","2025-08-12","2025-09-11","3595.83","0.00","0.00","0.00","0.00","3595.83","0.00","1","1","111","5","90+","1.00","0",""
"INV-024049","C0059","Apex Mechanical","Contractor","Midwest","Ben Kowalczyk","High","150000.00","COL-02","Marcus Bell","Strategic Accounts","NET30","30","0.00","2025-08-13","2025-09-12","7727.08","0.00","0.00","0.00","0.00","7727.08","0.00","1","1","110","5","90+","1.00","0",""
"INV-024054","C0132","Keystone Contracting","Contractor","West","Maya Brennan","High","105000.00","COL-04","Tomas Okafor","Commercial","NET60","60","0.00","2025-08-13","2025-10-12","2630.48","0.00","0.00","0.00","0.00","2630.48","0.00","1","1","80","4","61-90","0.75","0",""
"INV-024073","C0252","Ironbridge School District","Institutional","Midwest","Hana Sato","Low","70000.00","COL-04","Tomas Okafor","Commercial","NET90","90","0.00","2025-08-13","2025-11-11","2066.18","1239.71","0.00","0.00","0.00","826.47","0.00","1","1","50","3","31-60","0.50","0",""
"INV-024143","C0324","Pioneer Construction","Contractor","Southeast","Dana Whitfield","High","145000.00","COL-03","Elena Ruiz","Commercial","2/10NET30","30","2.00","2025-08-14","2025-09-13","4885.06","0.00","0.00","0.00","0.00","4885.06","0.00","1","1","109","5","90+","1.00","0",""
"INV-024202","C0324","Pioneer Construction","Contractor","Southeast","Dana Whitfield","High","145000.00","COL-03","Elena Ruiz","Commercial","2/10NET30","30","2.00","2025-08-15","2025-09-14","2271.31","0.00","0.00","0.00","0.00","2271.31","0.00","1","1","108","5","90+","1.00","0",""
"INV-024212","C0386","Bluewater Electric","Contractor","West","Maya Brennan","High","100000.00","COL-03","Elena Ruiz","Commercial","NET60","60","0.00","2025-08-15","2025-10-14","836.25","0.00","0.00","0.00","0.00","836.25","0.00","1","1","78","4","61-90","0.75","0",""
"INV-024224","C0059","Apex Mechanical","Contractor","Midwest","Ben Kowalczyk","High","150000.00","COL-02","Marcus Bell","Strategic Accounts","NET30","30","0.00","2025-08-18","2025-09-17","1756.99","0.00","0.00","0.00","0.00","1756.99","0.00","1","1","105","5","90+","1.00","0",""
"INV-024258","C0273","Oakmont Fabrication","OEM Manufacturer","Southeast","Dana Whitfield","Medium","395000.00","COL-01","Priya Natarajan","Strategic Accounts","NET45","45","0.00","2025-08-18","2025-10-02","1820.06","873.63","0.00","364.01","0.00","582.42","0.00","1","1","90","4","61-90","0.75","0","Pricing"
"INV-024269","C0351","Ironbridge Components","OEM Manufacturer","Midwest","Hana Sato","High","450000.00","COL-01","Priya Natarajan","Strategic Accounts","NET45","45","0.00","2025-08-18","2025-10-02","13256.78","0.00","0.00","0.00","0.00","13256.78","0.00","1","1","90","4","61-90","0.75","0",""
"INV-024290","C0132","Keystone Contracting","Contractor","West","Maya Brennan","High","105000.00","COL-04","Tomas Okafor","Commercial","NET60","60","0.00","2025-08-19","2025-10-18","5565.47","0.00","0.00","0.00","0.00","5565.47","0.00","1","1","74","4","61-90","0.75","0",""
"INV-024336","C0059","Apex Mechanical","Contractor","Midwest","Ben Kowalczyk","High","150000.00","COL-02","Marcus Bell","Strategic Accounts","NET30","30","0.00","2025-08-20","2025-09-19","801.98","0.00","0.00","0.00","0.00","801.98","0.00","1","1","103","5","90+","1.00","0",""
"INV-024436","C0302","Crestview Contracting - Northeast 3","Contractor","Northeast","Nadia Farouk","High","125000.00","COL-04","Tomas Okafor","Commercial","2/10NET30","30","2.00","2025-08-21","2025-09-20","884.67","0.00","0.00","0.00","0.00","884.67","0.00","1","1","102","5","90+","1.00","0",""
"INV-024446","C0386","Bluewater Electric","Contractor","West","Maya Brennan","High","100000.00","COL-03","Elena Ruiz","Commercial","NET60","60","0.00","2025-08-21","2025-10-20","7354.36","0.00","0.00","0.00","0.00","7354.36","0.00","1","1","72","4","61-90","0.75","0",""
"INV-024496","C0294","Titan Components","OEM Manufacturer","Northeast","Adrian Cole","Low","215000.00","COL-01","Priya Natarajan","Strategic Accounts","NET60","60","0.00","2025-08-22","2025-10-21","2883.43","0.00","0.00","0.00","0.00","2883.43","0.00","1","1","71","4","61-90","0.75","0",""
"INV-024564","C0324","Pioneer Construction","Contractor","Southeast","Dana Whitfield","High","145000.00","COL-03","Elena Ruiz","Commercial","2/10NET30","30","2.00","2025-08-25","2025-09-24","2695.12","0.00","0.00","0.00","0.00","2695.12","0.00","1","1","98","5","90+","1.00","0",""
"INV-024575","C0366","Westbrook Industries - West","OEM Manufacturer","West","Owen Price","Medium","320000.00","COL-02","Marcus Bell","Strategic Accounts","NET60","60","0.00","2025-08-25","2025-10-24","10923.61","0.00","0.00","0.00","0.00","10923.61","0.00","1","1","68","4","61-90","0.75","0",""
"INV-024665","C0080","Frontier Maintenance Supply","MRO Reseller","Northeast","Adrian Cole","Medium","50000.00","COL-05","Grace Lindqvist","Small Business","NET30","30","0.00","2025-08-27","2025-09-26","1576.11","0.00","0.00","0.00","0.00","1576.11","0.00","1","1","96","5","90+","1.00","0",""
"INV-024707","C0386","Bluewater Electric","Contractor","West","Maya Brennan","High","100000.00","COL-03","Elena Ruiz","Commercial","NET60","60","0.00","2025-08-27","2025-10-26","1851.58","0.00","0.00","0.00","0.00","1851.58","0.00","1","1","66","4","61-90","0.75","0",""
"INV-024767","C0386","Bluewater Electric","Contractor","West","Maya Brennan","High","100000.00","COL-03","Elena Ruiz","Commercial","NET60","60","0.00","2025-08-28","2025-10-27","1471.66","0.00","0.00","0.00","0.00","1471.66","0.00","1","1","65","4","61-90","0.75","0",""
"INV-024818","C0277","Lakeshore Construction - West","Contractor","West","Maya Brennan","High","25000.00","COL-04","Tomas Okafor","Commercial","2/10NET30","30","2.00","2025-08-29","2025-09-28","3453.68","0.00","0.00","0.00","0.00","3453.68","0.00","1","1","94","5","90+","1.00","0",""
"INV-024830","C0351","Ironbridge Components","OEM Manufacturer","Midwest","Hana Sato","High","450000.00","COL-01","Priya Natarajan","Strategic Accounts","NET45","45","0.00","2025-08-29","2025-10-13","1916.52","0.00","0.00","0.00","0.00","1916.52","0.00","1","1","79","4","61-90","0.75","0",""
"INV-024858","C0153","Redline Water Authority","Institutional","Southeast","Luis Moreno","Low","200000.00","COL-02","Marcus Bell","Strategic Accounts","NET90","90","0.00","2025-09-01","2025-11-30","6941.34","0.00","0.00","0.00","0.00","6941.34","0.00","1","1","31","3","31-60","0.50","0",""
"INV-024955","C0310","Harbor Water Authority","Institutional","Midwest","Hana Sato","Low","170000.00","COL-01","Priya Natarajan","Strategic Accounts","NET90","90","0.00","2025-09-02","2025-12-01","10439.25","6263.55","0.00","0.00","0.00","4175.70","0.00","1","1","30","2","1-30","0.25","0",""
"INV-025007","C0324","Pioneer Construction","Contractor","Southeast","Dana Whitfield","High","145000.00","COL-03","Elena Ruiz","Commercial","2/10NET30","30","2.00","2025-09-03","2025-10-03","4323.30","0.00","0.00","0.00","0.00","4323.30","0.00","1","1","89","4","61-90","0.75","0",""
"INV-025011","C0351","Ironbridge Components","OEM Manufacturer","Midwest","Hana Sato","High","450000.00","COL-01","Priya Natarajan","Strategic Accounts","NET45","45","0.00","2025-09-03","2025-10-18","5234.90","0.00","0.00","0.00","0.00","5234.90","0.00","1","1","74","4","61-90","0.75","0",""
"INV-025024","C0005","Lakeshore Medical Center","Institutional","West","Owen Price","Low","195000.00","COL-01","Priya Natarajan","Strategic Accounts","NET90","90","0.00","2025-09-04","2025-12-03","2174.97","0.00","0.00","0.00","0.00","2174.97","0.00","1","1","28","2","1-30","0.25","0",""
"INV-025075","C0386","Bluewater Electric","Contractor","West","Maya Brennan","High","100000.00","COL-03","Elena Ruiz","Commercial","NET60","60","0.00","2025-09-04","2025-11-03","4212.66","0.00","0.00","0.00","0.00","4212.66","0.00","1","1","58","3","31-60","0.50","0",""
"INV-025082","C0031","Stonegate Machine Works","OEM Manufacturer","Northeast","Adrian Cole","Low","515000.00","COL-02","Marcus Bell","Strategic Accounts","NET60","60","0.00","2025-09-05","2025-11-04","13565.57","0.00","0.00","0.00","0.00","13565.57","0.00","1","1","57","3","31-60","0.50","0",""
"INV-025097","C0132","Keystone Contracting","Contractor","West","Maya Brennan","High","105000.00","COL-04","Tomas Okafor","Commercial","NET60","60","0.00","2025-09-05","2025-11-04","4873.42","0.00","0.00","0.00","0.00","4873.42","0.00","1","1","57","3","31-60","0.50","0",""
"INV-025135","C0351","Ironbridge Components","OEM Manufacturer","Midwest","Hana Sato","High","450000.00","COL-01","Priya Natarajan","Strategic Accounts","NET45","45","0.00","2025-09-05","2025-10-20","12947.16","0.00","0.00","0.00","0.00","12947.16","0.00","1","1","72","4","61-90","0.75","0",""
"INV-025146","C0031","Stonegate Machine Works","OEM Manufacturer","Northeast","Adrian Cole","Low","515000.00","COL-02","Marcus Bell","Strategic Accounts","NET60","60","0.00","2025-09-08","2025-11-07","7286.06","0.00","0.00","0.00","0.00","7286.06","0.00","1","1","54","3","31-60","0.50","0",""
"INV-025155","C0068","Harbor Industries","OEM Manufacturer","Southwest","Rosa Delgado","High","600000.00","COL-01","Priya Natarajan","Strategic Accounts","NET60","60","0.00","2025-09-08","2025-11-07","2610.08","0.00","0.00","0.00","0.00","2610.08","0.00","1","1","54","3","31-60","0.50","0",""
"INV-025159","C0094","Bluewater Industries - Southeast","OEM Manufacturer","Southeast","Dana Whitfield","Low","535000.00","COL-02","Marcus Bell","Strategic Accounts","NET45","45","0.00","2025-09-08","2025-10-23","1712.43","0.00","0.00","0.00","0.00","1712.43","0.00","1","1","69","4","61-90","0.75","0",""
"INV-025175","C0232","Titan Builders - Southwest","Contractor","Southwest","Kevin Ames","High","105000.00","COL-04","Tomas Okafor","Commercial","2/10NET30","30","2.00","2025-09-08","2025-10-08","5445.17","0.00","0.00","0.00","0.00","5445.17","0.00","1","1","84","4","61-90","0.75","0",""
"INV-025176","C0234","Redline University Facilities - Midwest 3","Institutional","Midwest","Ben Kowalczyk","Low","145000.00","COL-04","Tomas Okafor","Commercial","NET90","90","0.00","2025-09-08","2025-12-07","3317.63","1990.58","0.00","0.00","0.00","1327.05","0.00","1","1","24","2","1-30","0.25","0",""
"INV-025187","C0329","Northfield School District - Midwest","Institutional","Midwest","Hana Sato","Low","230000.00","COL-01","Priya Natarajan","Strategic Accounts","NET90","90","0.00","2025-09-08","2025-12-07","10517.20","0.00","0.00","0.00","0.00","10517.20","0.00","1","1","24","2","1-30","0.25","0",""
"INV-025191","C0351","Ironbridge Components","OEM Manufacturer","Midwest","Hana Sato","High","450000.00","COL-01","Priya Natarajan","Strategic Accounts","NET45","45","0.00","2025-09-08","2025-10-23","11060.48","0.00","0.00","0.00","0.00","11060.48","0.00","1","1","69","4","61-90","0.75","0",""
"INV-025262","C0366","Westbrook Industries - West","OEM Manufacturer","West","Owen Price","Medium","320000.00","COL-02","Marcus Bell","Strategic Accounts","NET60","60","0.00","2025-09-09","2025-11-08","16171.33","0.00","0.00","0.00","0.00","16171.33","0.00","1","1","53","3","31-60","0.50","0",""
"INV-025304","C0327","Ironbridge Water Authority","Institutional","Midwest","Ben Kowalczyk","Low","195000.00","COL-01","Priya Natarajan","Strategic Accounts","NET90","90","0.00","2025-09-10","2025-12-09","11385.56","0.00","0.00","0.00","0.00","11385.56","0.00","1","1","22","2","1-30","0.25","0",""
"INV-025364","C0271","Riverbend Electric - Midwest 3","Contractor","Midwest","Hana Sato","High","140000.00","COL-03","Elena Ruiz","Commercial","2/10NET30","30","2.00","2025-09-11","2025-10-11","807.82","0.00","0.00","0.00","0.00","807.82","0.00","1","1","81","4","61-90","0.75","0",""
"INV-025394","C0054","Titan Manufacturing","OEM Manufacturer","Midwest","Hana Sato","Medium","510000.00","COL-01","Priya Natarajan","Strategic Accounts","NET60","60","0.00","2025-09-12","2025-11-11","6661.59","0.00","0.00","0.00","0.00","6661.59","0.00","1","1","50","3","31-60","0.50","0",""
"INV-025397","C0068","Harbor Industries","OEM Manufacturer","Southwest","Rosa Delgado","High","600000.00","COL-01","Priya Natarajan","Strategic Accounts","NET60","60","0.00","2025-09-12","2025-11-11","2169.90","1301.94","0.00","0.00","0.00","867.96","0.00","1","1","50","3","31-60","0.50","0",""
"INV-025427","C0279","Ironbridge Medical Center - Northeast","Institutional","Northeast","Nadia Farouk","Low","155000.00","COL-02","Marcus Bell","Strategic Accounts","NET90","90","0.00","2025-09-12","2025-12-11","2748.86","0.00","0.00","0.00","0.00","2748.86","0.00","1","1","20","2","1-30","0.25","0",""
"INV-025433","C0324","Pioneer Construction","Contractor","Southeast","Dana Whitfield","High","145000.00","COL-03","Elena Ruiz","Commercial","2/10NET30","30","2.00","2025-09-12","2025-10-12","1015.04","0.00","0.00","0.00","0.00","1015.04","0.00","1","1","80","4","61-90","0.75","0",""
"INV-025455","C0088","Westbrook Builders - West","Contractor","West","Maya Brennan","High","145000.00","COL-03","Elena Ruiz","Commercial","NET60","60","0.00","2025-09-15","2025-11-14","8248.78","4949.27","0.00","0.00","0.00","3299.51","0.00","1","1","47","3","31-60","0.50","0",""
"INV-025467","C0132","Keystone Contracting","Contractor","West","Maya Brennan","High","105000.00","COL-04","Tomas Okafor","Commercial","NET60","60","0.00","2025-09-15","2025-11-14","3439.53","0.00","0.00","0.00","0.00","3439.53","0.00","1","1","47","3","31-60","0.50","0",""
"INV-025486","C0255","Riverbend Fabrication","OEM Manufacturer","Southwest","Rosa Delgado","Low","245000.00","COL-02","Marcus Bell","Strategic Accounts","NET60","60","0.00","2025-09-15","2025-11-14","4996.59","0.00","0.00","0.00","0.00","4996.59","0.00","1","1","47","3","31-60","0.50","0",""
"INV-025520","C0025","Oakmont County Facilities","Institutional","West","Owen Price","Low","65000.00","COL-03","Elena Ruiz","Commercial","NET90","90","0.00","2025-09-16","2025-12-15","1366.10","0.00","0.00","0.00","0.00","1366.10","0.00","1","1","16","2","1-30","0.25","0",""
"INV-025527","C0064","Frontier University Facilities","Institutional","West","Maya Brennan","Low","110000.00","COL-03","Elena Ruiz","Commercial","NET90","90","0.00","2025-09-16","2025-12-15","1323.49","0.00","0.00","0.00","0.00","1323.49","0.00","1","1","16","2","1-30","0.25","0",""
"INV-025539","C0145","Crestview Medical Center","Institutional","West","Maya Brennan","Low","120000.00","COL-04","Tomas Okafor","Commercial","NET90","90","0.00","2025-09-16","2025-12-15","1056.80","0.00","0.00","0.00","0.00","1056.80","0.00","1","1","16","2","1-30","0.25","0",""
"INV-025542","C0156","Frontier County Facilities","Institutional","West","Owen Price","Low","135000.00","COL-03","Elena Ruiz","Commercial","NET90","90","0.00","2025-09-16","2025-12-15","4540.45","0.00","0.00","0.00","0.00","4540.45","0.00","1","1","16","2","1-30","0.25","0",""
"INV-025559","C0271","Riverbend Electric - Midwest 3","Contractor","Midwest","Hana Sato","High","140000.00","COL-03","Elena Ruiz","Commercial","2/10NET30","30","2.00","2025-09-16","2025-10-16","2644.11","0.00","0.00","0.00","0.00","2644.11","0.00","1","1","76","4","61-90","0.75","0",""
"INV-025561","C0324","Pioneer Construction","Contractor","Southeast","Dana Whitfield","High","145000.00","COL-03","Elena Ruiz","Commercial","2/10NET30","30","2.00","2025-09-16","2025-10-16","3050.92","0.00","0.00","0.00","0.00","3050.92","0.00","1","1","76","4","61-90","0.75","0",""
"INV-025563","C0333","Oakmont Maintenance Supply - Southwest","MRO Reseller","Southwest","Kevin Ames","Medium","75000.00","COL-05","Grace Lindqvist","Small Business","NET30","30","0.00","2025-09-16","2025-10-16","3910.97","0.00","0.00","469.32","0.00","3441.65","0.00","1","1","76","4","61-90","0.75","0","Damaged Goods"
"INV-025609","C0234","Redline University Facilities - Midwest 3","Institutional","Midwest","Ben Kowalczyk","Low","145000.00","COL-04","Tomas Okafor","Commercial","NET90","90","0.00","2025-09-17","2025-12-16","8221.59","0.00","0.00","0.00","0.00","8221.59","0.00","1","1","15","2","1-30","0.25","0",""
"INV-025619","C0279","Ironbridge Medical Center - Northeast","Institutional","Northeast","Nadia Farouk","Low","155000.00","COL-02","Marcus Bell","Strategic Accounts","NET90","90","0.00","2025-09-17","2025-12-16","10673.05","0.00","0.00","0.00","0.00","10673.05","0.00","1","1","15","2","1-30","0.25","0",""
"INV-025624","C0324","Pioneer Construction","Contractor","Southeast","Dana Whitfield","High","145000.00","COL-03","Elena Ruiz","Commercial","2/10NET30","30","2.00","2025-09-17","2025-10-17","1392.52","0.00","0.00","0.00","0.00","1392.52","0.00","1","1","75","4","61-90","0.75","0",""
"INV-025633","C0376","Summit Components - Midwest","OEM Manufacturer","Midwest","Hana Sato","High","565000.00","COL-01","Priya Natarajan","Strategic Accounts","NET45","45","0.00","2025-09-17","2025-11-01","1902.49","0.00","0.00","0.00","0.00","1902.49","0.00","1","1","60","3","31-60","0.50","1","Damaged Goods"
"INV-025637","C0386","Bluewater Electric","Contractor","West","Maya Brennan","High","100000.00","COL-03","Elena Ruiz","Commercial","NET60","60","0.00","2025-09-17","2025-11-16","3282.49","0.00","0.00","0.00","0.00","3282.49","0.00","1","1","45","3","31-60","0.50","0",""
"INV-025694","C0329","Northfield School District - Midwest","Institutional","Midwest","Hana Sato","Low","230000.00","COL-01","Priya Natarajan","Strategic Accounts","NET90","90","0.00","2025-09-18","2025-12-17","11054.29","0.00","0.00","0.00","0.00","11054.29","0.00","1","1","14","2","1-30","0.25","0",""
"INV-025696","C0351","Ironbridge Components","OEM Manufacturer","Midwest","Hana Sato","High","450000.00","COL-01","Priya Natarajan","Strategic Accounts","NET45","45","0.00","2025-09-18","2025-11-02","16942.82","10165.69","0.00","0.00","0.00","6777.13","0.00","1","1","59","3","31-60","0.50","0",""
"INV-025698","C0361","Titan University Facilities - Midwest","Institutional","Midwest","Ben Kowalczyk","Low","165000.00","COL-01","Priya Natarajan","Strategic Accounts","NET90","90","0.00","2025-09-18","2025-12-17","6000.40","0.00","0.00","0.00","0.00","6000.40","0.00","1","1","14","2","1-30","0.25","0",""
"INV-025699","C0366","Westbrook Industries - West","OEM Manufacturer","West","Owen Price","Medium","320000.00","COL-02","Marcus Bell","Strategic Accounts","NET60","60","0.00","2025-09-18","2025-11-17","13314.00","0.00","0.00","0.00","0.00","13314.00","0.00","1","1","44","3","31-60","0.50","0",""
"INV-025714","C0066","Summit Industries","OEM Manufacturer","Midwest","Ben Kowalczyk","Medium","385000.00","COL-02","Marcus Bell","Strategic Accounts","NET60","60","0.00","2025-09-19","2025-11-18","3672.29","0.00","0.00","0.00","0.00","3672.29","0.00","1","1","43","3","31-60","0.50","0",""
"INV-025732","C0185","Harbor Supply Co.","MRO Reseller","Southwest","Rosa Delgado","Low","60000.00","COL-06","Sam Horowitz","Small Business","NET30","30","0.00","2025-09-19","2025-10-19","2808.25","0.00","0.00","421.24","0.00","2387.01","0.00","1","1","73","4","61-90","0.75","0","Damaged Goods"
"INV-025759","C0386","Bluewater Electric","Contractor","West","Maya Brennan","High","100000.00","COL-03","Elena Ruiz","Commercial","NET60","60","0.00","2025-09-19","2025-11-18","800.84","0.00","0.00","0.00","0.00","800.84","0.00","1","1","43","3","31-60","0.50","0",""
"INV-025766","C0031","Stonegate Machine Works","OEM Manufacturer","Northeast","Adrian Cole","Low","515000.00","COL-02","Marcus Bell","Strategic Accounts","NET60","60","0.00","2025-09-22","2025-11-21","6104.26","0.00","0.00","0.00","0.00","6104.26","0.00","1","1","40","3","31-60","0.50","0",""
"INV-025798","C0226","Lakeshore Industries","OEM Manufacturer","Midwest","Hana Sato","Medium","410000.00","COL-01","Priya Natarajan","Strategic Accounts","NET60","60","0.00","2025-09-22","2025-11-21","1664.80","998.88","0.00","0.00","0.00","665.92","0.00","1","1","40","3","31-60","0.50","0",""
"INV-025819","C0327","Ironbridge Water Authority","Institutional","Midwest","Ben Kowalczyk","Low","195000.00","COL-01","Priya Natarajan","Strategic Accounts","NET90","90","0.00","2025-09-22","2025-12-21","6421.52","0.00","0.00","0.00","0.00","6421.52","0.00","1","1","10","2","1-30","0.25","0",""
"INV-025823","C0349","Granite Manufacturing","OEM Manufacturer","Northeast","Nadia Farouk","High","490000.00","COL-02","Marcus Bell","Strategic Accounts","NET60","60","0.00","2025-09-22","2025-11-21","2481.33","1488.80","0.00","0.00","0.00","992.53","0.00","1","1","40","3","31-60","0.50","0",""
"INV-025825","C0366","Westbrook Industries - West","OEM Manufacturer","West","Owen Price","Medium","320000.00","COL-02","Marcus Bell","Strategic Accounts","NET60","60","0.00","2025-09-22","2025-11-21","11721.89","0.00","0.00","0.00","0.00","11721.89","0.00","1","1","40","3","31-60","0.50","0",""
"INV-025828","C0386","Bluewater Electric","Contractor","West","Maya Brennan","High","100000.00","COL-03","Elena Ruiz","Commercial","NET60","60","0.00","2025-09-22","2025-11-21","4365.41","0.00","0.00","0.00","0.00","4365.41","0.00","1","1","40","3","31-60","0.50","0",""
"INV-025835","C0059","Apex Mechanical","Contractor","Midwest","Ben Kowalczyk","High","150000.00","COL-02","Marcus Bell","Strategic Accounts","NET30","30","0.00","2025-09-23","2025-10-23","6178.24","0.00","0.00","0.00","0.00","6178.24","0.00","1","1","69","4","61-90","0.75","0",""
"INV-025836","C0063","Oakmont Medical Center","Institutional","Midwest","Hana Sato","Low","210000.00","COL-01","Priya Natarajan","Strategic Accounts","NET90","90","0.00","2025-09-23","2025-12-22","10069.76","0.00","0.00","0.00","0.00","10069.76","0.00","1","1","9","2","1-30","0.25","0",""
"INV-025849","C0128","Summit Builders","Contractor","Southwest","Kevin Ames","Low","125000.00","COL-03","Elena Ruiz","Commercial","NET60","60","0.00","2025-09-23","2025-11-22","852.14","511.28","0.00","0.00","0.00","340.86","0.00","1","1","39","3","31-60","0.50","0",""
"INV-025854","C0180","Titan Contracting","Contractor","Southwest","Kevin Ames","Low","25000.00","COL-03","Elena Ruiz","Commercial","NET60","60","0.00","2025-09-23","2025-11-22","2126.20","0.00","0.00","0.00","0.00","2126.20","0.00","1","1","39","3","31-60","0.50","0",""
"INV-025868","C0306","Apex Builders - Southwest 3","Contractor","Southwest","Rosa Delgado","Low","90000.00","COL-04","Tomas Okafor","Commercial","NET60","60","0.00","2025-09-23","2025-11-22","6533.80","3920.28","0.00","0.00","0.00","2613.52","0.00","1","1","39","3","31-60","0.50","0",""
"INV-025871","C0329","Northfield School District - Midwest","Institutional","Midwest","Hana Sato","Low","230000.00","COL-01","Priya Natarajan","Strategic Accounts","NET90","90","0.00","2025-09-23","2025-12-22","1419.84","0.00","0.00","0.00","0.00","1419.84","0.00","1","1","9","2","1-30","0.25","0",""
"INV-025875","C0351","Ironbridge Components","OEM Manufacturer","Midwest","Hana Sato","High","450000.00","COL-01","Priya Natarajan","Strategic Accounts","NET45","45","0.00","2025-09-23","2025-11-07","7056.36","0.00","0.00","0.00","0.00","7056.36","0.00","1","1","54","3","31-60","0.50","0",""
"INV-025897","C0063","Oakmont Medical Center","Institutional","Midwest","Hana Sato","Low","210000.00","COL-01","Priya Natarajan","Strategic Accounts","NET90","90","0.00","2025-09-24","2025-12-23","1788.40","0.00","0.00","0.00","0.00","1788.40","0.00","1","1","8","2","1-30","0.25","0",""
"INV-025903","C0094","Bluewater Industries - Southeast","OEM Manufacturer","Southeast","Dana Whitfield","Low","535000.00","COL-02","Marcus Bell","Strategic Accounts","NET45","45","0.00","2025-09-24","2025-11-08","3451.67","0.00","0.00","0.00","0.00","3451.67","0.00","1","1","53","3","31-60","0.50","0",""
"INV-025905","C0100","Stonegate University Facilities - Southeast","Institutional","Southeast","Dana Whitfield","Low","215000.00","COL-02","Marcus Bell","Strategic Accounts","NET90","90","0.00","2025-09-24","2025-12-23","1056.16","0.00","0.00","0.00","0.00","1056.16","0.00","1","1","8","2","1-30","0.25","0",""
"INV-025931","C0279","Ironbridge Medical Center - Northeast","Institutional","Northeast","Nadia Farouk","Low","155000.00","COL-02","Marcus Bell","Strategic Accounts","NET90","90","0.00","2025-09-24","2025-12-23","9182.14","0.00","0.00","0.00","0.00","9182.14","0.00","1","1","8","2","1-30","0.25","0",""
"INV-025941","C0329","Northfield School District - Midwest","Institutional","Midwest","Hana Sato","Low","230000.00","COL-01","Priya Natarajan","Strategic Accounts","NET90","90","0.00","2025-09-24","2025-12-23","4835.31","0.00","0.00","1208.83","0.00","3626.48","0.00","1","1","8","2","1-30","0.25","0","Pricing"
"INV-025944","C0351","Ironbridge Components","OEM Manufacturer","Midwest","Hana Sato","High","450000.00","COL-01","Priya Natarajan","Strategic Accounts","NET45","45","0.00","2025-09-24","2025-11-08","12356.00","0.00","0.00","0.00","0.00","12356.00","0.00","1","1","53","3","31-60","0.50","0",""
"INV-025948","C0386","Bluewater Electric","Contractor","West","Maya Brennan","High","100000.00","COL-03","Elena Ruiz","Commercial","NET60","60","0.00","2025-09-24","2025-11-23","3090.81","0.00","0.00","0.00","0.00","3090.81","0.00","1","1","38","3","31-60","0.50","0",""
"INV-025956","C0063","Oakmont Medical Center","Institutional","Midwest","Hana Sato","Low","210000.00","COL-01","Priya Natarajan","Strategic Accounts","NET90","90","0.00","2025-09-25","2025-12-24","1055.34","0.00","0.00","0.00","0.00","1055.34","0.00","1","1","7","2","1-30","0.25","0",""
"INV-025959","C0079","Cedar Ridge Machine Works","OEM Manufacturer","West","Owen Price","Low","555000.00","COL-01","Priya Natarajan","Strategic Accounts","NET60","60","0.00","2025-09-25","2025-11-24","10004.97","6002.98","0.00","0.00","0.00","4001.99","0.00","1","1","37","3","31-60","0.50","0",""
"INV-025968","C0132","Keystone Contracting","Contractor","West","Maya Brennan","High","105000.00","COL-04","Tomas Okafor","Commercial","NET60","60","0.00","2025-09-25","2025-11-24","2305.33","0.00","0.00","0.00","0.00","2305.33","0.00","1","1","37","3","31-60","0.50","0",""
"INV-025981","C0231","Silverline Components - Northeast","OEM Manufacturer","Northeast","Adrian Cole","Medium","305000.00","COL-01","Priya Natarajan","Strategic Accounts","NET60","60","0.00","2025-09-25","2025-11-24","6751.98","4051.19","0.00","0.00","0.00","2700.79","0.00","1","1","37","3","31-60","0.50","0",""
"INV-025992","C0302","Crestview Contracting - Northeast 3","Contractor","Northeast","Nadia Farouk","High","125000.00","COL-04","Tomas Okafor","Commercial","2/10NET30","30","2.00","2025-09-25","2025-10-25","1356.15","0.00","0.00","0.00","0.00","1356.15","0.00","1","1","67","4","61-90","0.75","0",""
"INV-026006","C0025","Oakmont County Facilities","Institutional","West","Owen Price","Low","65000.00","COL-03","Elena Ruiz","Commercial","NET90","90","0.00","2025-09-26","2025-12-25","1228.27","0.00","0.00","0.00","0.00","1228.27","0.00","1","1","6","2","1-30","0.25","0",""
"INV-026022","C0135","Oakmont Medical Center - Midwest","Institutional","Midwest","Hana Sato","Low","155000.00","COL-02","Marcus Bell","Strategic Accounts","NET90","90","0.00","2025-09-26","2025-12-25","1612.17","0.00","0.00","0.00","0.00","1612.17","0.00","1","1","6","2","1-30","0.25","0",""
"INV-026025","C0145","Crestview Medical Center","Institutional","West","Maya Brennan","Low","120000.00","COL-04","Tomas Okafor","Commercial","NET90","90","0.00","2025-09-26","2025-12-25","3947.92","0.00","0.00","0.00","0.00","3947.92","0.00","1","1","6","2","1-30","0.25","0",""
"INV-026034","C0208","Keystone University Facilities","Institutional","Southwest","Rosa Delgado","Low","95000.00","COL-04","Tomas Okafor","Commercial","NET90","90","0.00","2025-09-26","2025-12-25","6497.77","0.00","0.00","0.00","0.00","6497.77","0.00","1","1","6","2","1-30","0.25","0",""
"INV-026036","C0216","Bluewater Construction - West","Contractor","West","Maya Brennan","Medium","40000.00","COL-04","Tomas Okafor","Commercial","NET60","60","0.00","2025-09-26","2025-11-25","1215.62","729.37","0.00","0.00","0.00","486.25","0.00","1","1","36","3","31-60","0.50","0",""
"INV-026056","C0329","Northfield School District - Midwest","Institutional","Midwest","Hana Sato","Low","230000.00","COL-01","Priya Natarajan","Strategic Accounts","NET90","90","0.00","2025-09-26","2025-12-25","3195.62","0.00","0.00","0.00","0.00","3195.62","0.00","1","1","6","2","1-30","0.25","0",""
"INV-026062","C0366","Westbrook Industries - West","OEM Manufacturer","West","Owen Price","Medium","320000.00","COL-02","Marcus Bell","Strategic Accounts","NET60","60","0.00","2025-09-26","2025-11-25","3418.38","0.00","0.00","0.00","0.00","3418.38","0.00","1","1","36","3","31-60","0.50","0",""
"INV-026063","C0371","Pioneer Water Authority","Institutional","Southeast","Luis Moreno","Low","205000.00","COL-02","Marcus Bell","Strategic Accounts","NET90","90","0.00","2025-09-26","2025-12-25","1311.99","0.00","0.00","0.00","0.00","1311.99","0.00","1","1","6","2","1-30","0.25","0",""
"INV-026067","C0005","Lakeshore Medical Center","Institutional","West","Owen Price","Low","195000.00","COL-01","Priya Natarajan","Strategic Accounts","NET90","90","0.00","2025-09-29","2025-12-28","1240.28","0.00","0.00","0.00","0.00","1240.28","0.00","1","1","3","2","1-30","0.25","0",""
"INV-026074","C0031","Stonegate Machine Works","OEM Manufacturer","Northeast","Adrian Cole","Low","515000.00","COL-02","Marcus Bell","Strategic Accounts","NET60","60","0.00","2025-09-29","2025-11-28","15069.94","0.00","0.00","0.00","0.00","15069.94","0.00","1","1","33","3","31-60","0.50","0",""
"INV-026081","C0064","Frontier University Facilities","Institutional","West","Maya Brennan","Low","110000.00","COL-03","Elena Ruiz","Commercial","NET90","90","0.00","2025-09-29","2025-12-28","3299.33","0.00","0.00","0.00","0.00","3299.33","0.00","1","1","3","2","1-30","0.25","0",""
"INV-026095","C0122","Frontier Fabrication - Northeast","OEM Manufacturer","Northeast","Adrian Cole","Low","435000.00","COL-01","Priya Natarajan","Strategic Accounts","NET45","45","0.00","2025-09-29","2025-11-13","2085.22","1251.13","0.00","0.00","0.00","834.09","0.00","1","1","48","3","31-60","0.50","0",""
"INV-026114","C0254","Pioneer Medical Center - West","Institutional","West","Owen Price","Low","95000.00","COL-03","Elena Ruiz","Commercial","NET90","90","0.00","2025-09-29","2025-12-28","10466.03","0.00","0.00","0.00","0.00","10466.03","0.00","1","1","3","2","1-30","0.25","0",""
"INV-026115","C0255","Riverbend Fabrication","OEM Manufacturer","Southwest","Rosa Delgado","Low","245000.00","COL-02","Marcus Bell","Strategic Accounts","NET60","60","0.00","2025-09-29","2025-11-28","5677.83","0.00","0.00","0.00","0.00","5677.83","0.00","1","1","33","3","31-60","0.50","0",""
"INV-026120","C0302","Crestview Contracting - Northeast 3","Contractor","Northeast","Nadia Farouk","High","125000.00","COL-04","Tomas Okafor","Commercial","2/10NET30","30","2.00","2025-09-29","2025-10-29","8147.81","0.00","0.00","0.00","0.00","8147.81","0.00","1","1","63","4","61-90","0.75","0",""
"INV-026132","C0377","Northfield Machine Works","OEM Manufacturer","West","Owen Price","High","160000.00","COL-02","Marcus Bell","Strategic Accounts","NET60","60","0.00","2025-09-29","2025-11-28","5419.85","0.00","0.00","0.00","0.00","5419.85","0.00","1","1","33","3","31-60","0.50","0",""
"INV-026135","C0399","Riverbend Electric - West 5","Contractor","West","Maya Brennan","Medium","110000.00","COL-03","Elena Ruiz","Commercial","NET60","60","0.00","2025-09-29","2025-11-28","805.15","483.09","0.00","0.00","0.00","322.06","0.00","1","1","33","3","31-60","0.50","0",""
"INV-026148","C0059","Apex Mechanical","Contractor","Midwest","Ben Kowalczyk","High","150000.00","COL-02","Marcus Bell","Strategic Accounts","NET30","30","0.00","2025-09-30","2025-10-30","2813.20","0.00","0.00","0.00","0.00","2813.20","0.00","1","1","62","4","61-90","0.75","0",""
"INV-026160","C0118","Granite MRO Services","MRO Reseller","Southeast","Dana Whitfield","Low","60000.00","COL-05","Grace Lindqvist","Small Business","2/10NET30","30","2.00","2025-09-30","2025-10-30","824.24","0.00","0.00","0.00","0.00","824.24","0.00","1","1","62","4","61-90","0.75","1","Pricing"
"INV-026163","C0129","Northfield Builders","Contractor","Northeast","Adrian Cole","Medium","115000.00","COL-03","Elena Ruiz","Commercial","NET30","30","0.00","2025-09-30","2025-10-30","5244.45","0.00","0.00","1206.22","0.00","4038.23","0.00","1","1","62","4","61-90","0.75","0","Damaged Goods"
"INV-026169","C0164","Lakeshore Fabrication","OEM Manufacturer","Southwest","Rosa Delgado","Medium","240000.00","COL-01","Priya Natarajan","Strategic Accounts","NET45","45","0.00","2025-09-30","2025-11-14","2211.83","0.00","0.00","0.00","0.00","2211.83","0.00","1","1","47","3","31-60","0.50","0",""
"INV-026193","C0287","Redline University Facilities - Southwest 4","Institutional","Southwest","Kevin Ames","Low","155000.00","COL-02","Marcus Bell","Strategic Accounts","NET90","90","0.00","2025-09-30","2025-12-29","1872.16","0.00","0.00","0.00","0.00","1872.16","0.00","1","1","2","2","1-30","0.25","0",""
"INV-026195","C0302","Crestview Contracting - Northeast 3","Contractor","Northeast","Nadia Farouk","High","125000.00","COL-04","Tomas Okafor","Commercial","2/10NET30","30","2.00","2025-09-30","2025-10-30","5225.67","0.00","0.00","0.00","0.00","5225.67","0.00","1","1","62","4","61-90","0.75","0",""
"INV-026205","C0356","Stonegate University Facilities - Midwest 3","Institutional","Midwest","Ben Kowalczyk","Low","145000.00","COL-03","Elena Ruiz","Commercial","NET90","90","0.00","2025-09-30","2025-12-29","3961.04","0.00","0.00","0.00","0.00","3961.04","0.00","1","1","2","2","1-30","0.25","0",""
"INV-026210","C0005","Lakeshore Medical Center","Institutional","West","Owen Price","Low","195000.00","COL-01","Priya Natarajan","Strategic Accounts","NET90","90","0.00","2025-10-01","2025-12-30","5721.77","0.00","0.00","0.00","0.00","5721.77","0.00","1","1","1","2","1-30","0.25","0",""
"INV-026229","C0135","Oakmont Medical Center - Midwest","Institutional","Midwest","Hana Sato","Low","155000.00","COL-02","Marcus Bell","Strategic Accounts","NET90","90","0.00","2025-10-01","2025-12-30","1064.33","0.00","0.00","0.00","0.00","1064.33","0.00","1","1","1","2","1-30","0.25","0",""
"INV-026230","C0139","Harbor Machine Works","OEM Manufacturer","Midwest","Ben Kowalczyk","Medium","570000.00","COL-01","Priya Natarajan","Strategic Accounts","NET45","45","0.00","2025-10-01","2025-11-15","3983.18","2389.91","0.00","0.00","0.00","1593.27","0.00","1","1","46","3","31-60","0.50","0",""
"INV-026235","C0164","Lakeshore Fabrication","OEM Manufacturer","Southwest","Rosa Delgado","Medium","240000.00","COL-01","Priya Natarajan","Strategic Accounts","NET45","45","0.00","2025-10-01","2025-11-15","5675.19","0.00","0.00","0.00","0.00","5675.19","0.00","1","1","46","3","31-60","0.50","0",""
"INV-026244","C0234","Redline University Facilities - Midwest 3","Institutional","Midwest","Ben Kowalczyk","Low","145000.00","COL-04","Tomas Okafor","Commercial","NET90","90","0.00","2025-10-01","2025-12-30","9901.96","0.00","0.00","0.00","0.00","9901.96","0.00","1","1","1","2","1-30","0.25","0",""
"INV-026248","C0279","Ironbridge Medical Center - Northeast","Institutional","Northeast","Nadia Farouk","Low","155000.00","COL-02","Marcus Bell","Strategic Accounts","NET90","90","0.00","2025-10-01","2025-12-30","3334.98","0.00","0.00","0.00","0.00","3334.98","0.00","1","1","1","2","1-30","0.25","0",""
"INV-026255","C0329","Northfield School District - Midwest","Institutional","Midwest","Hana Sato","Low","230000.00","COL-01","Priya Natarajan","Strategic Accounts","NET90","90","0.00","2025-10-01","2025-12-30","2169.71","0.00","0.00","0.00","0.00","2169.71","0.00","1","1","1","2","1-30","0.25","0",""
"INV-026261","C0360","Bluewater Medical Center - Northeast","Institutional","Northeast","Nadia Farouk","Medium","160000.00","COL-02","Marcus Bell","Strategic Accounts","NET90","90","0.00","2025-10-01","2025-12-30","8463.43","0.00","0.00","0.00","0.00","8463.43","0.00","1","1","1","2","1-30","0.25","0",""
"INV-026262","C0366","Westbrook Industries - West","OEM Manufacturer","West","Owen Price","Medium","320000.00","COL-02","Marcus Bell","Strategic Accounts","NET60","60","0.00","2025-10-01","2025-11-30","1669.95","0.00","0.00","0.00","0.00","1669.95","0.00","1","1","31","3","31-60","0.50","0",""
"INV-026263","C0369","Lakeshore Components","OEM Manufacturer","Midwest","Hana Sato","High","545000.00","COL-02","Marcus Bell","Strategic Accounts","NET60","60","0.00","2025-10-01","2025-11-30","15782.24","0.00","0.00","0.00","0.00","15782.24","0.00","1","1","31","3","31-60","0.50","0",""
"INV-026274","C0031","Stonegate Machine Works","OEM Manufacturer","Northeast","Adrian Cole","Low","515000.00","COL-02","Marcus Bell","Strategic Accounts","NET60","60","0.00","2025-10-02","2025-12-01","9348.84","0.00","0.00","0.00","0.00","9348.84","0.00","1","1","30","2","1-30","0.25","0","PO Mismatch"
"INV-026277","C0063","Oakmont Medical Center","Institutional","Midwest","Hana Sato","Low","210000.00","COL-01","Priya Natarajan","Strategic Accounts","NET90","90","0.00","2025-10-02","2025-12-31","11144.61","0.00","0.00","0.00","0.00","11144.61","0.00","1","0","0","1","Current","0.00","0",""
"INV-026280","C0094","Bluewater Industries - Southeast","OEM Manufacturer","Southeast","Dana Whitfield","Low","535000.00","COL-02","Marcus Bell","Strategic Accounts","NET45","45","0.00","2025-10-02","2025-11-16","7379.90","0.00","0.00","516.59","0.00","6863.31","0.00","1","1","45","3","31-60","0.50","0","Damaged Goods"
"INV-026296","C0219","Titan Construction - Southwest 3","Contractor","Southwest","Rosa Delgado","Low","115000.00","COL-03","Elena Ruiz","Commercial","NET60","60","0.00","2025-10-02","2025-12-01","6397.83","0.00","0.00","0.00","0.00","6397.83","0.00","1","1","30","2","1-30","0.25","0",""
"INV-026305","C0312","Pioneer University Facilities - Southeast","Institutional","Southeast","Dana Whitfield","Low","190000.00","COL-02","Marcus Bell","Strategic Accounts","NET90","90","0.00","2025-10-02","2025-12-31","5205.93","0.00","0.00","0.00","0.00","5205.93","0.00","1","0","0","1","Current","0.00","0",""
"INV-026317","C0382","Summit Machine Works","OEM Manufacturer","Southwest","Kevin Ames","Low","240000.00","COL-02","Marcus Bell","Strategic Accounts","NET60","60","0.00","2025-10-02","2025-12-01","2067.62","1240.57","0.00","0.00","0.00","827.05","0.00","1","1","30","2","1-30","0.25","0",""
"INV-026322","C0036","Harbor Builders - West","Contractor","West","Owen Price","Low","145000.00","COL-03","Elena Ruiz","Commercial","NET60","60","0.00","2025-10-03","2025-12-02","1549.15","929.49","0.00","0.00","0.00","619.66","0.00","1","1","29","2","1-30","0.25","0",""
"INV-026325","C0059","Apex Mechanical","Contractor","Midwest","Ben Kowalczyk","High","150000.00","COL-02","Marcus Bell","Strategic Accounts","NET30","30","0.00","2025-10-03","2025-11-02","3414.96","0.00","0.00","0.00","0.00","3414.96","0.00","1","1","59","3","31-60","0.50","0",""
"INV-026331","C0094","Bluewater Industries - Southeast","OEM Manufacturer","Southeast","Dana Whitfield","Low","535000.00","COL-02","Marcus Bell","Strategic Accounts","NET45","45","0.00","2025-10-03","2025-11-17","4923.43","0.00","0.00","0.00","0.00","4923.43","0.00","1","1","44","3","31-60","0.50","0",""
"INV-026332","C0099","Northfield Water Authority","Institutional","Northeast","Nadia Farouk","Low","165000.00","COL-01","Priya Natarajan","Strategic Accounts","NET60","60","0.00","2025-10-03","2025-12-02","1050.31","630.19","0.00","0.00","0.00","420.12","0.00","1","1","29","2","1-30","0.25","0",""
"INV-026341","C0135","Oakmont Medical Center - Midwest","Institutional","Midwest","Hana Sato","Low","155000.00","COL-02","Marcus Bell","Strategic Accounts","NET90","90","0.00","2025-10-03","2026-01-01","6761.59","0.00","0.00","0.00","0.00","6761.59","0.00","1","0","-1","1","Current","0.00","0",""
"INV-026350","C0156","Frontier County Facilities","Institutional","West","Owen Price","Low","135000.00","COL-03","Elena Ruiz","Commercial","NET90","90","0.00","2025-10-03","2026-01-01","8466.36","0.00","0.00","1693.27","0.00","6773.09","0.00","1","0","-1","1","Current","0.00","0","Pricing"
"INV-026355","C0201","Titan Machine Works","OEM Manufacturer","Southwest","Kevin Ames","Low","525000.00","COL-02","Marcus Bell","Strategic Accounts","NET45","45","0.00","2025-10-03","2025-11-17","12183.66","7310.20","0.00","0.00","0.00","4873.46","0.00","1","1","44","3","31-60","0.50","0",""
"INV-026376","C0351","Ironbridge Components","OEM Manufacturer","Midwest","Hana Sato","High","450000.00","COL-01","Priya Natarajan","Strategic Accounts","NET45","45","0.00","2025-10-03","2025-11-17","2873.52","0.00","0.00","0.00","0.00","2873.52","0.00","1","1","44","3","31-60","0.50","0",""
"INV-026377","C0364","Redline Industries - Northeast","OEM Manufacturer","Northeast","Adrian Cole","Low","335000.00","COL-02","Marcus Bell","Strategic Accounts","NET45","45","0.00","2025-10-03","2025-11-17","15891.57","0.00","0.00","0.00","0.00","15891.57","0.00","1","1","44","3","31-60","0.50","0",""
"INV-026387","C0036","Harbor Builders - West","Contractor","West","Owen Price","Low","145000.00","COL-03","Elena Ruiz","Commercial","NET60","60","0.00","2025-10-06","2025-12-05","8434.53","5060.72","0.00","0.00","0.00","3373.81","0.00","1","1","26","2","1-30","0.25","0",""
"INV-026391","C0066","Summit Industries","OEM Manufacturer","Midwest","Ben Kowalczyk","Medium","385000.00","COL-02","Marcus Bell","Strategic Accounts","NET60","60","0.00","2025-10-06","2025-12-05","5306.79","3184.07","0.00","0.00","0.00","2122.72","0.00","1","1","26","2","1-30","0.25","0",""
"INV-026422","C0229","Pioneer Medical Center","Institutional","Northeast","Nadia Farouk","Low","85000.00","COL-03","Elena Ruiz","Commercial","NET60","60","0.00","2025-10-06","2025-12-05","3035.40","0.00","0.00","0.00","0.00","3035.40","0.00","1","1","26","2","1-30","0.25","0",""
"INV-026423","C0232","Titan Builders - Southwest","Contractor","Southwest","Kevin Ames","High","105000.00","COL-04","Tomas Okafor","Commercial","2/10NET30","30","2.00","2025-10-06","2025-11-05","2069.00","0.00","0.00","0.00","0.00","2069.00","0.00","1","1","56","3","31-60","0.50","0",""
"INV-026425","C0256","Oakmont School District","Institutional","Northeast","Adrian Cole","Medium","100000.00","COL-03","Elena Ruiz","Commercial","NET60","60","0.00","2025-10-06","2025-12-05","5215.52","0.00","0.00","0.00","0.00","5215.52","0.00","1","1","26","2","1-30","0.25","0",""
"INV-026429","C0286","Crestview County Facilities - Southeast","Institutional","Southeast","Luis Moreno","Low","70000.00","COL-03","Elena Ruiz","Commercial","NET90","90","0.00","2025-10-06","2026-01-04","1422.45","0.00","0.00","0.00","0.00","1422.45","0.00","1","0","-4","1","Current","0.00","0",""
"INV-026457","C0132","Keystone Contracting","Contractor","West","Maya Brennan","High","105000.00","COL-04","Tomas Okafor","Commercial","NET60","60","0.00","2025-10-07","2025-12-06","1505.14","0.00","0.00","225.77","0.00","1279.37","0.00","1","1","25","2","1-30","0.25","0","Damaged Goods"
"INV-026463","C0164","Lakeshore Fabrication","OEM Manufacturer","Southwest","Rosa Delgado","Medium","240000.00","COL-01","Priya Natarajan","Strategic Accounts","NET45","45","0.00","2025-10-07","2025-11-21","14870.85","0.00","0.00","0.00","0.00","14870.85","0.00","1","1","40","3","31-60","0.50","0",""
"INV-026480","C0271","Riverbend Electric - Midwest 3","Contractor","Midwest","Hana Sato","High","140000.00","COL-03","Elena Ruiz","Commercial","2/10NET30","30","2.00","2025-10-07","2025-11-06","801.57","0.00","0.00","0.00","0.00","801.57","0.00","1","1","55","3","31-60","0.50","0",""
"INV-026493","C0359","Stonegate Fabrication - West","OEM Manufacturer","West","Maya Brennan","High","380000.00","COL-02","Marcus Bell","Strategic Accounts","NET60","60","0.00","2025-10-07","2025-12-06","16287.82","0.00","0.00","0.00","0.00","16287.82","0.00","1","1","25","2","1-30","0.25","0",""
"INV-026494","C0360","Bluewater Medical Center - Northeast","Institutional","Northeast","Nadia Farouk","Medium","160000.00","COL-02","Marcus Bell","Strategic Accounts","NET90","90","0.00","2025-10-07","2026-01-05","1107.15","0.00","0.00","0.00","0.00","1107.15","0.00","1","0","-5","1","Current","0.00","0",""
"INV-026496","C0370","Cedar Ridge Construction - West 4","Contractor","West","Maya Brennan","Low","85000.00","COL-04","Tomas Okafor","Commercial","NET60","60","0.00","2025-10-07","2025-12-06","6171.13","3702.68","0.00","0.00","0.00","2468.45","0.00","1","1","25","2","1-30","0.25","0",""
"INV-026511","C0088","Westbrook Builders - West","Contractor","West","Maya Brennan","High","145000.00","COL-03","Elena Ruiz","Commercial","NET60","60","0.00","2025-10-08","2025-12-07","948.97","0.00","0.00","0.00","0.00","948.97","0.00","1","1","24","2","1-30","0.25","0",""
"INV-026514","C0095","Stonegate Fabrication","OEM Manufacturer","West","Owen Price","Low","600000.00","COL-02","Marcus Bell","Strategic Accounts","NET60","60","0.00","2025-10-08","2025-12-07","16123.50","0.00","0.00","0.00","0.00","16123.50","0.00","1","1","24","2","1-30","0.25","1","Duplicate Billing"
"INV-026520","C0145","Crestview Medical Center","Institutional","West","Maya Brennan","Low","120000.00","COL-04","Tomas Okafor","Commercial","NET90","90","0.00","2025-10-08","2026-01-06","5033.95","0.00","0.00","0.00","0.00","5033.95","0.00","1","0","-6","1","Current","0.00","0",""
"INV-026540","C0255","Riverbend Fabrication","OEM Manufacturer","Southwest","Rosa Delgado","Low","245000.00","COL-02","Marcus Bell","Strategic Accounts","NET60","60","0.00","2025-10-08","2025-12-07","13253.25","0.00","0.00","0.00","0.00","13253.25","0.00","1","1","24","2","1-30","0.25","0",""
"INV-026563","C0375","Harbor Water Authority - Southwest","Institutional","Southwest","Kevin Ames","Low","90000.00","COL-03","Elena Ruiz","Commercial","NET90","90","0.00","2025-10-08","2026-01-06","8716.93","0.00","0.00","0.00","0.00","8716.93","0.00","1","0","-6","1","Current","0.00","0",""
"INV-026576","C0053","Stonegate University Facilities","Institutional","Northeast","Nadia Farouk","Low","130000.00","COL-04","Tomas Okafor","Commercial","NET90","90","0.00","2025-10-09","2026-01-07","4780.68","0.00","0.00","0.00","0.00","4780.68","0.00","1","0","-7","1","Current","0.00","0",""
"INV-026577","C0059","Apex Mechanical","Contractor","Midwest","Ben Kowalczyk","High","150000.00","COL-02","Marcus Bell","Strategic Accounts","NET30","30","0.00","2025-10-09","2025-11-08","8673.55","0.00","0.00","0.00","0.00","8673.55","0.00","1","1","53","3","31-60","0.50","0",""
"INV-026586","C0132","Keystone Contracting","Contractor","West","Maya Brennan","High","105000.00","COL-04","Tomas Okafor","Commercial","NET60","60","0.00","2025-10-09","2025-12-08","2856.13","0.00","0.00","0.00","0.00","2856.13","0.00","1","1","23","2","1-30","0.25","0",""
"INV-026591","C0176","Harbor Machine Works - Southeast","OEM Manufacturer","Southeast","Luis Moreno","Low","315000.00","COL-01","Priya Natarajan","Strategic Accounts","NET60","60","0.00","2025-10-09","2025-12-08","2342.64","1405.58","0.00","0.00","0.00","937.06","0.00","1","1","23","2","1-30","0.25","0",""
"INV-026594","C0188","Westbrook Industrial Supply - Southwest","MRO Reseller","Southwest","Rosa Delgado","High","35000.00","COL-06","Sam Horowitz","Small Business","NET30","30","0.00","2025-10-09","2025-11-08","4138.57","2483.14","0.00","0.00","0.00","1655.43","0.00","1","1","53","3","31-60","0.50","0",""
"INV-026603","C0232","Titan Builders - Southwest","Contractor","Southwest","Kevin Ames","High","105000.00","COL-04","Tomas Okafor","Commercial","2/10NET30","30","2.00","2025-10-09","2025-11-08","810.53","0.00","0.00","0.00","0.00","810.53","0.00","1","1","53","3","31-60","0.50","0",""
"INV-026607","C0279","Ironbridge Medical Center - Northeast","Institutional","Northeast","Nadia Farouk","Low","155000.00","COL-02","Marcus Bell","Strategic Accounts","NET90","90","0.00","2025-10-09","2026-01-07","1870.79","0.00","0.00","0.00","0.00","1870.79","0.00","1","0","-7","1","Current","0.00","0",""
"INV-026615","C0351","Ironbridge Components","OEM Manufacturer","Midwest","Hana Sato","High","450000.00","COL-01","Priya Natarajan","Strategic Accounts","NET45","45","0.00","2025-10-09","2025-11-23","4058.36","0.00","0.00","0.00","0.00","4058.36","0.00","1","1","38","3","31-60","0.50","0",""
"INV-026616","C0360","Bluewater Medical Center - Northeast","Institutional","Northeast","Nadia Farouk","Medium","160000.00","COL-02","Marcus Bell","Strategic Accounts","NET90","90","0.00","2025-10-09","2026-01-07","2229.20","0.00","0.00","0.00","0.00","2229.20","0.00","1","0","-7","1","Current","0.00","0",""
"INV-026617","C0364","Redline Industries - Northeast","OEM Manufacturer","Northeast","Adrian Cole","Low","335000.00","COL-02","Marcus Bell","Strategic Accounts","NET45","45","0.00","2025-10-09","2025-11-23","7343.70","0.00","0.00","0.00","0.00","7343.70","0.00","1","1","38","3","31-60","0.50","0",""
"INV-026619","C0386","Bluewater Electric","Contractor","West","Maya Brennan","High","100000.00","COL-03","Elena Ruiz","Commercial","NET60","60","0.00","2025-10-09","2025-12-08","1300.34","0.00","0.00","0.00","0.00","1300.34","0.00","1","1","23","2","1-30","0.25","0",""
"INV-026623","C0005","Lakeshore Medical Center","Institutional","West","Owen Price","Low","195000.00","COL-01","Priya Natarajan","Strategic Accounts","NET90","90","0.00","2025-10-10","2026-01-08","3337.35","0.00","0.00","0.00","0.00","3337.35","0.00","1","0","-8","1","Current","0.00","0",""
"INV-026625","C0025","Oakmont County Facilities","Institutional","West","Owen Price","Low","65000.00","COL-03","Elena Ruiz","Commercial","NET90","90","0.00","2025-10-10","2026-01-08","2800.96","0.00","0.00","0.00","0.00","2800.96","0.00","1","0","-8","1","Current","0.00","0",""
"INV-026626","C0031","Stonegate Machine Works","OEM Manufacturer","Northeast","Adrian Cole","Low","515000.00","COL-02","Marcus Bell","Strategic Accounts","NET60","60","0.00","2025-10-10","2025-12-09","12004.55","0.00","0.00","0.00","0.00","12004.55","0.00","1","1","22","2","1-30","0.25","0",""
"INV-026629","C0042","Bluewater Industries","OEM Manufacturer","Southwest","Kevin Ames","High","355000.00","COL-01","Priya Natarajan","Strategic Accounts","NET60","60","0.00","2025-10-10","2025-12-09","1673.60","0.00","0.00","0.00","0.00","1673.60","0.00","1","1","22","2","1-30","0.25","0",""
"INV-026636","C0145","Crestview Medical Center","Institutional","West","Maya Brennan","Low","120000.00","COL-04","Tomas Okafor","Commercial","NET90","90","0.00","2025-10-10","2026-01-08","1596.41","0.00","0.00","0.00","0.00","1596.41","0.00","1","0","-8","1","Current","0.00","0",""
"INV-026648","C0271","Riverbend Electric - Midwest 3","Contractor","Midwest","Hana Sato","High","140000.00","COL-03","Elena Ruiz","Commercial","2/10NET30","30","2.00","2025-10-10","2025-11-09","7572.21","0.00","0.00","0.00","0.00","7572.21","0.00","1","1","52","3","31-60","0.50","0",""
"INV-026657","C0325","Apex Medical Center","Institutional","Northeast","Adrian Cole","Low","105000.00","COL-04","Tomas Okafor","Commercial","NET90","90","0.00","2025-10-10","2026-01-08","3253.07","0.00","0.00","0.00","0.00","3253.07","0.00","1","0","-8","1","Current","0.00","0",""
"INV-026662","C0364","Redline Industries - Northeast","OEM Manufacturer","Northeast","Adrian Cole","Low","335000.00","COL-02","Marcus Bell","Strategic Accounts","NET45","45","0.00","2025-10-10","2025-11-24","4207.21","0.00","0.00","0.00","0.00","4207.21","0.00","1","1","37","3","31-60","0.50","0",""
"INV-026663","C0366","Westbrook Industries - West","OEM Manufacturer","West","Owen Price","Medium","320000.00","COL-02","Marcus Bell","Strategic Accounts","NET60","60","0.00","2025-10-10","2025-12-09","10889.74","0.00","0.00","0.00","0.00","10889.74","0.00","1","1","22","2","1-30","0.25","0",""
"INV-026665","C0369","Lakeshore Components","OEM Manufacturer","Midwest","Hana Sato","High","545000.00","COL-02","Marcus Bell","Strategic Accounts","NET60","60","0.00","2025-10-10","2025-12-09","2947.38","0.00","0.00","0.00","0.00","2947.38","0.00","1","1","22","2","1-30","0.25","1","Pricing"
"INV-026678","C0094","Bluewater Industries - Southeast","OEM Manufacturer","Southeast","Dana Whitfield","Low","535000.00","COL-02","Marcus Bell","Strategic Accounts","NET45","45","0.00","2025-10-13","2025-11-27","1785.61","0.00","0.00","0.00","0.00","1785.61","0.00","1","1","34","3","31-60","0.50","1","Short Shipment"
"INV-026681","C0101","Redline University Facilities - Northeast","Institutional","Northeast","Adrian Cole","Low","180000.00","COL-02","Marcus Bell","Strategic Accounts","NET60","60","0.00","2025-10-13","2025-12-12","7158.44","0.00","0.00","0.00","0.00","7158.44","0.00","1","1","19","2","1-30","0.25","0",""
"INV-026687","C0132","Keystone Contracting","Contractor","West","Maya Brennan","High","105000.00","COL-04","Tomas Okafor","Commercial","NET60","60","0.00","2025-10-13","2025-12-12","2645.13","0.00","0.00","0.00","0.00","2645.13","0.00","1","1","19","2","1-30","0.25","0",""
"INV-026689","C0153","Redline Water Authority","Institutional","Southeast","Luis Moreno","Low","200000.00","COL-02","Marcus Bell","Strategic Accounts","NET90","90","0.00","2025-10-13","2026-01-11","11054.11","0.00","0.00","2542.45","0.00","8511.66","0.00","1","0","-11","1","Current","0.00","0","Damaged Goods"
"INV-026699","C0206","Oakmont Manufacturing","OEM Manufacturer","Southeast","Dana Whitfield","Medium","590000.00","COL-01","Priya Natarajan","Strategic Accounts","NET60","60","0.00","2025-10-13","2025-12-12","2983.24","1789.94","0.00","0.00","0.00","1193.30","0.00","1","1","19","2","1-30","0.25","0",""
"INV-026700","C0214","Bluewater Industries - Midwest 3","OEM Manufacturer","Midwest","Hana Sato","Low","275000.00","COL-02","Marcus Bell","Strategic Accounts","NET60","60","0.00","2025-10-13","2025-12-12","1736.21","0.00","0.00","0.00","0.00","1736.21","0.00","1","1","19","2","1-30","0.25","1","Damaged Goods"
"INV-026701","C0227","Cedar Ridge County Facilities","Institutional","West","Owen Price","Low","80000.00","COL-03","Elena Ruiz","Commercial","NET60","60","0.00","2025-10-13","2025-12-12","1954.90","0.00","0.00","0.00","0.00","1954.90","0.00","1","1","19","2","1-30","0.25","0",""
"INV-026702","C0234","Redline University Facilities - Midwest 3","Institutional","Midwest","Ben Kowalczyk","Low","145000.00","COL-04","Tomas Okafor","Commercial","NET90","90","0.00","2025-10-13","2026-01-11","4126.54","0.00","0.00","0.00","0.00","4126.54","0.00","1","0","-11","1","Current","0.00","0",""
"INV-026708","C0271","Riverbend Electric - Midwest 3","Contractor","Midwest","Hana Sato","High","140000.00","COL-03","Elena Ruiz","Commercial","2/10NET30","30","2.00","2025-10-13","2025-11-12","2411.81","0.00","0.00","0.00","0.00","2411.81","0.00","1","1","49","3","31-60","0.50","0",""
"INV-026711","C0297","Apex Mechanical - Southeast 3","Contractor","Southeast","Dana Whitfield","High","30000.00","COL-04","Tomas Okafor","Commercial","NET30","30","0.00","2025-10-13","2025-11-12","1687.53","0.00","0.00","0.00","0.00","1687.53","0.00","1","1","49","3","31-60","0.50","0",""
"INV-026713","C0312","Pioneer University Facilities - Southeast","Institutional","Southeast","Dana Whitfield","Low","190000.00","COL-02","Marcus Bell","Strategic Accounts","NET90","90","0.00","2025-10-13","2026-01-11","7489.08","0.00","0.00","0.00","0.00","7489.08","0.00","1","0","-11","1","Current","0.00","0",""
"INV-026721","C0359","Stonegate Fabrication - West","OEM Manufacturer","West","Maya Brennan","High","380000.00","COL-02","Marcus Bell","Strategic Accounts","NET60","60","0.00","2025-10-13","2025-12-12","2412.54","0.00","0.00","0.00","0.00","2412.54","0.00","1","1","19","2","1-30","0.25","0",""
"INV-026722","C0360","Bluewater Medical Center - Northeast","Institutional","Northeast","Nadia Farouk","Medium","160000.00","COL-02","Marcus Bell","Strategic Accounts","NET90","90","0.00","2025-10-13","2026-01-11","1179.31","0.00","0.00","0.00","0.00","1179.31","0.00","1","0","-11","1","Current","0.00","0",""
"INV-026724","C0369","Lakeshore Components","OEM Manufacturer","Midwest","Hana Sato","High","545000.00","COL-02","Marcus Bell","Strategic Accounts","NET60","60","0.00","2025-10-13","2025-12-12","11408.27","0.00","0.00","0.00","0.00","11408.27","0.00","1","1","19","2","1-30","0.25","0",""
"INV-026741","C0088","Westbrook Builders - West","Contractor","West","Maya Brennan","High","145000.00","COL-03","Elena Ruiz","Commercial","NET60","60","0.00","2025-10-14","2025-12-13","1897.61","0.00","0.00","0.00","0.00","1897.61","0.00","1","1","18","2","1-30","0.25","0",""
"INV-026747","C0119","Titan Builders","Contractor","Northeast","Nadia Farouk","Medium","105000.00","COL-04","Tomas Okafor","Commercial","2/10NET30","30","2.00","2025-10-14","2025-11-13","1736.92","0.00","0.00","0.00","0.00","1736.92","0.00","1","1","48","3","31-60","0.50","1","Damaged Goods"
"INV-026749","C0130","Keystone Mechanical","Contractor","Southeast","Dana Whitfield","Low","140000.00","COL-04","Tomas Okafor","Commercial","NET30","30","0.00","2025-10-14","2025-11-13","1690.76","0.00","0.00","304.34","0.00","1386.42","0.00","1","1","48","3","31-60","0.50","0","Short Shipment"
"INV-026751","C0164","Lakeshore Fabrication","OEM Manufacturer","Southwest","Rosa Delgado","Medium","240000.00","COL-01","Priya Natarajan","Strategic Accounts","NET45","45","0.00","2025-10-14","2025-11-28","8907.27","0.00","0.00","0.00","0.00","8907.27","0.00","1","1","33","3","31-60","0.50","0",""
"INV-026755","C0195","Redline Manufacturing","OEM Manufacturer","Southwest","Kevin Ames","Medium","360000.00","COL-01","Priya Natarajan","Strategic Accounts","NET60","60","0.00","2025-10-14","2025-12-13","4996.89","0.00","0.00","0.00","0.00","4996.89","0.00","1","1","18","2","1-30","0.25","0",""
"INV-026764","C0275","Cedar Ridge Machine Works - Southwest","OEM Manufacturer","Southwest","Rosa Delgado","High","535000.00","COL-01","Priya Natarajan","Strategic Accounts","NET60","60","0.00","2025-10-14","2025-12-13","1658.08","0.00","0.00","0.00","0.00","1658.08","0.00","1","1","18","2","1-30","0.25","0",""
"INV-026772","C0349","Granite Manufacturing","OEM Manufacturer","Northeast","Nadia Farouk","High","490000.00","COL-02","Marcus Bell","Strategic Accounts","NET60","60","0.00","2025-10-14","2025-12-13","3810.89","0.00","0.00","0.00","0.00","3810.89","0.00","1","1","18","2","1-30","0.25","0",""
"INV-026774","C0351","Ironbridge Components","OEM Manufacturer","Midwest","Hana Sato","High","450000.00","COL-01","Priya Natarajan","Strategic Accounts","NET45","45","0.00","2025-10-14","2025-11-28","2011.23","0.00","0.00","0.00","0.00","2011.23","0.00","1","1","33","3","31-60","0.50","0",""
"INV-026775","C0359","Stonegate Fabrication - West","OEM Manufacturer","West","Maya Brennan","High","380000.00","COL-02","Marcus Bell","Strategic Accounts","NET60","60","0.00","2025-10-14","2025-12-13","16955.65","0.00","0.00","0.00","0.00","16955.65","0.00","1","1","18","2","1-30","0.25","0",""
"INV-026777","C0369","Lakeshore Components","OEM Manufacturer","Midwest","Hana Sato","High","545000.00","COL-02","Marcus Bell","Strategic Accounts","NET60","60","0.00","2025-10-14","2025-12-13","2985.13","0.00","0.00","0.00","0.00","2985.13","0.00","1","1","18","2","1-30","0.25","0",""
"INV-026784","C0018","Redline Industries","OEM Manufacturer","Northeast","Nadia Farouk","Low","435000.00","COL-02","Marcus Bell","Strategic Accounts","NET45","45","0.00","2025-10-15","2025-11-29","10840.77","6504.46","0.00","0.00","0.00","4336.31","0.00","1","1","32","3","31-60","0.50","0",""
"INV-026787","C0023","Harbor Builders","Contractor","West","Owen Price","High","120000.00","COL-04","Tomas Okafor","Commercial","NET60","60","0.00","2025-10-15","2025-12-14","1850.58","0.00","0.00","0.00","0.00","1850.58","0.00","1","1","17","2","1-30","0.25","1","Damaged Goods"
"INV-026788","C0031","Stonegate Machine Works","OEM Manufacturer","Northeast","Adrian Cole","Low","515000.00","COL-02","Marcus Bell","Strategic Accounts","NET60","60","0.00","2025-10-15","2025-12-14","5591.63","0.00","0.00","0.00","0.00","5591.63","0.00","1","1","17","2","1-30","0.25","0",""
"INV-026790","C0042","Bluewater Industries","OEM Manufacturer","Southwest","Kevin Ames","High","355000.00","COL-01","Priya Natarajan","Strategic Accounts","NET60","60","0.00","2025-10-15","2025-12-14","11216.69","0.00","0.00","0.00","0.00","11216.69","0.00","1","1","17","2","1-30","0.25","0",""
"INV-026797","C0084","Granite Construction","Contractor","Southwest","Rosa Delgado","Medium","145000.00","COL-03","Elena Ruiz","Commercial","2/10NET30","30","2.00","2025-10-15","2025-11-14","857.40","0.00","0.00","0.00","0.00","857.40","0.00","1","1","47","3","31-60","0.50","0",""
"INV-026798","C0094","Bluewater Industries - Southeast","OEM Manufacturer","Southeast","Dana Whitfield","Low","535000.00","COL-02","Marcus Bell","Strategic Accounts","NET45","45","0.00","2025-10-15","2025-11-29","3354.20","0.00","0.00","0.00","0.00","3354.20","0.00","1","1","32","3","31-60","0.50","0",""
"INV-026823","C0255","Riverbend Fabrication","OEM Manufacturer","Southwest","Rosa Delgado","Low","245000.00","COL-02","Marcus Bell","Strategic Accounts","NET60","60","0.00","2025-10-15","2025-12-14","9987.40","0.00","0.00","0.00","0.00","9987.40","0.00","1","1","17","2","1-30","0.25","1","PO Mismatch"
"INV-026828","C0331","Stonegate School District","Institutional","West","Owen Price","Low","190000.00","COL-01","Priya Natarajan","Strategic Accounts","NET90","90","0.00","2025-10-15","2026-01-13","4002.42","0.00","0.00","0.00","0.00","4002.42","0.00","1","0","-13","1","Current","0.00","0",""
"INV-026838","C0023","Harbor Builders","Contractor","West","Owen Price","High","120000.00","COL-04","Tomas Okafor","Commercial","NET60","60","0.00","2025-10-16","2025-12-15","4896.21","0.00","0.00","0.00","0.00","4896.21","0.00","1","1","16","2","1-30","0.25","0",""
"INV-026839","C0031","Stonegate Machine Works","OEM Manufacturer","Northeast","Adrian Cole","Low","515000.00","COL-02","Marcus Bell","Strategic Accounts","NET60","60","0.00","2025-10-16","2025-12-15","1627.93","0.00","0.00","0.00","0.00","1627.93","0.00","1","1","16","2","1-30","0.25","0",""
"INV-026841","C0050","Redline University Facilities","Institutional","Southeast","Luis Moreno","Low","195000.00","COL-02","Marcus Bell","Strategic Accounts","NET60","60","0.00","2025-10-16","2025-12-15","11276.65","0.00","0.00","0.00","0.00","11276.65","0.00","1","1","16","2","1-30","0.25","0",""
"INV-026854","C0165","Northfield School District","Institutional","Southeast","Luis Moreno","Low","150000.00","COL-02","Marcus Bell","Strategic Accounts","NET60","60","0.00","2025-10-16","2025-12-15","8645.12","0.00","0.00","0.00","0.00","8645.12","0.00","1","1","16","2","1-30","0.25","0",""
"INV-026873","C0289","Apex Builders - West","Contractor","West","Owen Price","Low","45000.00","COL-04","Tomas Okafor","Commercial","NET60","60","0.00","2025-10-16","2025-12-15","1486.43","891.86","0.00","0.00","0.00","594.57","0.00","1","1","16","2","1-30","0.25","0",""
"INV-026876","C0302","Crestview Contracting - Northeast 3","Contractor","Northeast","Nadia Farouk","High","125000.00","COL-04","Tomas Okafor","Commercial","2/10NET30","30","2.00","2025-10-16","2025-11-15","2540.50","0.00","0.00","0.00","0.00","2540.50","0.00","1","1","46","3","31-60","0.50","0",""
"INV-026877","C0303","Northfield Contracting","Contractor","Northeast","Adrian Cole","Medium","100000.00","COL-04","Tomas Okafor","Commercial","NET30","30","0.00","2025-10-16","2025-11-15","1007.58","604.55","0.00","0.00","0.00","403.03","0.00","1","1","46","3","31-60","0.50","0",""
"INV-026879","C0310","Harbor Water Authority","Institutional","Midwest","Hana Sato","Low","170000.00","COL-01","Priya Natarajan","Strategic Accounts","NET90","90","0.00","2025-10-16","2026-01-14","1831.15","0.00","0.00","0.00","0.00","1831.15","0.00","1","0","-14","1","Current","0.00","0",""
"INV-026880","C0319","Ironbridge Medical Center - Southwest 3","Institutional","Southwest","Kevin Ames","Low","70000.00","COL-04","Tomas Okafor","Commercial","NET60","60","0.00","2025-10-16","2025-12-15","6310.56","0.00","0.00","820.37","0.00","5490.19","0.00","1","1","16","2","1-30","0.25","0","Pricing"
"INV-026881","C0327","Ironbridge Water Authority","Institutional","Midwest","Ben Kowalczyk","Low","195000.00","COL-01","Priya Natarajan","Strategic Accounts","NET90","90","0.00","2025-10-16","2026-01-14","5996.19","0.00","0.00","0.00","0.00","5996.19","0.00","1","0","-14","1","Current","0.00","0",""
"INV-026884","C0351","Ironbridge Components","OEM Manufacturer","Midwest","Hana Sato","High","450000.00","COL-01","Priya Natarajan","Strategic Accounts","NET45","45","0.00","2025-10-16","2025-11-30","1883.90","0.00","0.00","0.00","0.00","1883.90","0.00","1","1","31","3","31-60","0.50","0",""
"INV-026891","C0399","Riverbend Electric - West 5","Contractor","West","Maya Brennan","Medium","110000.00","COL-03","Elena Ruiz","Commercial","NET60","60","0.00","2025-10-16","2025-12-15","1027.21","616.33","0.00","0.00","0.00","410.88","0.00","1","1","16","2","1-30","0.25","0",""
"INV-026897","C0064","Frontier University Facilities","Institutional","West","Maya Brennan","Low","110000.00","COL-03","Elena Ruiz","Commercial","NET90","90","0.00","2025-10-17","2026-01-15","9711.14","0.00","0.00","0.00","0.00","9711.14","0.00","1","0","-15","1","Current","0.00","0",""
"INV-026909","C0163","Keystone Fabrication","OEM Manufacturer","Midwest","Ben Kowalczyk","Medium","600000.00","COL-01","Priya Natarajan","Strategic Accounts","NET60","60","0.00","2025-10-17","2025-12-16","14982.41","0.00","0.00","0.00","0.00","14982.41","0.00","1","1","15","2","1-30","0.25","0",""
"INV-026910","C0164","Lakeshore Fabrication","OEM Manufacturer","Southwest","Rosa Delgado","Medium","240000.00","COL-01","Priya Natarajan","Strategic Accounts","NET45","45","0.00","2025-10-17","2025-12-01","11931.47","0.00","0.00","0.00","0.00","11931.47","0.00","1","1","30","2","1-30","0.25","0",""
"INV-026918","C0201","Titan Machine Works","OEM Manufacturer","Southwest","Kevin Ames","Low","525000.00","COL-02","Marcus Bell","Strategic Accounts","NET45","45","0.00","2025-10-17","2025-12-01","12695.10","0.00","0.00","0.00","0.00","12695.10","0.00","1","1","30","2","1-30","0.25","1","Short Shipment"
"INV-026921","C0229","Pioneer Medical Center","Institutional","Northeast","Nadia Farouk","Low","85000.00","COL-03","Elena Ruiz","Commercial","NET60","60","0.00","2025-10-17","2025-12-16","1904.44","0.00","0.00","0.00","0.00","1904.44","0.00","1","1","15","2","1-30","0.25","0",""
"INV-026926","C0287","Redline University Facilities - Southwest 4","Institutional","Southwest","Kevin Ames","Low","155000.00","COL-02","Marcus Bell","Strategic Accounts","NET90","90","0.00","2025-10-17","2026-01-15","2857.29","0.00","0.00","0.00","0.00","2857.29","0.00","1","0","-15","1","Current","0.00","0",""
"INV-026930","C0302","Crestview Contracting - Northeast 3","Contractor","Northeast","Nadia Farouk","High","125000.00","COL-04","Tomas Okafor","Commercial","2/10NET30","30","2.00","2025-10-17","2025-11-16","859.80","0.00","0.00","0.00","0.00","859.80","0.00","1","1","45","3","31-60","0.50","0",""
"INV-026933","C0325","Apex Medical Center","Institutional","Northeast","Adrian Cole","Low","105000.00","COL-04","Tomas Okafor","Commercial","NET90","90","0.00","2025-10-17","2026-01-15","2826.36","0.00","0.00","0.00","0.00","2826.36","0.00","1","0","-15","1","Current","0.00","0",""
"INV-026953","C0031","Stonegate Machine Works","OEM Manufacturer","Northeast","Adrian Cole","Low","515000.00","COL-02","Marcus Bell","Strategic Accounts","NET60","60","0.00","2025-10-20","2025-12-19","1703.55","0.00","0.00","0.00","0.00","1703.55","0.00","1","1","12","2","1-30","0.25","0",""
"INV-026954","C0042","Bluewater Industries","OEM Manufacturer","Southwest","Kevin Ames","High","355000.00","COL-01","Priya Natarajan","Strategic Accounts","NET60","60","0.00","2025-10-20","2025-12-19","6169.13","0.00","0.00","0.00","0.00","6169.13","0.00","1","1","12","2","1-30","0.25","0",""
"INV-026969","C0149","Pioneer University Facilities","Institutional","Southeast","Dana Whitfield","Low","80000.00","COL-03","Elena Ruiz","Commercial","NET60","60","0.00","2025-10-20","2025-12-19","1416.50","0.00","0.00","0.00","0.00","1416.50","0.00","1","1","12","2","1-30","0.25","0",""
"INV-026979","C0261","Stonegate Maintenance Supply","MRO Reseller","Southwest","Rosa Delgado","Low","65000.00","COL-06","Sam Horowitz","Small Business","2/10NET30","30","2.00","2025-10-20","2025-11-19","1871.17","1122.70","0.00","0.00","0.00","748.47","0.00","1","1","42","3","31-60","0.50","0",""
"INV-026986","C0310","Harbor Water Authority","Institutional","Midwest","Hana Sato","Low","170000.00","COL-01","Priya Natarajan","Strategic Accounts","NET90","90","0.00","2025-10-20","2026-01-18","1282.37","0.00","0.00","0.00","0.00","1282.37","0.00","1","0","-18","1","Current","0.00","0",""
"INV-026987","C0325","Apex Medical Center","Institutional","Northeast","Adrian Cole","Low","105000.00","COL-04","Tomas Okafor","Commercial","NET90","90","0.00","2025-10-20","2026-01-18","3947.16","0.00","0.00","828.90","0.00","3118.26","0.00","1","0","-18","1","Current","0.00","0","Short Shipment"
"INV-026989","C0331","Stonegate School District","Institutional","West","Owen Price","Low","190000.00","COL-01","Priya Natarajan","Strategic Accounts","NET90","90","0.00","2025-10-20","2026-01-18","1510.17","0.00","0.00","0.00","0.00","1510.17","0.00","1","0","-18","1","Current","0.00","0",""
"INV-026996","C0345","Bluewater Medical Center","Institutional","Southeast","Dana Whitfield","Low","80000.00","COL-03","Elena Ruiz","Commercial","NET60","60","0.00","2025-10-20","2025-12-19","1700.79","0.00","0.00","0.00","0.00","1700.79","0.00","1","1","12","2","1-30","0.25","0",""
"INV-026999","C0376","Summit Components - Midwest","OEM Manufacturer","Midwest","Hana Sato","High","565000.00","COL-01","Priya Natarajan","Strategic Accounts","NET45","45","0.00","2025-10-20","2025-12-04","8122.10","0.00","0.00","0.00","0.00","8122.10","0.00","1","1","27","2","1-30","0.25","0",""
"INV-027001","C0389","Ironbridge Components - Southeast","OEM Manufacturer","Southeast","Dana Whitfield","Medium","590000.00","COL-02","Marcus Bell","Strategic Accounts","NET60","60","0.00","2025-10-20","2025-12-19","1943.29","0.00","0.00","0.00","0.00","1943.29","0.00","1","1","12","2","1-30","0.25","0",""
"INV-027008","C0023","Harbor Builders","Contractor","West","Owen Price","High","120000.00","COL-04","Tomas Okafor","Commercial","NET60","60","0.00","2025-10-21","2025-12-20","3389.43","0.00","0.00","0.00","0.00","3389.43","0.00","1","1","11","2","1-30","0.25","0",""
"INV-027009","C0032","Cedar Ridge Components","OEM Manufacturer","West","Owen Price","Low","340000.00","COL-02","Marcus Bell","Strategic Accounts","NET45","45","0.00","2025-10-21","2025-12-05","2429.74","1457.84","0.00","0.00","0.00","971.90","0.00","1","1","26","2","1-30","0.25","0",""
"INV-027013","C0054","Titan Manufacturing","OEM Manufacturer","Midwest","Hana Sato","Medium","510000.00","COL-01","Priya Natarajan","Strategic Accounts","NET60","60","0.00","2025-10-21","2025-12-20","14310.52","0.00","0.00","0.00","0.00","14310.52","0.00","1","1","11","2","1-30","0.25","0",""
"INV-027017","C0094","Bluewater Industries - Southeast","OEM Manufacturer","Southeast","Dana Whitfield","Low","535000.00","COL-02","Marcus Bell","Strategic Accounts","NET45","45","0.00","2025-10-21","2025-12-05","11780.55","0.00","0.00","0.00","0.00","11780.55","0.00","1","1","26","2","1-30","0.25","0",""
"INV-027032","C0200","Harbor Mechanical","Contractor","Southwest","Kevin Ames","High","90000.00","COL-04","Tomas Okafor","Commercial","NET60","60","0.00","2025-10-21","2025-12-20","1860.09","0.00","0.00","0.00","0.00","1860.09","0.00","1","1","11","2","1-30","0.25","0",""
"INV-027036","C0215","Silverline Medical Center","Institutional","Southeast","Luis Moreno","Low","155000.00","COL-02","Marcus Bell","Strategic Accounts","NET60","60","0.00","2025-10-21","2025-12-20","1543.72","0.00","0.00","0.00","0.00","1543.72","0.00","1","1","11","2","1-30","0.25","0",""
"INV-027044","C0275","Cedar Ridge Machine Works - Southwest","OEM Manufacturer","Southwest","Rosa Delgado","High","535000.00","COL-01","Priya Natarajan","Strategic Accounts","NET60","60","0.00","2025-10-21","2025-12-20","11493.11","0.00","0.00","0.00","0.00","11493.11","0.00","1","1","11","2","1-30","0.25","0",""
"INV-027053","C0351","Ironbridge Components","OEM Manufacturer","Midwest","Hana Sato","High","450000.00","COL-01","Priya Natarajan","Strategic Accounts","NET45","45","0.00","2025-10-21","2025-12-05","6323.50","0.00","0.00","0.00","0.00","6323.50","0.00","1","1","26","2","1-30","0.25","0",""
"INV-027056","C0367","Bluewater Parts & Service - Southeast 5","MRO Reseller","Southeast","Dana Whitfield","Medium","105000.00","COL-06","Sam Horowitz","Small Business","2/10NET30","30","2.00","2025-10-21","2025-11-20","1563.62","0.00","0.00","0.00","0.00","1563.62","0.00","1","1","41","3","31-60","0.50","1","Damaged Goods"
"INV-027063","C0053","Stonegate University Facilities","Institutional","Northeast","Nadia Farouk","Low","130000.00","COL-04","Tomas Okafor","Commercial","NET90","90","0.00","2025-10-22","2026-01-20","1702.85","0.00","0.00","0.00","0.00","1702.85","0.00","1","0","-20","1","Current","0.00","0",""
"INV-027064","C0064","Frontier University Facilities","Institutional","West","Maya Brennan","Low","110000.00","COL-03","Elena Ruiz","Commercial","NET90","90","0.00","2025-10-22","2026-01-20","1054.45","0.00","0.00","0.00","0.00","1054.45","0.00","1","0","-20","1","Current","0.00","0",""
"INV-027072","C0094","Bluewater Industries - Southeast","OEM Manufacturer","Southeast","Dana Whitfield","Low","535000.00","COL-02","Marcus Bell","Strategic Accounts","NET45","45","0.00","2025-10-22","2025-12-06","1634.50","0.00","0.00","0.00","0.00","1634.50","0.00","1","1","25","2","1-30","0.25","0",""
"INV-027076","C0149","Pioneer University Facilities","Institutional","Southeast","Dana Whitfield","Low","80000.00","COL-03","Elena Ruiz","Commercial","NET60","60","0.00","2025-10-22","2025-12-21","2603.51","0.00","0.00","0.00","0.00","2603.51","0.00","1","1","10","2","1-30","0.25","0",""
"INV-027079","C0163","Keystone Fabrication","OEM Manufacturer","Midwest","Ben Kowalczyk","Medium","600000.00","COL-01","Priya Natarajan","Strategic Accounts","NET60","60","0.00","2025-10-22","2025-12-21","2641.38","0.00","0.00","633.93","0.00","2007.45","0.00","1","1","10","2","1-30","0.25","0","Pricing"
"INV-027080","C0169","Apex Components","OEM Manufacturer","Midwest","Ben Kowalczyk","Medium","290000.00","COL-02","Marcus Bell","Strategic Accounts","NET60","60","0.00","2025-10-22","2025-12-21","4898.97","0.00","0.00","0.00","0.00","4898.97","0.00","1","1","10","2","1-30","0.25","0",""
"INV-027089","C0206","Oakmont Manufacturing","OEM Manufacturer","Southeast","Dana Whitfield","Medium","590000.00","COL-01","Priya Natarajan","Strategic Accounts","NET60","60","0.00","2025-10-22","2025-12-21","16594.09","9956.45","0.00","0.00","0.00","6637.64","0.00","1","1","10","2","1-30","0.25","0",""
"INV-027090","C0212","Westbrook Mechanical - Northeast","Contractor","Northeast","Adrian Cole","Medium","110000.00","COL-03","Elena Ruiz","Commercial","2/10NET30","30","2.00","2025-10-22","2025-11-21","3072.69","1843.61","0.00","0.00","0.00","1229.08","0.00","1","1","40","3","31-60","0.50","0",""
"INV-027099","C0286","Crestview County Facilities - Southeast","Institutional","Southeast","Luis Moreno","Low","70000.00","COL-03","Elena Ruiz","Commercial","NET90","90","0.00","2025-10-22","2026-01-20","4905.10","0.00","0.00","0.00","0.00","4905.10","0.00","1","0","-20","1","Current","0.00","0",""
"INV-027102","C0299","Silverline Industries","OEM Manufacturer","Southwest","Rosa Delgado","Low","405000.00","COL-02","Marcus Bell","Strategic Accounts","NET60","60","0.00","2025-10-22","2025-12-21","4253.33","0.00","0.00","0.00","0.00","4253.33","0.00","1","1","10","2","1-30","0.25","1","Damaged Goods"
"INV-027106","C0336","Summit Contracting - Southwest 3","Contractor","Southwest","Rosa Delgado","Low","95000.00","COL-03","Elena Ruiz","Commercial","NET60","60","0.00","2025-10-22","2025-12-21","1024.11","614.47","0.00","0.00","0.00","409.64","0.00","1","1","10","2","1-30","0.25","0",""
"INV-027111","C0349","Granite Manufacturing","OEM Manufacturer","Northeast","Nadia Farouk","High","490000.00","COL-02","Marcus Bell","Strategic Accounts","NET60","60","0.00","2025-10-22","2025-12-21","2463.10","0.00","0.00","0.00","0.00","2463.10","0.00","1","1","10","2","1-30","0.25","0",""
"INV-027112","C0360","Bluewater Medical Center - Northeast","Institutional","Northeast","Nadia Farouk","Medium","160000.00","COL-02","Marcus Bell","Strategic Accounts","NET90","90","0.00","2025-10-22","2026-01-20","9746.59","0.00","0.00","0.00","0.00","9746.59","0.00","1","0","-20","1","Current","0.00","0",""
"INV-027113","C0362","Ironbridge Construction","Contractor","Southeast","Dana Whitfield","Medium","25000.00","COL-04","Tomas Okafor","Commercial","2/10NET30","30","2.00","2025-10-22","2025-11-21","2615.71","1224.15","0.00","575.46","0.00","816.10","0.00","1","1","40","3","31-60","0.50","0","Pricing"
"INV-027115","C0371","Pioneer Water Authority","Institutional","Southeast","Luis Moreno","Low","205000.00","COL-02","Marcus Bell","Strategic Accounts","NET90","90","0.00","2025-10-22","2026-01-20","1422.48","0.00","0.00","0.00","0.00","1422.48","0.00","1","0","-20","1","Current","0.00","0",""
"INV-027122","C0031","Stonegate Machine Works","OEM Manufacturer","Northeast","Adrian Cole","Low","515000.00","COL-02","Marcus Bell","Strategic Accounts","NET60","60","0.00","2025-10-23","2025-12-22","6763.98","0.00","0.00","0.00","0.00","6763.98","0.00","1","1","9","2","1-30","0.25","0",""
"INV-027130","C0063","Oakmont Medical Center","Institutional","Midwest","Hana Sato","Low","210000.00","COL-01","Priya Natarajan","Strategic Accounts","NET90","90","0.00","2025-10-23","2026-01-21","5997.48","0.00","0.00","0.00","0.00","5997.48","0.00","1","0","-21","1","Current","0.00","0",""
"INV-027132","C0068","Harbor Industries","OEM Manufacturer","Southwest","Rosa Delgado","High","600000.00","COL-01","Priya Natarajan","Strategic Accounts","NET60","60","0.00","2025-10-23","2025-12-22","15696.87","0.00","0.00","0.00","0.00","15696.87","0.00","1","1","9","2","1-30","0.25","0",""
"INV-027140","C0135","Oakmont Medical Center - Midwest","Institutional","Midwest","Hana Sato","Low","155000.00","COL-02","Marcus Bell","Strategic Accounts","NET90","90","0.00","2025-10-23","2026-01-21","1248.70","0.00","0.00","0.00","0.00","1248.70","0.00","1","0","-21","1","Current","0.00","0",""
"INV-027146","C0164","Lakeshore Fabrication","OEM Manufacturer","Southwest","Rosa Delgado","Medium","240000.00","COL-01","Priya Natarajan","Strategic Accounts","NET45","45","0.00","2025-10-23","2025-12-07","1626.21","0.00","0.00","0.00","0.00","1626.21","0.00","1","1","24","2","1-30","0.25","0",""
"INV-027152","C0200","Harbor Mechanical","Contractor","Southwest","Kevin Ames","High","90000.00","COL-04","Tomas Okafor","Commercial","NET60","60","0.00","2025-10-23","2025-12-22","5023.06","0.00","0.00","301.38","0.00","4721.68","0.00","1","1","9","2","1-30","0.25","0","Pricing"
"INV-027155","C0208","Keystone University Facilities","Institutional","Southwest","Rosa Delgado","Low","95000.00","COL-04","Tomas Okafor","Commercial","NET90","90","0.00","2025-10-23","2026-01-21","1396.88","0.00","0.00","0.00","0.00","1396.88","0.00","1","0","-21","1","Current","0.00","0",""
"INV-027157","C0232","Titan Builders - Southwest","Contractor","Southwest","Kevin Ames","High","105000.00","COL-04","Tomas Okafor","Commercial","2/10NET30","30","2.00","2025-10-23","2025-11-22","4760.62","0.00","0.00","0.00","0.00","4760.62","0.00","1","1","39","3","31-60","0.50","0",""
"INV-027161","C0251","Silverline Mechanical - Southwest","Contractor","Southwest","Kevin Ames","Low","140000.00","COL-04","Tomas Okafor","Commercial","NET60","60","0.00","2025-10-23","2025-12-22","3265.24","0.00","0.00","0.00","0.00","3265.24","0.00","1","1","9","2","1-30","0.25","0",""
"INV-027162","C0254","Pioneer Medical Center - West","Institutional","West","Owen Price","Low","95000.00","COL-03","Elena Ruiz","Commercial","NET90","90","0.00","2025-10-23","2026-01-21","5413.17","0.00","0.00","0.00","0.00","5413.17","0.00","1","0","-21","1","Current","0.00","0",""
"INV-027166","C0275","Cedar Ridge Machine Works - Southwest","OEM Manufacturer","Southwest","Rosa Delgado","High","535000.00","COL-01","Priya Natarajan","Strategic Accounts","NET60","60","0.00","2025-10-23","2025-12-22","11027.76","0.00","0.00","0.00","0.00","11027.76","0.00","1","1","9","2","1-30","0.25","0",""
"INV-027167","C0279","Ironbridge Medical Center - Northeast","Institutional","Northeast","Nadia Farouk","Low","155000.00","COL-02","Marcus Bell","Strategic Accounts","NET90","90","0.00","2025-10-23","2026-01-21","3608.39","0.00","0.00","0.00","0.00","3608.39","0.00","1","0","-21","1","Current","0.00","0",""
"INV-027168","C0288","Summit University Facilities","Institutional","Southwest","Kevin Ames","Low","175000.00","COL-01","Priya Natarajan","Strategic Accounts","NET90","90","0.00","2025-10-23","2026-01-21","6688.02","0.00","0.00","0.00","0.00","6688.02","0.00","1","0","-21","1","Current","0.00","0",""
"INV-027173","C0345","Bluewater Medical Center","Institutional","Southeast","Dana Whitfield","Low","80000.00","COL-03","Elena Ruiz","Commercial","NET60","60","0.00","2025-10-23","2025-12-22","3224.95","0.00","0.00","0.00","0.00","3224.95","0.00","1","1","9","2","1-30","0.25","0",""
"INV-027174","C0351","Ironbridge Components","OEM Manufacturer","Midwest","Hana Sato","High","450000.00","COL-01","Priya Natarajan","Strategic Accounts","NET45","45","0.00","2025-10-23","2025-12-07","11283.59","0.00","0.00","1015.52","0.00","10268.07","0.00","1","1","24","2","1-30","0.25","0","Pricing"
"INV-027176","C0364","Redline Industries - Northeast","OEM Manufacturer","Northeast","Adrian Cole","Low","335000.00","COL-02","Marcus Bell","Strategic Accounts","NET45","45","0.00","2025-10-23","2025-12-07","15521.39","0.00","0.00","0.00","0.00","15521.39","0.00","1","1","24","2","1-30","0.25","0",""
"INV-027177","C0366","Westbrook Industries - West","OEM Manufacturer","West","Owen Price","Medium","320000.00","COL-02","Marcus Bell","Strategic Accounts","NET60","60","0.00","2025-10-23","2025-12-22","2949.05","0.00","0.00","0.00","0.00","2949.05","0.00","1","1","9","2","1-30","0.25","0","PO Mismatch"
"INV-027178","C0369","Lakeshore Components","OEM Manufacturer","Midwest","Hana Sato","High","545000.00","COL-02","Marcus Bell","Strategic Accounts","NET60","60","0.00","2025-10-23","2025-12-22","2920.93","0.00","0.00","0.00","0.00","2920.93","0.00","1","1","9","2","1-30","0.25","0",""
"INV-027179","C0373","Riverbend Electric - West 4","Contractor","West","Maya Brennan","High","35000.00","COL-03","Elena Ruiz","Commercial","NET60","60","0.00","2025-10-23","2025-12-22","2068.44","0.00","0.00","0.00","0.00","2068.44","0.00","1","1","9","2","1-30","0.25","0",""
"INV-027181","C0377","Northfield Machine Works","OEM Manufacturer","West","Owen Price","High","160000.00","COL-02","Marcus Bell","Strategic Accounts","NET60","60","0.00","2025-10-23","2025-12-22","16209.13","0.00","0.00","0.00","0.00","16209.13","0.00","1","1","9","2","1-30","0.25","0",""
"INV-027184","C0005","Lakeshore Medical Center","Institutional","West","Owen Price","Low","195000.00","COL-01","Priya Natarajan","Strategic Accounts","NET90","90","0.00","2025-10-24","2026-01-22","1620.31","0.00","0.00","0.00","0.00","1620.31","0.00","1","0","-22","1","Current","0.00","0",""
"INV-027187","C0013","Riverbend Contracting","Contractor","Southwest","Kevin Ames","Medium","75000.00","COL-04","Tomas Okafor","Commercial","NET60","60","0.00","2025-10-24","2025-12-23","1707.74","0.00","0.00","0.00","0.00","1707.74","0.00","1","1","8","2","1-30","0.25","0",""
"INV-027189","C0032","Cedar Ridge Components","OEM Manufacturer","West","Owen Price","Low","340000.00","COL-02","Marcus Bell","Strategic Accounts","NET45","45","0.00","2025-10-24","2025-12-08","2504.63","1502.78","0.00","0.00","0.00","1001.85","0.00","1","1","23","2","1-30","0.25","0",""
"INV-027190","C0048","Stonegate Industries","OEM Manufacturer","Northeast","Nadia Farouk","Medium","415000.00","COL-01","Priya Natarajan","Strategic Accounts","NET45","45","0.00","2025-10-24","2025-12-08","14660.98","8796.59","0.00","0.00","0.00","5864.39","0.00","1","1","23","2","1-30","0.25","0",""
"INV-027191","C0053","Stonegate University Facilities","Institutional","Northeast","Nadia Farouk","Low","130000.00","COL-04","Tomas Okafor","Commercial","NET90","90","0.00","2025-10-24","2026-01-22","7189.36","0.00","0.00","0.00","0.00","7189.36","0.00","1","0","-22","1","Current","0.00","0",""
"INV-027192","C0059","Apex Mechanical","Contractor","Midwest","Ben Kowalczyk","High","150000.00","COL-02","Marcus Bell","Strategic Accounts","NET30","30","0.00","2025-10-24","2025-11-23","903.75","0.00","0.00","0.00","0.00","903.75","0.00","1","1","38","3","31-60","0.50","0",""
"INV-027197","C0088","Westbrook Builders - West","Contractor","West","Maya Brennan","High","145000.00","COL-03","Elena Ruiz","Commercial","NET60","60","0.00","2025-10-24","2025-12-23","1665.47","0.00","0.00","0.00","0.00","1665.47","0.00","1","1","8","2","1-30","0.25","0",""
"INV-027199","C0094","Bluewater Industries - Southeast","OEM Manufacturer","Southeast","Dana Whitfield","Low","535000.00","COL-02","Marcus Bell","Strategic Accounts","NET45","45","0.00","2025-10-24","2025-12-08","1628.52","0.00","0.00","0.00","0.00","1628.52","0.00","1","1","23","2","1-30","0.25","0",""
"INV-027205","C0138","Ironbridge Mechanical - Midwest 4","Contractor","Midwest","Ben Kowalczyk","Low","140000.00","COL-04","Tomas Okafor","Commercial","NET30","30","0.00","2025-10-24","2025-11-23","5718.64","0.00","0.00","0.00","0.00","5718.64","0.00","1","1","38","3","31-60","0.50","0",""
"INV-027215","C0217","Apex Contracting - Southeast","Contractor","Southeast","Dana Whitfield","Low","135000.00","COL-04","Tomas Okafor","Commercial","NET30","30","0.00","2025-10-24","2025-11-23","1196.62","717.97","0.00","0.00","0.00","478.65","0.00","1","1","38","3","31-60","0.50","0",""
"INV-027216","C0226","Lakeshore Industries","OEM Manufacturer","Midwest","Hana Sato","Medium","410000.00","COL-01","Priya Natarajan","Strategic Accounts","NET60","60","0.00","2025-10-24","2025-12-23","4536.36","0.00","0.00","0.00","0.00","4536.36","0.00","1","1","8","2","1-30","0.25","0",""
"INV-027217","C0231","Silverline Components - Northeast","OEM Manufacturer","Northeast","Adrian Cole","Medium","305000.00","COL-01","Priya Natarajan","Strategic Accounts","NET60","60","0.00","2025-10-24","2025-12-23","6785.93","0.00","0.00","0.00","0.00","6785.93","0.00","1","1","8","2","1-30","0.25","0",""
"INV-027223","C0283","Apex Industries","OEM Manufacturer","Midwest","Hana Sato","Low","390000.00","COL-01","Priya Natarajan","Strategic Accounts","NET60","60","0.00","2025-10-24","2025-12-23","3953.49","0.00","0.00","0.00","0.00","3953.49","0.00","1","1","8","2","1-30","0.25","0",""
"INV-027225","C0299","Silverline Industries","OEM Manufacturer","Southwest","Rosa Delgado","Low","405000.00","COL-02","Marcus Bell","Strategic Accounts","NET60","60","0.00","2025-10-24","2025-12-23","2503.03","0.00","0.00","0.00","0.00","2503.03","0.00","1","1","8","2","1-30","0.25","0",""
"INV-027226","C0302","Crestview Contracting - Northeast 3","Contractor","Northeast","Nadia Farouk","High","125000.00","COL-04","Tomas Okafor","Commercial","2/10NET30","30","2.00","2025-10-24","2025-11-23","8722.01","0.00","0.00","0.00","0.00","8722.01","0.00","1","1","38","3","31-60","0.50","0",""
"INV-027228","C0327","Ironbridge Water Authority","Institutional","Midwest","Ben Kowalczyk","Low","195000.00","COL-01","Priya Natarajan","Strategic Accounts","NET90","90","0.00","2025-10-24","2026-01-22","4770.28","0.00","0.00","0.00","0.00","4770.28","0.00","1","0","-22","1","Current","0.00","0",""
"INV-027234","C0349","Granite Manufacturing","OEM Manufacturer","Northeast","Nadia Farouk","High","490000.00","COL-02","Marcus Bell","Strategic Accounts","NET60","60","0.00","2025-10-24","2025-12-23","2318.59","0.00","0.00","0.00","0.00","2318.59","0.00","1","1","8","2","1-30","0.25","0",""
"INV-027237","C0359","Stonegate Fabrication - West","OEM Manufacturer","West","Maya Brennan","High","380000.00","COL-02","Marcus Bell","Strategic Accounts","NET60","60","0.00","2025-10-24","2025-12-23","4016.93","0.00","0.00","0.00","0.00","4016.93","0.00","1","1","8","2","1-30","0.25","0",""
"INV-027246","C0023","Harbor Builders","Contractor","West","Owen Price","High","120000.00","COL-04","Tomas Okafor","Commercial","NET60","60","0.00","2025-10-27","2025-12-26","1607.31","0.00","0.00","0.00","0.00","1607.31","0.00","1","1","5","2","1-30","0.25","0",""
"INV-027247","C0042","Bluewater Industries","OEM Manufacturer","Southwest","Kevin Ames","High","355000.00","COL-01","Priya Natarajan","Strategic Accounts","NET60","60","0.00","2025-10-27","2025-12-26","5113.73","0.00","0.00","0.00","0.00","5113.73","0.00","1","1","5","2","1-30","0.25","0",""
"INV-027248","C0050","Redline University Facilities","Institutional","Southeast","Luis Moreno","Low","195000.00","COL-02","Marcus Bell","Strategic Accounts","NET60","60","0.00","2025-10-27","2025-12-26","1071.04","0.00","0.00","0.00","0.00","1071.04","0.00","1","1","5","2","1-30","0.25","0",""
"INV-027250","C0066","Summit Industries","OEM Manufacturer","Midwest","Ben Kowalczyk","Medium","385000.00","COL-02","Marcus Bell","Strategic Accounts","NET60","60","0.00","2025-10-27","2025-12-26","1626.35","0.00","0.00","0.00","0.00","1626.35","0.00","1","1","5","2","1-30","0.25","0",""
"INV-027252","C0088","Westbrook Builders - West","Contractor","West","Maya Brennan","High","145000.00","COL-03","Elena Ruiz","Commercial","NET60","60","0.00","2025-10-27","2025-12-26","6470.55","0.00","0.00","0.00","0.00","6470.55","0.00","1","1","5","2","1-30","0.25","0",""
"INV-027253","C0094","Bluewater Industries - Southeast","OEM Manufacturer","Southeast","Dana Whitfield","Low","535000.00","COL-02","Marcus Bell","Strategic Accounts","NET45","45","0.00","2025-10-27","2025-12-11","14103.10","0.00","0.00","0.00","0.00","14103.10","0.00","1","1","20","2","1-30","0.25","0",""
"INV-027259","C0121","Apex Manufacturing","OEM Manufacturer","Midwest","Hana Sato","Low","385000.00","COL-02","Marcus Bell","Strategic Accounts","NET60","60","0.00","2025-10-27","2025-12-26","15767.53","0.00","0.00","0.00","0.00","15767.53","0.00","1","1","5","2","1-30","0.25","0",""
"INV-027266","C0154","Frontier University Facilities - Southeast","Institutional","Southeast","Luis Moreno","Medium","160000.00","COL-01","Priya Natarajan","Strategic Accounts","NET60","60","0.00","2025-10-27","2025-12-26","6695.63","0.00","0.00","0.00","0.00","6695.63","0.00","1","1","5","2","1-30","0.25","0",""
"INV-027273","C0208","Keystone University Facilities","Institutional","Southwest","Rosa Delgado","Low","95000.00","COL-04","Tomas Okafor","Commercial","NET90","90","0.00","2025-10-27","2026-01-25","1710.93","0.00","0.00","0.00","0.00","1710.93","0.00","1","0","-25","1","Current","0.00","0",""
"INV-027275","C0226","Lakeshore Industries","OEM Manufacturer","Midwest","Hana Sato","Medium","410000.00","COL-01","Priya Natarajan","Strategic Accounts","NET60","60","0.00","2025-10-27","2025-12-26","3198.16","0.00","0.00","0.00","0.00","3198.16","0.00","1","1","5","2","1-30","0.25","0",""
"INV-027276","C0228","Granite School District","Institutional","Southeast","Luis Moreno","Low","110000.00","COL-04","Tomas Okafor","Commercial","NET60","60","0.00","2025-10-27","2025-12-26","9480.86","0.00","0.00","0.00","0.00","9480.86","0.00","1","1","5","2","1-30","0.25","0",""
"INV-027277","C0231","Silverline Components - Northeast","OEM Manufacturer","Northeast","Adrian Cole","Medium","305000.00","COL-01","Priya Natarajan","Strategic Accounts","NET60","60","0.00","2025-10-27","2025-12-26","10288.14","0.00","0.00","0.00","0.00","10288.14","0.00","1","1","5","2","1-30","0.25","0",""
"INV-027279","C0240","Summit Contracting","Contractor","West","Maya Brennan","Medium","50000.00","COL-04","Tomas Okafor","Commercial","NET60","60","0.00","2025-10-27","2025-12-26","2200.41","0.00","0.00","0.00","0.00","2200.41","0.00","1","1","5","2","1-30","0.25","0",""
"INV-027280","C0255","Riverbend Fabrication","OEM Manufacturer","Southwest","Rosa Delgado","Low","245000.00","COL-02","Marcus Bell","Strategic Accounts","NET60","60","0.00","2025-10-27","2025-12-26","7623.65","0.00","0.00","0.00","0.00","7623.65","0.00","1","1","5","2","1-30","0.25","0",""
"INV-027284","C0276","Oakmont Builders - West 3","Contractor","West","Owen Price","Medium","60000.00","COL-03","Elena Ruiz","Commercial","NET60","60","0.00","2025-10-27","2025-12-26","5691.82","0.00","0.00","0.00","0.00","5691.82","0.00","1","1","5","2","1-30","0.25","0",""
"INV-027289","C0324","Pioneer Construction","Contractor","Southeast","Dana Whitfield","High","145000.00","COL-03","Elena Ruiz","Commercial","2/10NET30","30","2.00","2025-10-27","2025-11-26","2949.14","0.00","0.00","0.00","0.00","2949.14","0.00","1","1","35","3","31-60","0.50","0",""
"INV-027292","C0336","Summit Contracting - Southwest 3","Contractor","Southwest","Rosa Delgado","Low","95000.00","COL-03","Elena Ruiz","Commercial","NET60","60","0.00","2025-10-27","2025-12-26","1965.88","0.00","0.00","0.00","0.00","1965.88","0.00","1","1","5","2","1-30","0.25","0",""
"INV-027295","C0349","Granite Manufacturing","OEM Manufacturer","Northeast","Nadia Farouk","High","490000.00","COL-02","Marcus Bell","Strategic Accounts","NET60","60","0.00","2025-10-27","2025-12-26","14478.47","0.00","0.00","0.00","0.00","14478.47","0.00","1","1","5","2","1-30","0.25","0",""
"INV-027297","C0355","Oakmont University Facilities","Institutional","Midwest","Ben Kowalczyk","Low","105000.00","COL-03","Elena Ruiz","Commercial","NET60","60","0.00","2025-10-27","2025-12-26","7767.59","0.00","0.00","0.00","0.00","7767.59","0.00","1","1","5","2","1-30","0.25","0",""
"INV-027298","C0358","Ironbridge Builders - West","Contractor","West","Maya Brennan","Low","135000.00","COL-03","Elena Ruiz","Commercial","NET60","60","0.00","2025-10-27","2025-12-26","813.25","0.00","0.00","0.00","0.00","813.25","0.00","1","1","5","2","1-30","0.25","0",""
"INV-027299","C0371","Pioneer Water Authority","Institutional","Southeast","Luis Moreno","Low","205000.00","COL-02","Marcus Bell","Strategic Accounts","NET90","90","0.00","2025-10-27","2026-01-25","1075.08","0.00","0.00","0.00","0.00","1075.08","0.00","1","0","-25","1","Current","0.00","0",""
"INV-027307","C0031","Stonegate Machine Works","OEM Manufacturer","Northeast","Adrian Cole","Low","515000.00","COL-02","Marcus Bell","Strategic Accounts","NET60","60","0.00","2025-10-28","2025-12-27","1630.38","0.00","0.00","0.00","0.00","1630.38","0.00","1","1","4","2","1-30","0.25","0",""
"INV-027309","C0042","Bluewater Industries","OEM Manufacturer","Southwest","Kevin Ames","High","355000.00","COL-01","Priya Natarajan","Strategic Accounts","NET60","60","0.00","2025-10-28","2025-12-27","17040.75","0.00","0.00","0.00","0.00","17040.75","0.00","1","1","4","2","1-30","0.25","0",""
"INV-027310","C0060","Crestview School District","Institutional","Southeast","Dana Whitfield","Low","70000.00","COL-03","Elena Ruiz","Commercial","NET60","60","0.00","2025-10-28","2025-12-27","2231.35","0.00","0.00","0.00","0.00","2231.35","0.00","1","1","4","2","1-30","0.25","0",""
"INV-027315","C0094","Bluewater Industries - Southeast","OEM Manufacturer","Southeast","Dana Whitfield","Low","535000.00","COL-02","Marcus Bell","Strategic Accounts","NET45","45","0.00","2025-10-28","2025-12-12","3434.67","0.00","0.00","0.00","0.00","3434.67","0.00","1","1","19","2","1-30","0.25","0",""
"INV-027317","C0130","Keystone Mechanical","Contractor","Southeast","Dana Whitfield","Low","140000.00","COL-04","Tomas Okafor","Commercial","NET30","30","0.00","2025-10-28","2025-11-27","2059.88","0.00","0.00","102.99","0.00","1956.89","0.00","1","1","34","3","31-60","0.50","0","Pricing"
"INV-027323","C0202","Harbor MRO Services","MRO Reseller","Southeast","Dana Whitfield","Low","110000.00","COL-06","Sam Horowitz","Small Business","NET30","30","0.00","2025-10-28","2025-11-27","861.66","517.00","0.00","0.00","0.00","344.66","0.00","1","1","34","3","31-60","0.50","0",""
"INV-027324","C0208","Keystone University Facilities","Institutional","Southwest","Rosa Delgado","Low","95000.00","COL-04","Tomas Okafor","Commercial","NET90","90","0.00","2025-10-28","2026-01-26","2513.22","0.00","0.00","251.32","0.00","2261.90","0.00","1","0","-26","1","Current","0.00","0","Pricing"
"INV-027325","C0211","Ironbridge Builders","Contractor","West","Owen Price","Low","85000.00","COL-04","Tomas Okafor","Commercial","NET60","60","0.00","2025-10-28","2025-12-27","2751.15","0.00","0.00","0.00","0.00","2751.15","0.00","1","1","4","2","1-30","0.25","0",""
"INV-027326","C0215","Silverline Medical Center","Institutional","Southeast","Luis Moreno","Low","155000.00","COL-02","Marcus Bell","Strategic Accounts","NET60","60","0.00","2025-10-28","2025-12-27","1050.06","0.00","0.00","0.00","0.00","1050.06","0.00","1","1","4","2","1-30","0.25","0",""
"INV-027328","C0226","Lakeshore Industries","OEM Manufacturer","Midwest","Hana Sato","Medium","410000.00","COL-01","Priya Natarajan","Strategic Accounts","NET60","60","0.00","2025-10-28","2025-12-27","14191.84","0.00","0.00","0.00","0.00","14191.84","0.00","1","1","4","2","1-30","0.25","0",""
"INV-027332","C0245","Ironbridge Industrial Supply - West","MRO Reseller","West","Owen Price","High","85000.00","COL-05","Grace Lindqvist","Small Business","2/10NET30","30","2.00","2025-10-28","2025-11-27","837.58","0.00","0.00","0.00","0.00","837.58","0.00","1","1","34","3","31-60","0.50","0",""
"INV-027343","C0337","Keystone Manufacturing","OEM Manufacturer","Northeast","Nadia Farouk","Low","540000.00","COL-01","Priya Natarajan","Strategic Accounts","NET45","45","0.00","2025-10-28","2025-12-12","10376.74","6226.04","0.00","0.00","0.00","4150.70","0.00","1","1","19","2","1-30","0.25","0",""
"INV-027345","C0364","Redline Industries - Northeast","OEM Manufacturer","Northeast","Adrian Cole","Low","335000.00","COL-02","Marcus Bell","Strategic Accounts","NET45","45","0.00","2025-10-28","2025-12-12","10762.34","0.00","0.00","0.00","0.00","10762.34","0.00","1","1","19","2","1-30","0.25","0",""
"INV-027346","C0366","Westbrook Industries - West","OEM Manufacturer","West","Owen Price","Medium","320000.00","COL-02","Marcus Bell","Strategic Accounts","NET60","60","0.00","2025-10-28","2025-12-27","11799.58","0.00","0.00","0.00","0.00","11799.58","0.00","1","1","4","2","1-30","0.25","0",""
"INV-027351","C0399","Riverbend Electric - West 5","Contractor","West","Maya Brennan","Medium","110000.00","COL-03","Elena Ruiz","Commercial","NET60","60","0.00","2025-10-28","2025-12-27","8421.44","0.00","0.00","0.00","0.00","8421.44","0.00","1","1","4","2","1-30","0.25","0",""
"INV-027356","C0023","Harbor Builders","Contractor","West","Owen Price","High","120000.00","COL-04","Tomas Okafor","Commercial","NET60","60","0.00","2025-10-29","2025-12-28","2150.12","0.00","0.00","0.00","0.00","2150.12","0.00","1","1","3","2","1-30","0.25","0",""
"INV-027357","C0042","Bluewater Industries","OEM Manufacturer","Southwest","Kevin Ames","High","355000.00","COL-01","Priya Natarajan","Strategic Accounts","NET60","60","0.00","2025-10-29","2025-12-28","8669.45","0.00","0.00","0.00","0.00","8669.45","0.00","1","1","3","2","1-30","0.25","0",""
"INV-027360","C0056","Northfield Components - Southwest","OEM Manufacturer","Southwest","Kevin Ames","Medium","240000.00","COL-01","Priya Natarajan","Strategic Accounts","NET60","60","0.00","2025-10-29","2025-12-28","14025.85","0.00","0.00","0.00","0.00","14025.85","0.00","1","1","3","2","1-30","0.25","0",""
"INV-027362","C0068","Harbor Industries","OEM Manufacturer","Southwest","Rosa Delgado","High","600000.00","COL-01","Priya Natarajan","Strategic Accounts","NET60","60","0.00","2025-10-29","2025-12-28","4636.10","0.00","0.00","0.00","0.00","4636.10","0.00","1","1","3","2","1-30","0.25","0",""
"INV-027365","C0087","Riverbend Maintenance Supply","MRO Reseller","Southeast","Dana Whitfield","Medium","95000.00","COL-05","Grace Lindqvist","Small Business","NET30","30","0.00","2025-10-29","2025-11-28","2125.75","1275.45","0.00","0.00","0.00","850.30","0.00","1","1","33","3","31-60","0.50","0",""
"INV-027367","C0102","Crestview County Facilities","Institutional","Southwest","Rosa Delgado","Low","65000.00","COL-04","Tomas Okafor","Commercial","NET90","90","0.00","2025-10-29","2026-01-27","5382.16","0.00","0.00","0.00","0.00","5382.16","0.00","1","0","-27","1","Current","0.00","0",""
"INV-027373","C0158","Frontier Mechanical","Contractor","Southeast","Dana Whitfield","High","100000.00","COL-03","Elena Ruiz","Commercial","NET30","30","0.00","2025-10-29","2025-11-28","2810.64","1686.38","0.00","0.00","0.00","1124.26","0.00","1","1","33","3","31-60","0.50","0",""
"INV-027374","C0163","Keystone Fabrication","OEM Manufacturer","Midwest","Ben Kowalczyk","Medium","600000.00","COL-01","Priya Natarajan","Strategic Accounts","NET60","60","0.00","2025-10-29","2025-12-28","4490.87","0.00","0.00","0.00","0.00","4490.87","0.00","1","1","3","2","1-30","0.25","0",""
"INV-027382","C0210","Harbor Construction - Southwest","Contractor","Southwest","Rosa Delgado","Low","80000.00","COL-04","Tomas Okafor","Commercial","NET60","60","0.00","2025-10-29","2025-12-28","8001.93","0.00","0.00","0.00","0.00","8001.93","0.00","1","1","3","2","1-30","0.25","0",""
"INV-027383","C0211","Ironbridge Builders","Contractor","West","Owen Price","Low","85000.00","COL-04","Tomas Okafor","Commercial","NET60","60","0.00","2025-10-29","2025-12-28","2982.07","0.00","0.00","0.00","0.00","2982.07","0.00","1","1","3","2","1-30","0.25","0",""
"INV-027385","C0219","Titan Construction - Southwest 3","Contractor","Southwest","Rosa Delgado","Low","115000.00","COL-03","Elena Ruiz","Commercial","NET60","60","0.00","2025-10-29","2025-12-28","7807.42","0.00","0.00","0.00","0.00","7807.42","0.00","1","1","3","2","1-30","0.25","0",""
"INV-027388","C0241","Lakeshore Industries - Southeast","OEM Manufacturer","Southeast","Dana Whitfield","Low","185000.00","COL-01","Priya Natarajan","Strategic Accounts","NET60","60","0.00","2025-10-29","2025-12-28","5103.41","0.00","0.00","0.00","0.00","5103.41","0.00","1","1","3","2","1-30","0.25","0",""
"INV-027391","C0280","Apex Mechanical - West","Contractor","West","Maya Brennan","Medium","120000.00","COL-03","Elena Ruiz","Commercial","NET60","60","0.00","2025-10-29","2025-12-28","3413.26","0.00","0.00","0.00","0.00","3413.26","0.00","1","1","3","2","1-30","0.25","0",""
"INV-027400","C0344","Granite Supply Co. - West","MRO Reseller","West","Maya Brennan","Low","115000.00","COL-06","Sam Horowitz","Small Business","NET30","30","0.00","2025-10-29","2025-11-28","2165.87","1299.52","0.00","0.00","0.00","866.35","0.00","1","1","33","3","31-60","0.50","0",""
"INV-027402","C0349","Granite Manufacturing","OEM Manufacturer","Northeast","Nadia Farouk","High","490000.00","COL-02","Marcus Bell","Strategic Accounts","NET60","60","0.00","2025-10-29","2025-12-28","10442.96","0.00","0.00","0.00","0.00","10442.96","0.00","1","1","3","2","1-30","0.25","0",""
"INV-027405","C0378","Silverline Fabrication - Southwest","OEM Manufacturer","Southwest","Rosa Delgado","Medium","585000.00","COL-01","Priya Natarajan","Strategic Accounts","NET45","45","0.00","2025-10-29","2025-12-13","14638.73","8783.24","0.00","0.00","0.00","5855.49","0.00","1","1","18","2","1-30","0.25","0",""
"INV-027421","C0095","Stonegate Fabrication","OEM Manufacturer","West","Owen Price","Low","600000.00","COL-02","Marcus Bell","Strategic Accounts","NET60","60","0.00","2025-10-30","2025-12-29","3801.10","0.00","0.00","874.25","0.00","2926.85","0.00","1","1","2","2","1-30","0.25","0","Damaged Goods"
"INV-027428","C0147","Apex Manufacturing - Northeast","OEM Manufacturer","Northeast","Nadia Farouk","Low","455000.00","COL-02","Marcus Bell","Strategic Accounts","NET45","45","0.00","2025-10-30","2025-12-14","1906.40","1143.84","0.00","0.00","0.00","762.56","0.00","1","1","17","2","1-30","0.25","0",""
"INV-027430","C0163","Keystone Fabrication","OEM Manufacturer","Midwest","Ben Kowalczyk","Medium","600000.00","COL-01","Priya Natarajan","Strategic Accounts","NET60","60","0.00","2025-10-30","2025-12-29","8642.27","0.00","0.00","0.00","0.00","8642.27","0.00","1","1","2","2","1-30","0.25","0",""
"INV-027437","C0255","Riverbend Fabrication","OEM Manufacturer","Southwest","Rosa Delgado","Low","245000.00","COL-02","Marcus Bell","Strategic Accounts","NET60","60","0.00","2025-10-30","2025-12-29","11125.34","0.00","0.00","0.00","0.00","11125.34","0.00","1","1","2","2","1-30","0.25","0",""
"INV-027438","C0257","Granite Supply Co.","MRO Reseller","West","Owen Price","Medium","40000.00","COL-06","Sam Horowitz","Small Business","NET30","30","0.00","2025-10-30","2025-11-29","3453.90","2072.34","0.00","0.00","0.00","1381.56","0.00","1","1","32","3","31-60","0.50","0",""
"INV-027442","C0273","Oakmont Fabrication","OEM Manufacturer","Southeast","Dana Whitfield","Medium","395000.00","COL-01","Priya Natarajan","Strategic Accounts","NET45","45","0.00","2025-10-30","2025-12-14","3323.86","0.00","0.00","0.00","0.00","3323.86","0.00","1","1","17","2","1-30","0.25","1","PO Mismatch"
"INV-027443","C0275","Cedar Ridge Machine Works - Southwest","OEM Manufacturer","Southwest","Rosa Delgado","High","535000.00","COL-01","Priya Natarajan","Strategic Accounts","NET60","60","0.00","2025-10-30","2025-12-29","10283.20","0.00","0.00","0.00","0.00","10283.20","0.00","1","1","2","2","1-30","0.25","0",""
"INV-027444","C0277","Lakeshore Construction - West","Contractor","West","Maya Brennan","High","25000.00","COL-04","Tomas Okafor","Commercial","2/10NET30","30","2.00","2025-10-30","2025-11-29","8723.80","0.00","0.00","0.00","0.00","8723.80","0.00","1","1","32","3","31-60","0.50","0",""
"INV-027446","C0283","Apex Industries","OEM Manufacturer","Midwest","Hana Sato","Low","390000.00","COL-01","Priya Natarajan","Strategic Accounts","NET60","60","0.00","2025-10-30","2025-12-29","1999.20","0.00","0.00","0.00","0.00","1999.20","0.00","1","1","2","2","1-30","0.25","0",""
"INV-027447","C0287","Redline University Facilities - Southwest 4","Institutional","Southwest","Kevin Ames","Low","155000.00","COL-02","Marcus Bell","Strategic Accounts","NET90","90","0.00","2025-10-30","2026-01-28","5213.46","0.00","0.00","0.00","0.00","5213.46","0.00","1","0","-28","1","Current","0.00","0",""
"INV-027453","C0324","Pioneer Construction","Contractor","Southeast","Dana Whitfield","High","145000.00","COL-03","Elena Ruiz","Commercial","2/10NET30","30","2.00","2025-10-30","2025-11-29","1085.74","0.00","0.00","0.00","0.00","1085.74","0.00","1","1","32","3","31-60","0.50","0",""
"INV-027455","C0334","Titan Fabrication - Southeast","OEM Manufacturer","Southeast","Dana Whitfield","Low","330000.00","COL-01","Priya Natarajan","Strategic Accounts","NET60","60","0.00","2025-10-30","2025-12-29","5548.02","0.00","0.00","0.00","0.00","5548.02","0.00","1","1","2","2","1-30","0.25","0",""
"INV-027457","C0344","Granite Supply Co. - West","MRO Reseller","West","Maya Brennan","Low","115000.00","COL-06","Sam Horowitz","Small Business","NET30","30","0.00","2025-10-30","2025-11-29","2927.23","1756.34","0.00","0.00","0.00","1170.89","0.00","1","1","32","3","31-60","0.50","0",""
"INV-027458","C0349","Granite Manufacturing","OEM Manufacturer","Northeast","Nadia Farouk","High","490000.00","COL-02","Marcus Bell","Strategic Accounts","NET60","60","0.00","2025-10-30","2025-12-29","1638.59","0.00","0.00","0.00","0.00","1638.59","0.00","1","1","2","2","1-30","0.25","0",""
"INV-027460","C0359","Stonegate Fabrication - West","OEM Manufacturer","West","Maya Brennan","High","380000.00","COL-02","Marcus Bell","Strategic Accounts","NET60","60","0.00","2025-10-30","2025-12-29","3965.21","0.00","0.00","0.00","0.00","3965.21","0.00","1","1","2","2","1-30","0.25","0",""
"INV-027461","C0361","Titan University Facilities - Midwest","Institutional","Midwest","Ben Kowalczyk","Low","165000.00","COL-01","Priya Natarajan","Strategic Accounts","NET90","90","0.00","2025-10-30","2026-01-28","1264.73","0.00","0.00","88.53","0.00","1176.20","0.00","1","0","-28","1","Current","0.00","0","Damaged Goods"
"INV-027462","C0378","Silverline Fabrication - Southwest","OEM Manufacturer","Southwest","Rosa Delgado","Medium","585000.00","COL-01","Priya Natarajan","Strategic Accounts","NET45","45","0.00","2025-10-30","2025-12-14","4012.43","2407.46","0.00","0.00","0.00","1604.97","0.00","1","1","17","2","1-30","0.25","0",""
"INV-027467","C0389","Ironbridge Components - Southeast","OEM Manufacturer","Southeast","Dana Whitfield","Medium","590000.00","COL-02","Marcus Bell","Strategic Accounts","NET60","60","0.00","2025-10-30","2025-12-29","1629.08","0.00","0.00","0.00","0.00","1629.08","0.00","1","1","2","2","1-30","0.25","0",""
"INV-027469","C0396","Ironbridge Manufacturing","OEM Manufacturer","Southeast","Dana Whitfield","Medium","270000.00","COL-01","Priya Natarajan","Strategic Accounts","NET45","45","0.00","2025-10-30","2025-12-14","2090.95","0.00","0.00","0.00","0.00","2090.95","0.00","1","1","17","2","1-30","0.25","1","Damaged Goods"
"INV-027471","C0399","Riverbend Electric - West 5","Contractor","West","Maya Brennan","Medium","110000.00","COL-03","Elena Ruiz","Commercial","NET60","60","0.00","2025-10-30","2025-12-29","3090.13","0.00","0.00","0.00","0.00","3090.13","0.00","1","1","2","2","1-30","0.25","0",""
"INV-027479","C0038","Summit Fabrication","OEM Manufacturer","Northeast","Adrian Cole","High","430000.00","COL-01","Priya Natarajan","Strategic Accounts","NET45","45","0.00","2025-10-31","2025-12-15","1680.74","0.00","0.00","0.00","0.00","1680.74","0.00","1","1","16","2","1-30","0.25","0",""
"INV-027484","C0066","Summit Industries","OEM Manufacturer","Midwest","Ben Kowalczyk","Medium","385000.00","COL-02","Marcus Bell","Strategic Accounts","NET60","60","0.00","2025-10-31","2025-12-30","7328.90","0.00","0.00","0.00","0.00","7328.90","0.00","1","1","1","2","1-30","0.25","0",""
"INV-027486","C0079","Cedar Ridge Machine Works","OEM Manufacturer","West","Owen Price","Low","555000.00","COL-01","Priya Natarajan","Strategic Accounts","NET60","60","0.00","2025-10-31","2025-12-30","11133.32","0.00","0.00","0.00","0.00","11133.32","0.00","1","1","1","2","1-30","0.25","0",""
"INV-027489","C0094","Bluewater Industries - Southeast","OEM Manufacturer","Southeast","Dana Whitfield","Low","535000.00","COL-02","Marcus Bell","Strategic Accounts","NET45","45","0.00","2025-10-31","2025-12-15","3362.17","0.00","0.00","0.00","0.00","3362.17","0.00","1","1","16","2","1-30","0.25","0",""
"INV-027490","C0100","Stonegate University Facilities - Southeast","Institutional","Southeast","Dana Whitfield","Low","215000.00","COL-02","Marcus Bell","Strategic Accounts","NET90","90","0.00","2025-10-31","2026-01-29","3860.47","0.00","0.00","0.00","0.00","3860.47","0.00","1","0","-29","1","Current","0.00","0",""
"INV-027494","C0130","Keystone Mechanical","Contractor","Southeast","Dana Whitfield","Low","140000.00","COL-04","Tomas Okafor","Commercial","NET30","30","0.00","2025-10-31","2025-11-30","818.76","0.00","0.00","0.00","0.00","818.76","0.00","1","1","31","3","31-60","0.50","0",""
"INV-027495","C0132","Keystone Contracting","Contractor","West","Maya Brennan","High","105000.00","COL-04","Tomas Okafor","Commercial","NET60","60","0.00","2025-10-31","2025-12-30","4179.18","0.00","0.00","0.00","0.00","4179.18","0.00","1","1","1","2","1-30","0.25","0",""
"INV-027497","C0156","Frontier County Facilities","Institutional","West","Owen Price","Low","135000.00","COL-03","Elena Ruiz","Commercial","NET90","90","0.00","2025-10-31","2026-01-29","1294.71","0.00","0.00","0.00","0.00","1294.71","0.00","1","0","-29","1","Current","0.00","0",""
"INV-027498","C0165","Northfield School District","Institutional","Southeast","Luis Moreno","Low","150000.00","COL-02","Marcus Bell","Strategic Accounts","NET60","60","0.00","2025-10-31","2025-12-30","1755.42","0.00","0.00","0.00","0.00","1755.42","0.00","1","1","1","2","1-30","0.25","0",""
"INV-027499","C0168","Northfield Mechanical","Contractor","Southeast","Dana Whitfield","Medium","55000.00","COL-03","Elena Ruiz","Commercial","NET30","30","0.00","2025-10-31","2025-11-30","945.23","0.00","0.00","0.00","0.00","945.23","0.00","1","1","31","3","31-60","0.50","1","Pricing"
"INV-027507","C0206","Oakmont Manufacturing","OEM Manufacturer","Southeast","Dana Whitfield","Medium","590000.00","COL-01","Priya Natarajan","Strategic Accounts","NET60","60","0.00","2025-10-31","2025-12-30","7099.99","0.00","0.00","0.00","0.00","7099.99","0.00","1","1","1","2","1-30","0.25","0",""
"INV-027508","C0210","Harbor Construction - Southwest","Contractor","Southwest","Rosa Delgado","Low","80000.00","COL-04","Tomas Okafor","Commercial","NET60","60","0.00","2025-10-31","2025-12-30","822.88","0.00","0.00","0.00","0.00","822.88","0.00","1","1","1","2","1-30","0.25","0",""
"INV-027509","C0216","Bluewater Construction - West","Contractor","West","Maya Brennan","Medium","40000.00","COL-04","Tomas Okafor","Commercial","NET60","60","0.00","2025-10-31","2025-12-30","7940.77","0.00","0.00","0.00","0.00","7940.77","0.00","1","1","1","2","1-30","0.25","0",""
"INV-027511","C0232","Titan Builders - Southwest","Contractor","Southwest","Kevin Ames","High","105000.00","COL-04","Tomas Okafor","Commercial","2/10NET30","30","2.00","2025-10-31","2025-11-30","2563.31","0.00","0.00","0.00","0.00","2563.31","0.00","1","1","31","3","31-60","0.50","0",""
"INV-027513","C0245","Ironbridge Industrial Supply - West","MRO Reseller","West","Owen Price","High","85000.00","COL-05","Grace Lindqvist","Small Business","2/10NET30","30","2.00","2025-10-31","2025-11-30","469.34","281.60","0.00","0.00","0.00","187.74","0.00","1","1","31","3","31-60","0.50","0",""
"INV-027514","C0251","Silverline Mechanical - Southwest","Contractor","Southwest","Kevin Ames","Low","140000.00","COL-04","Tomas Okafor","Commercial","NET60","60","0.00","2025-10-31","2025-12-30","858.94","0.00","0.00","0.00","0.00","858.94","0.00","1","1","1","2","1-30","0.25","0",""
"INV-027517","C0275","Cedar Ridge Machine Works - Southwest","OEM Manufacturer","Southwest","Rosa Delgado","High","535000.00","COL-01","Priya Natarajan","Strategic Accounts","NET60","60","0.00","2025-10-31","2025-12-30","16474.10","0.00","0.00","0.00","0.00","16474.10","0.00","1","1","1","2","1-30","0.25","0",""
"INV-027519","C0284","Apex Manufacturing - Southwest 3","OEM Manufacturer","Southwest","Rosa Delgado","Low","275000.00","COL-02","Marcus Bell","Strategic Accounts","NET60","60","0.00","2025-10-31","2025-12-30","1643.24","0.00","0.00","0.00","0.00","1643.24","0.00","1","1","1","2","1-30","0.25","0",""
"INV-027521","C0299","Silverline Industries","OEM Manufacturer","Southwest","Rosa Delgado","Low","405000.00","COL-02","Marcus Bell","Strategic Accounts","NET60","60","0.00","2025-10-31","2025-12-30","13077.15","0.00","0.00","0.00","0.00","13077.15","0.00","1","1","1","2","1-30","0.25","0",""
"INV-027524","C0331","Stonegate School District","Institutional","West","Owen Price","Low","190000.00","COL-01","Priya Natarajan","Strategic Accounts","NET90","90","0.00","2025-10-31","2026-01-29","2866.86","0.00","0.00","0.00","0.00","2866.86","0.00","1","0","-29","1","Current","0.00","0",""
"INV-027526","C0340","Bluewater Contracting","Contractor","West","Owen Price","Low","125000.00","COL-04","Tomas Okafor","Commercial","NET60","60","0.00","2025-10-31","2025-12-30","2164.11","0.00","0.00","0.00","0.00","2164.11","0.00","1","1","1","2","1-30","0.25","0",""
"INV-027530","C0369","Lakeshore Components","OEM Manufacturer","Midwest","Hana Sato","High","545000.00","COL-02","Marcus Bell","Strategic Accounts","NET60","60","0.00","2025-10-31","2025-12-30","2067.61","0.00","0.00","0.00","0.00","2067.61","0.00","1","1","1","2","1-30","0.25","0",""
"INV-027532","C0378","Silverline Fabrication - Southwest","OEM Manufacturer","Southwest","Rosa Delgado","Medium","585000.00","COL-01","Priya Natarajan","Strategic Accounts","NET45","45","0.00","2025-10-31","2025-12-15","4987.02","0.00","0.00","0.00","0.00","4987.02","0.00","1","1","16","2","1-30","0.25","1","PO Mismatch"
"INV-027540","C0005","Lakeshore Medical Center","Institutional","West","Owen Price","Low","195000.00","COL-01","Priya Natarajan","Strategic Accounts","NET90","90","0.00","2025-11-03","2026-02-01","3424.90","0.00","0.00","0.00","0.00","3424.90","0.00","1","0","-32","1","Current","0.00","0",""
"INV-027542","C0009","Ironbridge Fabrication","OEM Manufacturer","Northeast","Nadia Farouk","Medium","590000.00","COL-02","Marcus Bell","Strategic Accounts","NET45","45","0.00","2025-11-03","2025-12-18","1625.91","0.00","0.00","0.00","0.00","1625.91","0.00","1","1","13","2","1-30","0.25","1","Pricing"
"INV-027545","C0049","Westbrook Mechanical","Contractor","Southwest","Rosa Delgado","Medium","145000.00","COL-03","Elena Ruiz","Commercial","2/10NET30","30","2.00","2025-11-03","2025-12-03","8319.47","4991.68","0.00","0.00","0.00","3327.79","0.00","1","1","28","2","1-30","0.25","0",""
"INV-027547","C0061","Riverbend Industries","OEM Manufacturer","West","Maya Brennan","Low","275000.00","COL-02","Marcus Bell","Strategic Accounts","NET60","60","0.00","2025-11-03","2026-01-02","1764.26","0.00","0.00","0.00","0.00","1764.26","0.00","1","0","-2","1","Current","0.00","0",""
"INV-027551","C0111","Harbor Manufacturing","OEM Manufacturer","West","Owen Price","Medium","405000.00","COL-02","Marcus Bell","Strategic Accounts","NET45","45","0.00","2025-11-03","2025-12-18","10462.36","0.00","0.00","0.00","0.00","10462.36","0.00","1","1","13","2","1-30","0.25","1","Short Shipment"
"INV-027552","C0121","Apex Manufacturing","OEM Manufacturer","Midwest","Hana Sato","Low","385000.00","COL-02","Marcus Bell","Strategic Accounts","NET60","60","0.00","2025-11-03","2026-01-02","11530.26","0.00","0.00","0.00","0.00","11530.26","0.00","1","0","-2","1","Current","0.00","0",""
"INV-027554","C0140","Apex Parts & Service","MRO Reseller","Southeast","Luis Moreno","Medium","90000.00","COL-05","Grace Lindqvist","Small Business","NET30","30","0.00","2025-11-03","2025-12-03","1667.17","1000.30","0.00","0.00","0.00","666.87","0.00","1","1","28","2","1-30","0.25","0",""
"INV-027557","C0162","Stonegate Builders","Contractor","Southwest","Kevin Ames","Medium","55000.00","COL-03","Elena Ruiz","Commercial","NET60","60","0.00","2025-11-03","2026-01-02","7554.02","0.00","0.00","0.00","0.00","7554.02","0.00","1","0","-2","1","Current","0.00","0",""
"INV-027562","C0195","Redline Manufacturing","OEM Manufacturer","Southwest","Kevin Ames","Medium","360000.00","COL-01","Priya Natarajan","Strategic Accounts","NET60","60","0.00","2025-11-03","2026-01-02","4627.13","0.00","0.00","0.00","0.00","4627.13","0.00","1","0","-2","1","Current","0.00","0",""
"INV-027565","C0209","Northfield Construction","Contractor","Midwest","Ben Kowalczyk","Low","95000.00","COL-03","Elena Ruiz","Commercial","NET30","30","0.00","2025-11-03","2025-12-03","4062.75","2437.65","0.00","0.00","0.00","1625.10","0.00","1","1","28","2","1-30","0.25","0",""
"INV-027566","C0228","Granite School District","Institutional","Southeast","Luis Moreno","Low","110000.00","COL-04","Tomas Okafor","Commercial","NET60","60","0.00","2025-11-03","2026-01-02","1179.27","0.00","0.00","0.00","0.00","1179.27","0.00","1","0","-2","1","Current","0.00","0",""
"INV-027567","C0234","Redline University Facilities - Midwest 3","Institutional","Midwest","Ben Kowalczyk","Low","145000.00","COL-04","Tomas Okafor","Commercial","NET90","90","0.00","2025-11-03","2026-02-01","2618.29","0.00","0.00","0.00","0.00","2618.29","0.00","1","0","-32","1","Current","0.00","0","PO Mismatch"
"INV-027571","C0251","Silverline Mechanical - Southwest","Contractor","Southwest","Kevin Ames","Low","140000.00","COL-04","Tomas Okafor","Commercial","NET60","60","0.00","2025-11-03","2026-01-02","4157.45","0.00","0.00","0.00","0.00","4157.45","0.00","1","0","-2","1","Current","0.00","0",""
"INV-027572","C0283","Apex Industries","OEM Manufacturer","Midwest","Hana Sato","Low","390000.00","COL-01","Priya Natarajan","Strategic Accounts","NET60","60","0.00","2025-11-03","2026-01-02","8719.86","0.00","0.00","0.00","0.00","8719.86","0.00","1","0","-2","1","Current","0.00","0",""
"INV-027574","C0296","Crestview Manufacturing","OEM Manufacturer","Midwest","Ben Kowalczyk","Medium","590000.00","COL-01","Priya Natarajan","Strategic Accounts","NET45","45","0.00","2025-11-03","2025-12-18","2938.20","0.00","0.00","0.00","0.00","2938.20","0.00","1","1","13","2","1-30","0.25","0",""
"INV-027576","C0309","Frontier Machine Works","OEM Manufacturer","Northeast","Adrian Cole","Low","250000.00","COL-02","Marcus Bell","Strategic Accounts","NET45","45","0.00","2025-11-03","2025-12-18","14831.34","8898.80","0.00","0.00","0.00","5932.54","0.00","1","1","13","2","1-30","0.25","0",""
"INV-027578","C0324","Pioneer Construction","Contractor","Southeast","Dana Whitfield","High","145000.00","COL-03","Elena Ruiz","Commercial","2/10NET30","30","2.00","2025-11-03","2025-12-03","6036.98","0.00","0.00","784.81","0.00","5252.17","0.00","1","1","28","2","1-30","0.25","0","Damaged Goods"
"INV-027582","C0342","Titan Medical Center","Institutional","Midwest","Ben Kowalczyk","Medium","160000.00","COL-01","Priya Natarajan","Strategic Accounts","NET60","60","0.00","2025-11-03","2026-01-02","2895.75","0.00","0.00","0.00","0.00","2895.75","0.00","1","0","-2","1","Current","0.00","0",""
"INV-027586","C0364","Redline Industries - Northeast","OEM Manufacturer","Northeast","Adrian Cole","Low","335000.00","COL-02","Marcus Bell","Strategic Accounts","NET45","45","0.00","2025-11-03","2025-12-18","4850.65","0.00","0.00","0.00","0.00","4850.65","0.00","1","1","13","2","1-30","0.25","0",""
"INV-027587","C0378","Silverline Fabrication - Southwest","OEM Manufacturer","Southwest","Rosa Delgado","Medium","585000.00","COL-01","Priya Natarajan","Strategic Accounts","NET45","45","0.00","2025-11-03","2025-12-18","3509.67","0.00","0.00","0.00","0.00","3509.67","0.00","1","1","13","2","1-30","0.25","0",""
"INV-027589","C0397","Silverline Mechanical - Southwest 3","Contractor","Southwest","Rosa Delgado","Low","40000.00","COL-03","Elena Ruiz","Commercial","NET60","60","0.00","2025-11-03","2026-01-02","2987.74","0.00","0.00","0.00","0.00","2987.74","0.00","1","0","-2","1","Current","0.00","0",""
"INV-027602","C0048","Stonegate Industries","OEM Manufacturer","Northeast","Nadia Farouk","Medium","415000.00","COL-01","Priya Natarajan","Strategic Accounts","NET45","45","0.00","2025-11-04","2025-12-19","12913.68","0.00","0.00","0.00","0.00","12913.68","0.00","1","1","12","2","1-30","0.25","0",""
"INV-027603","C0054","Titan Manufacturing","OEM Manufacturer","Midwest","Hana Sato","Medium","510000.00","COL-01","Priya Natarajan","Strategic Accounts","NET60","60","0.00","2025-11-04","2026-01-03","10928.29","0.00","0.00","0.00","0.00","10928.29","0.00","1","0","-3","1","Current","0.00","0",""
"INV-027604","C0059","Apex Mechanical","Contractor","Midwest","Ben Kowalczyk","High","150000.00","COL-02","Marcus Bell","Strategic Accounts","NET30","30","0.00","2025-11-04","2025-12-04","862.30","0.00","0.00","0.00","0.00","862.30","0.00","1","1","27","2","1-30","0.25","0",""
"INV-027605","C0061","Riverbend Industries","OEM Manufacturer","West","Maya Brennan","Low","275000.00","COL-02","Marcus Bell","Strategic Accounts","NET60","60","0.00","2025-11-04","2026-01-03","17706.12","0.00","0.00","0.00","0.00","17706.12","0.00","1","0","-3","1","Current","0.00","0",""
"INV-027610","C0083","Bluewater Builders","Contractor","Southwest","Kevin Ames","Low","40000.00","COL-04","Tomas Okafor","Commercial","NET60","60","0.00","2025-11-04","2026-01-03","6526.79","0.00","0.00","0.00","0.00","6526.79","0.00","1","0","-3","1","Current","0.00","0",""
"INV-027612","C0102","Crestview County Facilities","Institutional","Southwest","Rosa Delgado","Low","65000.00","COL-04","Tomas Okafor","Commercial","NET90","90","0.00","2025-11-04","2026-02-02","2335.43","0.00","0.00","0.00","0.00","2335.43","0.00","1","0","-33","1","Current","0.00","0",""
"INV-027620","C0150","Northfield Industries","OEM Manufacturer","Midwest","Hana Sato","Low","425000.00","COL-01","Priya Natarajan","Strategic Accounts","NET45","45","0.00","2025-11-04","2025-12-19","7166.99","4300.19","0.00","0.00","0.00","2866.80","0.00","1","1","12","2","1-30","0.25","0",""
"INV-027621","C0163","Keystone Fabrication","OEM Manufacturer","Midwest","Ben Kowalczyk","Medium","600000.00","COL-01","Priya Natarajan","Strategic Accounts","NET60","60","0.00","2025-11-04","2026-01-03","9126.86","0.00","0.00","0.00","0.00","9126.86","0.00","1","0","-3","1","Current","0.00","1","Duplicate Billing"
"INV-027623","C0175","Redline Mechanical - Southwest","Contractor","Southwest","Kevin Ames","Low","85000.00","COL-03","Elena Ruiz","Commercial","NET60","60","0.00","2025-11-04","2026-01-03","7921.10","0.00","0.00","0.00","0.00","7921.10","0.00","1","0","-3","1","Current","0.00","0",""
"INV-027628","C0226","Lakeshore Industries","OEM Manufacturer","Midwest","Hana Sato","Medium","410000.00","COL-01","Priya Natarajan","Strategic Accounts","NET60","60","0.00","2025-11-04","2026-01-03","12052.22","0.00","0.00","0.00","0.00","12052.22","0.00","1","0","-3","1","Current","0.00","0",""
"INV-027629","C0254","Pioneer Medical Center - West","Institutional","West","Owen Price","Low","95000.00","COL-03","Elena Ruiz","Commercial","NET90","90","0.00","2025-11-04","2026-02-02","2705.06","0.00","0.00","0.00","0.00","2705.06","0.00","1","0","-33","1","Current","0.00","0",""
"INV-027630","C0265","Westbrook Mechanical - Southwest 3","Contractor","Southwest","Kevin Ames","Medium","85000.00","COL-04","Tomas Okafor","Commercial","NET60","60","0.00","2025-11-04","2026-01-03","1075.24","0.00","0.00","0.00","0.00","1075.24","0.00","1","0","-3","1","Current","0.00","0",""
"INV-027632","C0280","Apex Mechanical - West","Contractor","West","Maya Brennan","Medium","120000.00","COL-03","Elena Ruiz","Commercial","NET60","60","0.00","2025-11-04","2026-01-03","1672.83","0.00","0.00","0.00","0.00","1672.83","0.00","1","0","-3","1","Current","0.00","0",""
"INV-027633","C0284","Apex Manufacturing - Southwest 3","OEM Manufacturer","Southwest","Rosa Delgado","Low","275000.00","COL-02","Marcus Bell","Strategic Accounts","NET60","60","0.00","2025-11-04","2026-01-03","13329.72","0.00","0.00","0.00","0.00","13329.72","0.00","1","0","-3","1","Current","0.00","0",""
"INV-027634","C0286","Crestview County Facilities - Southeast","Institutional","Southeast","Luis Moreno","Low","70000.00","COL-03","Elena Ruiz","Commercial","NET90","90","0.00","2025-11-04","2026-02-02","1072.55","0.00","0.00","0.00","0.00","1072.55","0.00","1","0","-33","1","Current","0.00","0",""
"INV-027635","C0289","Apex Builders - West","Contractor","West","Owen Price","Low","45000.00","COL-04","Tomas Okafor","Commercial","NET60","60","0.00","2025-11-04","2026-01-03","5848.11","0.00","0.00","0.00","0.00","5848.11","0.00","1","0","-3","1","Current","0.00","0",""
"INV-027636","C0297","Apex Mechanical - Southeast 3","Contractor","Southeast","Dana Whitfield","High","30000.00","COL-04","Tomas Okafor","Commercial","NET30","30","0.00","2025-11-04","2025-12-04","911.97","0.00","0.00","0.00","0.00","911.97","0.00","1","1","27","2","1-30","0.25","0",""
"INV-027637","C0298","Cedar Ridge Contracting - Northeast","Contractor","Northeast","Nadia Farouk","Low","150000.00","COL-01","Priya Natarajan","Strategic Accounts","NET30","30","0.00","2025-11-04","2025-12-04","800.02","398.41","0.00","136.00","0.00","265.61","0.00","1","1","27","2","1-30","0.25","0","Damaged Goods"
"INV-027638","C0299","Silverline Industries","OEM Manufacturer","Southwest","Rosa Delgado","Low","405000.00","COL-02","Marcus Bell","Strategic Accounts","NET60","60","0.00","2025-11-04","2026-01-03","11153.97","0.00","0.00","0.00","0.00","11153.97","0.00","1","0","-3","1","Current","0.00","0",""
"INV-027642","C0330","Westbrook Electric - West","Contractor","West","Owen Price","Medium","75000.00","COL-04","Tomas Okafor","Commercial","2/10NET30","30","2.00","2025-11-04","2025-12-04","2342.10","0.00","0.00","0.00","0.00","2342.10","0.00","1","1","27","2","1-30","0.25","1","Damaged Goods"
"INV-027644","C0342","Titan Medical Center","Institutional","Midwest","Ben Kowalczyk","Medium","160000.00","COL-01","Priya Natarajan","Strategic Accounts","NET60","60","0.00","2025-11-04","2026-01-03","1070.45","0.00","0.00","0.00","0.00","1070.45","0.00","1","0","-3","1","Current","0.00","0",""
"INV-027646","C0348","Bluewater Manufacturing","OEM Manufacturer","Midwest","Ben Kowalczyk","Low","225000.00","COL-02","Marcus Bell","Strategic Accounts","NET60","60","0.00","2025-11-04","2026-01-03","9098.95","0.00","0.00","0.00","0.00","9098.95","0.00","1","0","-3","1","Current","0.00","0",""
"INV-027647","C0349","Granite Manufacturing","OEM Manufacturer","Northeast","Nadia Farouk","High","490000.00","COL-02","Marcus Bell","Strategic Accounts","NET60","60","0.00","2025-11-04","2026-01-03","11376.55","0.00","0.00","0.00","0.00","11376.55","0.00","1","0","-3","1","Current","0.00","1","Pricing"
"INV-027648","C0369","Lakeshore Components","OEM Manufacturer","Midwest","Hana Sato","High","545000.00","COL-02","Marcus Bell","Strategic Accounts","NET60","60","0.00","2025-11-04","2026-01-03","7351.94","0.00","0.00","0.00","0.00","7351.94","0.00","1","0","-3","1","Current","0.00","0",""
"INV-027649","C0385","Cedar Ridge Maintenance Supply - Southeast","MRO Reseller","Southeast","Luis Moreno","Medium","25000.00","COL-05","Grace Lindqvist","Small Business","NET30","30","0.00","2025-11-04","2025-12-04","921.70","0.00","0.00","0.00","0.00","921.70","0.00","1","1","27","2","1-30","0.25","0",""
"INV-027650","C0389","Ironbridge Components - Southeast","OEM Manufacturer","Southeast","Dana Whitfield","Medium","590000.00","COL-02","Marcus Bell","Strategic Accounts","NET60","60","0.00","2025-11-04","2026-01-03","6113.16","0.00","0.00","0.00","0.00","6113.16","0.00","1","0","-3","1","Current","0.00","0",""
"INV-027653","C0005","Lakeshore Medical Center","Institutional","West","Owen Price","Low","195000.00","COL-01","Priya Natarajan","Strategic Accounts","NET90","90","0.00","2025-11-05","2026-02-03","3726.22","0.00","0.00","0.00","0.00","3726.22","0.00","1","0","-34","1","Current","0.00","0",""
"INV-027659","C0053","Stonegate University Facilities","Institutional","Northeast","Nadia Farouk","Low","130000.00","COL-04","Tomas Okafor","Commercial","NET90","90","0.00","2025-11-05","2026-02-03","1162.58","0.00","0.00","0.00","0.00","1162.58","0.00","1","0","-34","1","Current","0.00","0",""
"INV-027660","C0054","Titan Manufacturing","OEM Manufacturer","Midwest","Hana Sato","Medium","510000.00","COL-01","Priya Natarajan","Strategic Accounts","NET60","60","0.00","2025-11-05","2026-01-04","8290.74","0.00","0.00","0.00","0.00","8290.74","0.00","1","0","-4","1","Current","0.00","0",""
"INV-027663","C0083","Bluewater Builders","Contractor","Southwest","Kevin Ames","Low","40000.00","COL-04","Tomas Okafor","Commercial","NET60","60","0.00","2025-11-05","2026-01-04","1293.86","0.00","0.00","0.00","0.00","1293.86","0.00","1","0","-4","1","Current","0.00","0",""
"INV-027665","C0094","Bluewater Industries - Southeast","OEM Manufacturer","Southeast","Dana Whitfield","Low","535000.00","COL-02","Marcus Bell","Strategic Accounts","NET45","45","0.00","2025-11-05","2025-12-20","13295.37","0.00","0.00","0.00","0.00","13295.37","0.00","1","1","11","2","1-30","0.25","1","Pricing"
"INV-027666","C0095","Stonegate Fabrication","OEM Manufacturer","West","Owen Price","Low","600000.00","COL-02","Marcus Bell","Strategic Accounts","NET60","60","0.00","2025-11-05","2026-01-04","16992.48","0.00","0.00","0.00","0.00","16992.48","0.00","1","0","-4","1","Current","0.00","0",""
"INV-027668","C0100","Stonegate University Facilities - Southeast","Institutional","Southeast","Dana Whitfield","Low","215000.00","COL-02","Marcus Bell","Strategic Accounts","NET90","90","0.00","2025-11-05","2026-02-03","4248.17","0.00","0.00","0.00","0.00","4248.17","0.00","1","0","-34","1","Current","0.00","0",""
"INV-027670","C0122","Frontier Fabrication - Northeast","OEM Manufacturer","Northeast","Adrian Cole","Low","435000.00","COL-01","Priya Natarajan","Strategic Accounts","NET45","45","0.00","2025-11-05","2025-12-20","14957.34","0.00","0.00","0.00","0.00","14957.34","0.00","1","1","11","2","1-30","0.25","0",""
"INV-027671","C0128","Summit Builders","Contractor","Southwest","Kevin Ames","Low","125000.00","COL-03","Elena Ruiz","Commercial","NET60","60","0.00","2025-11-05","2026-01-04","8398.15","0.00","0.00","0.00","0.00","8398.15","0.00","1","0","-4","1","Current","0.00","0",""
"INV-027673","C0131","Bluewater Mechanical","Contractor","Northeast","Adrian Cole","High","45000.00","COL-04","Tomas Okafor","Commercial","2/10NET30","30","2.00","2025-11-05","2025-12-05","1556.62","0.00","0.00","0.00","0.00","1556.62","0.00","1","1","26","2","1-30","0.25","0",""
"INV-027674","C0139","Harbor Machine Works","OEM Manufacturer","Midwest","Ben Kowalczyk","Medium","570000.00","COL-01","Priya Natarajan","Strategic Accounts","NET45","45","0.00","2025-11-05","2025-12-20","3055.06","0.00","0.00","0.00","0.00","3055.06","0.00","1","1","11","2","1-30","0.25","0",""
"INV-027676","C0144","Frontier Electric","Contractor","Northeast","Nadia Farouk","Medium","110000.00","COL-04","Tomas Okafor","Commercial","NET30","30","0.00","2025-11-05","2025-12-05","6384.73","3830.84","0.00","0.00","0.00","2553.89","0.00","1","1","26","2","1-30","0.25","0",""
"INV-027677","C0150","Northfield Industries","OEM Manufacturer","Midwest","Hana Sato","Low","425000.00","COL-01","Priya Natarajan","Strategic Accounts","NET45","45","0.00","2025-11-05","2025-12-20","3104.13","1862.48","0.00","0.00","0.00","1241.65","0.00","1","1","11","2","1-30","0.25","0",""
"INV-027678","C0163","Keystone Fabrication","OEM Manufacturer","Midwest","Ben Kowalczyk","Medium","600000.00","COL-01","Priya Natarajan","Strategic Accounts","NET60","60","0.00","2025-11-05","2026-01-04","7559.70","0.00","0.00","0.00","0.00","7559.70","0.00","1","0","-4","1","Current","0.00","0",""
"INV-027679","C0165","Northfield School District","Institutional","Southeast","Luis Moreno","Low","150000.00","COL-02","Marcus Bell","Strategic Accounts","NET60","60","0.00","2025-11-05","2026-01-04","1216.33","0.00","0.00","0.00","0.00","1216.33","0.00","1","0","-4","1","Current","0.00","0",""
"INV-027688","C0245","Ironbridge Industrial Supply - West","MRO Reseller","West","Owen Price","High","85000.00","COL-05","Grace Lindqvist","Small Business","2/10NET30","30","2.00","2025-11-05","2025-12-05","487.99","0.00","0.00","0.00","0.00","487.99","0.00","1","1","26","2","1-30","0.25","0",""
"INV-027690","C0258","Riverbend Contracting - Midwest","Contractor","Midwest","Ben Kowalczyk","Low","30000.00","COL-04","Tomas Okafor","Commercial","NET30","30","0.00","2025-11-05","2025-12-05","6071.16","3642.70","0.00","0.00","0.00","2428.46","0.00","1","1","26","2","1-30","0.25","0",""
"INV-027691","C0261","Stonegate Maintenance Supply","MRO Reseller","Southwest","Rosa Delgado","Low","65000.00","COL-06","Sam Horowitz","Small Business","2/10NET30","30","2.00","2025-11-05","2025-12-05","1161.96","0.00","0.00","0.00","0.00","1161.96","0.00","1","1","26","2","1-30","0.25","1","Pricing"
"INV-027692","C0262","Titan Industrial Supply","MRO Reseller","Midwest","Hana Sato","Medium","110000.00","COL-05","Grace Lindqvist","Small Business","NET30","30","0.00","2025-11-05","2025-12-05","3099.30","0.00","0.00","0.00","0.00","3099.30","0.00","1","1","26","2","1-30","0.25","0",""
"INV-027693","C0271","Riverbend Electric - Midwest 3","Contractor","Midwest","Hana Sato","High","140000.00","COL-03","Elena Ruiz","Commercial","2/10NET30","30","2.00","2025-11-05","2025-12-05","7315.63","0.00","0.00","0.00","0.00","7315.63","0.00","1","1","26","2","1-30","0.25","0",""
"INV-027694","C0280","Apex Mechanical - West","Contractor","West","Maya Brennan","Medium","120000.00","COL-03","Elena Ruiz","Commercial","NET60","60","0.00","2025-11-05","2026-01-04","1374.00","0.00","0.00","0.00","0.00","1374.00","0.00","1","0","-4","1","Current","0.00","0",""
"INV-027695","C0281","Westbrook Fabrication","OEM Manufacturer","Midwest","Hana Sato","Low","510000.00","COL-02","Marcus Bell","Strategic Accounts","NET60","60","0.00","2025-11-05","2026-01-04","12726.76","0.00","0.00","0.00","0.00","12726.76","0.00","1","0","-4","1","Current","0.00","0",""
"INV-027696","C0294","Titan Components","OEM Manufacturer","Northeast","Adrian Cole","Low","215000.00","COL-01","Priya Natarajan","Strategic Accounts","NET60","60","0.00","2025-11-05","2026-01-04","3030.62","0.00","0.00","0.00","0.00","3030.62","0.00","1","0","-4","1","Current","0.00","0",""
"INV-027700","C0324","Pioneer Construction","Contractor","Southeast","Dana Whitfield","High","145000.00","COL-03","Elena Ruiz","Commercial","2/10NET30","30","2.00","2025-11-05","2025-12-05","7384.62","0.00","0.00","516.92","0.00","6867.70","0.00","1","1","26","2","1-30","0.25","0","Pricing"
"INV-027703","C0350","Crestview Industries","OEM Manufacturer","West","Owen Price","Low","335000.00","COL-02","Marcus Bell","Strategic Accounts","NET45","45","0.00","2025-11-05","2025-12-20","10085.17","0.00","0.00","0.00","0.00","10085.17","0.00","1","1","11","2","1-30","0.25","0",""
"INV-027705","C0368","Stonegate Machine Works - West","OEM Manufacturer","West","Owen Price","Low","205000.00","COL-01","Priya Natarajan","Strategic Accounts","NET60","60","0.00","2025-11-05","2026-01-04","13311.54","0.00","0.00","0.00","0.00","13311.54","0.00","1","0","-4","1","Current","0.00","0",""
"INV-027706","C0386","Bluewater Electric","Contractor","West","Maya Brennan","High","100000.00","COL-03","Elena Ruiz","Commercial","NET60","60","0.00","2025-11-05","2026-01-04","7787.73","0.00","0.00","0.00","0.00","7787.73","0.00","1","0","-4","1","Current","0.00","0",""
"INV-027708","C0393","Silverline Components - West 3","OEM Manufacturer","West","Owen Price","Low","415000.00","COL-01","Priya Natarajan","Strategic Accounts","NET45","45","0.00","2025-11-05","2025-12-20","5380.27","0.00","0.00","0.00","0.00","5380.27","0.00","1","1","11","2","1-30","0.25","1","Duplicate Billing"
"INV-027710","C0023","Harbor Builders","Contractor","West","Owen Price","High","120000.00","COL-04","Tomas Okafor","Commercial","NET60","60","0.00","2025-11-06","2026-01-05","849.72","0.00","0.00","0.00","0.00","849.72","0.00","1","0","-5","1","Current","0.00","0",""
"INV-027712","C0042","Bluewater Industries","OEM Manufacturer","Southwest","Kevin Ames","High","355000.00","COL-01","Priya Natarajan","Strategic Accounts","NET60","60","0.00","2025-11-06","2026-01-05","2054.80","0.00","0.00","0.00","0.00","2054.80","0.00","1","0","-5","1","Current","0.00","0",""
"INV-027714","C0054","Titan Manufacturing","OEM Manufacturer","Midwest","Hana Sato","Medium","510000.00","COL-01","Priya Natarajan","Strategic Accounts","NET60","60","0.00","2025-11-06","2026-01-05","14519.03","0.00","0.00","0.00","0.00","14519.03","0.00","1","0","-5","1","Current","0.00","0",""
"INV-027715","C0059","Apex Mechanical","Contractor","Midwest","Ben Kowalczyk","High","150000.00","COL-02","Marcus Bell","Strategic Accounts","NET30","30","0.00","2025-11-06","2025-12-06","4967.17","0.00","0.00","0.00","0.00","4967.17","0.00","1","1","25","2","1-30","0.25","0",""
"INV-027716","C0060","Crestview School District","Institutional","Southeast","Dana Whitfield","Low","70000.00","COL-03","Elena Ruiz","Commercial","NET60","60","0.00","2025-11-06","2026-01-05","2235.46","0.00","0.00","0.00","0.00","2235.46","0.00","1","0","-5","1","Current","0.00","0",""
"INV-027717","C0073","Lakeshore Manufacturing","OEM Manufacturer","Northeast","Adrian Cole","High","300000.00","COL-01","Priya Natarajan","Strategic Accounts","NET45","45","0.00","2025-11-06","2025-12-21","11214.84","0.00","0.00","0.00","0.00","11214.84","0.00","1","1","10","2","1-30","0.25","0",""
"INV-027722","C0094","Bluewater Industries - Southeast","OEM Manufacturer","Southeast","Dana Whitfield","Low","535000.00","COL-02","Marcus Bell","Strategic Accounts","NET45","45","0.00","2025-11-06","2025-12-21","1805.25","0.00","0.00","0.00","0.00","1805.25","0.00","1","1","10","2","1-30","0.25","0",""
"INV-027723","C0100","Stonegate University Facilities - Southeast","Institutional","Southeast","Dana Whitfield","Low","215000.00","COL-02","Marcus Bell","Strategic Accounts","NET90","90","0.00","2025-11-06","2026-02-04","2204.07","0.00","0.00","0.00","0.00","2204.07","0.00","1","0","-35","1","Current","0.00","0",""
"INV-027725","C0104","Granite Industrial Supply","MRO Reseller","Midwest","Ben Kowalczyk","Low","105000.00","COL-06","Sam Horowitz","Small Business","NET30","30","0.00","2025-11-06","2025-12-06","2617.91","1570.75","0.00","0.00","0.00","1047.16","0.00","1","1","25","2","1-30","0.25","0",""
"INV-027726","C0111","Harbor Manufacturing","OEM Manufacturer","West","Owen Price","Medium","405000.00","COL-02","Marcus Bell","Strategic Accounts","NET45","45","0.00","2025-11-06","2025-12-21","4584.04","0.00","0.00","0.00","0.00","4584.04","0.00","1","1","10","2","1-30","0.25","0",""
"INV-027730","C0145","Crestview Medical Center","Institutional","West","Maya Brennan","Low","120000.00","COL-04","Tomas Okafor","Commercial","NET90","90","0.00","2025-11-06","2026-02-04","5752.30","0.00","0.00","0.00","0.00","5752.30","0.00","1","0","-35","1","Current","0.00","0",""
"INV-027731","C0164","Lakeshore Fabrication","OEM Manufacturer","Southwest","Rosa Delgado","Medium","240000.00","COL-01","Priya Natarajan","Strategic Accounts","NET45","45","0.00","2025-11-06","2025-12-21","5942.05","0.00","0.00","0.00","0.00","5942.05","0.00","1","1","10","2","1-30","0.25","0",""
"INV-027732","C0169","Apex Components","OEM Manufacturer","Midwest","Ben Kowalczyk","Medium","290000.00","COL-02","Marcus Bell","Strategic Accounts","NET60","60","0.00","2025-11-06","2026-01-05","1625.05","0.00","0.00","0.00","0.00","1625.05","0.00","1","0","-5","1","Current","0.00","0",""
"INV-027735","C0197","Harbor Machine Works - Southwest 3","OEM Manufacturer","Southwest","Kevin Ames","Low","470000.00","COL-01","Priya Natarajan","Strategic Accounts","NET60","60","0.00","2025-11-06","2026-01-05","10631.20","0.00","0.00","0.00","0.00","10631.20","0.00","1","0","-5","1","Current","0.00","0",""
"INV-027736","C0201","Titan Machine Works","OEM Manufacturer","Southwest","Kevin Ames","Low","525000.00","COL-02","Marcus Bell","Strategic Accounts","NET45","45","0.00","2025-11-06","2025-12-21","5655.86","3393.52","0.00","0.00","0.00","2262.34","0.00","1","1","10","2","1-30","0.25","0",""
"INV-027737","C0206","Oakmont Manufacturing","OEM Manufacturer","Southeast","Dana Whitfield","Medium","590000.00","COL-01","Priya Natarajan","Strategic Accounts","NET60","60","0.00","2025-11-06","2026-01-05","8616.52","0.00","0.00","0.00","0.00","8616.52","0.00","1","0","-5","1","Current","0.00","0",""
"INV-027738","C0208","Keystone University Facilities","Institutional","Southwest","Rosa Delgado","Low","95000.00","COL-04","Tomas Okafor","Commercial","NET90","90","0.00","2025-11-06","2026-02-04","5066.13","0.00","0.00","0.00","0.00","5066.13","0.00","1","0","-35","1","Current","0.00","0",""
"INV-027739","C0210","Harbor Construction - Southwest","Contractor","Southwest","Rosa Delgado","Low","80000.00","COL-04","Tomas Okafor","Commercial","NET60","60","0.00","2025-11-06","2026-01-05","3595.61","0.00","0.00","0.00","0.00","3595.61","0.00","1","0","-5","1","Current","0.00","0",""
"INV-027746","C0275","Cedar Ridge Machine Works - Southwest","OEM Manufacturer","Southwest","Rosa Delgado","High","535000.00","COL-01","Priya Natarajan","Strategic Accounts","NET60","60","0.00","2025-11-06","2026-01-05","1738.31","0.00","0.00","0.00","0.00","1738.31","0.00","1","0","-5","1","Current","0.00","0",""
"INV-027747","C0280","Apex Mechanical - West","Contractor","West","Maya Brennan","Medium","120000.00","COL-03","Elena Ruiz","Commercial","NET60","60","0.00","2025-11-06","2026-01-05","917.53","0.00","0.00","0.00","0.00","917.53","0.00","1","0","-5","1","Current","0.00","0",""
"INV-027753","C0299","Silverline Industries","OEM Manufacturer","Southwest","Rosa Delgado","Low","405000.00","COL-02","Marcus Bell","Strategic Accounts","NET60","60","0.00","2025-11-06","2026-01-05","7526.80","0.00","0.00","0.00","0.00","7526.80","0.00","1","0","-5","1","Current","0.00","0",""
"INV-027757","C0334","Titan Fabrication - Southeast","OEM Manufacturer","Southeast","Dana Whitfield","Low","330000.00","COL-01","Priya Natarajan","Strategic Accounts","NET60","60","0.00","2025-11-06","2026-01-05","15297.41","0.00","0.00","0.00","0.00","15297.41","0.00","1","0","-5","1","Current","0.00","0",""
"INV-027761","C0358","Ironbridge Builders - West","Contractor","West","Maya Brennan","Low","135000.00","COL-03","Elena Ruiz","Commercial","NET60","60","0.00","2025-11-06","2026-01-05","848.87","0.00","0.00","0.00","0.00","848.87","0.00","1","0","-5","1","Current","0.00","0",""
"INV-027763","C0369","Lakeshore Components","OEM Manufacturer","Midwest","Hana Sato","High","545000.00","COL-02","Marcus Bell","Strategic Accounts","NET60","60","0.00","2025-11-06","2026-01-05","6996.43","0.00","0.00","0.00","0.00","6996.43","0.00","1","0","-5","1","Current","0.00","0",""
"INV-027767","C0009","Ironbridge Fabrication","OEM Manufacturer","Northeast","Nadia Farouk","Medium","590000.00","COL-02","Marcus Bell","Strategic Accounts","NET45","45","0.00","2025-11-07","2025-12-22","7634.37","0.00","0.00","0.00","0.00","7634.37","0.00","1","1","9","2","1-30","0.25","0",""
"INV-027770","C0031","Stonegate Machine Works","OEM Manufacturer","Northeast","Adrian Cole","Low","515000.00","COL-02","Marcus Bell","Strategic Accounts","NET60","60","0.00","2025-11-07","2026-01-06","1971.57","0.00","0.00","0.00","0.00","1971.57","0.00","1","0","-6","1","Current","0.00","0",""
"INV-027772","C0056","Northfield Components - Southwest","OEM Manufacturer","Southwest","Kevin Ames","Medium","240000.00","COL-01","Priya Natarajan","Strategic Accounts","NET60","60","0.00","2025-11-07","2026-01-06","2771.90","0.00","0.00","0.00","0.00","2771.90","0.00","1","0","-6","1","Current","0.00","0",""
"INV-027773","C0058","Lakeshore Builders","Contractor","Southwest","Kevin Ames","Low","55000.00","COL-03","Elena Ruiz","Commercial","NET60","60","0.00","2025-11-07","2026-01-06","1798.65","0.00","0.00","0.00","0.00","1798.65","0.00","1","0","-6","1","Current","0.00","0",""
"INV-027774","C0060","Crestview School District","Institutional","Southeast","Dana Whitfield","Low","70000.00","COL-03","Elena Ruiz","Commercial","NET60","60","0.00","2025-11-07","2026-01-06","9276.35","0.00","0.00","0.00","0.00","9276.35","0.00","1","0","-6","1","Current","0.00","0",""
"INV-027778","C0087","Riverbend Maintenance Supply","MRO Reseller","Southeast","Dana Whitfield","Medium","95000.00","COL-05","Grace Lindqvist","Small Business","NET30","30","0.00","2025-11-07","2025-12-07","451.19","0.00","0.00","0.00","0.00","451.19","0.00","1","1","24","2","1-30","0.25","1","Pricing"
"INV-027779","C0094","Bluewater Industries - Southeast","OEM Manufacturer","Southeast","Dana Whitfield","Low","535000.00","COL-02","Marcus Bell","Strategic Accounts","NET45","45","0.00","2025-11-07","2025-12-22","6594.22","0.00","0.00","0.00","0.00","6594.22","0.00","1","1","9","2","1-30","0.25","0",""
"INV-027780","C0099","Northfield Water Authority","Institutional","Northeast","Nadia Farouk","Low","165000.00","COL-01","Priya Natarajan","Strategic Accounts","NET60","60","0.00","2025-11-07","2026-01-06","6934.92","0.00","0.00","0.00","0.00","6934.92","0.00","1","0","-6","1","Current","0.00","0",""
"INV-027784","C0147","Apex Manufacturing - Northeast","OEM Manufacturer","Northeast","Nadia Farouk","Low","455000.00","COL-02","Marcus Bell","Strategic Accounts","NET45","45","0.00","2025-11-07","2025-12-22","10752.35","0.00","0.00","0.00","0.00","10752.35","0.00","1","1","9","2","1-30","0.25","0",""
"INV-027790","C0208","Keystone University Facilities","Institutional","Southwest","Rosa Delgado","Low","95000.00","COL-04","Tomas Okafor","Commercial","NET90","90","0.00","2025-11-07","2026-02-05","2508.25","0.00","0.00","0.00","0.00","2508.25","0.00","1","0","-36","1","Current","0.00","0",""
"INV-027792","C0225","Titan Parts & Service","MRO Reseller","Midwest","Ben Kowalczyk","High","50000.00","COL-06","Sam Horowitz","Small Business","2/10NET30","30","2.00","2025-11-07","2025-12-07","3066.33","0.00","0.00","0.00","0.00","3066.33","0.00","1","1","24","2","1-30","0.25","0",""
"INV-027793","C0231","Silverline Components - Northeast","OEM Manufacturer","Northeast","Adrian Cole","Medium","305000.00","COL-01","Priya Natarajan","Strategic Accounts","NET60","60","0.00","2025-11-07","2026-01-06","5671.45","0.00","0.00","0.00","0.00","5671.45","0.00","1","0","-6","1","Current","0.00","0",""
"INV-027797","C0245","Ironbridge Industrial Supply - West","MRO Reseller","West","Owen Price","High","85000.00","COL-05","Grace Lindqvist","Small Business","2/10NET30","30","2.00","2025-11-07","2025-12-07","1521.65","0.00","0.00","0.00","0.00","1521.65","0.00","1","1","24","2","1-30","0.25","1","Damaged Goods"
"INV-027800","C0267","Redline Manufacturing - Southwest","OEM Manufacturer","Southwest","Rosa Delgado","Low","420000.00","COL-02","Marcus Bell","Strategic Accounts","NET60","60","0.00","2025-11-07","2026-01-06","2768.02","0.00","0.00","0.00","0.00","2768.02","0.00","1","0","-6","1","Current","0.00","0",""
"INV-027803","C0273","Oakmont Fabrication","OEM Manufacturer","Southeast","Dana Whitfield","Medium","395000.00","COL-01","Priya Natarajan","Strategic Accounts","NET45","45","0.00","2025-11-07","2025-12-22","3001.90","0.00","0.00","0.00","0.00","3001.90","0.00","1","1","9","2","1-30","0.25","0",""
"INV-027805","C0283","Apex Industries","OEM Manufacturer","Midwest","Hana Sato","Low","390000.00","COL-01","Priya Natarajan","Strategic Accounts","NET60","60","0.00","2025-11-07","2026-01-06","14612.47","0.00","0.00","0.00","0.00","14612.47","0.00","1","0","-6","1","Current","0.00","0",""
"INV-027806","C0289","Apex Builders - West","Contractor","West","Owen Price","Low","45000.00","COL-04","Tomas Okafor","Commercial","NET60","60","0.00","2025-11-07","2026-01-06","2985.58","0.00","0.00","0.00","0.00","2985.58","0.00","1","0","-6","1","Current","0.00","0",""
"INV-027807","C0296","Crestview Manufacturing","OEM Manufacturer","Midwest","Ben Kowalczyk","Medium","590000.00","COL-01","Priya Natarajan","Strategic Accounts","NET45","45","0.00","2025-11-07","2025-12-22","6582.43","0.00","0.00","0.00","0.00","6582.43","0.00","1","1","9","2","1-30","0.25","0",""
"INV-027808","C0336","Summit Contracting - Southwest 3","Contractor","Southwest","Rosa Delgado","Low","95000.00","COL-03","Elena Ruiz","Commercial","NET60","60","0.00","2025-11-07","2026-01-06","4179.12","0.00","0.00","0.00","0.00","4179.12","0.00","1","0","-6","1","Current","0.00","0",""
"INV-027811","C0361","Titan University Facilities - Midwest","Institutional","Midwest","Ben Kowalczyk","Low","165000.00","COL-01","Priya Natarajan","Strategic Accounts","NET90","90","0.00","2025-11-07","2026-02-05","3939.97","0.00","0.00","0.00","0.00","3939.97","0.00","1","0","-36","1","Current","0.00","0",""
"INV-027813","C0369","Lakeshore Components","OEM Manufacturer","Midwest","Hana Sato","High","545000.00","COL-02","Marcus Bell","Strategic Accounts","NET60","60","0.00","2025-11-07","2026-01-06","4114.19","0.00","0.00","0.00","0.00","4114.19","0.00","1","0","-6","1","Current","0.00","0",""
"INV-027814","C0384","Riverbend Industries - Southeast","OEM Manufacturer","Southeast","Luis Moreno","Low","370000.00","COL-01","Priya Natarajan","Strategic Accounts","NET60","60","0.00","2025-11-07","2026-01-06","12258.91","0.00","0.00","0.00","0.00","12258.91","0.00","1","0","-6","1","Current","0.00","0",""
"INV-027816","C0009","Ironbridge Fabrication","OEM Manufacturer","Northeast","Nadia Farouk","Medium","590000.00","COL-02","Marcus Bell","Strategic Accounts","NET45","45","0.00","2025-11-10","2025-12-25","3325.08","0.00","0.00","0.00","0.00","3325.08","0.00","1","1","6","2","1-30","0.25","0",""
"INV-027822","C0031","Stonegate Machine Works","OEM Manufacturer","Northeast","Adrian Cole","Low","515000.00","COL-02","Marcus Bell","Strategic Accounts","NET60","60","0.00","2025-11-10","2026-01-09","16866.74","0.00","0.00","0.00","0.00","16866.74","0.00","1","0","-9","1","Current","0.00","0",""
"INV-027824","C0042","Bluewater Industries","OEM Manufacturer","Southwest","Kevin Ames","High","355000.00","COL-01","Priya Natarajan","Strategic Accounts","NET60","60","0.00","2025-11-10","2026-01-09","5917.49","0.00","0.00","0.00","0.00","5917.49","0.00","1","0","-9","1","Current","0.00","0",""
"INV-027825","C0048","Stonegate Industries","OEM Manufacturer","Northeast","Nadia Farouk","Medium","415000.00","COL-01","Priya Natarajan","Strategic Accounts","NET45","45","0.00","2025-11-10","2025-12-25","9357.39","0.00","0.00","0.00","0.00","9357.39","0.00","1","1","6","2","1-30","0.25","0",""
"INV-027826","C0056","Northfield Components - Southwest","OEM Manufacturer","Southwest","Kevin Ames","Medium","240000.00","COL-01","Priya Natarajan","Strategic Accounts","NET60","60","0.00","2025-11-10","2026-01-09","14179.58","0.00","0.00","0.00","0.00","14179.58","0.00","1","0","-9","1","Current","0.00","0",""
"INV-027828","C0066","Summit Industries","OEM Manufacturer","Midwest","Ben Kowalczyk","Medium","385000.00","COL-02","Marcus Bell","Strategic Accounts","NET60","60","0.00","2025-11-10","2026-01-09","6503.40","0.00","0.00","0.00","0.00","6503.40","0.00","1","0","-9","1","Current","0.00","0",""
"INV-027829","C0068","Harbor Industries","OEM Manufacturer","Southwest","Rosa Delgado","High","600000.00","COL-01","Priya Natarajan","Strategic Accounts","NET60","60","0.00","2025-11-10","2026-01-09","6030.66","0.00","0.00","0.00","0.00","6030.66","0.00","1","0","-9","1","Current","0.00","0",""
"INV-027831","C0087","Riverbend Maintenance Supply","MRO Reseller","Southeast","Dana Whitfield","Medium","95000.00","COL-05","Grace Lindqvist","Small Business","NET30","30","0.00","2025-11-10","2025-12-10","3378.61","0.00","0.00","810.87","0.00","2567.74","0.00","1","1","21","2","1-30","0.25","0","Short Shipment"
"INV-027832","C0094","Bluewater Industries - Southeast","OEM Manufacturer","Southeast","Dana Whitfield","Low","535000.00","COL-02","Marcus Bell","Strategic Accounts","NET45","45","0.00","2025-11-10","2025-12-25","7919.64","0.00","0.00","0.00","0.00","7919.64","0.00","1","1","6","2","1-30","0.25","0",""
"INV-027836","C0122","Frontier Fabrication - Northeast","OEM Manufacturer","Northeast","Adrian Cole","Low","435000.00","COL-01","Priya Natarajan","Strategic Accounts","NET45","45","0.00","2025-11-10","2025-12-25","1631.69","0.00","0.00","0.00","0.00","1631.69","0.00","1","1","6","2","1-30","0.25","0",""
"INV-027838","C0135","Oakmont Medical Center - Midwest","Institutional","Midwest","Hana Sato","Low","155000.00","COL-02","Marcus Bell","Strategic Accounts","NET90","90","0.00","2025-11-10","2026-02-08","5167.33","0.00","0.00","0.00","0.00","5167.33","0.00","1","0","-39","1","Current","0.00","0",""
"INV-027849","C0204","Cedar Ridge Builders","Contractor","West","Owen Price","Low","50000.00","COL-04","Tomas Okafor","Commercial","NET60","60","0.00","2025-11-10","2026-01-09","3190.07","0.00","0.00","0.00","0.00","3190.07","0.00","1","0","-9","1","Current","0.00","0",""
"INV-027850","C0210","Harbor Construction - Southwest","Contractor","Southwest","Rosa Delgado","Low","80000.00","COL-04","Tomas Okafor","Commercial","NET60","60","0.00","2025-11-10","2026-01-09","2852.40","0.00","0.00","0.00","0.00","2852.40","0.00","1","0","-9","1","Current","0.00","0",""
"INV-027851","C0215","Silverline Medical Center","Institutional","Southeast","Luis Moreno","Low","155000.00","COL-02","Marcus Bell","Strategic Accounts","NET60","60","0.00","2025-11-10","2026-01-09","1547.96","0.00","0.00","0.00","0.00","1547.96","0.00","1","0","-9","1","Current","0.00","0",""
"INV-027854","C0228","Granite School District","Institutional","Southeast","Luis Moreno","Low","110000.00","COL-04","Tomas Okafor","Commercial","NET60","60","0.00","2025-11-10","2026-01-09","1250.63","0.00","0.00","0.00","0.00","1250.63","0.00","1","0","-9","1","Current","0.00","0",""
"INV-027857","C0256","Oakmont School District","Institutional","Northeast","Adrian Cole","Medium","100000.00","COL-03","Elena Ruiz","Commercial","NET60","60","0.00","2025-11-10","2026-01-09","4536.32","0.00","0.00","0.00","0.00","4536.32","0.00","1","0","-9","1","Current","0.00","0",""
"INV-027859","C0265","Westbrook Mechanical - Southwest 3","Contractor","Southwest","Kevin Ames","Medium","85000.00","COL-04","Tomas Okafor","Commercial","NET60","60","0.00","2025-11-10","2026-01-09","7726.72","0.00","0.00","0.00","0.00","7726.72","0.00","1","0","-9","1","Current","0.00","0",""
"INV-027869","C0359","Stonegate Fabrication - West","OEM Manufacturer","West","Maya Brennan","High","380000.00","COL-02","Marcus Bell","Strategic Accounts","NET60","60","0.00","2025-11-10","2026-01-09","2110.30","0.00","0.00","0.00","0.00","2110.30","0.00","1","0","-9","1","Current","0.00","0",""
"INV-027870","C0366","Westbrook Industries - West","OEM Manufacturer","West","Owen Price","Medium","320000.00","COL-02","Marcus Bell","Strategic Accounts","NET60","60","0.00","2025-11-10","2026-01-09","1977.57","0.00","0.00","0.00","0.00","1977.57","0.00","1","0","-9","1","Current","0.00","0",""
"INV-027871","C0367","Bluewater Parts & Service - Southeast 5","MRO Reseller","Southeast","Dana Whitfield","Medium","105000.00","COL-06","Sam Horowitz","Small Business","2/10NET30","30","2.00","2025-11-10","2025-12-10","630.03","0.00","0.00","0.00","0.00","630.03","0.00","1","1","21","2","1-30","0.25","1","PO Mismatch"
"INV-027872","C0369","Lakeshore Components","OEM Manufacturer","Midwest","Hana Sato","High","545000.00","COL-02","Marcus Bell","Strategic Accounts","NET60","60","0.00","2025-11-10","2026-01-09","12637.99","0.00","0.00","0.00","0.00","12637.99","0.00","1","0","-9","1","Current","0.00","0",""
"INV-027873","C0377","Northfield Machine Works","OEM Manufacturer","West","Owen Price","High","160000.00","COL-02","Marcus Bell","Strategic Accounts","NET60","60","0.00","2025-11-10","2026-01-09","5274.04","0.00","0.00","0.00","0.00","5274.04","0.00","1","0","-9","1","Current","0.00","0",""
"INV-027886","C0054","Titan Manufacturing","OEM Manufacturer","Midwest","Hana Sato","Medium","510000.00","COL-01","Priya Natarajan","Strategic Accounts","NET60","60","0.00","2025-11-11","2026-01-10","3402.94","0.00","0.00","0.00","0.00","3402.94","0.00","1","0","-10","1","Current","0.00","0",""
"INV-027888","C0061","Riverbend Industries","OEM Manufacturer","West","Maya Brennan","Low","275000.00","COL-02","Marcus Bell","Strategic Accounts","NET60","60","0.00","2025-11-11","2026-01-10","17036.73","0.00","0.00","0.00","0.00","17036.73","0.00","1","0","-10","1","Current","0.00","0",""
"INV-027890","C0068","Harbor Industries","OEM Manufacturer","Southwest","Rosa Delgado","High","600000.00","COL-01","Priya Natarajan","Strategic Accounts","NET60","60","0.00","2025-11-11","2026-01-10","10569.65","0.00","0.00","0.00","0.00","10569.65","0.00","1","0","-10","1","Current","0.00","0",""
"INV-027892","C0081","Crestview Builders","Contractor","Southeast","Dana Whitfield","Low","30000.00","COL-04","Tomas Okafor","Commercial","NET30","30","0.00","2025-11-11","2025-12-11","3835.78","2301.47","0.00","0.00","0.00","1534.31","0.00","1","1","20","2","1-30","0.25","0",""
"INV-027894","C0083","Bluewater Builders","Contractor","Southwest","Kevin Ames","Low","40000.00","COL-04","Tomas Okafor","Commercial","NET60","60","0.00","2025-11-11","2026-01-10","1679.13","0.00","0.00","0.00","0.00","1679.13","0.00","1","0","-10","1","Current","0.00","0",""
"INV-027896","C0095","Stonegate Fabrication","OEM Manufacturer","West","Owen Price","Low","600000.00","COL-02","Marcus Bell","Strategic Accounts","NET60","60","0.00","2025-11-11","2026-01-10","6196.59","0.00","0.00","0.00","0.00","6196.59","0.00","1","0","-10","1","Current","0.00","0",""
"INV-027897","C0102","Crestview County Facilities","Institutional","Southwest","Rosa Delgado","Low","65000.00","COL-04","Tomas Okafor","Commercial","NET90","90","0.00","2025-11-11","2026-02-09","5298.85","0.00","0.00","0.00","0.00","5298.85","0.00","1","0","-40","1","Current","0.00","0",""
"INV-027900","C0120","Ironbridge Medical Center","Institutional","Southeast","Dana Whitfield","Low","175000.00","COL-02","Marcus Bell","Strategic Accounts","NET60","60","0.00","2025-11-11","2026-01-10","1335.47","0.00","0.00","0.00","0.00","1335.47","0.00","1","0","-10","1","Current","0.00","1","PO Mismatch"
"INV-027904","C0147","Apex Manufacturing - Northeast","OEM Manufacturer","Northeast","Nadia Farouk","Low","455000.00","COL-02","Marcus Bell","Strategic Accounts","NET45","45","0.00","2025-11-11","2025-12-26","1700.28","0.00","0.00","0.00","0.00","1700.28","0.00","1","1","5","2","1-30","0.25","0",""
"INV-027907","C0175","Redline Mechanical - Southwest","Contractor","Southwest","Kevin Ames","Low","85000.00","COL-03","Elena Ruiz","Commercial","NET60","60","0.00","2025-11-11","2026-01-10","6515.58","0.00","0.00","0.00","0.00","6515.58","0.00","1","0","-10","1","Current","0.00","0",""
"INV-027909","C0190","Harbor Fabrication","OEM Manufacturer","West","Owen Price","Medium","580000.00","COL-01","Priya Natarajan","Strategic Accounts","NET45","45","0.00","2025-11-11","2025-12-26","8601.51","0.00","0.00","0.00","0.00","8601.51","0.00","1","1","5","2","1-30","0.25","0",""
"INV-027910","C0195","Redline Manufacturing","OEM Manufacturer","Southwest","Kevin Ames","Medium","360000.00","COL-01","Priya Natarajan","Strategic Accounts","NET60","60","0.00","2025-11-11","2026-01-10","2668.19","0.00","0.00","0.00","0.00","2668.19","0.00","1","0","-10","1","Current","0.00","0",""
"INV-027916","C0231","Silverline Components - Northeast","OEM Manufacturer","Northeast","Adrian Cole","Medium","305000.00","COL-01","Priya Natarajan","Strategic Accounts","NET60","60","0.00","2025-11-11","2026-01-10","4442.66","0.00","0.00","0.00","0.00","4442.66","0.00","1","0","-10","1","Current","0.00","0",""
"INV-027917","C0235","Riverbend Electric - Southeast","Contractor","Southeast","Luis Moreno","Medium","145000.00","COL-04","Tomas Okafor","Commercial","NET30","30","0.00","2025-11-11","2025-12-11","8274.16","0.00","0.00","0.00","0.00","8274.16","0.00","1","1","20","2","1-30","0.25","0",""
"INV-027921","C0251","Silverline Mechanical - Southwest","Contractor","Southwest","Kevin Ames","Low","140000.00","COL-04","Tomas Okafor","Commercial","NET60","60","0.00","2025-11-11","2026-01-10","1108.13","0.00","0.00","0.00","0.00","1108.13","0.00","1","0","-10","1","Current","0.00","0",""
"INV-027922","C0252","Ironbridge School District","Institutional","Midwest","Hana Sato","Low","70000.00","COL-04","Tomas Okafor","Commercial","NET90","90","0.00","2025-11-11","2026-02-09","8210.36","0.00","0.00","0.00","0.00","8210.36","0.00","1","0","-40","1","Current","0.00","0",""
"INV-027923","C0253","Summit Industrial Supply","MRO Reseller","Southwest","Kevin Ames","High","55000.00","COL-06","Sam Horowitz","Small Business","NET30","30","0.00","2025-11-11","2025-12-11","495.48","0.00","0.00","0.00","0.00","495.48","0.00","1","1","20","2","1-30","0.25","0",""
"INV-027924","C0271","Riverbend Electric - Midwest 3","Contractor","Midwest","Hana Sato","High","140000.00","COL-03","Elena Ruiz","Commercial","2/10NET30","30","2.00","2025-11-11","2025-12-11","1878.68","0.00","0.00","0.00","0.00","1878.68","0.00","1","1","20","2","1-30","0.25","0",""
"INV-027925","C0281","Westbrook Fabrication","OEM Manufacturer","Midwest","Hana Sato","Low","510000.00","COL-02","Marcus Bell","Strategic Accounts","NET60","60","0.00","2025-11-11","2026-01-10","16471.89","0.00","0.00","0.00","0.00","16471.89","0.00","1","0","-10","1","Current","0.00","0",""
"INV-027926","C0283","Apex Industries","OEM Manufacturer","Midwest","Hana Sato","Low","390000.00","COL-01","Priya Natarajan","Strategic Accounts","NET60","60","0.00","2025-11-11","2026-01-10","5709.04","0.00","0.00","0.00","0.00","5709.04","0.00","1","0","-10","1","Current","0.00","0",""
"INV-027928","C0305","Titan Fabrication","OEM Manufacturer","Northeast","Nadia Farouk","Low","340000.00","COL-02","Marcus Bell","Strategic Accounts","NET45","45","0.00","2025-11-11","2025-12-26","5118.45","3071.07","0.00","0.00","0.00","2047.38","0.00","1","1","5","2","1-30","0.25","0",""
"INV-027929","C0314","Cedar Ridge Fabrication","OEM Manufacturer","Southeast","Dana Whitfield","Low","275000.00","COL-02","Marcus Bell","Strategic Accounts","NET60","60","0.00","2025-11-11","2026-01-10","14906.93","0.00","0.00","0.00","0.00","14906.93","0.00","1","0","-10","1","Current","0.00","1","Damaged Goods"
"INV-027931","C0336","Summit Contracting - Southwest 3","Contractor","Southwest","Rosa Delgado","Low","95000.00","COL-03","Elena Ruiz","Commercial","NET60","60","0.00","2025-11-11","2026-01-10","4060.04","0.00","0.00","0.00","0.00","4060.04","0.00","1","0","-10","1","Current","0.00","0",""
"INV-027932","C0341","Summit Supply Co. - Southeast","MRO Reseller","Southeast","Dana Whitfield","Medium","110000.00","COL-05","Grace Lindqvist","Small Business","NET30","30","0.00","2025-11-11","2025-12-11","4826.23","2895.74","0.00","0.00","0.00","1930.49","0.00","1","1","20","2","1-30","0.25","0",""
"INV-027935","C0348","Bluewater Manufacturing","OEM Manufacturer","Midwest","Ben Kowalczyk","Low","225000.00","COL-02","Marcus Bell","Strategic Accounts","NET60","60","0.00","2025-11-11","2026-01-10","15884.46","0.00","0.00","0.00","0.00","15884.46","0.00","1","0","-10","1","Current","0.00","0",""
"INV-027936","C0351","Ironbridge Components","OEM Manufacturer","Midwest","Hana Sato","High","450000.00","COL-01","Priya Natarajan","Strategic Accounts","NET45","45","0.00","2025-11-11","2025-12-26","13202.22","0.00","0.00","0.00","0.00","13202.22","0.00","1","1","5","2","1-30","0.25","0",""
"INV-027937","C0356","Stonegate University Facilities - Midwest 3","Institutional","Midwest","Ben Kowalczyk","Low","145000.00","COL-03","Elena Ruiz","Commercial","NET90","90","0.00","2025-11-11","2026-02-09","5341.30","0.00","0.00","0.00","0.00","5341.30","0.00","1","0","-40","1","Current","0.00","0",""
"INV-027938","C0361","Titan University Facilities - Midwest","Institutional","Midwest","Ben Kowalczyk","Low","165000.00","COL-01","Priya Natarajan","Strategic Accounts","NET90","90","0.00","2025-11-11","2026-02-09","5458.52","0.00","0.00","0.00","0.00","5458.52","0.00","1","0","-40","1","Current","0.00","0",""
"INV-027940","C0371","Pioneer Water Authority","Institutional","Southeast","Luis Moreno","Low","205000.00","COL-02","Marcus Bell","Strategic Accounts","NET90","90","0.00","2025-11-11","2026-02-09","4339.43","0.00","0.00","0.00","0.00","4339.43","0.00","1","0","-40","1","Current","0.00","0",""
"INV-027941","C0376","Summit Components - Midwest","OEM Manufacturer","Midwest","Hana Sato","High","565000.00","COL-01","Priya Natarajan","Strategic Accounts","NET45","45","0.00","2025-11-11","2025-12-26","6112.43","0.00","0.00","0.00","0.00","6112.43","0.00","1","1","5","2","1-30","0.25","0",""
"INV-027942","C0399","Riverbend Electric - West 5","Contractor","West","Maya Brennan","Medium","110000.00","COL-03","Elena Ruiz","Commercial","NET60","60","0.00","2025-11-11","2026-01-10","800.00","0.00","0.00","0.00","0.00","800.00","0.00","1","0","-10","1","Current","0.00","0",""
"INV-027944","C0012","Lakeshore Mechanical","Contractor","Southeast","Luis Moreno","Low","125000.00","COL-03","Elena Ruiz","Commercial","NET30","30","0.00","2025-11-12","2025-12-12","4793.03","0.00","0.00","0.00","0.00","4793.03","0.00","1","1","19","2","1-30","0.25","1","PO Mismatch"
"INV-027946","C0036","Harbor Builders - West","Contractor","West","Owen Price","Low","145000.00","COL-03","Elena Ruiz","Commercial","NET60","60","0.00","2025-11-12","2026-01-11","839.70","0.00","0.00","0.00","0.00","839.70","0.00","1","0","-11","1","Current","0.00","0",""
"INV-027948","C0040","Apex MRO Services","MRO Reseller","Northeast","Nadia Farouk","Medium","45000.00","COL-05","Grace Lindqvist","Small Business","NET30","30","0.00","2025-11-12","2025-12-12","3657.56","2194.54","0.00","0.00","0.00","1463.02","0.00","1","1","19","2","1-30","0.25","0",""
"INV-027949","C0054","Titan Manufacturing","OEM Manufacturer","Midwest","Hana Sato","Medium","510000.00","COL-01","Priya Natarajan","Strategic Accounts","NET60","60","0.00","2025-11-12","2026-01-11","8814.01","0.00","0.00","0.00","0.00","8814.01","0.00","1","0","-11","1","Current","0.00","0",""
"INV-027950","C0058","Lakeshore Builders","Contractor","Southwest","Kevin Ames","Low","55000.00","COL-03","Elena Ruiz","Commercial","NET60","60","0.00","2025-11-12","2026-01-11","5641.37","0.00","0.00","0.00","0.00","5641.37","0.00","1","0","-11","1","Current","0.00","0",""
"INV-027952","C0068","Harbor Industries","OEM Manufacturer","Southwest","Rosa Delgado","High","600000.00","COL-01","Priya Natarajan","Strategic Accounts","NET60","60","0.00","2025-11-12","2026-01-11","12681.03","0.00","0.00","0.00","0.00","12681.03","0.00","1","0","-11","1","Current","0.00","0",""
"INV-027954","C0074","Frontier Fabrication","OEM Manufacturer","Southeast","Dana Whitfield","Medium","600000.00","COL-01","Priya Natarajan","Strategic Accounts","NET45","45","0.00","2025-11-12","2025-12-27","14045.73","0.00","0.00","0.00","0.00","14045.73","0.00","1","1","4","2","1-30","0.25","0",""
"INV-027957","C0095","Stonegate Fabrication","OEM Manufacturer","West","Owen Price","Low","600000.00","COL-02","Marcus Bell","Strategic Accounts","NET60","60","0.00","2025-11-12","2026-01-11","2133.08","0.00","0.00","0.00","0.00","2133.08","0.00","1","0","-11","1","Current","0.00","0",""
"INV-027960","C0124","Riverbend MRO Services - West","MRO Reseller","West","Owen Price","High","110000.00","COL-05","Grace Lindqvist","Small Business","NET30","30","0.00","2025-11-12","2025-12-12","806.43","0.00","0.00","0.00","0.00","806.43","0.00","1","1","19","2","1-30","0.25","0",""
"INV-027966","C0166","Apex School District","Institutional","Midwest","Hana Sato","Low","220000.00","COL-02","Marcus Bell","Strategic Accounts","NET60","60","0.00","2025-11-12","2026-01-11","1986.26","0.00","0.00","0.00","0.00","1986.26","0.00","1","0","-11","1","Current","0.00","0",""
"INV-027967","C0169","Apex Components","OEM Manufacturer","Midwest","Ben Kowalczyk","Medium","290000.00","COL-02","Marcus Bell","Strategic Accounts","NET60","60","0.00","2025-11-12","2026-01-11","16679.63","0.00","0.00","0.00","0.00","16679.63","0.00","1","0","-11","1","Current","0.00","0",""
"INV-027969","C0195","Redline Manufacturing","OEM Manufacturer","Southwest","Kevin Ames","Medium","360000.00","COL-01","Priya Natarajan","Strategic Accounts","NET60","60","0.00","2025-11-12","2026-01-11","10274.32","0.00","0.00","0.00","0.00","10274.32","0.00","1","0","-11","1","Current","0.00","0",""
"INV-027970","C0197","Harbor Machine Works - Southwest 3","OEM Manufacturer","Southwest","Kevin Ames","Low","470000.00","COL-01","Priya Natarajan","Strategic Accounts","NET60","60","0.00","2025-11-12","2026-01-11","13673.59","0.00","0.00","0.00","0.00","13673.59","0.00","1","0","-11","1","Current","0.00","0",""
"INV-027971","C0200","Harbor Mechanical","Contractor","Southwest","Kevin Ames","High","90000.00","COL-04","Tomas Okafor","Commercial","NET60","60","0.00","2025-11-12","2026-01-11","4858.10","0.00","0.00","0.00","0.00","4858.10","0.00","1","0","-11","1","Current","0.00","0",""
"INV-027973","C0208","Keystone University Facilities","Institutional","Southwest","Rosa Delgado","Low","95000.00","COL-04","Tomas Okafor","Commercial","NET90","90","0.00","2025-11-12","2026-02-10","4576.86","0.00","0.00","0.00","0.00","4576.86","0.00","1","0","-41","1","Current","0.00","0",""
"INV-027974","C0220","Frontier Construction","Contractor","Southwest","Rosa Delgado","Low","60000.00","COL-04","Tomas Okafor","Commercial","NET60","60","0.00","2025-11-12","2026-01-11","2722.95","0.00","0.00","381.21","0.00","2341.74","0.00","1","0","-11","1","Current","0.00","0","Short Shipment"
"INV-027975","C0226","Lakeshore Industries","OEM Manufacturer","Midwest","Hana Sato","Medium","410000.00","COL-01","Priya Natarajan","Strategic Accounts","NET60","60","0.00","2025-11-12","2026-01-11","2307.02","0.00","0.00","0.00","0.00","2307.02","0.00","1","0","-11","1","Current","0.00","0",""
"INV-027976","C0229","Pioneer Medical Center","Institutional","Northeast","Nadia Farouk","Low","85000.00","COL-03","Elena Ruiz","Commercial","NET60","60","0.00","2025-11-12","2026-01-11","10211.78","0.00","0.00","0.00","0.00","10211.78","0.00","1","0","-11","1","Current","0.00","0",""
"INV-027979","C0267","Redline Manufacturing - Southwest","OEM Manufacturer","Southwest","Rosa Delgado","Low","420000.00","COL-02","Marcus Bell","Strategic Accounts","NET60","60","0.00","2025-11-12","2026-01-11","8105.42","0.00","0.00","0.00","0.00","8105.42","0.00","1","0","-11","1","Current","0.00","0",""
"INV-027980","C0286","Crestview County Facilities - Southeast","Institutional","Southeast","Luis Moreno","Low","70000.00","COL-03","Elena Ruiz","Commercial","NET90","90","0.00","2025-11-12","2026-02-10","2333.78","0.00","0.00","0.00","0.00","2333.78","0.00","1","0","-41","1","Current","0.00","0",""
"INV-027981","C0294","Titan Components","OEM Manufacturer","Northeast","Adrian Cole","Low","215000.00","COL-01","Priya Natarajan","Strategic Accounts","NET60","60","0.00","2025-11-12","2026-01-11","1922.91","0.00","0.00","0.00","0.00","1922.91","0.00","1","0","-11","1","Current","0.00","0",""
"INV-027982","C0299","Silverline Industries","OEM Manufacturer","Southwest","Rosa Delgado","Low","405000.00","COL-02","Marcus Bell","Strategic Accounts","NET60","60","0.00","2025-11-12","2026-01-11","9858.82","0.00","0.00","0.00","0.00","9858.82","0.00","1","0","-11","1","Current","0.00","0",""
"INV-027986","C0336","Summit Contracting - Southwest 3","Contractor","Southwest","Rosa Delgado","Low","95000.00","COL-03","Elena Ruiz","Commercial","NET60","60","0.00","2025-11-12","2026-01-11","3582.13","0.00","0.00","0.00","0.00","3582.13","0.00","1","0","-11","1","Current","0.00","0",""
"INV-027987","C0349","Granite Manufacturing","OEM Manufacturer","Northeast","Nadia Farouk","High","490000.00","COL-02","Marcus Bell","Strategic Accounts","NET60","60","0.00","2025-11-12","2026-01-11","5948.85","0.00","0.00","0.00","0.00","5948.85","0.00","1","0","-11","1","Current","0.00","0",""
"INV-027989","C0351","Ironbridge Components","OEM Manufacturer","Midwest","Hana Sato","High","450000.00","COL-01","Priya Natarajan","Strategic Accounts","NET45","45","0.00","2025-11-12","2025-12-27","16109.74","0.00","0.00","0.00","0.00","16109.74","0.00","1","1","4","2","1-30","0.25","0",""
"INV-027990","C0358","Ironbridge Builders - West","Contractor","West","Maya Brennan","Low","135000.00","COL-03","Elena Ruiz","Commercial","NET60","60","0.00","2025-11-12","2026-01-11","1762.99","0.00","0.00","0.00","0.00","1762.99","0.00","1","0","-11","1","Current","0.00","0",""
"INV-027991","C0360","Bluewater Medical Center - Northeast","Institutional","Northeast","Nadia Farouk","Medium","160000.00","COL-02","Marcus Bell","Strategic Accounts","NET90","90","0.00","2025-11-12","2026-02-10","9551.15","0.00","0.00","0.00","0.00","9551.15","0.00","1","0","-41","1","Current","0.00","0",""
"INV-027993","C0372","Cedar Ridge Mechanical - Southeast 3","Contractor","Southeast","Dana Whitfield","Low","70000.00","COL-04","Tomas Okafor","Commercial","NET30","30","0.00","2025-11-12","2025-12-12","4105.84","0.00","0.00","0.00","0.00","4105.84","0.00","1","1","19","2","1-30","0.25","1","Damaged Goods"
"INV-027994","C0384","Riverbend Industries - Southeast","OEM Manufacturer","Southeast","Luis Moreno","Low","370000.00","COL-01","Priya Natarajan","Strategic Accounts","NET60","60","0.00","2025-11-12","2026-01-11","4831.68","0.00","0.00","0.00","0.00","4831.68","0.00","1","0","-11","1","Current","0.00","0",""
"INV-027997","C0390","Titan Mechanical","Contractor","West","Owen Price","Low","135000.00","COL-03","Elena Ruiz","Commercial","NET60","60","0.00","2025-11-12","2026-01-11","7491.37","0.00","0.00","0.00","0.00","7491.37","0.00","1","0","-11","1","Current","0.00","0",""
"INV-027999","C0001","Silverline MRO Services","MRO Reseller","Northeast","Adrian Cole","Medium","120000.00","COL-05","Grace Lindqvist","Small Business","NET30","30","0.00","2025-11-13","2025-12-13","1009.17","0.00","0.00","0.00","0.00","1009.17","0.00","1","1","18","2","1-30","0.25","0",""
"INV-028000","C0013","Riverbend Contracting","Contractor","Southwest","Kevin Ames","Medium","75000.00","COL-04","Tomas Okafor","Commercial","NET60","60","0.00","2025-11-13","2026-01-12","7592.35","0.00","0.00","0.00","0.00","7592.35","0.00","1","0","-12","1","Current","0.00","0",""
"INV-028001","C0014","Riverbend MRO Services","MRO Reseller","Southwest","Rosa Delgado","Medium","105000.00","COL-06","Sam Horowitz","Small Business","NET30","30","0.00","2025-11-13","2025-12-13","454.66","0.00","0.00","0.00","0.00","454.66","0.00","1","1","18","2","1-30","0.25","0",""
"INV-028004","C0026","Northfield Components","OEM Manufacturer","Northeast","Nadia Farouk","Low","550000.00","COL-01","Priya Natarajan","Strategic Accounts","NET45","45","0.00","2025-11-13","2025-12-28","2897.97","0.00","0.00","0.00","0.00","2897.97","0.00","1","1","3","2","1-30","0.25","0",""
"INV-028005","C0038","Summit Fabrication","OEM Manufacturer","Northeast","Adrian Cole","High","430000.00","COL-01","Priya Natarajan","Strategic Accounts","NET45","45","0.00","2025-11-13","2025-12-28","12458.35","0.00","0.00","0.00","0.00","12458.35","0.00","1","1","3","2","1-30","0.25","0",""
"INV-028006","C0041","Oakmont Builders","Contractor","Southwest","Kevin Ames","Low","35000.00","COL-04","Tomas Okafor","Commercial","NET60","60","0.00","2025-11-13","2026-01-12","1132.27","0.00","0.00","113.23","0.00","1019.04","0.00","1","0","-12","1","Current","0.00","0","Short Shipment"
"INV-028011","C0074","Frontier Fabrication","OEM Manufacturer","Southeast","Dana Whitfield","Medium","600000.00","COL-01","Priya Natarajan","Strategic Accounts","NET45","45","0.00","2025-11-13","2025-12-28","13610.11","0.00","0.00","0.00","0.00","13610.11","0.00","1","1","3","2","1-30","0.25","0",""
"INV-028012","C0075","Ironbridge Mechanical - Southeast 3","Contractor","Southeast","Luis Moreno","Medium","85000.00","COL-03","Elena Ruiz","Commercial","NET30","30","0.00","2025-11-13","2025-12-13","3791.71","0.00","0.00","0.00","0.00","3791.71","0.00","1","1","18","2","1-30","0.25","0",""
"INV-028013","C0076","Cedar Ridge Construction","Contractor","West","Maya Brennan","Low","110000.00","COL-04","Tomas Okafor","Commercial","NET60","60","0.00","2025-11-13","2026-01-12","1492.17","0.00","0.00","0.00","0.00","1492.17","0.00","1","0","-12","1","Current","0.00","0",""
"INV-028015","C0091","Redline School District","Institutional","Northeast","Adrian Cole","Low","95000.00","COL-03","Elena Ruiz","Commercial","NET60","60","0.00","2025-11-13","2026-01-12","1462.89","0.00","0.00","0.00","0.00","1462.89","0.00","1","0","-12","1","Current","0.00","0",""
"INV-028016","C0095","Stonegate Fabrication","OEM Manufacturer","West","Owen Price","Low","600000.00","COL-02","Marcus Bell","Strategic Accounts","NET60","60","0.00","2025-11-13","2026-01-12","3899.52","0.00","0.00","0.00","0.00","3899.52","0.00","1","0","-12","1","Current","0.00","0",""
"INV-028019","C0110","Riverbend Maintenance Supply - Northeast","MRO Reseller","Northeast","Adrian Cole","Low","105000.00","COL-05","Grace Lindqvist","Small Business","2/10NET30","30","2.00","2025-11-13","2025-12-13","1594.11","956.47","0.00","0.00","0.00","637.64","0.00","1","1","18","2","1-30","0.25","0",""
"INV-028021","C0146","Harbor Components","OEM Manufacturer","West","Owen Price","Low","165000.00","COL-02","Marcus Bell","Strategic Accounts","NET45","45","0.00","2025-11-13","2025-12-28","10508.22","0.00","0.00","0.00","0.00","10508.22","0.00","1","1","3","2","1-30","0.25","0",""
"INV-028022","C0156","Frontier County Facilities","Institutional","West","Owen Price","Low","135000.00","COL-03","Elena Ruiz","Commercial","NET90","90","0.00","2025-11-13","2026-02-11","10780.90","0.00","0.00","0.00","0.00","10780.90","0.00","1","0","-42","1","Current","0.00","0",""
"INV-028023","C0158","Frontier Mechanical","Contractor","Southeast","Dana Whitfield","High","100000.00","COL-03","Elena Ruiz","Commercial","NET30","30","0.00","2025-11-13","2025-12-13","2221.88","0.00","0.00","0.00","0.00","2221.88","0.00","1","1","18","2","1-30","0.25","0",""
"INV-028024","C0162","Stonegate Builders","Contractor","Southwest","Kevin Ames","Medium","55000.00","COL-03","Elena Ruiz","Commercial","NET60","60","0.00","2025-11-13","2026-01-12","2401.54","0.00","0.00","0.00","0.00","2401.54","0.00","1","0","-12","1","Current","0.00","0",""
"INV-028028","C0183","Oakmont Maintenance Supply","MRO Reseller","West","Maya Brennan","High","100000.00","COL-05","Grace Lindqvist","Small Business","NET30","30","0.00","2025-11-13","2025-12-13","515.36","0.00","0.00","0.00","0.00","515.36","0.00","1","1","18","2","1-30","0.25","1","Damaged Goods"
"INV-028029","C0190","Harbor Fabrication","OEM Manufacturer","West","Owen Price","Medium","580000.00","COL-01","Priya Natarajan","Strategic Accounts","NET45","45","0.00","2025-11-13","2025-12-28","13786.00","0.00","0.00","0.00","0.00","13786.00","0.00","1","1","3","2","1-30","0.25","0",""
"INV-028033","C0214","Bluewater Industries - Midwest 3","OEM Manufacturer","Midwest","Hana Sato","Low","275000.00","COL-02","Marcus Bell","Strategic Accounts","NET60","60","0.00","2025-11-13","2026-01-12","4458.21","0.00","0.00","0.00","0.00","4458.21","0.00","1","0","-12","1","Current","0.00","0",""
"INV-028035","C0219","Titan Construction - Southwest 3","Contractor","Southwest","Rosa Delgado","Low","115000.00","COL-03","Elena Ruiz","Commercial","NET60","60","0.00","2025-11-13","2026-01-12","6515.86","0.00","0.00","0.00","0.00","6515.86","0.00","1","0","-12","1","Current","0.00","0",""
"INV-028037","C0253","Summit Industrial Supply","MRO Reseller","Southwest","Kevin Ames","High","55000.00","COL-06","Sam Horowitz","Small Business","NET30","30","0.00","2025-11-13","2025-12-13","4429.94","2259.27","0.00","664.49","0.00","1506.18","0.00","1","1","18","2","1-30","0.25","0","Pricing"
"INV-028041","C0275","Cedar Ridge Machine Works - Southwest","OEM Manufacturer","Southwest","Rosa Delgado","High","535000.00","COL-01","Priya Natarajan","Strategic Accounts","NET60","60","0.00","2025-11-13","2026-01-12","3727.72","0.00","0.00","0.00","0.00","3727.72","0.00","1","0","-12","1","Current","0.00","0",""
"INV-028042","C0281","Westbrook Fabrication","OEM Manufacturer","Midwest","Hana Sato","Low","510000.00","COL-02","Marcus Bell","Strategic Accounts","NET60","60","0.00","2025-11-13","2026-01-12","5978.42","0.00","0.00","0.00","0.00","5978.42","0.00","1","0","-12","1","Current","0.00","0",""
"INV-028043","C0284","Apex Manufacturing - Southwest 3","OEM Manufacturer","Southwest","Rosa Delgado","Low","275000.00","COL-02","Marcus Bell","Strategic Accounts","NET60","60","0.00","2025-11-13","2026-01-12","11035.11","0.00","0.00","0.00","0.00","11035.11","0.00","1","0","-12","1","Current","0.00","0",""
"INV-028046","C0299","Silverline Industries","OEM Manufacturer","Southwest","Rosa Delgado","Low","405000.00","COL-02","Marcus Bell","Strategic Accounts","NET60","60","0.00","2025-11-13","2026-01-12","6690.83","0.00","0.00","0.00","0.00","6690.83","0.00","1","0","-12","1","Current","0.00","0",""
"INV-028048","C0306","Apex Builders - Southwest 3","Contractor","Southwest","Rosa Delgado","Low","90000.00","COL-04","Tomas Okafor","Commercial","NET60","60","0.00","2025-11-13","2026-01-12","800.58","0.00","0.00","0.00","0.00","800.58","0.00","1","0","-12","1","Current","0.00","0",""
"INV-028050","C0323","Titan Parts & Service - Southwest 3","MRO Reseller","Southwest","Kevin Ames","Low","30000.00","COL-05","Grace Lindqvist","Small Business","NET30","30","0.00","2025-11-13","2025-12-13","2906.45","0.00","0.00","0.00","0.00","2906.45","0.00","1","1","18","2","1-30","0.25","1","PO Mismatch"
"INV-028051","C0328","Westbrook Industries","OEM Manufacturer","Midwest","Ben Kowalczyk","Low","590000.00","COL-01","Priya Natarajan","Strategic Accounts","NET45","45","0.00","2025-11-13","2025-12-28","6785.64","4071.38","0.00","0.00","0.00","2714.26","0.00","1","1","3","2","1-30","0.25","0",""
"INV-028053","C0340","Bluewater Contracting","Contractor","West","Owen Price","Low","125000.00","COL-04","Tomas Okafor","Commercial","NET60","60","0.00","2025-11-13","2026-01-12","3323.28","0.00","0.00","0.00","0.00","3323.28","0.00","1","0","-12","1","Current","0.00","0",""
"INV-028055","C0349","Granite Manufacturing","OEM Manufacturer","Northeast","Nadia Farouk","High","490000.00","COL-02","Marcus Bell","Strategic Accounts","NET60","60","0.00","2025-11-13","2026-01-12","6904.44","0.00","0.00","0.00","0.00","6904.44","0.00","1","0","-12","1","Current","0.00","0",""
"INV-028056","C0351","Ironbridge Components","OEM Manufacturer","Midwest","Hana Sato","High","450000.00","COL-01","Priya Natarajan","Strategic Accounts","NET45","45","0.00","2025-11-13","2025-12-28","2533.11","0.00","0.00","0.00","0.00","2533.11","0.00","1","1","3","2","1-30","0.25","0",""
"INV-028059","C0369","Lakeshore Components","OEM Manufacturer","Midwest","Hana Sato","High","545000.00","COL-02","Marcus Bell","Strategic Accounts","NET60","60","0.00","2025-11-13","2026-01-12","8088.71","0.00","0.00","0.00","0.00","8088.71","0.00","1","0","-12","1","Current","0.00","0",""
"INV-028061","C0376","Summit Components - Midwest","OEM Manufacturer","Midwest","Hana Sato","High","565000.00","COL-01","Priya Natarajan","Strategic Accounts","NET45","45","0.00","2025-11-13","2025-12-28","7842.49","0.00","0.00","0.00","0.00","7842.49","0.00","1","1","3","2","1-30","0.25","0",""
"INV-028064","C0389","Ironbridge Components - Southeast","OEM Manufacturer","Southeast","Dana Whitfield","Medium","590000.00","COL-02","Marcus Bell","Strategic Accounts","NET60","60","0.00","2025-11-13","2026-01-12","1627.51","0.00","0.00","0.00","0.00","1627.51","0.00","1","0","-12","1","Current","0.00","0",""
"INV-028066","C0392","Apex Industrial Supply - Southwest 3","MRO Reseller","Southwest","Rosa Delgado","High","95000.00","COL-05","Grace Lindqvist","Small Business","NET30","30","0.00","2025-11-13","2025-12-13","568.34","0.00","0.00","0.00","0.00","568.34","0.00","1","1","18","2","1-30","0.25","0",""
"INV-028068","C0399","Riverbend Electric - West 5","Contractor","West","Maya Brennan","Medium","110000.00","COL-03","Elena Ruiz","Commercial","NET60","60","0.00","2025-11-13","2026-01-12","6228.48","0.00","0.00","0.00","0.00","6228.48","0.00","1","0","-12","1","Current","0.00","0",""
"INV-028071","C0054","Titan Manufacturing","OEM Manufacturer","Midwest","Hana Sato","Medium","510000.00","COL-01","Priya Natarajan","Strategic Accounts","NET60","60","0.00","2025-11-14","2026-01-13","5916.47","0.00","0.00","0.00","0.00","5916.47","0.00","1","0","-13","1","Current","0.00","0",""
"INV-028073","C0068","Harbor Industries","OEM Manufacturer","Southwest","Rosa Delgado","High","600000.00","COL-01","Priya Natarajan","Strategic Accounts","NET60","60","0.00","2025-11-14","2026-01-13","2885.81","0.00","0.00","0.00","0.00","2885.81","0.00","1","0","-13","1","Current","0.00","0",""
"INV-028074","C0074","Frontier Fabrication","OEM Manufacturer","Southeast","Dana Whitfield","Medium","600000.00","COL-01","Priya Natarajan","Strategic Accounts","NET45","45","0.00","2025-11-14","2025-12-29","16367.56","0.00","0.00","0.00","0.00","16367.56","0.00","1","1","2","2","1-30","0.25","0",""
"INV-028075","C0089","Ironbridge Industrial Supply","MRO Reseller","Southeast","Luis Moreno","Medium","70000.00","COL-05","Grace Lindqvist","Small Business","2/10NET30","30","2.00","2025-11-14","2025-12-14","2526.92","0.00","0.00","0.00","0.00","2526.92","0.00","1","1","17","2","1-30","0.25","1","Short Shipment"
"INV-028081","C0163","Keystone Fabrication","OEM Manufacturer","Midwest","Ben Kowalczyk","Medium","600000.00","COL-01","Priya Natarajan","Strategic Accounts","NET60","60","0.00","2025-11-14","2026-01-13","1648.41","0.00","0.00","0.00","0.00","1648.41","0.00","1","0","-13","1","Current","0.00","0",""
"INV-028084","C0197","Harbor Machine Works - Southwest 3","OEM Manufacturer","Southwest","Kevin Ames","Low","470000.00","COL-01","Priya Natarajan","Strategic Accounts","NET60","60","0.00","2025-11-14","2026-01-13","14135.31","0.00","0.00","0.00","0.00","14135.31","0.00","1","0","-13","1","Current","0.00","0",""
"INV-028085","C0206","Oakmont Manufacturing","OEM Manufacturer","Southeast","Dana Whitfield","Medium","590000.00","COL-01","Priya Natarajan","Strategic Accounts","NET60","60","0.00","2025-11-14","2026-01-13","5568.33","0.00","0.00","0.00","0.00","5568.33","0.00","1","0","-13","1","Current","0.00","0",""
"INV-028087","C0216","Bluewater Construction - West","Contractor","West","Maya Brennan","Medium","40000.00","COL-04","Tomas Okafor","Commercial","NET60","60","0.00","2025-11-14","2026-01-13","1055.11","0.00","0.00","0.00","0.00","1055.11","0.00","1","0","-13","1","Current","0.00","0",""
"INV-028092","C0265","Westbrook Mechanical - Southwest 3","Contractor","Southwest","Kevin Ames","Medium","85000.00","COL-04","Tomas Okafor","Commercial","NET60","60","0.00","2025-11-14","2026-01-13","1700.11","0.00","0.00","0.00","0.00","1700.11","0.00","1","0","-13","1","Current","0.00","0",""
"INV-028094","C0273","Oakmont Fabrication","OEM Manufacturer","Southeast","Dana Whitfield","Medium","395000.00","COL-01","Priya Natarajan","Strategic Accounts","NET45","45","0.00","2025-11-14","2025-12-29","5899.25","0.00","0.00","0.00","0.00","5899.25","0.00","1","1","2","2","1-30","0.25","1","Pricing"
"INV-028095","C0280","Apex Mechanical - West","Contractor","West","Maya Brennan","Medium","120000.00","COL-03","Elena Ruiz","Commercial","NET60","60","0.00","2025-11-14","2026-01-13","5077.17","0.00","0.00","0.00","0.00","5077.17","0.00","1","0","-13","1","Current","0.00","0",""
"INV-028096","C0281","Westbrook Fabrication","OEM Manufacturer","Midwest","Hana Sato","Low","510000.00","COL-02","Marcus Bell","Strategic Accounts","NET60","60","0.00","2025-11-14","2026-01-13","2252.34","0.00","0.00","0.00","0.00","2252.34","0.00","1","0","-13","1","Current","0.00","0",""
"INV-028097","C0283","Apex Industries","OEM Manufacturer","Midwest","Hana Sato","Low","390000.00","COL-01","Priya Natarajan","Strategic Accounts","NET60","60","0.00","2025-11-14","2026-01-13","7150.98","0.00","0.00","0.00","0.00","7150.98","0.00","1","0","-13","1","Current","0.00","0",""
"INV-028098","C0294","Titan Components","OEM Manufacturer","Northeast","Adrian Cole","Low","215000.00","COL-01","Priya Natarajan","Strategic Accounts","NET60","60","0.00","2025-11-14","2026-01-13","12991.78","0.00","0.00","0.00","0.00","12991.78","0.00","1","0","-13","1","Current","0.00","0",""
"INV-028100","C0301","Titan Builders - Midwest 4","Contractor","Midwest","Ben Kowalczyk","Medium","105000.00","COL-03","Elena Ruiz","Commercial","NET30","30","0.00","2025-11-14","2025-12-14","4574.87","0.00","0.00","0.00","0.00","4574.87","0.00","1","1","17","2","1-30","0.25","0",""
"INV-028101","C0314","Cedar Ridge Fabrication","OEM Manufacturer","Southeast","Dana Whitfield","Low","275000.00","COL-02","Marcus Bell","Strategic Accounts","NET60","60","0.00","2025-11-14","2026-01-13","2033.82","0.00","0.00","0.00","0.00","2033.82","0.00","1","0","-13","1","Current","0.00","1","Pricing"
"INV-028103","C0334","Titan Fabrication - Southeast","OEM Manufacturer","Southeast","Dana Whitfield","Low","330000.00","COL-01","Priya Natarajan","Strategic Accounts","NET60","60","0.00","2025-11-14","2026-01-13","4537.11","0.00","0.00","0.00","0.00","4537.11","0.00","1","0","-13","1","Current","0.00","0",""
"INV-028104","C0340","Bluewater Contracting","Contractor","West","Owen Price","Low","125000.00","COL-04","Tomas Okafor","Commercial","NET60","60","0.00","2025-11-14","2026-01-13","2756.05","0.00","0.00","0.00","0.00","2756.05","0.00","1","0","-13","1","Current","0.00","0",""
"INV-028107","C0348","Bluewater Manufacturing","OEM Manufacturer","Midwest","Ben Kowalczyk","Low","225000.00","COL-02","Marcus Bell","Strategic Accounts","NET60","60","0.00","2025-11-14","2026-01-13","7946.71","0.00","0.00","0.00","0.00","7946.71","0.00","1","0","-13","1","Current","0.00","0",""
"INV-028108","C0351","Ironbridge Components","OEM Manufacturer","Midwest","Hana Sato","High","450000.00","COL-01","Priya Natarajan","Strategic Accounts","NET45","45","0.00","2025-11-14","2025-12-29","2424.16","0.00","0.00","0.00","0.00","2424.16","0.00","1","1","2","2","1-30","0.25","1","Pricing"
"INV-028110","C0385","Cedar Ridge Maintenance Supply - Southeast","MRO Reseller","Southeast","Luis Moreno","Medium","25000.00","COL-05","Grace Lindqvist","Small Business","NET30","30","0.00","2025-11-14","2025-12-14","2310.00","0.00","0.00","0.00","0.00","2310.00","0.00","1","1","17","2","1-30","0.25","0","PO Mismatch"
"INV-028111","C0389","Ironbridge Components - Southeast","OEM Manufacturer","Southeast","Dana Whitfield","Medium","590000.00","COL-02","Marcus Bell","Strategic Accounts","NET60","60","0.00","2025-11-14","2026-01-13","8523.67","0.00","0.00","1449.02","0.00","7074.65","0.00","1","0","-13","1","Current","0.00","0","Pricing"
"INV-028113","C0005","Lakeshore Medical Center","Institutional","West","Owen Price","Low","195000.00","COL-01","Priya Natarajan","Strategic Accounts","NET90","90","0.00","2025-11-17","2026-02-15","1207.75","0.00","0.00","0.00","0.00","1207.75","0.00","1","0","-46","1","Current","0.00","0",""
"INV-028115","C0007","Cedar Ridge Industrial Supply","MRO Reseller","West","Owen Price","High","105000.00","COL-06","Sam Horowitz","Small Business","NET30","30","0.00","2025-11-17","2025-12-17","1015.73","0.00","0.00","0.00","0.00","1015.73","0.00","1","1","14","2","1-30","0.25","0",""
"INV-028116","C0009","Ironbridge Fabrication","OEM Manufacturer","Northeast","Nadia Farouk","Medium","590000.00","COL-02","Marcus Bell","Strategic Accounts","NET45","45","0.00","2025-11-17","2026-01-01","5282.17","0.00","0.00","0.00","0.00","5282.17","0.00","1","0","-1","1","Current","0.00","0",""
"INV-028118","C0012","Lakeshore Mechanical","Contractor","Southeast","Luis Moreno","Low","125000.00","COL-03","Elena Ruiz","Commercial","NET30","30","0.00","2025-11-17","2025-12-17","1573.63","944.18","0.00","0.00","0.00","629.45","0.00","1","1","14","2","1-30","0.25","0",""
"INV-028119","C0013","Riverbend Contracting","Contractor","Southwest","Kevin Ames","Medium","75000.00","COL-04","Tomas Okafor","Commercial","NET60","60","0.00","2025-11-17","2026-01-16","971.46","0.00","0.00","0.00","0.00","971.46","0.00","1","0","-16","1","Current","0.00","0",""
"INV-028120","C0036","Harbor Builders - West","Contractor","West","Owen Price","Low","145000.00","COL-03","Elena Ruiz","Commercial","NET60","60","0.00","2025-11-17","2026-01-16","1618.00","0.00","0.00","0.00","0.00","1618.00","0.00","1","0","-16","1","Current","0.00","0",""
"INV-028121","C0045","Lakeshore Machine Works","OEM Manufacturer","Southeast","Dana Whitfield","Low","265000.00","COL-02","Marcus Bell","Strategic Accounts","NET45","45","0.00","2025-11-17","2026-01-01","2982.57","0.00","0.00","0.00","0.00","2982.57","0.00","1","0","-1","1","Current","0.00","0",""
"INV-028122","C0057","Frontier School District","Institutional","Northeast","Nadia Farouk","Low","205000.00","COL-01","Priya Natarajan","Strategic Accounts","NET60","60","0.00","2025-11-17","2025-11-27","2570.62","0.00","0.00","0.00","0.00","2570.62","0.00","1","1","34","3","31-60","0.50","0",""
"INV-028123","C0061","Riverbend Industries","OEM Manufacturer","West","Maya Brennan","Low","275000.00","COL-02","Marcus Bell","Strategic Accounts","NET60","60","0.00","2025-11-17","2026-01-16","13802.65","0.00","0.00","0.00","0.00","13802.65","0.00","1","0","-16","1","Current","0.00","0",""
"INV-028124","C0068","Harbor Industries","OEM Manufacturer","Southwest","Rosa Delgado","High","600000.00","COL-01","Priya Natarajan","Strategic Accounts","NET60","60","0.00","2025-11-17","2026-01-16","6072.76","0.00","0.00","0.00","0.00","6072.76","0.00","1","0","-16","1","Current","0.00","1","Damaged Goods"
"INV-028125","C0087","Riverbend Maintenance Supply","MRO Reseller","Southeast","Dana Whitfield","Medium","95000.00","COL-05","Grace Lindqvist","Small Business","NET30","30","0.00","2025-11-17","2025-12-17","2688.42","0.00","0.00","0.00","0.00","2688.42","0.00","1","1","14","2","1-30","0.25","0",""
"INV-028126","C0088","Westbrook Builders - West","Contractor","West","Maya Brennan","High","145000.00","COL-03","Elena Ruiz","Commercial","NET60","60","0.00","2025-11-17","2026-01-16","1649.03","0.00","0.00","0.00","0.00","1649.03","0.00","1","0","-16","1","Current","0.00","0",""
"INV-028127","C0095","Stonegate Fabrication","OEM Manufacturer","West","Owen Price","Low","600000.00","COL-02","Marcus Bell","Strategic Accounts","NET60","60","0.00","2025-11-17","2026-01-16","1645.85","0.00","0.00","0.00","0.00","1645.85","0.00","1","0","-16","1","Current","0.00","0","PO Mismatch"
"INV-028129","C0106","Cedar Ridge Industrial Supply - Midwest","MRO Reseller","Midwest","Ben Kowalczyk","Low","35000.00","COL-05","Grace Lindqvist","Small Business","NET30","30","0.00","2025-11-17","2025-12-17","3602.50","0.00","0.00","0.00","0.00","3602.50","0.00","1","1","14","2","1-30","0.25","1","Pricing"
"INV-028132","C0121","Apex Manufacturing","OEM Manufacturer","Midwest","Hana Sato","Low","385000.00","COL-02","Marcus Bell","Strategic Accounts","NET60","60","0.00","2025-11-17","2026-01-16","2849.91","0.00","0.00","0.00","0.00","2849.91","0.00","1","0","-16","1","Current","0.00","0",""
"INV-028133","C0131","Bluewater Mechanical","Contractor","Northeast","Adrian Cole","High","45000.00","COL-04","Tomas Okafor","Commercial","2/10NET30","30","2.00","2025-11-17","2025-12-17","810.26","0.00","0.00","0.00","0.00","810.26","0.00","1","1","14","2","1-30","0.25","0",""
"INV-028134","C0164","Lakeshore Fabrication","OEM Manufacturer","Southwest","Rosa Delgado","Medium","240000.00","COL-01","Priya Natarajan","Strategic Accounts","NET45","45","0.00","2025-11-17","2026-01-01","13148.90","0.00","0.00","0.00","0.00","13148.90","0.00","1","0","-1","1","Current","0.00","0",""
"INV-028135","C0170","Titan Industries","OEM Manufacturer","Northeast","Adrian Cole","Low","580000.00","COL-01","Priya Natarajan","Strategic Accounts","NET45","45","0.00","2025-11-17","2026-01-01","11157.59","0.00","0.00","0.00","0.00","11157.59","0.00","1","0","-1","1","Current","0.00","1","Damaged Goods"
"INV-028137","C0190","Harbor Fabrication","OEM Manufacturer","West","Owen Price","Medium","580000.00","COL-01","Priya Natarajan","Strategic Accounts","NET45","45","0.00","2025-11-17","2026-01-01","7712.60","0.00","0.00","0.00","0.00","7712.60","0.00","1","0","-1","1","Current","0.00","0",""
"INV-028138","C0191","Bluewater Builders - Midwest","Contractor","Midwest","Hana Sato","High","45000.00","COL-04","Tomas Okafor","Commercial","NET30","30","0.00","2025-11-17","2025-12-17","6003.77","0.00","0.00","0.00","0.00","6003.77","0.00","1","1","14","2","1-30","0.25","0",""
"INV-028139","C0201","Titan Machine Works","OEM Manufacturer","Southwest","Kevin Ames","Low","525000.00","COL-02","Marcus Bell","Strategic Accounts","NET45","45","0.00","2025-11-17","2026-01-01","17379.53","0.00","0.00","0.00","0.00","17379.53","0.00","1","0","-1","1","Current","0.00","0",""
"INV-028141","C0206","Oakmont Manufacturing","OEM Manufacturer","Southeast","Dana Whitfield","Medium","590000.00","COL-01","Priya Natarajan","Strategic Accounts","NET60","60","0.00","2025-11-17","2026-01-16","2945.97","0.00","0.00","0.00","0.00","2945.97","0.00","1","0","-16","1","Current","0.00","1","Pricing"
"INV-028142","C0216","Bluewater Construction - West","Contractor","West","Maya Brennan","Medium","40000.00","COL-04","Tomas Okafor","Commercial","NET60","60","0.00","2025-11-17","2026-01-16","7700.80","0.00","0.00","0.00","0.00","7700.80","0.00","1","0","-16","1","Current","0.00","0",""
"INV-028144","C0219","Titan Construction - Southwest 3","Contractor","Southwest","Rosa Delgado","Low","115000.00","COL-03","Elena Ruiz","Commercial","NET60","60","0.00","2025-11-17","2026-01-16","3810.36","0.00","0.00","0.00","0.00","3810.36","0.00","1","0","-16","1","Current","0.00","0",""
"INV-028146","C0229","Pioneer Medical Center","Institutional","Northeast","Nadia Farouk","Low","85000.00","COL-03","Elena Ruiz","Commercial","NET60","60","0.00","2025-11-17","2026-01-16","2337.00","0.00","0.00","0.00","0.00","2337.00","0.00","1","0","-16","1","Current","0.00","0",""
"INV-028147","C0235","Riverbend Electric - Southeast","Contractor","Southeast","Luis Moreno","Medium","145000.00","COL-04","Tomas Okafor","Commercial","NET30","30","0.00","2025-11-17","2025-12-17","834.06","0.00","0.00","0.00","0.00","834.06","0.00","1","1","14","2","1-30","0.25","0",""
"INV-028149","C0255","Riverbend Fabrication","OEM Manufacturer","Southwest","Rosa Delgado","Low","245000.00","COL-02","Marcus Bell","Strategic Accounts","NET60","60","0.00","2025-11-17","2026-01-16","5227.21","0.00","0.00","0.00","0.00","5227.21","0.00","1","0","-16","1","Current","0.00","0",""
"INV-028152","C0267","Redline Manufacturing - Southwest","OEM Manufacturer","Southwest","Rosa Delgado","Low","420000.00","COL-02","Marcus Bell","Strategic Accounts","NET60","60","0.00","2025-11-17","2026-01-16","5021.04","0.00","0.00","0.00","0.00","5021.04","0.00","1","0","-16","1","Current","0.00","0",""
"INV-028153","C0281","Westbrook Fabrication","OEM Manufacturer","Midwest","Hana Sato","Low","510000.00","COL-02","Marcus Bell","Strategic Accounts","NET60","60","0.00","2025-11-17","2026-01-16","9395.31","0.00","0.00","0.00","0.00","9395.31","0.00","1","0","-16","1","Current","0.00","0",""
"INV-028154","C0284","Apex Manufacturing - Southwest 3","OEM Manufacturer","Southwest","Rosa Delgado","Low","275000.00","COL-02","Marcus Bell","Strategic Accounts","NET60","60","0.00","2025-11-17","2026-01-16","7015.28","0.00","0.00","0.00","0.00","7015.28","0.00","1","0","-16","1","Current","0.00","0",""
"INV-028155","C0296","Crestview Manufacturing","OEM Manufacturer","Midwest","Ben Kowalczyk","Medium","590000.00","COL-01","Priya Natarajan","Strategic Accounts","NET45","45","0.00","2025-11-17","2026-01-01","13674.87","0.00","0.00","0.00","0.00","13674.87","0.00","1","0","-1","1","Current","0.00","0",""
"INV-028157","C0299","Silverline Industries","OEM Manufacturer","Southwest","Rosa Delgado","Low","405000.00","COL-02","Marcus Bell","Strategic Accounts","NET60","60","0.00","2025-11-17","2026-01-16","2930.32","0.00","0.00","0.00","0.00","2930.32","0.00","1","0","-16","1","Current","0.00","0",""
"INV-028159","C0316","Bluewater Parts & Service - Midwest 3","MRO Reseller","Midwest","Hana Sato","Medium","75000.00","COL-06","Sam Horowitz","Small Business","NET30","30","0.00","2025-11-17","2025-12-17","4596.99","0.00","0.00","0.00","0.00","4596.99","0.00","1","1","14","2","1-30","0.25","0",""
"INV-028160","C0326","Pioneer Manufacturing","OEM Manufacturer","Northeast","Adrian Cole","Low","315000.00","COL-01","Priya Natarajan","Strategic Accounts","NET45","45","0.00","2025-11-17","2026-01-01","7363.33","0.00","0.00","0.00","0.00","7363.33","0.00","1","0","-1","1","Current","0.00","1","Pricing"
"INV-028161","C0327","Ironbridge Water Authority","Institutional","Midwest","Ben Kowalczyk","Low","195000.00","COL-01","Priya Natarajan","Strategic Accounts","NET90","90","0.00","2025-11-17","2026-02-15","6007.67","0.00","0.00","0.00","0.00","6007.67","0.00","1","0","-46","1","Current","0.00","0",""
"INV-028162","C0328","Westbrook Industries","OEM Manufacturer","Midwest","Ben Kowalczyk","Low","590000.00","COL-01","Priya Natarajan","Strategic Accounts","NET45","45","0.00","2025-11-17","2026-01-01","16571.67","0.00","0.00","0.00","0.00","16571.67","0.00","1","0","-1","1","Current","0.00","0",""
"INV-028163","C0329","Northfield School District - Midwest","Institutional","Midwest","Hana Sato","Low","230000.00","COL-01","Priya Natarajan","Strategic Accounts","NET90","90","0.00","2025-11-17","2026-02-15","7143.36","0.00","0.00","0.00","0.00","7143.36","0.00","1","0","-46","1","Current","0.00","0",""
"INV-028164","C0337","Keystone Manufacturing","OEM Manufacturer","Northeast","Nadia Farouk","Low","540000.00","COL-01","Priya Natarajan","Strategic Accounts","NET45","45","0.00","2025-11-17","2026-01-01","6389.71","0.00","0.00","0.00","0.00","6389.71","0.00","1","0","-1","1","Current","0.00","0",""
"INV-028165","C0339","Summit Components","OEM Manufacturer","Southwest","Rosa Delgado","Low","445000.00","COL-02","Marcus Bell","Strategic Accounts","NET45","45","0.00","2025-11-17","2026-01-01","3525.75","2115.45","0.00","0.00","0.00","1410.30","0.00","1","0","-1","1","Current","0.00","0",""
"INV-028168","C0367","Bluewater Parts & Service - Southeast 5","MRO Reseller","Southeast","Dana Whitfield","Medium","105000.00","COL-06","Sam Horowitz","Small Business","2/10NET30","30","2.00","2025-11-17","2025-12-17","4007.40","0.00","0.00","0.00","0.00","4007.40","0.00","1","1","14","2","1-30","0.25","0",""
"INV-028169","C0368","Stonegate Machine Works - West","OEM Manufacturer","West","Owen Price","Low","205000.00","COL-01","Priya Natarajan","Strategic Accounts","NET60","60","0.00","2025-11-17","2026-01-16","11897.58","0.00","0.00","0.00","0.00","11897.58","0.00","1","0","-16","1","Current","0.00","0",""
"INV-028170","C0378","Silverline Fabrication - Southwest","OEM Manufacturer","Southwest","Rosa Delgado","Medium","585000.00","COL-01","Priya Natarajan","Strategic Accounts","NET45","45","0.00","2025-11-17","2026-01-01","1964.39","0.00","0.00","0.00","0.00","1964.39","0.00","1","0","-1","1","Current","0.00","0",""
"INV-028171","C0379","Ironbridge Electric - Midwest 3","Contractor","Midwest","Hana Sato","Medium","110000.00","COL-03","Elena Ruiz","Commercial","NET30","30","0.00","2025-11-17","2025-12-17","1368.42","0.00","0.00","0.00","0.00","1368.42","0.00","1","1","14","2","1-30","0.25","0",""
"INV-028172","C0381","Redline Electric","Contractor","Northeast","Adrian Cole","Medium","60000.00","COL-03","Elena Ruiz","Commercial","NET30","30","0.00","2025-11-17","2025-12-17","940.97","564.58","0.00","0.00","0.00","376.39","0.00","1","1","14","2","1-30","0.25","0",""
"INV-028174","C0389","Ironbridge Components - Southeast","OEM Manufacturer","Southeast","Dana Whitfield","Medium","590000.00","COL-02","Marcus Bell","Strategic Accounts","NET60","60","0.00","2025-11-17","2026-01-16","6756.48","0.00","0.00","0.00","0.00","6756.48","0.00","1","0","-16","1","Current","0.00","0",""
"INV-028176","C0396","Ironbridge Manufacturing","OEM Manufacturer","Southeast","Dana Whitfield","Medium","270000.00","COL-01","Priya Natarajan","Strategic Accounts","NET45","45","0.00","2025-11-17","2026-01-01","12180.52","0.00","0.00","0.00","0.00","12180.52","0.00","1","0","-1","1","Current","0.00","0",""
"INV-028177","C0001","Silverline MRO Services","MRO Reseller","Northeast","Adrian Cole","Medium","120000.00","COL-05","Grace Lindqvist","Small Business","NET30","30","0.00","2025-11-18","2025-12-18","1133.07","0.00","0.00","0.00","0.00","1133.07","0.00","1","1","13","2","1-30","0.25","0",""
"INV-028180","C0023","Harbor Builders","Contractor","West","Owen Price","High","120000.00","COL-04","Tomas Okafor","Commercial","NET60","60","0.00","2025-11-18","2026-01-17","8459.35","0.00","0.00","0.00","0.00","8459.35","0.00","1","0","-17","1","Current","0.00","0",""
"INV-028181","C0028","Keystone Parts & Service","MRO Reseller","Southeast","Dana Whitfield","Medium","25000.00","COL-06","Sam Horowitz","Small Business","NET30","30","0.00","2025-11-18","2025-12-18","589.02","0.00","0.00","0.00","0.00","589.02","0.00","1","1","13","2","1-30","0.25","0",""
"INV-028183","C0066","Summit Industries","OEM Manufacturer","Midwest","Ben Kowalczyk","Medium","385000.00","COL-02","Marcus Bell","Strategic Accounts","NET60","60","0.00","2025-11-18","2026-01-17","6566.94","0.00","0.00","0.00","0.00","6566.94","0.00","1","0","-17","1","Current","0.00","0",""
"INV-028186","C0074","Frontier Fabrication","OEM Manufacturer","Southeast","Dana Whitfield","Medium","600000.00","COL-01","Priya Natarajan","Strategic Accounts","NET45","45","0.00","2025-11-18","2026-01-02","14230.00","0.00","0.00","0.00","0.00","14230.00","0.00","1","0","-2","1","Current","0.00","0",""
"INV-028187","C0078","Westbrook Maintenance Supply","MRO Reseller","Midwest","Ben Kowalczyk","Medium","120000.00","COL-06","Sam Horowitz","Small Business","2/10NET30","30","2.00","2025-11-18","2025-12-18","1243.65","0.00","0.00","0.00","0.00","1243.65","0.00","1","1","13","2","1-30","0.25","0",""
"INV-028190","C0088","Westbrook Builders - West","Contractor","West","Maya Brennan","High","145000.00","COL-03","Elena Ruiz","Commercial","NET60","60","0.00","2025-11-18","2026-01-17","2663.03","0.00","0.00","0.00","0.00","2663.03","0.00","1","0","-17","1","Current","0.00","0",""
"INV-028192","C0095","Stonegate Fabrication","OEM Manufacturer","West","Owen Price","Low","600000.00","COL-02","Marcus Bell","Strategic Accounts","NET60","60","0.00","2025-11-18","2026-01-17","6220.14","0.00","0.00","0.00","0.00","6220.14","0.00","1","0","-17","1","Current","0.00","0",""
"INV-028195","C0132","Keystone Contracting","Contractor","West","Maya Brennan","High","105000.00","COL-04","Tomas Okafor","Commercial","NET60","60","0.00","2025-11-18","2026-01-17","4447.27","0.00","0.00","0.00","0.00","4447.27","0.00","1","0","-17","1","Current","0.00","0",""
"INV-028196","C0167","Lakeshore MRO Services","MRO Reseller","Northeast","Adrian Cole","Medium","85000.00","COL-05","Grace Lindqvist","Small Business","NET30","30","0.00","2025-11-18","2025-12-18","2822.44","0.00","0.00","0.00","0.00","2822.44","0.00","1","1","13","2","1-30","0.25","0",""
"INV-028197","C0169","Apex Components","OEM Manufacturer","Midwest","Ben Kowalczyk","Medium","290000.00","COL-02","Marcus Bell","Strategic Accounts","NET60","60","0.00","2025-11-18","2026-01-17","2063.14","0.00","0.00","0.00","0.00","2063.14","0.00","1","0","-17","1","Current","0.00","0",""
"INV-028198","C0195","Redline Manufacturing","OEM Manufacturer","Southwest","Kevin Ames","Medium","360000.00","COL-01","Priya Natarajan","Strategic Accounts","NET60","60","0.00","2025-11-18","2026-01-17","3483.99","0.00","0.00","0.00","0.00","3483.99","0.00","1","0","-17","1","Current","0.00","0",""
"INV-028200","C0211","Ironbridge Builders","Contractor","West","Owen Price","Low","85000.00","COL-04","Tomas Okafor","Commercial","NET60","60","0.00","2025-11-18","2026-01-17","874.24","0.00","0.00","0.00","0.00","874.24","0.00","1","0","-17","1","Current","0.00","0",""
"INV-028201","C0227","Cedar Ridge County Facilities","Institutional","West","Owen Price","Low","80000.00","COL-03","Elena Ruiz","Commercial","NET60","60","0.00","2025-11-18","2026-01-17","2081.92","0.00","0.00","0.00","0.00","2081.92","0.00","1","0","-17","1","Current","0.00","0",""
"INV-028202","C0232","Titan Builders - Southwest","Contractor","Southwest","Kevin Ames","High","105000.00","COL-04","Tomas Okafor","Commercial","2/10NET30","30","2.00","2025-11-18","2025-12-18","7377.01","0.00","0.00","0.00","0.00","7377.01","0.00","1","1","13","2","1-30","0.25","0",""
"INV-028203","C0241","Lakeshore Industries - Southeast","OEM Manufacturer","Southeast","Dana Whitfield","Low","185000.00","COL-01","Priya Natarajan","Strategic Accounts","NET60","60","0.00","2025-11-18","2026-01-17","13251.81","0.00","0.00","0.00","0.00","13251.81","0.00","1","0","-17","1","Current","0.00","0",""
"INV-028206","C0267","Redline Manufacturing - Southwest","OEM Manufacturer","Southwest","Rosa Delgado","Low","420000.00","COL-02","Marcus Bell","Strategic Accounts","NET60","60","0.00","2025-11-18","2026-01-17","5678.52","0.00","0.00","0.00","0.00","5678.52","0.00","1","0","-17","1","Current","0.00","0",""
"INV-028207","C0275","Cedar Ridge Machine Works - Southwest","OEM Manufacturer","Southwest","Rosa Delgado","High","535000.00","COL-01","Priya Natarajan","Strategic Accounts","NET60","60","0.00","2025-11-18","2026-01-17","13867.44","0.00","0.00","0.00","0.00","13867.44","0.00","1","0","-17","1","Current","0.00","0",""
"INV-028208","C0276","Oakmont Builders - West 3","Contractor","West","Owen Price","Medium","60000.00","COL-03","Elena Ruiz","Commercial","NET60","60","0.00","2025-11-18","2026-01-17","5628.35","0.00","0.00","0.00","0.00","5628.35","0.00","1","0","-17","1","Current","0.00","0",""
"INV-028210","C0288","Summit University Facilities","Institutional","Southwest","Kevin Ames","Low","175000.00","COL-01","Priya Natarajan","Strategic Accounts","NET90","90","0.00","2025-11-18","2026-02-16","10339.71","0.00","0.00","0.00","0.00","10339.71","0.00","1","0","-47","1","Current","0.00","0",""
"INV-028211","C0289","Apex Builders - West","Contractor","West","Owen Price","Low","45000.00","COL-04","Tomas Okafor","Commercial","NET60","60","0.00","2025-11-18","2026-01-17","2790.44","0.00","0.00","0.00","0.00","2790.44","0.00","1","0","-17","1","Current","0.00","0",""
"INV-028214","C0300","Cedar Ridge Contracting - West 3","Contractor","West","Owen Price","Medium","65000.00","COL-04","Tomas Okafor","Commercial","2/10NET30","30","2.00","2025-11-18","2025-12-18","2395.99","0.00","0.00","0.00","0.00","2395.99","0.00","1","1","13","2","1-30","0.25","0",""
"INV-028215","C0310","Harbor Water Authority","Institutional","Midwest","Hana Sato","Low","170000.00","COL-01","Priya Natarajan","Strategic Accounts","NET90","90","0.00","2025-11-18","2026-02-16","4893.04","0.00","0.00","0.00","0.00","4893.04","0.00","1","0","-47","1","Current","0.00","0",""
"INV-028216","C0339","Summit Components","OEM Manufacturer","Southwest","Rosa Delgado","Low","445000.00","COL-02","Marcus Bell","Strategic Accounts","NET45","45","0.00","2025-11-18","2026-01-02","16815.65","0.00","0.00","0.00","0.00","16815.65","0.00","1","0","-2","1","Current","0.00","0",""
"INV-028217","C0359","Stonegate Fabrication - West","OEM Manufacturer","West","Maya Brennan","High","380000.00","COL-02","Marcus Bell","Strategic Accounts","NET60","60","0.00","2025-11-18","2026-01-17","1674.81","0.00","0.00","0.00","0.00","1674.81","0.00","1","0","-17","1","Current","0.00","0",""
"INV-028218","C0360","Bluewater Medical Center - Northeast","Institutional","Northeast","Nadia Farouk","Medium","160000.00","COL-02","Marcus Bell","Strategic Accounts","NET90","90","0.00","2025-11-18","2026-02-16","1095.66","0.00","0.00","0.00","0.00","1095.66","0.00","1","0","-47","1","Current","0.00","0",""
"INV-028219","C0391","Keystone MRO Services - Northeast","MRO Reseller","Northeast","Adrian Cole","Low","30000.00","COL-05","Grace Lindqvist","Small Business","NET30","30","0.00","2025-11-18","2025-12-18","451.60","270.96","0.00","0.00","0.00","180.64","0.00","1","1","13","2","1-30","0.25","0",""
"INV-028220","C0398","Pioneer Parts & Service - Southwest","MRO Reseller","Southwest","Kevin Ames","High","40000.00","COL-05","Grace Lindqvist","Small Business","NET30","30","0.00","2025-11-18","2025-12-18","634.81","0.00","0.00","0.00","0.00","634.81","0.00","1","1","13","2","1-30","0.25","0",""
"INV-028222","C0004","Ironbridge Mechanical","Contractor","Northeast","Nadia Farouk","Medium","135000.00","COL-03","Elena Ruiz","Commercial","2/10NET30","30","2.00","2025-11-19","2025-12-19","6823.17","0.00","0.00","0.00","0.00","6823.17","0.00","1","1","12","2","1-30","0.25","0",""
"INV-028223","C0009","Ironbridge Fabrication","OEM Manufacturer","Northeast","Nadia Farouk","Medium","590000.00","COL-02","Marcus Bell","Strategic Accounts","NET45","45","0.00","2025-11-19","2026-01-03","16566.52","0.00","0.00","0.00","0.00","16566.52","0.00","1","0","-3","1","Current","0.00","0",""
"INV-028225","C0017","Silverline Fabrication","OEM Manufacturer","Southwest","Kevin Ames","Low","500000.00","COL-01","Priya Natarajan","Strategic Accounts","NET45","45","0.00","2025-11-19","2026-01-03","12754.40","0.00","0.00","0.00","0.00","12754.40","0.00","1","0","-3","1","Current","0.00","0",""
"INV-028226","C0022","Apex Contracting","Contractor","Southeast","Dana Whitfield","Medium","65000.00","COL-03","Elena Ruiz","Commercial","2/10NET30","30","2.00","2025-11-19","2025-12-19","7321.80","4393.08","0.00","0.00","0.00","2928.72","0.00","1","1","12","2","1-30","0.25","0",""
"INV-028229","C0074","Frontier Fabrication","OEM Manufacturer","Southeast","Dana Whitfield","Medium","600000.00","COL-01","Priya Natarajan","Strategic Accounts","NET45","45","0.00","2025-11-19","2026-01-03","8081.30","0.00","0.00","0.00","0.00","8081.30","0.00","1","0","-3","1","Current","0.00","0",""
"INV-028231","C0094","Bluewater Industries - Southeast","OEM Manufacturer","Southeast","Dana Whitfield","Low","535000.00","COL-02","Marcus Bell","Strategic Accounts","NET45","45","0.00","2025-11-19","2026-01-03","3067.95","0.00","0.00","0.00","0.00","3067.95","0.00","1","0","-3","1","Current","0.00","0",""
"INV-028232","C0095","Stonegate Fabrication","OEM Manufacturer","West","Owen Price","Low","600000.00","COL-02","Marcus Bell","Strategic Accounts","NET60","60","0.00","2025-11-19","2026-01-18","10386.74","0.00","0.00","0.00","0.00","10386.74","0.00","1","0","-18","1","Current","0.00","0",""
"INV-028234","C0100","Stonegate University Facilities - Southeast","Institutional","Southeast","Dana Whitfield","Low","215000.00","COL-02","Marcus Bell","Strategic Accounts","NET90","90","0.00","2025-11-19","2026-02-17","1535.60","0.00","0.00","0.00","0.00","1535.60","0.00","1","0","-48","1","Current","0.00","0",""
"INV-028235","C0108","Cedar Ridge Construction - Southeast","Contractor","Southeast","Luis Moreno","Medium","135000.00","COL-03","Elena Ruiz","Commercial","NET30","30","0.00","2025-11-19","2025-12-19","973.06","0.00","0.00","0.00","0.00","973.06","0.00","1","1","12","2","1-30","0.25","0",""
"INV-028236","C0112","Ironbridge Fabrication - Midwest","OEM Manufacturer","Midwest","Hana Sato","Low","385000.00","COL-02","Marcus Bell","Strategic Accounts","NET60","60","0.00","2025-11-19","2026-01-18","8694.64","0.00","0.00","0.00","0.00","8694.64","0.00","1","0","-18","1","Current","0.00","0",""
"INV-028241","C0164","Lakeshore Fabrication","OEM Manufacturer","Southwest","Rosa Delgado","Medium","240000.00","COL-01","Priya Natarajan","Strategic Accounts","NET45","45","0.00","2025-11-19","2026-01-03","17679.45","0.00","0.00","0.00","0.00","17679.45","0.00","1","0","-3","1","Current","0.00","0",""
"INV-028242","C0170","Titan Industries","OEM Manufacturer","Northeast","Adrian Cole","Low","580000.00","COL-01","Priya Natarajan","Strategic Accounts","NET45","45","0.00","2025-11-19","2026-01-03","2769.19","0.00","0.00","0.00","0.00","2769.19","0.00","1","0","-3","1","Current","0.00","0",""
"INV-028244","C0195","Redline Manufacturing","OEM Manufacturer","Southwest","Kevin Ames","Medium","360000.00","COL-01","Priya Natarajan","Strategic Accounts","NET60","60","0.00","2025-11-19","2026-01-18","2138.83","0.00","0.00","0.00","0.00","2138.83","0.00","1","0","-18","1","Current","0.00","0",""
"INV-028245","C0200","Harbor Mechanical","Contractor","Southwest","Kevin Ames","High","90000.00","COL-04","Tomas Okafor","Commercial","NET60","60","0.00","2025-11-19","2026-01-18","1001.97","0.00","0.00","0.00","0.00","1001.97","0.00","1","0","-18","1","Current","0.00","0",""
"INV-028247","C0214","Bluewater Industries - Midwest 3","OEM Manufacturer","Midwest","Hana Sato","Low","275000.00","COL-02","Marcus Bell","Strategic Accounts","NET60","60","0.00","2025-11-19","2026-01-18","1678.78","0.00","0.00","0.00","0.00","1678.78","0.00","1","0","-18","1","Current","0.00","0",""
"INV-028250","C0241","Lakeshore Industries - Southeast","OEM Manufacturer","Southeast","Dana Whitfield","Low","185000.00","COL-01","Priya Natarajan","Strategic Accounts","NET60","60","0.00","2025-11-19","2026-01-18","11156.04","0.00","0.00","0.00","0.00","11156.04","0.00","1","0","-18","1","Current","0.00","0",""
"INV-028253","C0253","Summit Industrial Supply","MRO Reseller","Southwest","Kevin Ames","High","55000.00","COL-06","Sam Horowitz","Small Business","NET30","30","0.00","2025-11-19","2025-12-19","708.49","0.00","0.00","0.00","0.00","708.49","0.00","1","1","12","2","1-30","0.25","0",""
"INV-028254","C0254","Pioneer Medical Center - West","Institutional","West","Owen Price","Low","95000.00","COL-03","Elena Ruiz","Commercial","NET90","90","0.00","2025-11-19","2026-02-17","3003.93","0.00","0.00","0.00","0.00","3003.93","0.00","1","0","-48","1","Current","0.00","0",""
"INV-028255","C0255","Riverbend Fabrication","OEM Manufacturer","Southwest","Rosa Delgado","Low","245000.00","COL-02","Marcus Bell","Strategic Accounts","NET60","60","0.00","2025-11-19","2026-01-18","3651.69","0.00","0.00","0.00","0.00","3651.69","0.00","1","0","-18","1","Current","0.00","0",""
"INV-028256","C0260","Harbor Industrial Supply","MRO Reseller","Northeast","Adrian Cole","High","55000.00","COL-05","Grace Lindqvist","Small Business","2/10NET30","30","2.00","2025-11-19","2025-12-19","4623.31","0.00","0.00","0.00","0.00","4623.31","0.00","1","1","12","2","1-30","0.25","0",""
"INV-028257","C0267","Redline Manufacturing - Southwest","OEM Manufacturer","Southwest","Rosa Delgado","Low","420000.00","COL-02","Marcus Bell","Strategic Accounts","NET60","60","0.00","2025-11-19","2026-01-18","12923.40","0.00","0.00","0.00","0.00","12923.40","0.00","1","0","-18","1","Current","0.00","0",""
"INV-028258","C0271","Riverbend Electric - Midwest 3","Contractor","Midwest","Hana Sato","High","140000.00","COL-03","Elena Ruiz","Commercial","2/10NET30","30","2.00","2025-11-19","2025-12-19","8777.26","0.00","0.00","0.00","0.00","8777.26","0.00","1","1","12","2","1-30","0.25","0",""
"INV-028259","C0275","Cedar Ridge Machine Works - Southwest","OEM Manufacturer","Southwest","Rosa Delgado","High","535000.00","COL-01","Priya Natarajan","Strategic Accounts","NET60","60","0.00","2025-11-19","2026-01-18","3340.88","0.00","0.00","0.00","0.00","3340.88","0.00","1","0","-18","1","Current","0.00","0",""
"INV-028260","C0280","Apex Mechanical - West","Contractor","West","Maya Brennan","Medium","120000.00","COL-03","Elena Ruiz","Commercial","NET60","60","0.00","2025-11-19","2026-01-18","2996.26","0.00","0.00","0.00","0.00","2996.26","0.00","1","0","-18","1","Current","0.00","0",""
"INV-028262","C0302","Crestview Contracting - Northeast 3","Contractor","Northeast","Nadia Farouk","High","125000.00","COL-04","Tomas Okafor","Commercial","2/10NET30","30","2.00","2025-11-19","2025-12-19","6143.60","0.00","0.00","0.00","0.00","6143.60","0.00","1","1","12","2","1-30","0.25","0",""
"INV-028263","C0308","Frontier Contracting - Midwest","Contractor","Midwest","Hana Sato","Medium","35000.00","COL-04","Tomas Okafor","Commercial","NET30","30","0.00","2025-11-19","2025-12-19","1720.43","0.00","0.00","0.00","0.00","1720.43","0.00","1","1","12","2","1-30","0.25","0",""
"INV-028264","C0320","Riverbend Fabrication - West","OEM Manufacturer","West","Owen Price","Medium","155000.00","COL-02","Marcus Bell","Strategic Accounts","NET45","45","0.00","2025-11-19","2026-01-03","17330.64","0.00","0.00","0.00","0.00","17330.64","0.00","1","0","-3","1","Current","0.00","0",""
"INV-028265","C0324","Pioneer Construction","Contractor","Southeast","Dana Whitfield","High","145000.00","COL-03","Elena Ruiz","Commercial","2/10NET30","30","2.00","2025-11-19","2025-12-19","4904.01","0.00","0.00","0.00","0.00","4904.01","0.00","1","1","12","2","1-30","0.25","0",""
"INV-028266","C0327","Ironbridge Water Authority","Institutional","Midwest","Ben Kowalczyk","Low","195000.00","COL-01","Priya Natarajan","Strategic Accounts","NET90","90","0.00","2025-11-19","2026-02-17","5030.75","0.00","0.00","0.00","0.00","5030.75","0.00","1","0","-48","1","Current","0.00","0",""
"INV-028267","C0329","Northfield School District - Midwest","Institutional","Midwest","Hana Sato","Low","230000.00","COL-01","Priya Natarajan","Strategic Accounts","NET90","90","0.00","2025-11-19","2026-02-17","6202.67","0.00","0.00","0.00","0.00","6202.67","0.00","1","0","-48","1","Current","0.00","0",""
"INV-028270","C0358","Ironbridge Builders - West","Contractor","West","Maya Brennan","Low","135000.00","COL-03","Elena Ruiz","Commercial","NET60","60","0.00","2025-11-19","2026-01-18","817.65","0.00","0.00","0.00","0.00","817.65","0.00","1","0","-18","1","Current","0.00","0",""
"INV-028271","C0364","Redline Industries - Northeast","OEM Manufacturer","Northeast","Adrian Cole","Low","335000.00","COL-02","Marcus Bell","Strategic Accounts","NET45","45","0.00","2025-11-19","2026-01-03","9945.12","0.00","0.00","0.00","0.00","9945.12","0.00","1","0","-3","1","Current","0.00","0",""
"INV-028272","C0369","Lakeshore Components","OEM Manufacturer","Midwest","Hana Sato","High","545000.00","COL-02","Marcus Bell","Strategic Accounts","NET60","60","0.00","2025-11-19","2026-01-18","2834.00","0.00","0.00","0.00","0.00","2834.00","0.00","1","0","-18","1","Current","0.00","0",""
"INV-028273","C0370","Cedar Ridge Construction - West 4","Contractor","West","Maya Brennan","Low","85000.00","COL-04","Tomas Okafor","Commercial","NET60","60","0.00","2025-11-19","2026-01-18","1544.97","0.00","0.00","0.00","0.00","1544.97","0.00","1","0","-18","1","Current","0.00","0",""
"INV-028274","C0376","Summit Components - Midwest","OEM Manufacturer","Midwest","Hana Sato","High","565000.00","COL-01","Priya Natarajan","Strategic Accounts","NET45","45","0.00","2025-11-19","2026-01-03","5824.94","0.00","0.00","0.00","0.00","5824.94","0.00","1","0","-3","1","Current","0.00","0",""
"INV-028275","C0380","Silverline Construction","Contractor","Southwest","Kevin Ames","Low","30000.00","COL-04","Tomas Okafor","Commercial","NET60","60","0.00","2025-11-19","2026-01-18","2180.52","0.00","0.00","0.00","0.00","2180.52","0.00","1","0","-18","1","Current","0.00","0",""
"INV-028276","C0393","Silverline Components - West 3","OEM Manufacturer","West","Owen Price","Low","415000.00","COL-01","Priya Natarajan","Strategic Accounts","NET45","45","0.00","2025-11-19","2026-01-03","2212.96","0.00","0.00","0.00","0.00","2212.96","0.00","1","0","-3","1","Current","0.00","0",""
"INV-028278","C0399","Riverbend Electric - West 5","Contractor","West","Maya Brennan","Medium","110000.00","COL-03","Elena Ruiz","Commercial","NET60","60","0.00","2025-11-19","2026-01-18","3146.58","0.00","0.00","0.00","0.00","3146.58","0.00","1","0","-18","1","Current","0.00","0",""
"INV-028279","C0002","Cedar Ridge Mechanical","Contractor","Midwest","Hana Sato","Low","140000.00","COL-03","Elena Ruiz","Commercial","2/10NET30","30","2.00","2025-11-20","2025-12-20","838.71","503.23","0.00","0.00","0.00","335.48","0.00","1","1","11","2","1-30","0.25","0",""
"INV-028280","C0007","Cedar Ridge Industrial Supply","MRO Reseller","West","Owen Price","High","105000.00","COL-06","Sam Horowitz","Small Business","NET30","30","0.00","2025-11-20","2025-12-20","860.98","0.00","0.00","0.00","0.00","860.98","0.00","1","1","11","2","1-30","0.25","0",""
"INV-028281","C0014","Riverbend MRO Services","MRO Reseller","Southwest","Rosa Delgado","Medium","105000.00","COL-06","Sam Horowitz","Small Business","NET30","30","0.00","2025-11-20","2025-12-20","4015.61","2409.37","0.00","0.00","0.00","1606.24","0.00","1","1","11","2","1-30","0.25","0",""
"INV-028282","C0023","Harbor Builders","Contractor","West","Owen Price","High","120000.00","COL-04","Tomas Okafor","Commercial","NET60","60","0.00","2025-11-20","2026-01-19","3097.86","0.00","0.00","0.00","0.00","3097.86","0.00","1","0","-19","1","Current","0.00","0",""
"INV-028283","C0026","Northfield Components","OEM Manufacturer","Northeast","Nadia Farouk","Low","550000.00","COL-01","Priya Natarajan","Strategic Accounts","NET45","45","0.00","2025-11-20","2026-01-04","1646.45","0.00","0.00","0.00","0.00","1646.45","0.00","1","0","-4","1","Current","0.00","0",""
"INV-028286","C0050","Redline University Facilities","Institutional","Southeast","Luis Moreno","Low","195000.00","COL-02","Marcus Bell","Strategic Accounts","NET60","60","0.00","2025-11-20","2026-01-19","2022.68","0.00","0.00","0.00","0.00","2022.68","0.00","1","0","-19","1","Current","0.00","0",""
"INV-028289","C0068","Harbor Industries","OEM Manufacturer","Southwest","Rosa Delgado","High","600000.00","COL-01","Priya Natarajan","Strategic Accounts","NET60","60","0.00","2025-11-20","2026-01-19","12617.61","0.00","0.00","2018.82","0.00","10598.79","0.00","1","0","-19","1","Current","0.00","0","Pricing"
"INV-028290","C0074","Frontier Fabrication","OEM Manufacturer","Southeast","Dana Whitfield","Medium","600000.00","COL-01","Priya Natarajan","Strategic Accounts","NET45","45","0.00","2025-11-20","2026-01-04","1668.70","0.00","0.00","0.00","0.00","1668.70","0.00","1","0","-4","1","Current","0.00","0",""
"INV-028292","C0087","Riverbend Maintenance Supply","MRO Reseller","Southeast","Dana Whitfield","Medium","95000.00","COL-05","Grace Lindqvist","Small Business","NET30","30","0.00","2025-11-20","2025-12-20","820.39","0.00","0.00","0.00","0.00","820.39","0.00","1","1","11","2","1-30","0.25","1","PO Mismatch"
"INV-028293","C0100","Stonegate University Facilities - Southeast","Institutional","Southeast","Dana Whitfield","Low","215000.00","COL-02","Marcus Bell","Strategic Accounts","NET90","90","0.00","2025-11-20","2026-02-18","4900.33","0.00","0.00","0.00","0.00","4900.33","0.00","1","0","-49","1","Current","0.00","0",""
"INV-028298","C0126","Oakmont Parts & Service","MRO Reseller","West","Owen Price","Medium","65000.00","COL-06","Sam Horowitz","Small Business","NET30","30","0.00","2025-11-20","2025-12-20","837.56","0.00","0.00","0.00","0.00","837.56","0.00","1","1","11","2","1-30","0.25","0",""
"INV-028302","C0171","Silverline Maintenance Supply - Southwest","MRO Reseller","Southwest","Kevin Ames","Medium","110000.00","COL-06","Sam Horowitz","Small Business","NET30","30","0.00","2025-11-20","2025-12-20","933.22","0.00","0.00","0.00","0.00","933.22","0.00","1","1","11","2","1-30","0.25","0",""
"INV-028303","C0193","Silverline Industrial Supply - Northeast","MRO Reseller","Northeast","Nadia Farouk","Medium","115000.00","COL-05","Grace Lindqvist","Small Business","NET30","30","0.00","2025-11-20","2025-12-20","874.38","524.63","0.00","0.00","0.00","349.75","0.00","1","1","11","2","1-30","0.25","0",""
"INV-028304","C0201","Titan Machine Works","OEM Manufacturer","Southwest","Kevin Ames","Low","525000.00","COL-02","Marcus Bell","Strategic Accounts","NET45","45","0.00","2025-11-20","2026-01-04","15878.71","0.00","0.00","0.00","0.00","15878.71","0.00","1","0","-4","1","Current","0.00","0",""
"INV-028305","C0206","Oakmont Manufacturing","OEM Manufacturer","Southeast","Dana Whitfield","Medium","590000.00","COL-01","Priya Natarajan","Strategic Accounts","NET60","60","0.00","2025-11-20","2026-01-19","8486.90","0.00","0.00","0.00","0.00","8486.90","0.00","1","0","-19","1","Current","0.00","0",""
"INV-028306","C0214","Bluewater Industries - Midwest 3","OEM Manufacturer","Midwest","Hana Sato","Low","275000.00","COL-02","Marcus Bell","Strategic Accounts","NET60","60","0.00","2025-11-20","2026-01-19","2379.00","0.00","0.00","0.00","0.00","2379.00","0.00","1","0","-19","1","Current","0.00","0",""
"INV-028309","C0234","Redline University Facilities - Midwest 3","Institutional","Midwest","Ben Kowalczyk","Low","145000.00","COL-04","Tomas Okafor","Commercial","NET90","90","0.00","2025-11-20","2026-02-18","4172.11","0.00","0.00","0.00","0.00","4172.11","0.00","1","0","-49","1","Current","0.00","0",""
"INV-028310","C0241","Lakeshore Industries - Southeast","OEM Manufacturer","Southeast","Dana Whitfield","Low","185000.00","COL-01","Priya Natarajan","Strategic Accounts","NET60","60","0.00","2025-11-20","2026-01-19","7171.35","0.00","0.00","0.00","0.00","7171.35","0.00","1","0","-19","1","Current","0.00","1","Pricing"
"INV-028313","C0280","Apex Mechanical - West","Contractor","West","Maya Brennan","Medium","120000.00","COL-03","Elena Ruiz","Commercial","NET60","60","0.00","2025-11-20","2026-01-19","2813.18","0.00","0.00","0.00","0.00","2813.18","0.00","1","0","-19","1","Current","0.00","0",""
"INV-028314","C0283","Apex Industries","OEM Manufacturer","Midwest","Hana Sato","Low","390000.00","COL-01","Priya Natarajan","Strategic Accounts","NET60","60","0.00","2025-11-20","2026-01-19","8468.18","0.00","0.00","0.00","0.00","8468.18","0.00","1","0","-19","1","Current","0.00","0",""
"INV-028315","C0312","Pioneer University Facilities - Southeast","Institutional","Southeast","Dana Whitfield","Low","190000.00","COL-02","Marcus Bell","Strategic Accounts","NET90","90","0.00","2025-11-20","2026-02-18","6219.67","0.00","0.00","0.00","0.00","6219.67","0.00","1","0","-49","1","Current","0.00","0",""
"INV-028316","C0329","Northfield School District - Midwest","Institutional","Midwest","Hana Sato","Low","230000.00","COL-01","Priya Natarajan","Strategic Accounts","NET90","90","0.00","2025-11-20","2026-02-18","3944.06","0.00","0.00","0.00","0.00","3944.06","0.00","1","0","-49","1","Current","0.00","0",""
"INV-028317","C0337","Keystone Manufacturing","OEM Manufacturer","Northeast","Nadia Farouk","Low","540000.00","COL-01","Priya Natarajan","Strategic Accounts","NET45","45","0.00","2025-11-20","2026-01-04","7602.43","0.00","0.00","0.00","0.00","7602.43","0.00","1","0","-4","1","Current","0.00","0",""
"INV-028318","C0338","Crestview Supply Co. - Southeast","MRO Reseller","Southeast","Luis Moreno","Medium","50000.00","COL-05","Grace Lindqvist","Small Business","NET30","30","0.00","2025-11-20","2025-12-20","4709.35","0.00","0.00","0.00","0.00","4709.35","0.00","1","1","11","2","1-30","0.25","0",""
"INV-028319","C0341","Summit Supply Co. - Southeast","MRO Reseller","Southeast","Dana Whitfield","Medium","110000.00","COL-05","Grace Lindqvist","Small Business","NET30","30","0.00","2025-11-20","2025-12-20","1069.35","0.00","0.00","0.00","0.00","1069.35","0.00","1","1","11","2","1-30","0.25","1","PO Mismatch"
"INV-028320","C0348","Bluewater Manufacturing","OEM Manufacturer","Midwest","Ben Kowalczyk","Low","225000.00","COL-02","Marcus Bell","Strategic Accounts","NET60","60","0.00","2025-11-20","2026-01-19","1625.00","0.00","0.00","0.00","0.00","1625.00","0.00","1","0","-19","1","Current","0.00","0",""
"INV-028321","C0353","Summit Mechanical - Southwest 3","Contractor","Southwest","Rosa Delgado","High","150000.00","COL-01","Priya Natarajan","Strategic Accounts","2/10NET30","30","2.00","2025-11-20","2025-12-20","1357.08","0.00","0.00","0.00","0.00","1357.08","0.00","1","1","11","2","1-30","0.25","0",""
"INV-028322","C0360","Bluewater Medical Center - Northeast","Institutional","Northeast","Nadia Farouk","Medium","160000.00","COL-02","Marcus Bell","Strategic Accounts","NET90","90","0.00","2025-11-20","2026-02-18","5360.91","0.00","0.00","0.00","0.00","5360.91","0.00","1","0","-49","1","Current","0.00","0",""
"INV-028323","C0361","Titan University Facilities - Midwest","Institutional","Midwest","Ben Kowalczyk","Low","165000.00","COL-01","Priya Natarajan","Strategic Accounts","NET90","90","0.00","2025-11-20","2026-02-18","4608.64","0.00","0.00","0.00","0.00","4608.64","0.00","1","0","-49","1","Current","0.00","0",""
"INV-028324","C0363","Granite Parts & Service - Midwest","MRO Reseller","Midwest","Ben Kowalczyk","High","70000.00","COL-05","Grace Lindqvist","Small Business","NET30","30","0.00","2025-11-20","2025-12-20","2453.05","0.00","0.00","0.00","0.00","2453.05","0.00","1","1","11","2","1-30","0.25","0",""
"INV-028325","C0378","Silverline Fabrication - Southwest","OEM Manufacturer","Southwest","Rosa Delgado","Medium","585000.00","COL-01","Priya Natarajan","Strategic Accounts","NET45","45","0.00","2025-11-20","2026-01-04","17654.47","0.00","0.00","0.00","0.00","17654.47","0.00","1","0","-4","1","Current","0.00","0",""
"INV-028326","C0389","Ironbridge Components - Southeast","OEM Manufacturer","Southeast","Dana Whitfield","Medium","590000.00","COL-02","Marcus Bell","Strategic Accounts","NET60","60","0.00","2025-11-20","2026-01-19","8530.88","0.00","0.00","0.00","0.00","8530.88","0.00","1","0","-19","1","Current","0.00","0",""
"INV-028327","C0001","Silverline MRO Services","MRO Reseller","Northeast","Adrian Cole","Medium","120000.00","COL-05","Grace Lindqvist","Small Business","NET30","30","0.00","2025-11-21","2025-12-21","3052.73","1831.64","0.00","0.00","0.00","1221.09","0.00","1","1","10","2","1-30","0.25","0",""
"INV-028330","C0018","Redline Industries","OEM Manufacturer","Northeast","Nadia Farouk","Low","435000.00","COL-02","Marcus Bell","Strategic Accounts","NET45","45","0.00","2025-11-21","2026-01-05","2287.91","0.00","0.00","0.00","0.00","2287.91","0.00","1","0","-5","1","Current","0.00","0",""
"INV-028333","C0067","Cedar Ridge Parts & Service","MRO Reseller","Southwest","Kevin Ames","Medium","95000.00","COL-06","Sam Horowitz","Small Business","NET30","30","0.00","2025-11-21","2025-12-21","816.28","0.00","0.00","0.00","0.00","816.28","0.00","1","1","10","2","1-30","0.25","0",""
"INV-028335","C0074","Frontier Fabrication","OEM Manufacturer","Southeast","Dana Whitfield","Medium","600000.00","COL-01","Priya Natarajan","Strategic Accounts","NET45","45","0.00","2025-11-21","2026-01-05","1732.15","0.00","0.00","346.43","0.00","1385.72","0.00","1","0","-5","1","Current","0.00","0","Pricing"
"INV-028336","C0076","Cedar Ridge Construction","Contractor","West","Maya Brennan","Low","110000.00","COL-04","Tomas Okafor","Commercial","NET60","60","0.00","2025-11-21","2026-01-20","854.53","0.00","0.00","0.00","0.00","854.53","0.00","1","0","-20","1","Current","0.00","0",""
"INV-028337","C0079","Cedar Ridge Machine Works","OEM Manufacturer","West","Owen Price","Low","555000.00","COL-01","Priya Natarajan","Strategic Accounts","NET60","60","0.00","2025-11-21","2026-01-20","11093.30","0.00","0.00","0.00","0.00","11093.30","0.00","1","0","-20","1","Current","0.00","0",""
"INV-028340","C0103","Northfield Electric","Contractor","Southeast","Dana Whitfield","Medium","115000.00","COL-04","Tomas Okafor","Commercial","NET30","30","0.00","2025-11-21","2025-12-21","7461.17","0.00","0.00","0.00","0.00","7461.17","0.00","1","1","10","2","1-30","0.25","0",""
"INV-028341","C0112","Ironbridge Fabrication - Midwest","OEM Manufacturer","Midwest","Hana Sato","Low","385000.00","COL-02","Marcus Bell","Strategic Accounts","NET60","60","0.00","2025-11-21","2026-01-20","2124.77","0.00","0.00","0.00","0.00","2124.77","0.00","1","0","-20","1","Current","0.00","0",""
"INV-028342","C0114","Titan Construction","Contractor","Northeast","Adrian Cole","Medium","65000.00","COL-03","Elena Ruiz","Commercial","2/10NET30","30","2.00","2025-11-21","2025-12-21","2890.00","0.00","0.00","0.00","0.00","2890.00","0.00","1","1","10","2","1-30","0.25","0",""
"INV-028343","C0132","Keystone Contracting","Contractor","West","Maya Brennan","High","105000.00","COL-04","Tomas Okafor","Commercial","NET60","60","0.00","2025-11-21","2026-01-20","1680.37","0.00","0.00","0.00","0.00","1680.37","0.00","1","0","-20","1","Current","0.00","0",""
"INV-028345","C0135","Oakmont Medical Center - Midwest","Institutional","Midwest","Hana Sato","Low","155000.00","COL-02","Marcus Bell","Strategic Accounts","NET90","90","0.00","2025-11-21","2026-02-19","2550.90","0.00","0.00","0.00","0.00","2550.90","0.00","1","0","-50","1","Current","0.00","0",""
"INV-028348","C0139","Harbor Machine Works","OEM Manufacturer","Midwest","Ben Kowalczyk","Medium","570000.00","COL-01","Priya Natarajan","Strategic Accounts","NET45","45","0.00","2025-11-21","2026-01-05","10158.33","0.00","0.00","0.00","0.00","10158.33","0.00","1","0","-5","1","Current","0.00","0",""
"INV-028350","C0150","Northfield Industries","OEM Manufacturer","Midwest","Hana Sato","Low","425000.00","COL-01","Priya Natarajan","Strategic Accounts","NET45","45","0.00","2025-11-21","2026-01-05","12045.03","0.00","0.00","0.00","0.00","12045.03","0.00","1","0","-5","1","Current","0.00","0",""
"INV-028352","C0158","Frontier Mechanical","Contractor","Southeast","Dana Whitfield","High","100000.00","COL-03","Elena Ruiz","Commercial","NET30","30","0.00","2025-11-21","2025-12-21","1048.13","0.00","0.00","0.00","0.00","1048.13","0.00","1","1","10","2","1-30","0.25","0",""
"INV-028354","C0162","Stonegate Builders","Contractor","Southwest","Kevin Ames","Medium","55000.00","COL-03","Elena Ruiz","Commercial","NET60","60","0.00","2025-11-21","2026-01-20","5701.50","0.00","0.00","0.00","0.00","5701.50","0.00","1","0","-20","1","Current","0.00","0",""
"INV-028355","C0165","Northfield School District","Institutional","Southeast","Luis Moreno","Low","150000.00","COL-02","Marcus Bell","Strategic Accounts","NET60","60","0.00","2025-11-21","2026-01-20","2828.82","0.00","0.00","0.00","0.00","2828.82","0.00","1","0","-20","1","Current","0.00","0",""
"INV-028356","C0175","Redline Mechanical - Southwest","Contractor","Southwest","Kevin Ames","Low","85000.00","COL-03","Elena Ruiz","Commercial","NET60","60","0.00","2025-11-21","2026-01-20","4211.74","0.00","0.00","0.00","0.00","4211.74","0.00","1","0","-20","1","Current","0.00","0",""
"INV-028358","C0204","Cedar Ridge Builders","Contractor","West","Owen Price","Low","50000.00","COL-04","Tomas Okafor","Commercial","NET60","60","0.00","2025-11-21","2026-01-20","854.67","0.00","0.00","0.00","0.00","854.67","0.00","1","0","-20","1","Current","0.00","0",""
"INV-028362","C0265","Westbrook Mechanical - Southwest 3","Contractor","Southwest","Kevin Ames","Medium","85000.00","COL-04","Tomas Okafor","Commercial","NET60","60","0.00","2025-11-21","2026-01-20","4983.13","0.00","0.00","0.00","0.00","4983.13","0.00","1","0","-20","1","Current","0.00","0",""
"INV-028366","C0305","Titan Fabrication","OEM Manufacturer","Northeast","Nadia Farouk","Low","340000.00","COL-02","Marcus Bell","Strategic Accounts","NET45","45","0.00","2025-11-21","2026-01-05","6606.38","0.00","0.00","0.00","0.00","6606.38","0.00","1","0","-5","1","Current","0.00","0",""
"INV-028368","C0317","Apex Industrial Supply","MRO Reseller","West","Owen Price","Low","100000.00","COL-06","Sam Horowitz","Small Business","NET30","30","0.00","2025-11-21","2025-12-21","4424.97","0.00","0.00","0.00","0.00","4424.97","0.00","1","1","10","2","1-30","0.25","0",""
"INV-028371","C0328","Westbrook Industries","OEM Manufacturer","Midwest","Ben Kowalczyk","Low","590000.00","COL-01","Priya Natarajan","Strategic Accounts","NET45","45","0.00","2025-11-21","2026-01-05","5493.23","0.00","0.00","0.00","0.00","5493.23","0.00","1","0","-5","1","Current","0.00","0",""
"INV-028372","C0332","Bluewater Parts & Service - Southwest 4","MRO Reseller","Southwest","Rosa Delgado","Medium","65000.00","COL-06","Sam Horowitz","Small Business","NET30","30","0.00","2025-11-21","2025-12-21","880.52","528.31","0.00","0.00","0.00","352.21","0.00","1","1","10","2","1-30","0.25","0",""
"INV-028373","C0337","Keystone Manufacturing","OEM Manufacturer","Northeast","Nadia Farouk","Low","540000.00","COL-01","Priya Natarajan","Strategic Accounts","NET45","45","0.00","2025-11-21","2026-01-05","4031.37","0.00","0.00","0.00","0.00","4031.37","0.00","1","0","-5","1","Current","0.00","0",""
"INV-028376","C0349","Granite Manufacturing","OEM Manufacturer","Northeast","Nadia Farouk","High","490000.00","COL-02","Marcus Bell","Strategic Accounts","NET60","60","0.00","2025-11-21","2026-01-20","2199.84","0.00","0.00","0.00","0.00","2199.84","0.00","1","0","-20","1","Current","0.00","0",""
"INV-028377","C0376","Summit Components - Midwest","OEM Manufacturer","Midwest","Hana Sato","High","565000.00","COL-01","Priya Natarajan","Strategic Accounts","NET45","45","0.00","2025-11-21","2026-01-05","2078.16","0.00","0.00","0.00","0.00","2078.16","0.00","1","0","-5","1","Current","0.00","0",""
"INV-028378","C0382","Summit Machine Works","OEM Manufacturer","Southwest","Kevin Ames","Low","240000.00","COL-02","Marcus Bell","Strategic Accounts","NET60","60","0.00","2025-11-21","2026-01-20","2638.71","0.00","0.00","0.00","0.00","2638.71","0.00","1","0","-20","1","Current","0.00","1","Pricing"
"INV-028379","C0384","Riverbend Industries - Southeast","OEM Manufacturer","Southeast","Luis Moreno","Low","370000.00","COL-01","Priya Natarajan","Strategic Accounts","NET60","60","0.00","2025-11-21","2026-01-20","2595.05","0.00","0.00","0.00","0.00","2595.05","0.00","1","0","-20","1","Current","0.00","0",""
"INV-028381","C0400","Titan Supply Co. - Southeast 3","MRO Reseller","Southeast","Dana Whitfield","Low","40000.00","COL-06","Sam Horowitz","Small Business","NET30","30","0.00","2025-11-21","2025-12-21","1354.03","0.00","0.00","0.00","0.00","1354.03","0.00","1","1","10","2","1-30","0.25","1","Pricing"
"INV-028382","C0001","Silverline MRO Services","MRO Reseller","Northeast","Adrian Cole","Medium","120000.00","COL-05","Grace Lindqvist","Small Business","NET30","30","0.00","2025-11-24","2025-12-24","603.59","0.00","0.00","0.00","0.00","603.59","0.00","1","1","7","2","1-30","0.25","1","PO Mismatch"
"INV-028383","C0009","Ironbridge Fabrication","OEM Manufacturer","Northeast","Nadia Farouk","Medium","590000.00","COL-02","Marcus Bell","Strategic Accounts","NET45","45","0.00","2025-11-24","2026-01-08","9551.30","0.00","0.00","0.00","0.00","9551.30","0.00","1","0","-8","1","Current","0.00","0",""
"INV-028384","C0014","Riverbend MRO Services","MRO Reseller","Southwest","Rosa Delgado","Medium","105000.00","COL-06","Sam Horowitz","Small Business","NET30","30","0.00","2025-11-24","2025-12-24","1648.31","0.00","0.00","0.00","0.00","1648.31","0.00","1","1","7","2","1-30","0.25","0",""
"INV-028385","C0017","Silverline Fabrication","OEM Manufacturer","Southwest","Kevin Ames","Low","500000.00","COL-01","Priya Natarajan","Strategic Accounts","NET45","45","0.00","2025-11-24","2026-01-08","9339.98","0.00","0.00","0.00","0.00","9339.98","0.00","1","0","-8","1","Current","0.00","0",""
"INV-028386","C0018","Redline Industries","OEM Manufacturer","Northeast","Nadia Farouk","Low","435000.00","COL-02","Marcus Bell","Strategic Accounts","NET45","45","0.00","2025-11-24","2026-01-08","2099.20","0.00","0.00","0.00","0.00","2099.20","0.00","1","0","-8","1","Current","0.00","0",""
"INV-028387","C0026","Northfield Components","OEM Manufacturer","Northeast","Nadia Farouk","Low","550000.00","COL-01","Priya Natarajan","Strategic Accounts","NET45","45","0.00","2025-11-24","2026-01-08","3421.30","0.00","0.00","0.00","0.00","3421.30","0.00","1","0","-8","1","Current","0.00","0",""
"INV-028388","C0034","Crestview Contracting","Contractor","Southwest","Rosa Delgado","Low","75000.00","COL-04","Tomas Okafor","Commercial","NET60","60","0.00","2025-11-24","2026-01-23","800.19","0.00","0.00","0.00","0.00","800.19","0.00","1","0","-23","1","Current","0.00","0",""
"INV-028389","C0036","Harbor Builders - West","Contractor","West","Owen Price","Low","145000.00","COL-03","Elena Ruiz","Commercial","NET60","60","0.00","2025-11-24","2026-01-23","810.14","0.00","0.00","0.00","0.00","810.14","0.00","1","0","-23","1","Current","0.00","0",""
"INV-028390","C0038","Summit Fabrication","OEM Manufacturer","Northeast","Adrian Cole","High","430000.00","COL-01","Priya Natarajan","Strategic Accounts","NET45","45","0.00","2025-11-24","2026-01-08","2080.20","0.00","0.00","0.00","0.00","2080.20","0.00","1","0","-8","1","Current","0.00","0",""
"INV-028391","C0052","Westbrook Parts & Service","MRO Reseller","Southeast","Luis Moreno","Medium","90000.00","COL-05","Grace Lindqvist","Small Business","NET30","30","0.00","2025-11-24","2025-12-24","3235.67","0.00","0.00","0.00","0.00","3235.67","0.00","1","1","7","2","1-30","0.25","0",""
"INV-028392","C0062","Keystone Electric","Contractor","Northeast","Adrian Cole","Medium","95000.00","COL-03","Elena Ruiz","Commercial","NET30","30","0.00","2025-11-24","2025-12-24","5867.56","0.00","0.00","0.00","0.00","5867.56","0.00","1","1","7","2","1-30","0.25","0",""
"INV-028394","C0073","Lakeshore Manufacturing","OEM Manufacturer","Northeast","Adrian Cole","High","300000.00","COL-01","Priya Natarajan","Strategic Accounts","NET45","45","0.00","2025-11-24","2026-01-08","2058.84","0.00","0.00","0.00","0.00","2058.84","0.00","1","0","-8","1","Current","0.00","0",""
"INV-028395","C0079","Cedar Ridge Machine Works","OEM Manufacturer","West","Owen Price","Low","555000.00","COL-01","Priya Natarajan","Strategic Accounts","NET60","60","0.00","2025-11-24","2026-01-23","14430.61","0.00","0.00","0.00","0.00","14430.61","0.00","1","0","-23","1","Current","0.00","0",""
"INV-028398","C0087","Riverbend Maintenance Supply","MRO Reseller","Southeast","Dana Whitfield","Medium","95000.00","COL-05","Grace Lindqvist","Small Business","NET30","30","0.00","2025-11-24","2025-12-24","1914.53","0.00","0.00","0.00","0.00","1914.53","0.00","1","1","7","2","1-30","0.25","1","Pricing"
"INV-028400","C0101","Redline University Facilities - Northeast","Institutional","Northeast","Adrian Cole","Low","180000.00","COL-02","Marcus Bell","Strategic Accounts","NET60","60","0.00","2025-11-24","2026-01-23","1960.85","0.00","0.00","0.00","0.00","1960.85","0.00","1","0","-23","1","Current","0.00","0",""
"INV-028402","C0121","Apex Manufacturing","OEM Manufacturer","Midwest","Hana Sato","Low","385000.00","COL-02","Marcus Bell","Strategic Accounts","NET60","60","0.00","2025-11-24","2026-01-23","3694.19","0.00","0.00","0.00","0.00","3694.19","0.00","1","0","-23","1","Current","0.00","0",""
"INV-028403","C0122","Frontier Fabrication - Northeast","OEM Manufacturer","Northeast","Adrian Cole","Low","435000.00","COL-01","Priya Natarajan","Strategic Accounts","NET45","45","0.00","2025-11-24","2026-01-08","1934.62","0.00","0.00","0.00","0.00","1934.62","0.00","1","0","-8","1","Current","0.00","0",""
"INV-028405","C0132","Keystone Contracting","Contractor","West","Maya Brennan","High","105000.00","COL-04","Tomas Okafor","Commercial","NET60","60","0.00","2025-11-24","2026-01-23","1158.87","0.00","0.00","0.00","0.00","1158.87","0.00","1","0","-23","1","Current","0.00","0",""
"INV-028406","C0139","Harbor Machine Works","OEM Manufacturer","Midwest","Ben Kowalczyk","Medium","570000.00","COL-01","Priya Natarajan","Strategic Accounts","NET45","45","0.00","2025-11-24","2026-01-08","11348.15","0.00","0.00","0.00","0.00","11348.15","0.00","1","0","-8","1","Current","0.00","0",""
"INV-028407","C0147","Apex Manufacturing - Northeast","OEM Manufacturer","Northeast","Nadia Farouk","Low","455000.00","COL-02","Marcus Bell","Strategic Accounts","NET45","45","0.00","2025-11-24","2026-01-08","12077.28","0.00","0.00","0.00","0.00","12077.28","0.00","1","0","-8","1","Current","0.00","0",""
"INV-028408","C0163","Keystone Fabrication","OEM Manufacturer","Midwest","Ben Kowalczyk","Medium","600000.00","COL-01","Priya Natarajan","Strategic Accounts","NET60","60","0.00","2025-11-24","2026-01-23","2754.08","0.00","0.00","0.00","0.00","2754.08","0.00","1","0","-23","1","Current","0.00","0",""
"INV-028409","C0167","Lakeshore MRO Services","MRO Reseller","Northeast","Adrian Cole","Medium","85000.00","COL-05","Grace Lindqvist","Small Business","NET30","30","0.00","2025-11-24","2025-12-24","455.65","0.00","0.00","0.00","0.00","455.65","0.00","1","1","7","2","1-30","0.25","0",""
"INV-028410","C0170","Titan Industries","OEM Manufacturer","Northeast","Adrian Cole","Low","580000.00","COL-01","Priya Natarajan","Strategic Accounts","NET45","45","0.00","2025-11-24","2026-01-08","10836.50","0.00","0.00","0.00","0.00","10836.50","0.00","1","0","-8","1","Current","0.00","0",""
"INV-028411","C0190","Harbor Fabrication","OEM Manufacturer","West","Owen Price","Medium","580000.00","COL-01","Priya Natarajan","Strategic Accounts","NET45","45","0.00","2025-11-24","2026-01-08","3622.11","0.00","0.00","0.00","0.00","3622.11","0.00","1","0","-8","1","Current","0.00","0",""
"INV-028412","C0191","Bluewater Builders - Midwest","Contractor","Midwest","Hana Sato","High","45000.00","COL-04","Tomas Okafor","Commercial","NET30","30","0.00","2025-11-24","2025-12-24","5564.02","0.00","0.00","0.00","0.00","5564.02","0.00","1","1","7","2","1-30","0.25","0",""
"INV-028413","C0206","Oakmont Manufacturing","OEM Manufacturer","Southeast","Dana Whitfield","Medium","590000.00","COL-01","Priya Natarajan","Strategic Accounts","NET60","60","0.00","2025-11-24","2026-01-23","8482.23","0.00","0.00","0.00","0.00","8482.23","0.00","1","0","-23","1","Current","0.00","0",""
"INV-028415","C0219","Titan Construction - Southwest 3","Contractor","Southwest","Rosa Delgado","Low","115000.00","COL-03","Elena Ruiz","Commercial","NET60","60","0.00","2025-11-24","2026-01-23","7652.51","0.00","0.00","0.00","0.00","7652.51","0.00","1","0","-23","1","Current","0.00","0",""
"INV-028418","C0232","Titan Builders - Southwest","Contractor","Southwest","Kevin Ames","High","105000.00","COL-04","Tomas Okafor","Commercial","2/10NET30","30","2.00","2025-11-24","2025-12-24","825.46","0.00","0.00","0.00","0.00","825.46","0.00","1","1","7","2","1-30","0.25","0",""
"INV-028419","C0237","Lakeshore School District","Institutional","Southeast","Dana Whitfield","Low","70000.00","COL-04","Tomas Okafor","Commercial","NET60","60","0.00","2025-11-24","2026-01-23","2346.95","0.00","0.00","0.00","0.00","2346.95","0.00","1","0","-23","1","Current","0.00","0",""
"INV-028422","C0270","Stonegate Maintenance Supply - Southeast","MRO Reseller","Southeast","Dana Whitfield","Medium","45000.00","COL-06","Sam Horowitz","Small Business","NET30","30","0.00","2025-11-24","2025-12-24","472.56","0.00","0.00","0.00","0.00","472.56","0.00","1","1","7","2","1-30","0.25","0","PO Mismatch"
"INV-028423","C0279","Ironbridge Medical Center - Northeast","Institutional","Northeast","Nadia Farouk","Low","155000.00","COL-02","Marcus Bell","Strategic Accounts","NET90","90","0.00","2025-11-24","2026-02-22","2226.86","0.00","0.00","0.00","0.00","2226.86","0.00","1","0","-53","1","Current","0.00","0",""
"INV-028424","C0281","Westbrook Fabrication","OEM Manufacturer","Midwest","Hana Sato","Low","510000.00","COL-02","Marcus Bell","Strategic Accounts","NET60","60","0.00","2025-11-24","2026-01-23","8602.45","0.00","0.00","0.00","0.00","8602.45","0.00","1","0","-23","1","Current","0.00","0",""
"INV-028426","C0283","Apex Industries","OEM Manufacturer","Midwest","Hana Sato","Low","390000.00","COL-01","Priya Natarajan","Strategic Accounts","NET60","60","0.00","2025-11-24","2026-01-23","3559.12","0.00","0.00","0.00","0.00","3559.12","0.00","1","0","-23","1","Current","0.00","0",""
"INV-028427","C0284","Apex Manufacturing - Southwest 3","OEM Manufacturer","Southwest","Rosa Delgado","Low","275000.00","COL-02","Marcus Bell","Strategic Accounts","NET60","60","0.00","2025-11-24","2026-01-23","16146.97","0.00","0.00","0.00","0.00","16146.97","0.00","1","0","-23","1","Current","0.00","0",""
"INV-028428","C0294","Titan Components","OEM Manufacturer","Northeast","Adrian Cole","Low","215000.00","COL-01","Priya Natarajan","Strategic Accounts","NET60","60","0.00","2025-11-24","2026-01-23","10558.72","0.00","0.00","0.00","0.00","10558.72","0.00","1","0","-23","1","Current","0.00","0",""
"INV-028429","C0309","Frontier Machine Works","OEM Manufacturer","Northeast","Adrian Cole","Low","250000.00","COL-02","Marcus Bell","Strategic Accounts","NET45","45","0.00","2025-11-24","2026-01-08","10681.71","0.00","0.00","0.00","0.00","10681.71","0.00","1","0","-8","1","Current","0.00","0",""
"INV-028430","C0317","Apex Industrial Supply","MRO Reseller","West","Owen Price","Low","100000.00","COL-06","Sam Horowitz","Small Business","NET30","30","0.00","2025-11-24","2025-12-24","519.57","0.00","0.00","0.00","0.00","519.57","0.00","1","1","7","2","1-30","0.25","0",""
"INV-028432","C0349","Granite Manufacturing","OEM Manufacturer","Northeast","Nadia Farouk","High","490000.00","COL-02","Marcus Bell","Strategic Accounts","NET60","60","0.00","2025-11-24","2026-01-23","12852.40","0.00","0.00","0.00","0.00","12852.40","0.00","1","0","-23","1","Current","0.00","0",""
"INV-028434","C0355","Oakmont University Facilities","Institutional","Midwest","Ben Kowalczyk","Low","105000.00","COL-03","Elena Ruiz","Commercial","NET60","60","0.00","2025-11-24","2026-01-23","10886.45","0.00","0.00","0.00","0.00","10886.45","0.00","1","0","-23","1","Current","0.00","0",""
"INV-028435","C0368","Stonegate Machine Works - West","OEM Manufacturer","West","Owen Price","Low","205000.00","COL-01","Priya Natarajan","Strategic Accounts","NET60","60","0.00","2025-11-24","2026-01-23","9833.79","0.00","0.00","0.00","0.00","9833.79","0.00","1","0","-23","1","Current","0.00","0",""
"INV-028436","C0369","Lakeshore Components","OEM Manufacturer","Midwest","Hana Sato","High","545000.00","COL-02","Marcus Bell","Strategic Accounts","NET60","60","0.00","2025-11-24","2026-01-23","1746.23","0.00","0.00","0.00","0.00","1746.23","0.00","1","0","-23","1","Current","0.00","0",""
"INV-028437","C0376","Summit Components - Midwest","OEM Manufacturer","Midwest","Hana Sato","High","565000.00","COL-01","Priya Natarajan","Strategic Accounts","NET45","45","0.00","2025-11-24","2026-01-08","17245.76","0.00","0.00","0.00","0.00","17245.76","0.00","1","0","-8","1","Current","0.00","0",""
"INV-028438","C0390","Titan Mechanical","Contractor","West","Owen Price","Low","135000.00","COL-03","Elena Ruiz","Commercial","NET60","60","0.00","2025-11-24","2026-01-23","3896.04","0.00","0.00","0.00","0.00","3896.04","0.00","1","0","-23","1","Current","0.00","0",""
"INV-028440","C0001","Silverline MRO Services","MRO Reseller","Northeast","Adrian Cole","Medium","120000.00","COL-05","Grace Lindqvist","Small Business","NET30","30","0.00","2025-11-25","2025-12-25","2512.10","0.00","0.00","0.00","0.00","2512.10","0.00","1","1","6","2","1-30","0.25","1","Damaged Goods"
"INV-028443","C0019","Northfield Supply Co.","MRO Reseller","Midwest","Hana Sato","Medium","85000.00","COL-06","Sam Horowitz","Small Business","2/10NET30","30","2.00","2025-11-25","2025-12-25","461.63","0.00","0.00","0.00","0.00","461.63","0.00","1","1","6","2","1-30","0.25","0",""
"INV-028445","C0023","Harbor Builders","Contractor","West","Owen Price","High","120000.00","COL-04","Tomas Okafor","Commercial","NET60","60","0.00","2025-11-25","2026-01-24","6121.62","0.00","0.00","0.00","0.00","6121.62","0.00","1","0","-24","1","Current","0.00","0",""
"INV-028446","C0027","Oakmont Machine Works","OEM Manufacturer","Northeast","Nadia Farouk","Low","230000.00","COL-02","Marcus Bell","Strategic Accounts","NET45","45","0.00","2025-11-25","2026-01-09","2565.46","0.00","0.00","0.00","0.00","2565.46","0.00","1","0","-9","1","Current","0.00","0",""
"INV-028449","C0101","Redline University Facilities - Northeast","Institutional","Northeast","Adrian Cole","Low","180000.00","COL-02","Marcus Bell","Strategic Accounts","NET60","60","0.00","2025-11-25","2026-01-24","9350.12","0.00","0.00","0.00","0.00","9350.12","0.00","1","0","-24","1","Current","0.00","0",""
"INV-028450","C0103","Northfield Electric","Contractor","Southeast","Dana Whitfield","Medium","115000.00","COL-04","Tomas Okafor","Commercial","NET30","30","0.00","2025-11-25","2025-12-25","8212.75","0.00","0.00","0.00","0.00","8212.75","0.00","1","1","6","2","1-30","0.25","1","PO Mismatch"
"INV-028452","C0112","Ironbridge Fabrication - Midwest","OEM Manufacturer","Midwest","Hana Sato","Low","385000.00","COL-02","Marcus Bell","Strategic Accounts","NET60","60","0.00","2025-11-25","2026-01-24","7193.46","0.00","0.00","0.00","0.00","7193.46","0.00","1","0","-24","1","Current","0.00","0",""
"INV-028455","C0128","Summit Builders","Contractor","Southwest","Kevin Ames","Low","125000.00","COL-03","Elena Ruiz","Commercial","NET60","60","0.00","2025-11-25","2026-01-24","7846.97","0.00","0.00","0.00","0.00","7846.97","0.00","1","0","-24","1","Current","0.00","0",""
"INV-028456","C0133","Oakmont Construction","Contractor","Midwest","Hana Sato","Medium","115000.00","COL-03","Elena Ruiz","Commercial","NET30","30","0.00","2025-11-25","2025-12-25","836.45","0.00","0.00","0.00","0.00","836.45","0.00","1","1","6","2","1-30","0.25","0",""
"INV-028458","C0139","Harbor Machine Works","OEM Manufacturer","Midwest","Ben Kowalczyk","Medium","570000.00","COL-01","Priya Natarajan","Strategic Accounts","NET45","45","0.00","2025-11-25","2026-01-09","4063.30","0.00","0.00","0.00","0.00","4063.30","0.00","1","0","-9","1","Current","0.00","0",""
"INV-028460","C0150","Northfield Industries","OEM Manufacturer","Midwest","Hana Sato","Low","425000.00","COL-01","Priya Natarajan","Strategic Accounts","NET45","45","0.00","2025-11-25","2026-01-09","2397.39","0.00","0.00","0.00","0.00","2397.39","0.00","1","0","-9","1","Current","0.00","0",""
"INV-028462","C0154","Frontier University Facilities - Southeast","Institutional","Southeast","Luis Moreno","Medium","160000.00","COL-01","Priya Natarajan","Strategic Accounts","NET60","60","0.00","2025-11-25","2026-01-24","5323.43","0.00","0.00","0.00","0.00","5323.43","0.00","1","0","-24","1","Current","0.00","0",""
"INV-028463","C0158","Frontier Mechanical","Contractor","Southeast","Dana Whitfield","High","100000.00","COL-03","Elena Ruiz","Commercial","NET30","30","0.00","2025-11-25","2025-12-25","7271.07","0.00","0.00","0.00","0.00","7271.07","0.00","1","1","6","2","1-30","0.25","0",""
"INV-028464","C0167","Lakeshore MRO Services","MRO Reseller","Northeast","Adrian Cole","Medium","85000.00","COL-05","Grace Lindqvist","Small Business","NET30","30","0.00","2025-11-25","2025-12-25","3378.35","0.00","0.00","0.00","0.00","3378.35","0.00","1","1","6","2","1-30","0.25","0",""
"INV-028465","C0170","Titan Industries","OEM Manufacturer","Northeast","Adrian Cole","Low","580000.00","COL-01","Priya Natarajan","Strategic Accounts","NET45","45","0.00","2025-11-25","2026-01-09","14192.93","0.00","0.00","0.00","0.00","14192.93","0.00","1","0","-9","1","Current","0.00","0",""
"INV-028466","C0175","Redline Mechanical - Southwest","Contractor","Southwest","Kevin Ames","Low","85000.00","COL-03","Elena Ruiz","Commercial","NET60","60","0.00","2025-11-25","2026-01-24","2611.57","0.00","0.00","0.00","0.00","2611.57","0.00","1","0","-24","1","Current","0.00","0",""
"INV-028467","C0192","Keystone MRO Services","MRO Reseller","Midwest","Hana Sato","Medium","65000.00","COL-05","Grace Lindqvist","Small Business","NET30","30","0.00","2025-11-25","2025-12-25","4137.63","0.00","0.00","0.00","0.00","4137.63","0.00","1","1","6","2","1-30","0.25","0",""
"INV-028468","C0197","Harbor Machine Works - Southwest 3","OEM Manufacturer","Southwest","Kevin Ames","Low","470000.00","COL-01","Priya Natarajan","Strategic Accounts","NET60","60","0.00","2025-11-25","2026-01-24","3384.25","0.00","0.00","0.00","0.00","3384.25","0.00","1","0","-24","1","Current","0.00","0",""
"INV-028470","C0206","Oakmont Manufacturing","OEM Manufacturer","Southeast","Dana Whitfield","Medium","590000.00","COL-01","Priya Natarajan","Strategic Accounts","NET60","60","0.00","2025-11-25","2026-01-24","7641.45","0.00","0.00","0.00","0.00","7641.45","0.00","1","0","-24","1","Current","0.00","0",""
"INV-028471","C0211","Ironbridge Builders","Contractor","West","Owen Price","Low","85000.00","COL-04","Tomas Okafor","Commercial","NET60","60","0.00","2025-11-25","2026-01-24","1016.99","0.00","0.00","0.00","0.00","1016.99","0.00","1","0","-24","1","Current","0.00","0",""
"INV-028472","C0212","Westbrook Mechanical - Northeast","Contractor","Northeast","Adrian Cole","Medium","110000.00","COL-03","Elena Ruiz","Commercial","2/10NET30","30","2.00","2025-11-25","2025-12-25","4216.96","0.00","0.00","0.00","0.00","4216.96","0.00","1","1","6","2","1-30","0.25","0",""
"INV-028473","C0218","Riverbend Parts & Service - Midwest","MRO Reseller","Midwest","Hana Sato","Low","115000.00","COL-06","Sam Horowitz","Small Business","NET30","30","0.00","2025-11-25","2025-12-25","1498.04","0.00","0.00","0.00","0.00","1498.04","0.00","1","1","6","2","1-30","0.25","0",""
"INV-028474","C0226","Lakeshore Industries","OEM Manufacturer","Midwest","Hana Sato","Medium","410000.00","COL-01","Priya Natarajan","Strategic Accounts","NET60","60","0.00","2025-11-25","2026-01-24","1692.77","0.00","0.00","0.00","0.00","1692.77","0.00","1","0","-24","1","Current","0.00","1","Pricing"
"INV-028475","C0228","Granite School District","Institutional","Southeast","Luis Moreno","Low","110000.00","COL-04","Tomas Okafor","Commercial","NET60","60","0.00","2025-11-25","2026-01-24","6655.58","0.00","0.00","0.00","0.00","6655.58","0.00","1","0","-24","1","Current","0.00","0",""
"INV-028476","C0229","Pioneer Medical Center","Institutional","Northeast","Nadia Farouk","Low","85000.00","COL-03","Elena Ruiz","Commercial","NET60","60","0.00","2025-11-25","2026-01-24","1050.18","0.00","0.00","0.00","0.00","1050.18","0.00","1","0","-24","1","Current","0.00","0",""
"INV-028477","C0230","Frontier University Facilities - Southwest 3","Institutional","Southwest","Kevin Ames","Low","70000.00","COL-03","Elena Ruiz","Commercial","NET90","90","0.00","2025-11-25","2026-02-23","1104.17","0.00","0.00","0.00","0.00","1104.17","0.00","1","0","-54","1","Current","0.00","0",""
"INV-028478","C0240","Summit Contracting","Contractor","West","Maya Brennan","Medium","50000.00","COL-04","Tomas Okafor","Commercial","NET60","60","0.00","2025-11-25","2026-01-24","958.28","0.00","0.00","0.00","0.00","958.28","0.00","1","0","-24","1","Current","0.00","0",""
"INV-028479","C0242","Silverline Parts & Service","MRO Reseller","Southeast","Luis Moreno","Low","120000.00","COL-06","Sam Horowitz","Small Business","NET30","30","0.00","2025-11-25","2025-12-25","4084.12","0.00","0.00","0.00","0.00","4084.12","0.00","1","1","6","2","1-30","0.25","0",""
"INV-028481","C0246","Lakeshore Industrial Supply","MRO Reseller","Southeast","Luis Moreno","Low","90000.00","COL-06","Sam Horowitz","Small Business","NET30","30","0.00","2025-11-25","2025-12-25","1030.45","0.00","0.00","0.00","0.00","1030.45","0.00","1","1","6","2","1-30","0.25","0",""
"INV-028482","C0252","Ironbridge School District","Institutional","Midwest","Hana Sato","Low","70000.00","COL-04","Tomas Okafor","Commercial","NET90","90","0.00","2025-11-25","2026-02-23","5919.49","0.00","0.00","0.00","0.00","5919.49","0.00","1","0","-54","1","Current","0.00","0",""
"INV-028483","C0253","Summit Industrial Supply","MRO Reseller","Southwest","Kevin Ames","High","55000.00","COL-06","Sam Horowitz","Small Business","NET30","30","0.00","2025-11-25","2025-12-25","3771.78","0.00","0.00","0.00","0.00","3771.78","0.00","1","1","6","2","1-30","0.25","0",""
"INV-028484","C0255","Riverbend Fabrication","OEM Manufacturer","Southwest","Rosa Delgado","Low","245000.00","COL-02","Marcus Bell","Strategic Accounts","NET60","60","0.00","2025-11-25","2026-01-24","1892.36","0.00","0.00","0.00","0.00","1892.36","0.00","1","0","-24","1","Current","0.00","0",""
"INV-028485","C0275","Cedar Ridge Machine Works - Southwest","OEM Manufacturer","Southwest","Rosa Delgado","High","535000.00","COL-01","Priya Natarajan","Strategic Accounts","NET60","60","0.00","2025-11-25","2026-01-24","3456.60","0.00","0.00","0.00","0.00","3456.60","0.00","1","0","-24","1","Current","0.00","0",""
"INV-028486","C0279","Ironbridge Medical Center - Northeast","Institutional","Northeast","Nadia Farouk","Low","155000.00","COL-02","Marcus Bell","Strategic Accounts","NET90","90","0.00","2025-11-25","2026-02-23","2277.18","0.00","0.00","0.00","0.00","2277.18","0.00","1","0","-54","1","Current","0.00","0",""
"INV-028487","C0280","Apex Mechanical - West","Contractor","West","Maya Brennan","Medium","120000.00","COL-03","Elena Ruiz","Commercial","NET60","60","0.00","2025-11-25","2026-01-24","1064.27","0.00","0.00","0.00","0.00","1064.27","0.00","1","0","-24","1","Current","0.00","0",""
"INV-028488","C0283","Apex Industries","OEM Manufacturer","Midwest","Hana Sato","Low","390000.00","COL-01","Priya Natarajan","Strategic Accounts","NET60","60","0.00","2025-11-25","2026-01-24","17733.31","0.00","0.00","0.00","0.00","17733.31","0.00","1","0","-24","1","Current","0.00","0",""
"INV-028489","C0287","Redline University Facilities - Southwest 4","Institutional","Southwest","Kevin Ames","Low","155000.00","COL-02","Marcus Bell","Strategic Accounts","NET90","90","0.00","2025-11-25","2026-02-23","1297.16","0.00","0.00","0.00","0.00","1297.16","0.00","1","0","-54","1","Current","0.00","0",""
"INV-028490","C0295","Ironbridge Maintenance Supply","MRO Reseller","Northeast","Nadia Farouk","Low","85000.00","COL-06","Sam Horowitz","Small Business","2/10NET30","30","2.00","2025-11-25","2025-12-25","3053.68","0.00","0.00","0.00","0.00","3053.68","0.00","1","1","6","2","1-30","0.25","1","Duplicate Billing"
"INV-028491","C0296","Crestview Manufacturing","OEM Manufacturer","Midwest","Ben Kowalczyk","Medium","590000.00","COL-01","Priya Natarajan","Strategic Accounts","NET45","45","0.00","2025-11-25","2026-01-09","2444.92","0.00","0.00","0.00","0.00","2444.92","0.00","1","0","-9","1","Current","0.00","0",""
"INV-028494","C0340","Bluewater Contracting","Contractor","West","Owen Price","Low","125000.00","COL-04","Tomas Okafor","Commercial","NET60","60","0.00","2025-11-25","2026-01-24","4075.89","0.00","0.00","0.00","0.00","4075.89","0.00","1","0","-24","1","Current","0.00","0",""
"INV-028495","C0349","Granite Manufacturing","OEM Manufacturer","Northeast","Nadia Farouk","High","490000.00","COL-02","Marcus Bell","Strategic Accounts","NET60","60","0.00","2025-11-25","2026-01-24","4719.40","0.00","0.00","0.00","0.00","4719.40","0.00","1","0","-24","1","Current","0.00","0",""
"INV-028496","C0351","Ironbridge Components","OEM Manufacturer","Midwest","Hana Sato","High","450000.00","COL-01","Priya Natarajan","Strategic Accounts","NET45","45","0.00","2025-11-25","2026-01-09","7161.51","0.00","0.00","0.00","0.00","7161.51","0.00","1","0","-9","1","Current","0.00","1","Pricing"
"INV-028497","C0375","Harbor Water Authority - Southwest","Institutional","Southwest","Kevin Ames","Low","90000.00","COL-03","Elena Ruiz","Commercial","NET90","90","0.00","2025-11-25","2026-02-23","1232.24","0.00","0.00","0.00","0.00","1232.24","0.00","1","0","-54","1","Current","0.00","0",""
"INV-028498","C0381","Redline Electric","Contractor","Northeast","Adrian Cole","Medium","60000.00","COL-03","Elena Ruiz","Commercial","NET30","30","0.00","2025-11-25","2025-12-25","1413.07","0.00","0.00","0.00","0.00","1413.07","0.00","1","1","6","2","1-30","0.25","0",""
"INV-028499","C0384","Riverbend Industries - Southeast","OEM Manufacturer","Southeast","Luis Moreno","Low","370000.00","COL-01","Priya Natarajan","Strategic Accounts","NET60","60","0.00","2025-11-25","2026-01-24","2026.00","0.00","0.00","0.00","0.00","2026.00","0.00","1","0","-24","1","Current","0.00","0",""
"INV-028500","C0386","Bluewater Electric","Contractor","West","Maya Brennan","High","100000.00","COL-03","Elena Ruiz","Commercial","NET60","60","0.00","2025-11-25","2026-01-24","1556.53","0.00","0.00","0.00","0.00","1556.53","0.00","1","0","-24","1","Current","0.00","0",""
"INV-028501","C0006","Pioneer Maintenance Supply","MRO Reseller","Northeast","Adrian Cole","Medium","30000.00","COL-05","Grace Lindqvist","Small Business","NET30","30","0.00","2025-11-26","2025-12-26","2282.60","0.00","0.00","0.00","0.00","2282.60","0.00","1","1","5","2","1-30","0.25","0",""
"INV-028502","C0009","Ironbridge Fabrication","OEM Manufacturer","Northeast","Nadia Farouk","Medium","590000.00","COL-02","Marcus Bell","Strategic Accounts","NET45","45","0.00","2025-11-26","2026-01-10","4088.49","0.00","0.00","0.00","0.00","4088.49","0.00","1","0","-10","1","Current","0.00","0",""
"INV-028503","C0014","Riverbend MRO Services","MRO Reseller","Southwest","Rosa Delgado","Medium","105000.00","COL-06","Sam Horowitz","Small Business","NET30","30","0.00","2025-11-26","2025-12-26","1880.48","0.00","0.00","0.00","0.00","1880.48","0.00","1","1","5","2","1-30","0.25","0",""
"INV-028504","C0017","Silverline Fabrication","OEM Manufacturer","Southwest","Kevin Ames","Low","500000.00","COL-01","Priya Natarajan","Strategic Accounts","NET45","45","0.00","2025-11-26","2026-01-10","14185.06","0.00","0.00","0.00","0.00","14185.06","0.00","1","0","-10","1","Current","0.00","0",""
"INV-028505","C0036","Harbor Builders - West","Contractor","West","Owen Price","Low","145000.00","COL-03","Elena Ruiz","Commercial","NET60","60","0.00","2025-11-26","2026-01-25","810.84","0.00","0.00","0.00","0.00","810.84","0.00","1","0","-25","1","Current","0.00","1","Pricing"
"INV-028508","C0054","Titan Manufacturing","OEM Manufacturer","Midwest","Hana Sato","Medium","510000.00","COL-01","Priya Natarajan","Strategic Accounts","NET60","60","0.00","2025-11-26","2026-01-25","1733.27","0.00","0.00","0.00","0.00","1733.27","0.00","1","0","-25","1","Current","0.00","0",""
"INV-028509","C0068","Harbor Industries","OEM Manufacturer","Southwest","Rosa Delgado","High","600000.00","COL-01","Priya Natarajan","Strategic Accounts","NET60","60","0.00","2025-11-26","2026-01-25","11679.69","0.00","0.00","0.00","0.00","11679.69","0.00","1","0","-25","1","Current","0.00","0",""
"INV-028511","C0078","Westbrook Maintenance Supply","MRO Reseller","Midwest","Ben Kowalczyk","Medium","120000.00","COL-06","Sam Horowitz","Small Business","2/10NET30","30","2.00","2025-11-26","2025-12-26","1005.17","0.00","0.00","0.00","0.00","1005.17","0.00","1","1","5","2","1-30","0.25","0",""
"INV-028513","C0084","Granite Construction","Contractor","Southwest","Rosa Delgado","Medium","145000.00","COL-03","Elena Ruiz","Commercial","2/10NET30","30","2.00","2025-11-26","2025-12-26","2965.22","0.00","0.00","0.00","0.00","2965.22","0.00","1","1","5","2","1-30","0.25","0",""
"INV-028516","C0098","Summit Mechanical - Southeast","Contractor","Southeast","Dana Whitfield","Medium","50000.00","COL-04","Tomas Okafor","Commercial","NET30","30","0.00","2025-11-26","2025-12-26","3504.13","0.00","0.00","0.00","0.00","3504.13","0.00","1","1","5","2","1-30","0.25","0",""
"INV-028517","C0111","Harbor Manufacturing","OEM Manufacturer","West","Owen Price","Medium","405000.00","COL-02","Marcus Bell","Strategic Accounts","NET45","45","0.00","2025-11-26","2026-01-10","7319.86","0.00","0.00","0.00","0.00","7319.86","0.00","1","0","-10","1","Current","0.00","0",""
"INV-028518","C0112","Ironbridge Fabrication - Midwest","OEM Manufacturer","Midwest","Hana Sato","Low","385000.00","COL-02","Marcus Bell","Strategic Accounts","NET60","60","0.00","2025-11-26","2026-01-25","13344.36","0.00","0.00","0.00","0.00","13344.36","0.00","1","0","-25","1","Current","0.00","0",""
"INV-028519","C0122","Frontier Fabrication - Northeast","OEM Manufacturer","Northeast","Adrian Cole","Low","435000.00","COL-01","Priya Natarajan","Strategic Accounts","NET45","45","0.00","2025-11-26","2026-01-10","2178.83","0.00","0.00","0.00","0.00","2178.83","0.00","1","0","-10","1","Current","0.00","0",""
"INV-028520","C0123","Redline Mechanical","Contractor","Northeast","Nadia Farouk","Low","80000.00","COL-04","Tomas Okafor","Commercial","NET30","30","0.00","2025-11-26","2025-12-26","922.45","0.00","0.00","0.00","0.00","922.45","0.00","1","1","5","2","1-30","0.25","0",""
"INV-028522","C0136","Crestview Industrial Supply - West","MRO Reseller","West","Maya Brennan","High","65000.00","COL-05","Grace Lindqvist","Small Business","NET30","30","0.00","2025-11-26","2025-12-26","2737.54","0.00","0.00","0.00","0.00","2737.54","0.00","1","1","5","2","1-30","0.25","0",""
"INV-028524","C0171","Silverline Maintenance Supply - Southwest","MRO Reseller","Southwest","Kevin Ames","Medium","110000.00","COL-06","Sam Horowitz","Small Business","NET30","30","0.00","2025-11-26","2025-12-26","2354.69","0.00","0.00","0.00","0.00","2354.69","0.00","1","1","5","2","1-30","0.25","0",""
"INV-028526","C0179","Riverbend Supply Co.","MRO Reseller","Midwest","Hana Sato","Medium","75000.00","COL-06","Sam Horowitz","Small Business","2/10NET30","30","2.00","2025-11-26","2025-12-26","1356.38","0.00","0.00","0.00","0.00","1356.38","0.00","1","1","5","2","1-30","0.25","0",""
"INV-028527","C0183","Oakmont Maintenance Supply","MRO Reseller","West","Maya Brennan","High","100000.00","COL-05","Grace Lindqvist","Small Business","NET30","30","0.00","2025-11-26","2025-12-26","806.38","0.00","0.00","0.00","0.00","806.38","0.00","1","1","5","2","1-30","0.25","0",""
"INV-028530","C0190","Harbor Fabrication","OEM Manufacturer","West","Owen Price","Medium","580000.00","COL-01","Priya Natarajan","Strategic Accounts","NET45","45","0.00","2025-11-26","2026-01-10","7326.88","0.00","0.00","0.00","0.00","7326.88","0.00","1","0","-10","1","Current","0.00","0",""
"INV-028531","C0197","Harbor Machine Works - Southwest 3","OEM Manufacturer","Southwest","Kevin Ames","Low","470000.00","COL-01","Priya Natarajan","Strategic Accounts","NET60","60","0.00","2025-11-26","2026-01-25","1739.97","0.00","0.00","0.00","0.00","1739.97","0.00","1","0","-25","1","Current","0.00","0",""
"INV-028532","C0211","Ironbridge Builders","Contractor","West","Owen Price","Low","85000.00","COL-04","Tomas Okafor","Commercial","NET60","60","0.00","2025-11-26","2026-01-25","8353.51","0.00","0.00","0.00","0.00","8353.51","0.00","1","0","-25","1","Current","0.00","0",""
"INV-028534","C0225","Titan Parts & Service","MRO Reseller","Midwest","Ben Kowalczyk","High","50000.00","COL-06","Sam Horowitz","Small Business","2/10NET30","30","2.00","2025-11-26","2025-12-26","1250.26","0.00","0.00","0.00","0.00","1250.26","0.00","1","1","5","2","1-30","0.25","0",""
"INV-028536","C0250","Northfield Builders - Northeast 3","Contractor","Northeast","Nadia Farouk","Low","40000.00","COL-04","Tomas Okafor","Commercial","NET30","30","0.00","2025-11-26","2025-12-26","4570.38","0.00","0.00","0.00","0.00","4570.38","0.00","1","1","5","2","1-30","0.25","0",""
"INV-028537","C0253","Summit Industrial Supply","MRO Reseller","Southwest","Kevin Ames","High","55000.00","COL-06","Sam Horowitz","Small Business","NET30","30","0.00","2025-11-26","2025-12-26","3035.83","0.00","0.00","0.00","0.00","3035.83","0.00","1","1","5","2","1-30","0.25","0",""
"INV-028539","C0267","Redline Manufacturing - Southwest","OEM Manufacturer","Southwest","Rosa Delgado","Low","420000.00","COL-02","Marcus Bell","Strategic Accounts","NET60","60","0.00","2025-11-26","2026-01-25","6381.45","0.00","0.00","0.00","0.00","6381.45","0.00","1","0","-25","1","Current","0.00","0",""
"INV-028540","C0296","Crestview Manufacturing","OEM Manufacturer","Midwest","Ben Kowalczyk","Medium","590000.00","COL-01","Priya Natarajan","Strategic Accounts","NET45","45","0.00","2025-11-26","2026-01-10","6893.13","0.00","0.00","0.00","0.00","6893.13","0.00","1","0","-10","1","Current","0.00","0",""
"INV-028541","C0306","Apex Builders - Southwest 3","Contractor","Southwest","Rosa Delgado","Low","90000.00","COL-04","Tomas Okafor","Commercial","NET60","60","0.00","2025-11-26","2025-12-06","4812.78","0.00","0.00","0.00","0.00","4812.78","0.00","1","1","25","2","1-30","0.25","0",""
"INV-028543","C0320","Riverbend Fabrication - West","OEM Manufacturer","West","Owen Price","Medium","155000.00","COL-02","Marcus Bell","Strategic Accounts","NET45","45","0.00","2025-11-26","2026-01-10","13530.48","0.00","0.00","0.00","0.00","13530.48","0.00","1","0","-10","1","Current","0.00","0",""
"INV-028544","C0326","Pioneer Manufacturing","OEM Manufacturer","Northeast","Adrian Cole","Low","315000.00","COL-01","Priya Natarajan","Strategic Accounts","NET45","45","0.00","2025-11-26","2026-01-10","6597.44","0.00","0.00","0.00","0.00","6597.44","0.00","1","0","-10","1","Current","0.00","0",""
"INV-028545","C0328","Westbrook Industries","OEM Manufacturer","Midwest","Ben Kowalczyk","Low","590000.00","COL-01","Priya Natarajan","Strategic Accounts","NET45","45","0.00","2025-11-26","2026-01-10","2236.10","0.00","0.00","0.00","0.00","2236.10","0.00","1","0","-10","1","Current","0.00","0",""
"INV-028546","C0333","Oakmont Maintenance Supply - Southwest","MRO Reseller","Southwest","Kevin Ames","Medium","75000.00","COL-05","Grace Lindqvist","Small Business","NET30","30","0.00","2025-11-26","2025-12-26","610.76","0.00","0.00","0.00","0.00","610.76","0.00","1","1","5","2","1-30","0.25","0",""
"INV-028547","C0338","Crestview Supply Co. - Southeast","MRO Reseller","Southeast","Luis Moreno","Medium","50000.00","COL-05","Grace Lindqvist","Small Business","NET30","30","0.00","2025-11-26","2025-12-26","777.19","0.00","0.00","0.00","0.00","777.19","0.00","1","1","5","2","1-30","0.25","0",""
"INV-028548","C0349","Granite Manufacturing","OEM Manufacturer","Northeast","Nadia Farouk","High","490000.00","COL-02","Marcus Bell","Strategic Accounts","NET60","60","0.00","2025-11-26","2026-01-25","4680.47","0.00","0.00","0.00","0.00","4680.47","0.00","1","0","-25","1","Current","0.00","0",""
"INV-028549","C0350","Crestview Industries","OEM Manufacturer","West","Owen Price","Low","335000.00","COL-02","Marcus Bell","Strategic Accounts","NET45","45","0.00","2025-11-26","2026-01-10","1975.70","0.00","0.00","0.00","0.00","1975.70","0.00","1","0","-10","1","Current","0.00","0",""
"INV-028550","C0354","Westbrook Supply Co. - Southeast","MRO Reseller","Southeast","Luis Moreno","High","25000.00","COL-05","Grace Lindqvist","Small Business","2/10NET30","30","2.00","2025-11-26","2025-12-26","3280.77","0.00","0.00","0.00","0.00","3280.77","0.00","1","1","5","2","1-30","0.25","0",""
"INV-028551","C0369","Lakeshore Components","OEM Manufacturer","Midwest","Hana Sato","High","545000.00","COL-02","Marcus Bell","Strategic Accounts","NET60","60","0.00","2025-11-26","2026-01-25","17669.63","0.00","0.00","0.00","0.00","17669.63","0.00","1","0","-25","1","Current","0.00","0",""
"INV-028552","C0374","Bluewater University Facilities - West","Institutional","West","Maya Brennan","Low","135000.00","COL-03","Elena Ruiz","Commercial","NET60","60","0.00","2025-11-26","2026-01-25","8519.38","0.00","0.00","0.00","0.00","8519.38","0.00","1","0","-25","1","Current","0.00","0",""
"INV-028553","C0384","Riverbend Industries - Southeast","OEM Manufacturer","Southeast","Luis Moreno","Low","370000.00","COL-01","Priya Natarajan","Strategic Accounts","NET60","60","0.00","2025-11-26","2026-01-25","15363.48","0.00","0.00","0.00","0.00","15363.48","0.00","1","0","-25","1","Current","0.00","0",""
"INV-028554","C0390","Titan Mechanical","Contractor","West","Owen Price","Low","135000.00","COL-03","Elena Ruiz","Commercial","NET60","60","0.00","2025-11-26","2026-01-25","1836.74","0.00","0.00","0.00","0.00","1836.74","0.00","1","0","-25","1","Current","0.00","0",""
"INV-028556","C0393","Silverline Components - West 3","OEM Manufacturer","West","Owen Price","Low","415000.00","COL-01","Priya Natarajan","Strategic Accounts","NET45","45","0.00","2025-11-26","2026-01-10","1719.79","0.00","0.00","0.00","0.00","1719.79","0.00","1","0","-10","1","Current","0.00","0",""
"INV-028557","C0399","Riverbend Electric - West 5","Contractor","West","Maya Brennan","Medium","110000.00","COL-03","Elena Ruiz","Commercial","NET60","60","0.00","2025-11-26","2026-01-25","1269.01","0.00","0.00","0.00","0.00","1269.01","0.00","1","0","-25","1","Current","0.00","0",""
"INV-028558","C0026","Northfield Components","OEM Manufacturer","Northeast","Nadia Farouk","Low","550000.00","COL-01","Priya Natarajan","Strategic Accounts","NET45","45","0.00","2025-11-27","2026-01-11","7130.59","0.00","0.00","0.00","0.00","7130.59","0.00","1","0","-11","1","Current","0.00","0",""
"INV-028559","C0034","Crestview Contracting","Contractor","Southwest","Rosa Delgado","Low","75000.00","COL-04","Tomas Okafor","Commercial","NET60","60","0.00","2025-11-27","2026-01-26","831.71","0.00","0.00","0.00","0.00","831.71","0.00","1","0","-26","1","Current","0.00","1","PO Mismatch"
"INV-028560","C0036","Harbor Builders - West","Contractor","West","Owen Price","Low","145000.00","COL-03","Elena Ruiz","Commercial","NET60","60","0.00","2025-11-27","2026-01-26","2484.42","0.00","0.00","0.00","0.00","2484.42","0.00","1","0","-26","1","Current","0.00","0",""
"INV-028561","C0037","Westbrook Builders","Contractor","Southeast","Luis Moreno","High","40000.00","COL-04","Tomas Okafor","Commercial","2/10NET30","30","2.00","2025-11-27","2025-12-27","5927.02","0.00","0.00","0.00","0.00","5927.02","0.00","1","1","4","2","1-30","0.25","0",""
"INV-028563","C0055","Silverline Components","OEM Manufacturer","Midwest","Ben Kowalczyk","Low","440000.00","COL-01","Priya Natarajan","Strategic Accounts","NET45","45","0.00","2025-11-27","2026-01-11","1664.82","0.00","0.00","0.00","0.00","1664.82","0.00","1","0","-11","1","Current","0.00","0",""
"INV-028564","C0059","Apex Mechanical","Contractor","Midwest","Ben Kowalczyk","High","150000.00","COL-02","Marcus Bell","Strategic Accounts","NET30","30","0.00","2025-11-27","2025-12-27","1100.04","0.00","0.00","0.00","0.00","1100.04","0.00","1","1","4","2","1-30","0.25","0",""
"INV-028565","C0063","Oakmont Medical Center","Institutional","Midwest","Hana Sato","Low","210000.00","COL-01","Priya Natarajan","Strategic Accounts","NET90","90","0.00","2025-11-27","2026-02-25","1205.07","0.00","0.00","0.00","0.00","1205.07","0.00","1","0","-56","1","Current","0.00","0",""
"INV-028566","C0066","Summit Industries","OEM Manufacturer","Midwest","Ben Kowalczyk","Medium","385000.00","COL-02","Marcus Bell","Strategic Accounts","NET60","60","0.00","2025-11-27","2026-01-26","6837.82","0.00","0.00","0.00","0.00","6837.82","0.00","1","0","-26","1","Current","0.00","0",""
"INV-028567","C0068","Harbor Industries","OEM Manufacturer","Southwest","Rosa Delgado","High","600000.00","COL-01","Priya Natarajan","Strategic Accounts","NET60","60","0.00","2025-11-27","2026-01-26","6026.37","0.00","0.00","0.00","0.00","6026.37","0.00","1","0","-26","1","Current","0.00","0",""
"INV-028569","C0073","Lakeshore Manufacturing","OEM Manufacturer","Northeast","Adrian Cole","High","300000.00","COL-01","Priya Natarajan","Strategic Accounts","NET45","45","0.00","2025-11-27","2026-01-11","4505.46","0.00","0.00","0.00","0.00","4505.46","0.00","1","0","-11","1","Current","0.00","0",""
"INV-028570","C0074","Frontier Fabrication","OEM Manufacturer","Southeast","Dana Whitfield","Medium","600000.00","COL-01","Priya Natarajan","Strategic Accounts","NET45","45","0.00","2025-11-27","2026-01-11","5476.25","0.00","0.00","0.00","0.00","5476.25","0.00","1","0","-11","1","Current","0.00","1","Short Shipment"
"INV-028573","C0091","Redline School District","Institutional","Northeast","Adrian Cole","Low","95000.00","COL-03","Elena Ruiz","Commercial","NET60","60","0.00","2025-11-27","2026-01-26","3251.62","0.00","0.00","0.00","0.00","3251.62","0.00","1","0","-26","1","Current","0.00","0",""
"INV-028579","C0130","Keystone Mechanical","Contractor","Southeast","Dana Whitfield","Low","140000.00","COL-04","Tomas Okafor","Commercial","NET30","30","0.00","2025-11-27","2025-12-27","1658.94","0.00","0.00","0.00","0.00","1658.94","0.00","1","1","4","2","1-30","0.25","0",""
"INV-028580","C0132","Keystone Contracting","Contractor","West","Maya Brennan","High","105000.00","COL-04","Tomas Okafor","Commercial","NET60","60","0.00","2025-11-27","2026-01-26","2525.26","0.00","0.00","0.00","0.00","2525.26","0.00","1","0","-26","1","Current","0.00","0",""
"INV-028582","C0163","Keystone Fabrication","OEM Manufacturer","Midwest","Ben Kowalczyk","Medium","600000.00","COL-01","Priya Natarajan","Strategic Accounts","NET60","60","0.00","2025-11-27","2026-01-26","1692.06","0.00","0.00","0.00","0.00","1692.06","0.00","1","0","-26","1","Current","0.00","0",""
"INV-028583","C0195","Redline Manufacturing","OEM Manufacturer","Southwest","Kevin Ames","Medium","360000.00","COL-01","Priya Natarajan","Strategic Accounts","NET60","60","0.00","2025-11-27","2026-01-26","1771.66","0.00","0.00","0.00","0.00","1771.66","0.00","1","0","-26","1","Current","0.00","0",""
"INV-028584","C0204","Cedar Ridge Builders","Contractor","West","Owen Price","Low","50000.00","COL-04","Tomas Okafor","Commercial","NET60","60","0.00","2025-11-27","2026-01-26","800.97","0.00","0.00","0.00","0.00","800.97","0.00","1","0","-26","1","Current","0.00","0",""
"INV-028586","C0231","Silverline Components - Northeast","OEM Manufacturer","Northeast","Adrian Cole","Medium","305000.00","COL-01","Priya Natarajan","Strategic Accounts","NET60","60","0.00","2025-11-27","2026-01-26","15036.03","0.00","0.00","0.00","0.00","15036.03","0.00","1","0","-26","1","Current","0.00","0",""
"INV-028590","C0243","Cedar Ridge MRO Services - Southeast","MRO Reseller","Southeast","Luis Moreno","Low","55000.00","COL-05","Grace Lindqvist","Small Business","NET30","30","0.00","2025-11-27","2025-12-27","840.46","0.00","0.00","0.00","0.00","840.46","0.00","1","1","4","2","1-30","0.25","0",""
"INV-028591","C0264","Crestview Electric - Midwest","Contractor","Midwest","Hana Sato","Low","65000.00","COL-03","Elena Ruiz","Commercial","NET30","30","0.00","2025-11-27","2025-12-27","1499.82","0.00","0.00","0.00","0.00","1499.82","0.00","1","1","4","2","1-30","0.25","0",""
"INV-028592","C0273","Oakmont Fabrication","OEM Manufacturer","Southeast","Dana Whitfield","Medium","395000.00","COL-01","Priya Natarajan","Strategic Accounts","NET45","45","0.00","2025-11-27","2026-01-11","15376.88","0.00","0.00","0.00","0.00","15376.88","0.00","1","0","-11","1","Current","0.00","0",""
"INV-028593","C0281","Westbrook Fabrication","OEM Manufacturer","Midwest","Hana Sato","Low","510000.00","COL-02","Marcus Bell","Strategic Accounts","NET60","60","0.00","2025-11-27","2026-01-26","4226.26","0.00","0.00","0.00","0.00","4226.26","0.00","1","0","-26","1","Current","0.00","0",""
"INV-028594","C0296","Crestview Manufacturing","OEM Manufacturer","Midwest","Ben Kowalczyk","Medium","590000.00","COL-01","Priya Natarajan","Strategic Accounts","NET45","45","0.00","2025-11-27","2026-01-11","2048.88","0.00","0.00","0.00","0.00","2048.88","0.00","1","0","-11","1","Current","0.00","0",""
"INV-028595","C0306","Apex Builders - Southwest 3","Contractor","Southwest","Rosa Delgado","Low","90000.00","COL-04","Tomas Okafor","Commercial","NET60","60","0.00","2025-11-27","2026-01-26","7358.03","0.00","0.00","0.00","0.00","7358.03","0.00","1","0","-26","1","Current","0.00","0",""
"INV-028596","C0323","Titan Parts & Service - Southwest 3","MRO Reseller","Southwest","Kevin Ames","Low","30000.00","COL-05","Grace Lindqvist","Small Business","NET30","30","0.00","2025-11-27","2025-12-27","4907.03","2944.22","0.00","0.00","0.00","1962.81","0.00","1","1","4","2","1-30","0.25","0",""
"INV-028597","C0327","Ironbridge Water Authority","Institutional","Midwest","Ben Kowalczyk","Low","195000.00","COL-01","Priya Natarajan","Strategic Accounts","NET90","90","0.00","2025-11-27","2026-02-25","1473.98","0.00","0.00","0.00","0.00","1473.98","0.00","1","0","-56","1","Current","0.00","0",""
"INV-028598","C0328","Westbrook Industries","OEM Manufacturer","Midwest","Ben Kowalczyk","Low","590000.00","COL-01","Priya Natarajan","Strategic Accounts","NET45","45","0.00","2025-11-27","2026-01-11","1633.81","0.00","0.00","0.00","0.00","1633.81","0.00","1","0","-11","1","Current","0.00","0",""
"INV-028599","C0331","Stonegate School District","Institutional","West","Owen Price","Low","190000.00","COL-01","Priya Natarajan","Strategic Accounts","NET90","90","0.00","2025-11-27","2026-02-25","1277.43","0.00","0.00","0.00","0.00","1277.43","0.00","1","0","-56","1","Current","0.00","0",""
"INV-028600","C0338","Crestview Supply Co. - Southeast","MRO Reseller","Southeast","Luis Moreno","Medium","50000.00","COL-05","Grace Lindqvist","Small Business","NET30","30","0.00","2025-11-27","2025-12-27","2812.60","0.00","0.00","0.00","0.00","2812.60","0.00","1","1","4","2","1-30","0.25","0",""
"INV-028601","C0341","Summit Supply Co. - Southeast","MRO Reseller","Southeast","Dana Whitfield","Medium","110000.00","COL-05","Grace Lindqvist","Small Business","NET30","30","0.00","2025-11-27","2025-12-27","4583.62","0.00","0.00","0.00","0.00","4583.62","0.00","1","1","4","2","1-30","0.25","0",""
"INV-028602","C0342","Titan Medical Center","Institutional","Midwest","Ben Kowalczyk","Medium","160000.00","COL-01","Priya Natarajan","Strategic Accounts","NET60","60","0.00","2025-11-27","2026-01-26","2985.58","0.00","0.00","0.00","0.00","2985.58","0.00","1","0","-26","1","Current","0.00","0",""
"INV-028603","C0353","Summit Mechanical - Southwest 3","Contractor","Southwest","Rosa Delgado","High","150000.00","COL-01","Priya Natarajan","Strategic Accounts","2/10NET30","30","2.00","2025-11-27","2025-12-27","7757.69","0.00","0.00","0.00","0.00","7757.69","0.00","1","1","4","2","1-30","0.25","0",""
"INV-028604","C0356","Stonegate University Facilities - Midwest 3","Institutional","Midwest","Ben Kowalczyk","Low","145000.00","COL-03","Elena Ruiz","Commercial","NET90","90","0.00","2025-11-27","2026-02-25","4637.03","0.00","0.00","0.00","0.00","4637.03","0.00","1","0","-56","1","Current","0.00","0",""
"INV-028605","C0371","Pioneer Water Authority","Institutional","Southeast","Luis Moreno","Low","205000.00","COL-02","Marcus Bell","Strategic Accounts","NET90","90","0.00","2025-11-27","2026-02-25","8027.29","0.00","0.00","0.00","0.00","8027.29","0.00","1","0","-56","1","Current","0.00","0",""
"INV-028606","C0386","Bluewater Electric","Contractor","West","Maya Brennan","High","100000.00","COL-03","Elena Ruiz","Commercial","NET60","60","0.00","2025-11-27","2026-01-26","6370.28","0.00","0.00","0.00","0.00","6370.28","0.00","1","0","-26","1","Current","0.00","0",""
"INV-028607","C0389","Ironbridge Components - Southeast","OEM Manufacturer","Southeast","Dana Whitfield","Medium","590000.00","COL-02","Marcus Bell","Strategic Accounts","NET60","60","0.00","2025-11-27","2026-01-26","6204.90","0.00","0.00","0.00","0.00","6204.90","0.00","1","0","-26","1","Current","0.00","0",""
"INV-028608","C0001","Silverline MRO Services","MRO Reseller","Northeast","Adrian Cole","Medium","120000.00","COL-05","Grace Lindqvist","Small Business","NET30","30","0.00","2025-11-28","2025-12-28","1025.43","0.00","0.00","0.00","0.00","1025.43","0.00","1","1","3","2","1-30","0.25","0",""
"INV-028609","C0009","Ironbridge Fabrication","OEM Manufacturer","Northeast","Nadia Farouk","Medium","590000.00","COL-02","Marcus Bell","Strategic Accounts","NET45","45","0.00","2025-11-28","2026-01-12","15853.49","0.00","0.00","0.00","0.00","15853.49","0.00","1","0","-12","1","Current","0.00","0",""
"INV-028611","C0018","Redline Industries","OEM Manufacturer","Northeast","Nadia Farouk","Low","435000.00","COL-02","Marcus Bell","Strategic Accounts","NET45","45","0.00","2025-11-28","2026-01-12","13218.74","0.00","0.00","0.00","0.00","13218.74","0.00","1","0","-12","1","Current","0.00","0",""
"INV-028612","C0020","Cedar Ridge MRO Services","MRO Reseller","Northeast","Adrian Cole","Medium","45000.00","COL-05","Grace Lindqvist","Small Business","NET30","30","0.00","2025-11-28","2025-12-28","615.72","0.00","0.00","0.00","0.00","615.72","0.00","1","1","3","2","1-30","0.25","0",""
"INV-028613","C0023","Harbor Builders","Contractor","West","Owen Price","High","120000.00","COL-04","Tomas Okafor","Commercial","NET60","60","0.00","2025-11-28","2026-01-27","1912.63","0.00","0.00","0.00","0.00","1912.63","0.00","1","0","-27","1","Current","0.00","0",""
"INV-028614","C0038","Summit Fabrication","OEM Manufacturer","Northeast","Adrian Cole","High","430000.00","COL-01","Priya Natarajan","Strategic Accounts","NET45","45","0.00","2025-11-28","2026-01-12","3558.29","0.00","0.00","0.00","0.00","3558.29","0.00","1","0","-12","1","Current","0.00","0",""
"INV-028615","C0048","Stonegate Industries","OEM Manufacturer","Northeast","Nadia Farouk","Medium","415000.00","COL-01","Priya Natarajan","Strategic Accounts","NET45","45","0.00","2025-11-28","2026-01-12","9915.44","0.00","0.00","0.00","0.00","9915.44","0.00","1","0","-12","1","Current","0.00","0",""
"INV-028616","C0051","Silverline Builders","Contractor","West","Maya Brennan","Low","35000.00","COL-04","Tomas Okafor","Commercial","2/10NET30","30","2.00","2025-11-28","2025-12-28","6456.32","0.00","0.00","0.00","0.00","6456.32","0.00","1","1","3","2","1-30","0.25","0",""
"INV-028618","C0073","Lakeshore Manufacturing","OEM Manufacturer","Northeast","Adrian Cole","High","300000.00","COL-01","Priya Natarajan","Strategic Accounts","NET45","45","0.00","2025-11-28","2026-01-12","7003.64","0.00","0.00","0.00","0.00","7003.64","0.00","1","0","-12","1","Current","0.00","0",""
"INV-028619","C0094","Bluewater Industries - Southeast","OEM Manufacturer","Southeast","Dana Whitfield","Low","535000.00","COL-02","Marcus Bell","Strategic Accounts","NET45","45","0.00","2025-11-28","2026-01-12","2442.81","0.00","0.00","0.00","0.00","2442.81","0.00","1","0","-12","1","Current","0.00","0",""
"INV-028622","C0108","Cedar Ridge Construction - Southeast","Contractor","Southeast","Luis Moreno","Medium","135000.00","COL-03","Elena Ruiz","Commercial","NET30","30","0.00","2025-11-28","2025-12-28","8030.38","0.00","0.00","0.00","0.00","8030.38","0.00","1","1","3","2","1-30","0.25","0",""
"INV-028623","C0116","Lakeshore University Facilities","Institutional","West","Owen Price","Low","90000.00","COL-04","Tomas Okafor","Commercial","NET60","60","0.00","2025-11-28","2026-01-27","8577.07","0.00","0.00","0.00","0.00","8577.07","0.00","1","0","-27","1","Current","0.00","0",""
"INV-028624","C0128","Summit Builders","Contractor","Southwest","Kevin Ames","Low","125000.00","COL-03","Elena Ruiz","Commercial","NET60","60","0.00","2025-11-28","2026-01-27","2478.91","0.00","0.00","0.00","0.00","2478.91","0.00","1","0","-27","1","Current","0.00","0",""
"INV-028625","C0138","Ironbridge Mechanical - Midwest 4","Contractor","Midwest","Ben Kowalczyk","Low","140000.00","COL-04","Tomas Okafor","Commercial","NET30","30","0.00","2025-11-28","2025-12-28","931.61","0.00","0.00","0.00","0.00","931.61","0.00","1","1","3","2","1-30","0.25","1","Damaged Goods"
"INV-028626","C0145","Crestview Medical Center","Institutional","West","Maya Brennan","Low","120000.00","COL-04","Tomas Okafor","Commercial","NET90","90","0.00","2025-11-28","2026-02-26","1898.67","0.00","0.00","0.00","0.00","1898.67","0.00","1","0","-57","1","Current","0.00","0",""
"INV-028627","C0154","Frontier University Facilities - Southeast","Institutional","Southeast","Luis Moreno","Medium","160000.00","COL-01","Priya Natarajan","Strategic Accounts","NET60","60","0.00","2025-11-28","2026-01-27","2708.82","0.00","0.00","0.00","0.00","2708.82","0.00","1","0","-27","1","Current","0.00","0",""
"INV-028628","C0161","Titan Construction - Northeast","Contractor","Northeast","Nadia Farouk","Low","120000.00","COL-03","Elena Ruiz","Commercial","NET30","30","0.00","2025-11-28","2025-12-28","836.24","0.00","0.00","0.00","0.00","836.24","0.00","1","1","3","2","1-30","0.25","0",""
"INV-028629","C0162","Stonegate Builders","Contractor","Southwest","Kevin Ames","Medium","55000.00","COL-03","Elena Ruiz","Commercial","NET60","60","0.00","2025-11-28","2026-01-27","2550.85","0.00","0.00","0.00","0.00","2550.85","0.00","1","0","-27","1","Current","0.00","0",""
"INV-028630","C0169","Apex Components","OEM Manufacturer","Midwest","Ben Kowalczyk","Medium","290000.00","COL-02","Marcus Bell","Strategic Accounts","NET60","60","0.00","2025-11-28","2026-01-27","2175.03","0.00","0.00","0.00","0.00","2175.03","0.00","1","0","-27","1","Current","0.00","0",""
"INV-028631","C0172","Crestview Electric","Contractor","West","Owen Price","Medium","120000.00","COL-04","Tomas Okafor","Commercial","2/10NET30","30","2.00","2025-11-28","2025-12-28","5723.07","0.00","0.00","0.00","0.00","5723.07","0.00","1","1","3","2","1-30","0.25","0",""
"INV-028633","C0180","Titan Contracting","Contractor","Southwest","Kevin Ames","Low","25000.00","COL-03","Elena Ruiz","Commercial","NET60","60","0.00","2025-11-28","2026-01-27","7620.29","0.00","0.00","0.00","0.00","7620.29","0.00","1","0","-27","1","Current","0.00","0",""
"INV-028634","C0183","Oakmont Maintenance Supply","MRO Reseller","West","Maya Brennan","High","100000.00","COL-05","Grace Lindqvist","Small Business","NET30","30","0.00","2025-11-28","2025-12-28","683.29","0.00","0.00","0.00","0.00","683.29","0.00","1","1","3","2","1-30","0.25","0",""
"INV-028637","C0201","Titan Machine Works","OEM Manufacturer","Southwest","Kevin Ames","Low","525000.00","COL-02","Marcus Bell","Strategic Accounts","NET45","45","0.00","2025-11-28","2026-01-12","1626.96","0.00","0.00","0.00","0.00","1626.96","0.00","1","0","-12","1","Current","0.00","0",""
"INV-028638","C0209","Northfield Construction","Contractor","Midwest","Ben Kowalczyk","Low","95000.00","COL-03","Elena Ruiz","Commercial","NET30","30","0.00","2025-11-28","2025-12-28","1602.28","0.00","0.00","0.00","0.00","1602.28","0.00","1","1","3","2","1-30","0.25","0",""
"INV-028639","C0212","Westbrook Mechanical - Northeast","Contractor","Northeast","Adrian Cole","Medium","110000.00","COL-03","Elena Ruiz","Commercial","2/10NET30","30","2.00","2025-11-28","2025-12-28","3648.94","0.00","0.00","0.00","0.00","3648.94","0.00","1","1","3","2","1-30","0.25","0",""
"INV-028641","C0240","Summit Contracting","Contractor","West","Maya Brennan","Medium","50000.00","COL-04","Tomas Okafor","Commercial","NET60","60","0.00","2025-11-28","2026-01-27","4990.49","0.00","0.00","0.00","0.00","4990.49","0.00","1","0","-27","1","Current","0.00","0",""
"INV-028643","C0245","Ironbridge Industrial Supply - West","MRO Reseller","West","Owen Price","High","85000.00","COL-05","Grace Lindqvist","Small Business","2/10NET30","30","2.00","2025-11-28","2025-12-28","3538.72","0.00","0.00","0.00","0.00","3538.72","0.00","1","1","3","2","1-30","0.25","0",""
"INV-028644","C0251","Silverline Mechanical - Southwest","Contractor","Southwest","Kevin Ames","Low","140000.00","COL-04","Tomas Okafor","Commercial","NET60","60","0.00","2025-11-28","2026-01-27","941.83","0.00","0.00","0.00","0.00","941.83","0.00","1","0","-27","1","Current","0.00","0",""
"INV-028645","C0255","Riverbend Fabrication","OEM Manufacturer","Southwest","Rosa Delgado","Low","245000.00","COL-02","Marcus Bell","Strategic Accounts","NET60","60","0.00","2025-11-28","2026-01-27","3233.05","0.00","0.00","0.00","0.00","3233.05","0.00","1","0","-27","1","Current","0.00","0",""
"INV-028646","C0289","Apex Builders - West","Contractor","West","Owen Price","Low","45000.00","COL-04","Tomas Okafor","Commercial","NET60","60","0.00","2025-11-28","2026-01-27","994.45","0.00","0.00","0.00","0.00","994.45","0.00","1","0","-27","1","Current","0.00","0",""
"INV-028647","C0291","Redline Contracting","Contractor","Southeast","Luis Moreno","Low","75000.00","COL-04","Tomas Okafor","Commercial","NET30","30","0.00","2025-11-28","2025-12-28","1384.50","0.00","0.00","0.00","0.00","1384.50","0.00","1","1","3","2","1-30","0.25","0",""
"INV-028648","C0298","Cedar Ridge Contracting - Northeast","Contractor","Northeast","Nadia Farouk","Low","150000.00","COL-01","Priya Natarajan","Strategic Accounts","NET30","30","0.00","2025-11-28","2025-12-28","1246.86","0.00","0.00","0.00","0.00","1246.86","0.00","1","1","3","2","1-30","0.25","0",""
"INV-028649","C0299","Silverline Industries","OEM Manufacturer","Southwest","Rosa Delgado","Low","405000.00","COL-02","Marcus Bell","Strategic Accounts","NET60","60","0.00","2025-11-28","2026-01-27","2746.94","0.00","0.00","0.00","0.00","2746.94","0.00","1","0","-27","1","Current","0.00","0",""
"INV-028650","C0305","Titan Fabrication","OEM Manufacturer","Northeast","Nadia Farouk","Low","340000.00","COL-02","Marcus Bell","Strategic Accounts","NET45","45","0.00","2025-11-28","2026-01-12","10566.01","0.00","0.00","0.00","0.00","10566.01","0.00","1","0","-12","1","Current","0.00","0",""
"INV-028651","C0310","Harbor Water Authority","Institutional","Midwest","Hana Sato","Low","170000.00","COL-01","Priya Natarajan","Strategic Accounts","NET90","90","0.00","2025-11-28","2026-02-26","10925.20","0.00","0.00","0.00","0.00","10925.20","0.00","1","0","-57","1","Current","0.00","0",""
"INV-028652","C0313","Oakmont Industrial Supply","MRO Reseller","Southeast","Dana Whitfield","Low","65000.00","COL-05","Grace Lindqvist","Small Business","NET30","30","0.00","2025-11-28","2025-12-28","2212.45","0.00","0.00","0.00","0.00","2212.45","0.00","1","1","3","2","1-30","0.25","0",""
"INV-028654","C0324","Pioneer Construction","Contractor","Southeast","Dana Whitfield","High","145000.00","COL-03","Elena Ruiz","Commercial","2/10NET30","30","2.00","2025-11-28","2025-12-28","2246.16","0.00","0.00","0.00","0.00","2246.16","0.00","1","1","3","2","1-30","0.25","0",""
"INV-028655","C0328","Westbrook Industries","OEM Manufacturer","Midwest","Ben Kowalczyk","Low","590000.00","COL-01","Priya Natarajan","Strategic Accounts","NET45","45","0.00","2025-11-28","2026-01-12","12655.27","0.00","0.00","0.00","0.00","12655.27","0.00","1","0","-12","1","Current","0.00","1","Pricing"
"INV-028659","C0359","Stonegate Fabrication - West","OEM Manufacturer","West","Maya Brennan","High","380000.00","COL-02","Marcus Bell","Strategic Accounts","NET60","60","0.00","2025-11-28","2026-01-27","1639.65","0.00","0.00","0.00","0.00","1639.65","0.00","1","0","-27","1","Current","0.00","0",""
"INV-028660","C0363","Granite Parts & Service - Midwest","MRO Reseller","Midwest","Ben Kowalczyk","High","70000.00","COL-05","Grace Lindqvist","Small Business","NET30","30","0.00","2025-11-28","2025-12-28","2399.96","0.00","0.00","0.00","0.00","2399.96","0.00","1","1","3","2","1-30","0.25","0",""
"INV-028661","C0367","Bluewater Parts & Service - Southeast 5","MRO Reseller","Southeast","Dana Whitfield","Medium","105000.00","COL-06","Sam Horowitz","Small Business","2/10NET30","30","2.00","2025-11-28","2025-12-28","3421.54","0.00","0.00","0.00","0.00","3421.54","0.00","1","1","3","2","1-30","0.25","0",""
"INV-028662","C0368","Stonegate Machine Works - West","OEM Manufacturer","West","Owen Price","Low","205000.00","COL-01","Priya Natarajan","Strategic Accounts","NET60","60","0.00","2025-11-28","2026-01-27","2266.21","0.00","0.00","0.00","0.00","2266.21","0.00","1","0","-27","1","Current","0.00","0",""
"INV-028663","C0380","Silverline Construction","Contractor","Southwest","Kevin Ames","Low","30000.00","COL-04","Tomas Okafor","Commercial","NET60","60","0.00","2025-11-28","2026-01-27","4428.14","0.00","0.00","664.22","0.00","3763.92","0.00","1","0","-27","1","Current","0.00","0","Short Shipment"
"INV-028664","C0384","Riverbend Industries - Southeast","OEM Manufacturer","Southeast","Luis Moreno","Low","370000.00","COL-01","Priya Natarajan","Strategic Accounts","NET60","60","0.00","2025-11-28","2026-01-27","3023.31","0.00","0.00","0.00","0.00","3023.31","0.00","1","0","-27","1","Current","0.00","0",""
"INV-028665","C0386","Bluewater Electric","Contractor","West","Maya Brennan","High","100000.00","COL-03","Elena Ruiz","Commercial","NET60","60","0.00","2025-11-28","2026-01-27","8153.01","0.00","0.00","0.00","0.00","8153.01","0.00","1","0","-27","1","Current","0.00","0",""
"INV-028666","C0389","Ironbridge Components - Southeast","OEM Manufacturer","Southeast","Dana Whitfield","Medium","590000.00","COL-02","Marcus Bell","Strategic Accounts","NET60","60","0.00","2025-11-28","2026-01-27","13442.83","0.00","0.00","0.00","0.00","13442.83","0.00","1","0","-27","1","Current","0.00","0",""
"INV-028667","C0391","Keystone MRO Services - Northeast","MRO Reseller","Northeast","Adrian Cole","Low","30000.00","COL-05","Grace Lindqvist","Small Business","NET30","30","0.00","2025-11-28","2025-12-28","2478.37","0.00","0.00","0.00","0.00","2478.37","0.00","1","1","3","2","1-30","0.25","0",""
"INV-028669","C0007","Cedar Ridge Industrial Supply","MRO Reseller","West","Owen Price","High","105000.00","COL-06","Sam Horowitz","Small Business","NET30","30","0.00","2025-12-01","2025-12-31","1013.97","0.00","0.00","0.00","0.00","1013.97","0.00","1","0","0","1","Current","0.00","0",""
"INV-028671","C0017","Silverline Fabrication","OEM Manufacturer","Southwest","Kevin Ames","Low","500000.00","COL-01","Priya Natarajan","Strategic Accounts","NET45","45","0.00","2025-12-01","2026-01-15","6245.08","0.00","0.00","0.00","0.00","6245.08","0.00","1","0","-15","1","Current","0.00","0",""
"INV-028672","C0021","Stonegate Electric","Contractor","Northeast","Nadia Farouk","Low","75000.00","COL-04","Tomas Okafor","Commercial","2/10NET30","30","2.00","2025-12-01","2025-12-31","923.64","0.00","0.00","0.00","0.00","923.64","0.00","1","0","0","1","Current","0.00","1","Short Shipment"
"INV-028673","C0025","Oakmont County Facilities","Institutional","West","Owen Price","Low","65000.00","COL-03","Elena Ruiz","Commercial","NET90","90","0.00","2025-12-01","2026-03-01","1591.18","0.00","0.00","0.00","0.00","1591.18","0.00","1","0","-60","1","Current","0.00","0",""
"INV-028674","C0026","Northfield Components","OEM Manufacturer","Northeast","Nadia Farouk","Low","550000.00","COL-01","Priya Natarajan","Strategic Accounts","NET45","45","0.00","2025-12-01","2026-01-15","5028.81","0.00","0.00","0.00","0.00","5028.81","0.00","1","0","-15","1","Current","0.00","0",""
"INV-028675","C0027","Oakmont Machine Works","OEM Manufacturer","Northeast","Nadia Farouk","Low","230000.00","COL-02","Marcus Bell","Strategic Accounts","NET45","45","0.00","2025-12-01","2026-01-15","2987.75","0.00","0.00","0.00","0.00","2987.75","0.00","1","0","-15","1","Current","0.00","1","Damaged Goods"
"INV-028676","C0029","Titan Maintenance Supply","MRO Reseller","Southeast","Luis Moreno","Medium","35000.00","COL-05","Grace Lindqvist","Small Business","NET30","30","0.00","2025-12-01","2025-12-31","2816.35","0.00","0.00","0.00","0.00","2816.35","0.00","1","0","0","1","Current","0.00","0",""
"INV-028677","C0031","Stonegate Machine Works","OEM Manufacturer","Northeast","Adrian Cole","Low","515000.00","COL-02","Marcus Bell","Strategic Accounts","NET60","60","0.00","2025-12-01","2025-12-11","3349.11","0.00","0.00","0.00","0.00","3349.11","0.00","1","1","20","2","1-30","0.25","0",""
"INV-028678","C0035","Summit Mechanical","Contractor","Northeast","Adrian Cole","Low","70000.00","COL-04","Tomas Okafor","Commercial","NET30","30","0.00","2025-12-01","2025-12-31","8537.12","0.00","0.00","0.00","0.00","8537.12","0.00","1","0","0","1","Current","0.00","0",""
"INV-028679","C0048","Stonegate Industries","OEM Manufacturer","Northeast","Nadia Farouk","Medium","415000.00","COL-01","Priya Natarajan","Strategic Accounts","NET45","45","0.00","2025-12-01","2026-01-15","7563.19","0.00","0.00","0.00","0.00","7563.19","0.00","1","0","-15","1","Current","0.00","0",""
"INV-028680","C0054","Titan Manufacturing","OEM Manufacturer","Midwest","Hana Sato","Medium","510000.00","COL-01","Priya Natarajan","Strategic Accounts","NET60","60","0.00","2025-12-01","2026-01-30","12190.73","0.00","0.00","0.00","0.00","12190.73","0.00","1","0","-30","1","Current","0.00","0",""
"INV-028681","C0057","Frontier School District","Institutional","Northeast","Nadia Farouk","Low","205000.00","COL-01","Priya Natarajan","Strategic Accounts","NET60","60","0.00","2025-12-01","2026-01-30","10445.63","0.00","0.00","0.00","0.00","10445.63","0.00","1","0","-30","1","Current","0.00","0",""
"INV-028682","C0065","Bluewater Maintenance Supply","MRO Reseller","Northeast","Adrian Cole","Low","80000.00","COL-05","Grace Lindqvist","Small Business","NET30","30","0.00","2025-12-01","2025-12-31","1632.17","0.00","0.00","0.00","0.00","1632.17","0.00","1","0","0","1","Current","0.00","0",""
"INV-028683","C0068","Harbor Industries","OEM Manufacturer","Southwest","Rosa Delgado","High","600000.00","COL-01","Priya Natarajan","Strategic Accounts","NET60","60","0.00","2025-12-01","2026-01-30","1821.42","0.00","0.00","0.00","0.00","1821.42","0.00","1","0","-30","1","Current","0.00","0",""
"INV-028684","C0074","Frontier Fabrication","OEM Manufacturer","Southeast","Dana Whitfield","Medium","600000.00","COL-01","Priya Natarajan","Strategic Accounts","NET45","45","0.00","2025-12-01","2026-01-15","1797.16","0.00","0.00","0.00","0.00","1797.16","0.00","1","0","-15","1","Current","0.00","0",""
"INV-028687","C0112","Ironbridge Fabrication - Midwest","OEM Manufacturer","Midwest","Hana Sato","Low","385000.00","COL-02","Marcus Bell","Strategic Accounts","NET60","60","0.00","2025-12-01","2026-01-30","3257.24","0.00","0.00","0.00","0.00","3257.24","0.00","1","0","-30","1","Current","0.00","0",""
"INV-028688","C0120","Ironbridge Medical Center","Institutional","Southeast","Dana Whitfield","Low","175000.00","COL-02","Marcus Bell","Strategic Accounts","NET60","60","0.00","2025-12-01","2026-01-30","3190.44","0.00","0.00","0.00","0.00","3190.44","0.00","1","0","-30","1","Current","0.00","1","PO Mismatch"
"INV-028689","C0126","Oakmont Parts & Service","MRO Reseller","West","Owen Price","Medium","65000.00","COL-06","Sam Horowitz","Small Business","NET30","30","0.00","2025-12-01","2025-12-31","1690.65","0.00","0.00","0.00","0.00","1690.65","0.00","1","0","0","1","Current","0.00","1","Pricing"
"INV-028690","C0130","Keystone Mechanical","Contractor","Southeast","Dana Whitfield","Low","140000.00","COL-04","Tomas Okafor","Commercial","NET30","30","0.00","2025-12-01","2025-12-31","800.12","0.00","0.00","0.00","0.00","800.12","0.00","1","0","0","1","Current","0.00","1","Pricing"
"INV-028691","C0136","Crestview Industrial Supply - West","MRO Reseller","West","Maya Brennan","High","65000.00","COL-05","Grace Lindqvist","Small Business","NET30","30","0.00","2025-12-01","2025-12-31","1270.18","0.00","0.00","0.00","0.00","1270.18","0.00","1","0","0","1","Current","0.00","0",""
"INV-028692","C0147","Apex Manufacturing - Northeast","OEM Manufacturer","Northeast","Nadia Farouk","Low","455000.00","COL-02","Marcus Bell","Strategic Accounts","NET45","45","0.00","2025-12-01","2026-01-15","3395.23","0.00","0.00","0.00","0.00","3395.23","0.00","1","0","-15","1","Current","0.00","0",""
"INV-028693","C0165","Northfield School District","Institutional","Southeast","Luis Moreno","Low","150000.00","COL-02","Marcus Bell","Strategic Accounts","NET60","60","0.00","2025-12-01","2026-01-30","7637.62","0.00","0.00","0.00","0.00","7637.62","0.00","1","0","-30","1","Current","0.00","0",""
"INV-028694","C0170","Titan Industries","OEM Manufacturer","Northeast","Adrian Cole","Low","580000.00","COL-01","Priya Natarajan","Strategic Accounts","NET45","45","0.00","2025-12-01","2026-01-15","12673.01","0.00","0.00","0.00","0.00","12673.01","0.00","1","0","-15","1","Current","0.00","0",""
"INV-028697","C0180","Titan Contracting","Contractor","Southwest","Kevin Ames","Low","25000.00","COL-03","Elena Ruiz","Commercial","NET60","60","0.00","2025-12-01","2026-01-30","802.95","0.00","0.00","0.00","0.00","802.95","0.00","1","0","-30","1","Current","0.00","0",""
"INV-028699","C0188","Westbrook Industrial Supply - Southwest","MRO Reseller","Southwest","Rosa Delgado","High","35000.00","COL-06","Sam Horowitz","Small Business","NET30","30","0.00","2025-12-01","2025-12-31","3616.55","0.00","0.00","0.00","0.00","3616.55","0.00","1","0","0","1","Current","0.00","0",""
"INV-028700","C0190","Harbor Fabrication","OEM Manufacturer","West","Owen Price","Medium","580000.00","COL-01","Priya Natarajan","Strategic Accounts","NET45","45","0.00","2025-12-01","2026-01-15","10326.31","0.00","0.00","0.00","0.00","10326.31","0.00","1","0","-15","1","Current","0.00","0",""
"INV-028702","C0193","Silverline Industrial Supply - Northeast","MRO Reseller","Northeast","Nadia Farouk","Medium","115000.00","COL-05","Grace Lindqvist","Small Business","NET30","30","0.00","2025-12-01","2025-12-31","1355.80","0.00","0.00","0.00","0.00","1355.80","0.00","1","0","0","1","Current","0.00","0",""
"INV-028703","C0199","Granite Builders","Contractor","Midwest","Ben Kowalczyk","Low","105000.00","COL-04","Tomas Okafor","Commercial","NET30","30","0.00","2025-12-01","2025-12-31","800.02","0.00","0.00","0.00","0.00","800.02","0.00","1","0","0","1","Current","0.00","0",""
"INV-028704","C0202","Harbor MRO Services","MRO Reseller","Southeast","Dana Whitfield","Low","110000.00","COL-06","Sam Horowitz","Small Business","NET30","30","0.00","2025-12-01","2025-12-31","1245.01","0.00","0.00","0.00","0.00","1245.01","0.00","1","0","0","1","Current","0.00","0",""
"INV-028706","C0209","Northfield Construction","Contractor","Midwest","Ben Kowalczyk","Low","95000.00","COL-03","Elena Ruiz","Commercial","NET30","30","0.00","2025-12-01","2025-12-31","4628.59","0.00","0.00","0.00","0.00","4628.59","0.00","1","0","0","1","Current","0.00","0",""
"INV-028707","C0210","Harbor Construction - Southwest","Contractor","Southwest","Rosa Delgado","Low","80000.00","COL-04","Tomas Okafor","Commercial","NET60","60","0.00","2025-12-01","2026-01-30","3656.26","0.00","0.00","0.00","0.00","3656.26","0.00","1","0","-30","1","Current","0.00","0",""
"INV-028708","C0218","Riverbend Parts & Service - Midwest","MRO Reseller","Midwest","Hana Sato","Low","115000.00","COL-06","Sam Horowitz","Small Business","NET30","30","0.00","2025-12-01","2025-12-31","3404.27","0.00","0.00","0.00","0.00","3404.27","0.00","1","0","0","1","Current","0.00","0",""
"INV-028709","C0226","Lakeshore Industries","OEM Manufacturer","Midwest","Hana Sato","Medium","410000.00","COL-01","Priya Natarajan","Strategic Accounts","NET60","60","0.00","2025-12-01","2026-01-30","9765.83","0.00","0.00","0.00","0.00","9765.83","0.00","1","0","-30","1","Current","0.00","0",""
"INV-028710","C0232","Titan Builders - Southwest","Contractor","Southwest","Kevin Ames","High","105000.00","COL-04","Tomas Okafor","Commercial","2/10NET30","30","2.00","2025-12-01","2025-12-31","1438.84","0.00","0.00","86.33","0.00","1352.51","0.00","1","0","0","1","Current","0.00","0","Short Shipment"
"INV-028711","C0233","Frontier Electric - Midwest","Contractor","Midwest","Hana Sato","High","65000.00","COL-03","Elena Ruiz","Commercial","NET30","30","0.00","2025-12-01","2025-12-31","6807.25","0.00","0.00","0.00","0.00","6807.25","0.00","1","0","0","1","Current","0.00","0",""
"INV-028713","C0246","Lakeshore Industrial Supply","MRO Reseller","Southeast","Luis Moreno","Low","90000.00","COL-06","Sam Horowitz","Small Business","NET30","30","0.00","2025-12-01","2025-12-31","460.38","0.00","0.00","0.00","0.00","460.38","0.00","1","0","0","1","Current","0.00","0",""
"INV-028714","C0253","Summit Industrial Supply","MRO Reseller","Southwest","Kevin Ames","High","55000.00","COL-06","Sam Horowitz","Small Business","NET30","30","0.00","2025-12-01","2025-12-31","594.75","0.00","0.00","0.00","0.00","594.75","0.00","1","0","0","1","Current","0.00","0",""
"INV-028715","C0254","Pioneer Medical Center - West","Institutional","West","Owen Price","Low","95000.00","COL-03","Elena Ruiz","Commercial","NET90","90","0.00","2025-12-01","2026-03-01","1705.16","0.00","0.00","0.00","0.00","1705.16","0.00","1","0","-60","1","Current","0.00","0",""
"INV-028716","C0265","Westbrook Mechanical - Southwest 3","Contractor","Southwest","Kevin Ames","Medium","85000.00","COL-04","Tomas Okafor","Commercial","NET60","60","0.00","2025-12-01","2026-01-30","1384.04","0.00","0.00","0.00","0.00","1384.04","0.00","1","0","-30","1","Current","0.00","0",""
"INV-028718","C0275","Cedar Ridge Machine Works - Southwest","OEM Manufacturer","Southwest","Rosa Delgado","High","535000.00","COL-01","Priya Natarajan","Strategic Accounts","NET60","60","0.00","2025-12-01","2026-01-30","2490.69","0.00","0.00","0.00","0.00","2490.69","0.00","1","0","-30","1","Current","0.00","0",""
"INV-028719","C0280","Apex Mechanical - West","Contractor","West","Maya Brennan","Medium","120000.00","COL-03","Elena Ruiz","Commercial","NET60","60","0.00","2025-12-01","2026-01-30","5094.30","0.00","0.00","0.00","0.00","5094.30","0.00","1","0","-30","1","Current","0.00","0",""
"INV-028720","C0282","Ironbridge Electric - Southeast","Contractor","Southeast","Luis Moreno","Low","140000.00","COL-03","Elena Ruiz","Commercial","NET30","30","0.00","2025-12-01","2025-12-31","921.21","0.00","0.00","0.00","0.00","921.21","0.00","1","0","0","1","Current","0.00","0",""
"INV-028721","C0288","Summit University Facilities","Institutional","Southwest","Kevin Ames","Low","175000.00","COL-01","Priya Natarajan","Strategic Accounts","NET90","90","0.00","2025-12-01","2026-03-01","2111.89","0.00","0.00","0.00","0.00","2111.89","0.00","1","0","-60","1","Current","0.00","0",""
"INV-028722","C0299","Silverline Industries","OEM Manufacturer","Southwest","Rosa Delgado","Low","405000.00","COL-02","Marcus Bell","Strategic Accounts","NET60","60","0.00","2025-12-01","2026-01-30","8070.84","0.00","0.00","0.00","0.00","8070.84","0.00","1","0","-30","1","Current","0.00","0",""
"INV-028723","C0312","Pioneer University Facilities - Southeast","Institutional","Southeast","Dana Whitfield","Low","190000.00","COL-02","Marcus Bell","Strategic Accounts","NET90","90","0.00","2025-12-01","2026-03-01","1107.83","0.00","0.00","0.00","0.00","1107.83","0.00","1","0","-60","1","Current","0.00","0",""
"INV-028725","C0329","Northfield School District - Midwest","Institutional","Midwest","Hana Sato","Low","230000.00","COL-01","Priya Natarajan","Strategic Accounts","NET90","90","0.00","2025-12-01","2026-03-01","4334.50","0.00","0.00","0.00","0.00","4334.50","0.00","1","0","-60","1","Current","0.00","0",""
"INV-028726","C0338","Crestview Supply Co. - Southeast","MRO Reseller","Southeast","Luis Moreno","Medium","50000.00","COL-05","Grace Lindqvist","Small Business","NET30","30","0.00","2025-12-01","2025-12-31","4305.81","0.00","0.00","0.00","0.00","4305.81","0.00","1","0","0","1","Current","0.00","0",""
"INV-028727","C0344","Granite Supply Co. - West","MRO Reseller","West","Maya Brennan","Low","115000.00","COL-06","Sam Horowitz","Small Business","NET30","30","0.00","2025-12-01","2025-12-31","591.82","0.00","0.00","0.00","0.00","591.82","0.00","1","0","0","1","Current","0.00","0",""
"INV-028729","C0363","Granite Parts & Service - Midwest","MRO Reseller","Midwest","Ben Kowalczyk","High","70000.00","COL-05","Grace Lindqvist","Small Business","NET30","30","0.00","2025-12-01","2025-12-31","4469.98","0.00","0.00","0.00","0.00","4469.98","0.00","1","0","0","1","Current","0.00","0",""
"INV-028730","C0382","Summit Machine Works","OEM Manufacturer","Southwest","Kevin Ames","Low","240000.00","COL-02","Marcus Bell","Strategic Accounts","NET60","60","0.00","2025-12-01","2026-01-30","1971.85","0.00","0.00","0.00","0.00","1971.85","0.00","1","0","-30","1","Current","0.00","0",""
"INV-028731","C0385","Cedar Ridge Maintenance Supply - Southeast","MRO Reseller","Southeast","Luis Moreno","Medium","25000.00","COL-05","Grace Lindqvist","Small Business","NET30","30","0.00","2025-12-01","2025-12-31","4899.84","0.00","0.00","0.00","0.00","4899.84","0.00","1","0","0","1","Current","0.00","0",""
"INV-028732","C0389","Ironbridge Components - Southeast","OEM Manufacturer","Southeast","Dana Whitfield","Medium","590000.00","COL-02","Marcus Bell","Strategic Accounts","NET60","60","0.00","2025-12-01","2026-01-30","2561.64","0.00","0.00","0.00","0.00","2561.64","0.00","1","0","-30","1","Current","0.00","1","PO Mismatch"
"INV-028733","C0400","Titan Supply Co. - Southeast 3","MRO Reseller","Southeast","Dana Whitfield","Low","40000.00","COL-06","Sam Horowitz","Small Business","NET30","30","0.00","2025-12-01","2025-12-31","565.04","0.00","0.00","0.00","0.00","565.04","0.00","1","0","0","1","Current","0.00","0",""
"INV-028734","C0009","Ironbridge Fabrication","OEM Manufacturer","Northeast","Nadia Farouk","Medium","590000.00","COL-02","Marcus Bell","Strategic Accounts","NET45","45","0.00","2025-12-02","2026-01-16","2610.30","0.00","0.00","0.00","0.00","2610.30","0.00","1","0","-16","1","Current","0.00","0",""
"INV-028735","C0014","Riverbend MRO Services","MRO Reseller","Southwest","Rosa Delgado","Medium","105000.00","COL-06","Sam Horowitz","Small Business","NET30","30","0.00","2025-12-02","2026-01-01","2477.55","0.00","0.00","0.00","0.00","2477.55","0.00","1","0","-1","1","Current","0.00","0",""
"INV-028736","C0017","Silverline Fabrication","OEM Manufacturer","Southwest","Kevin Ames","Low","500000.00","COL-01","Priya Natarajan","Strategic Accounts","NET45","45","0.00","2025-12-02","2026-01-16","3819.80","0.00","0.00","0.00","0.00","3819.80","0.00","1","0","-16","1","Current","0.00","0",""
"INV-028737","C0018","Redline Industries","OEM Manufacturer","Northeast","Nadia Farouk","Low","435000.00","COL-02","Marcus Bell","Strategic Accounts","NET45","45","0.00","2025-12-02","2026-01-16","2555.65","0.00","0.00","0.00","0.00","2555.65","0.00","1","0","-16","1","Current","0.00","0",""
"INV-028739","C0057","Frontier School District","Institutional","Northeast","Nadia Farouk","Low","205000.00","COL-01","Priya Natarajan","Strategic Accounts","NET60","60","0.00","2025-12-02","2026-01-31","1099.28","0.00","0.00","0.00","0.00","1099.28","0.00","1","0","-31","1","Current","0.00","0",""
"INV-028740","C0064","Frontier University Facilities","Institutional","West","Maya Brennan","Low","110000.00","COL-03","Elena Ruiz","Commercial","NET90","90","0.00","2025-12-02","2026-03-02","7552.51","0.00","0.00","0.00","0.00","7552.51","0.00","1","0","-61","1","Current","0.00","0",""
"INV-028741","C0080","Frontier Maintenance Supply","MRO Reseller","Northeast","Adrian Cole","Medium","50000.00","COL-05","Grace Lindqvist","Small Business","NET30","30","0.00","2025-12-02","2026-01-01","4613.86","0.00","0.00","0.00","0.00","4613.86","0.00","1","0","-1","1","Current","0.00","0",""
"INV-028742","C0094","Bluewater Industries - Southeast","OEM Manufacturer","Southeast","Dana Whitfield","Low","535000.00","COL-02","Marcus Bell","Strategic Accounts","NET45","45","0.00","2025-12-02","2026-01-16","4988.12","0.00","0.00","0.00","0.00","4988.12","0.00","1","0","-16","1","Current","0.00","0",""
"INV-028743","C0095","Stonegate Fabrication","OEM Manufacturer","West","Owen Price","Low","600000.00","COL-02","Marcus Bell","Strategic Accounts","NET60","60","0.00","2025-12-02","2026-01-31","1889.87","0.00","0.00","0.00","0.00","1889.87","0.00","1","0","-31","1","Current","0.00","0",""
"INV-028744","C0102","Crestview County Facilities","Institutional","Southwest","Rosa Delgado","Low","65000.00","COL-04","Tomas Okafor","Commercial","NET90","90","0.00","2025-12-02","2026-03-02","8149.81","0.00","0.00","0.00","0.00","8149.81","0.00","1","0","-61","1","Current","0.00","0",""
"INV-028746","C0122","Frontier Fabrication - Northeast","OEM Manufacturer","Northeast","Adrian Cole","Low","435000.00","COL-01","Priya Natarajan","Strategic Accounts","NET45","45","0.00","2025-12-02","2026-01-16","2844.62","0.00","0.00","0.00","0.00","2844.62","0.00","1","0","-16","1","Current","0.00","0",""
"INV-028747","C0123","Redline Mechanical","Contractor","Northeast","Nadia Farouk","Low","80000.00","COL-04","Tomas Okafor","Commercial","NET30","30","0.00","2025-12-02","2026-01-01","2767.34","0.00","0.00","0.00","0.00","2767.34","0.00","1","0","-1","1","Current","0.00","0",""
"INV-028748","C0128","Summit Builders","Contractor","Southwest","Kevin Ames","Low","125000.00","COL-03","Elena Ruiz","Commercial","NET60","60","0.00","2025-12-02","2026-01-31","963.84","0.00","0.00","0.00","0.00","963.84","0.00","1","0","-31","1","Current","0.00","0",""
"INV-028749","C0139","Harbor Machine Works","OEM Manufacturer","Midwest","Ben Kowalczyk","Medium","570000.00","COL-01","Priya Natarajan","Strategic Accounts","NET45","45","0.00","2025-12-02","2026-01-16","13924.76","0.00","0.00","0.00","0.00","13924.76","0.00","1","0","-16","1","Current","0.00","0",""
"INV-028750","C0146","Harbor Components","OEM Manufacturer","West","Owen Price","Low","165000.00","COL-02","Marcus Bell","Strategic Accounts","NET45","45","0.00","2025-12-02","2026-01-16","1625.42","0.00","0.00","0.00","0.00","1625.42","0.00","1","0","-16","1","Current","0.00","0",""
"INV-028751","C0151","Riverbend MRO Services - Northeast 3","MRO Reseller","Northeast","Adrian Cole","Low","120000.00","COL-05","Grace Lindqvist","Small Business","NET30","30","0.00","2025-12-02","2026-01-01","685.52","0.00","0.00","0.00","0.00","685.52","0.00","1","0","-1","1","Current","0.00","0",""
"INV-028753","C0162","Stonegate Builders","Contractor","Southwest","Kevin Ames","Medium","55000.00","COL-03","Elena Ruiz","Commercial","NET60","60","0.00","2025-12-02","2026-01-31","801.72","0.00","0.00","0.00","0.00","801.72","0.00","1","0","-31","1","Current","0.00","0",""
"INV-028754","C0169","Apex Components","OEM Manufacturer","Midwest","Ben Kowalczyk","Medium","290000.00","COL-02","Marcus Bell","Strategic Accounts","NET60","60","0.00","2025-12-02","2026-01-31","15338.99","0.00","0.00","0.00","0.00","15338.99","0.00","1","0","-31","1","Current","0.00","0",""
"INV-028755","C0178","Westbrook Industrial Supply","MRO Reseller","Southeast","Luis Moreno","Medium","60000.00","COL-06","Sam Horowitz","Small Business","2/10NET30","30","2.00","2025-12-02","2026-01-01","2455.65","0.00","0.00","0.00","0.00","2455.65","0.00","1","0","-1","1","Current","0.00","0",""
"INV-028756","C0193","Silverline Industrial Supply - Northeast","MRO Reseller","Northeast","Nadia Farouk","Medium","115000.00","COL-05","Grace Lindqvist","Small Business","NET30","30","0.00","2025-12-02","2026-01-01","3656.76","0.00","0.00","0.00","0.00","3656.76","0.00","1","0","-1","1","Current","0.00","0",""
"INV-028757","C0206","Oakmont Manufacturing","OEM Manufacturer","Southeast","Dana Whitfield","Medium","590000.00","COL-01","Priya Natarajan","Strategic Accounts","NET60","60","0.00","2025-12-02","2026-01-31","6280.51","0.00","0.00","0.00","0.00","6280.51","0.00","1","0","-31","1","Current","0.00","0",""
"INV-028758","C0219","Titan Construction - Southwest 3","Contractor","Southwest","Rosa Delgado","Low","115000.00","COL-03","Elena Ruiz","Commercial","NET60","60","0.00","2025-12-02","2026-01-31","1084.42","0.00","0.00","0.00","0.00","1084.42","0.00","1","0","-31","1","Current","0.00","0",""
"INV-028759","C0226","Lakeshore Industries","OEM Manufacturer","Midwest","Hana Sato","Medium","410000.00","COL-01","Priya Natarajan","Strategic Accounts","NET60","60","0.00","2025-12-02","2026-01-31","6030.62","0.00","0.00","0.00","0.00","6030.62","0.00","1","0","-31","1","Current","0.00","0",""
"INV-028760","C0231","Silverline Components - Northeast","OEM Manufacturer","Northeast","Adrian Cole","Medium","305000.00","COL-01","Priya Natarajan","Strategic Accounts","NET60","60","0.00","2025-12-02","2026-01-31","1781.56","0.00","0.00","0.00","0.00","1781.56","0.00","1","0","-31","1","Current","0.00","0",""
"INV-028761","C0233","Frontier Electric - Midwest","Contractor","Midwest","Hana Sato","High","65000.00","COL-03","Elena Ruiz","Commercial","NET30","30","0.00","2025-12-02","2026-01-01","1462.81","0.00","0.00","0.00","0.00","1462.81","0.00","1","0","-1","1","Current","0.00","0",""
"INV-028762","C0236","Northfield Maintenance Supply","MRO Reseller","Midwest","Ben Kowalczyk","Medium","70000.00","COL-05","Grace Lindqvist","Small Business","NET30","30","0.00","2025-12-02","2026-01-01","4251.64","0.00","0.00","0.00","0.00","4251.64","0.00","1","0","-1","1","Current","0.00","0",""
"INV-028763","C0240","Summit Contracting","Contractor","West","Maya Brennan","Medium","50000.00","COL-04","Tomas Okafor","Commercial","NET60","60","0.00","2025-12-02","2026-01-31","6831.46","0.00","0.00","0.00","0.00","6831.46","0.00","1","0","-31","1","Current","0.00","0",""
"INV-028764","C0242","Silverline Parts & Service","MRO Reseller","Southeast","Luis Moreno","Low","120000.00","COL-06","Sam Horowitz","Small Business","NET30","30","0.00","2025-12-02","2026-01-01","532.76","0.00","0.00","0.00","0.00","532.76","0.00","1","0","-1","1","Current","0.00","0",""
"INV-028765","C0257","Granite Supply Co.","MRO Reseller","West","Owen Price","Medium","40000.00","COL-06","Sam Horowitz","Small Business","NET30","30","0.00","2025-12-02","2026-01-01","798.18","0.00","0.00","0.00","0.00","798.18","0.00","1","0","-1","1","Current","0.00","0",""
"INV-028766","C0263","Ironbridge Mechanical - Northeast 5","Contractor","Northeast","Adrian Cole","Medium","100000.00","COL-03","Elena Ruiz","Commercial","2/10NET30","30","2.00","2025-12-02","2026-01-01","809.82","0.00","0.00","0.00","0.00","809.82","0.00","1","0","-1","1","Current","0.00","0",""
"INV-028767","C0269","Ironbridge Parts & Service","MRO Reseller","West","Maya Brennan","Medium","35000.00","COL-05","Grace Lindqvist","Small Business","NET30","30","0.00","2025-12-02","2026-01-01","1812.49","0.00","0.00","0.00","0.00","1812.49","0.00","1","0","-1","1","Current","0.00","0",""
"INV-028768","C0271","Riverbend Electric - Midwest 3","Contractor","Midwest","Hana Sato","High","140000.00","COL-03","Elena Ruiz","Commercial","2/10NET30","30","2.00","2025-12-02","2026-01-01","1806.04","0.00","0.00","0.00","0.00","1806.04","0.00","1","0","-1","1","Current","0.00","0",""
"INV-028769","C0272","Frontier Industrial Supply","MRO Reseller","West","Owen Price","Low","55000.00","COL-05","Grace Lindqvist","Small Business","NET30","30","0.00","2025-12-02","2026-01-01","1006.82","0.00","0.00","0.00","0.00","1006.82","0.00","1","0","-1","1","Current","0.00","0",""
"INV-028770","C0282","Ironbridge Electric - Southeast","Contractor","Southeast","Luis Moreno","Low","140000.00","COL-03","Elena Ruiz","Commercial","NET30","30","0.00","2025-12-02","2026-01-01","7173.02","0.00","0.00","0.00","0.00","7173.02","0.00","1","0","-1","1","Current","0.00","0",""
"INV-028771","C0284","Apex Manufacturing - Southwest 3","OEM Manufacturer","Southwest","Rosa Delgado","Low","275000.00","COL-02","Marcus Bell","Strategic Accounts","NET60","60","0.00","2025-12-02","2026-01-31","2880.52","0.00","0.00","0.00","0.00","2880.52","0.00","1","0","-31","1","Current","0.00","0",""
"INV-028772","C0296","Crestview Manufacturing","OEM Manufacturer","Midwest","Ben Kowalczyk","Medium","590000.00","COL-01","Priya Natarajan","Strategic Accounts","NET45","45","0.00","2025-12-02","2026-01-16","4081.28","0.00","0.00","0.00","0.00","4081.28","0.00","1","0","-16","1","Current","0.00","0",""
"INV-028773","C0299","Silverline Industries","OEM Manufacturer","Southwest","Rosa Delgado","Low","405000.00","COL-02","Marcus Bell","Strategic Accounts","NET60","60","0.00","2025-12-02","2026-01-31","5706.54","0.00","0.00","0.00","0.00","5706.54","0.00","1","0","-31","1","Current","0.00","0",""
"INV-028774","C0302","Crestview Contracting - Northeast 3","Contractor","Northeast","Nadia Farouk","High","125000.00","COL-04","Tomas Okafor","Commercial","2/10NET30","30","2.00","2025-12-02","2026-01-01","887.65","0.00","0.00","0.00","0.00","887.65","0.00","1","0","-1","1","Current","0.00","0",""
"INV-028776","C0314","Cedar Ridge Fabrication","OEM Manufacturer","Southeast","Dana Whitfield","Low","275000.00","COL-02","Marcus Bell","Strategic Accounts","NET60","60","0.00","2025-12-02","2026-01-31","13152.51","0.00","0.00","0.00","0.00","13152.51","0.00","1","0","-31","1","Current","0.00","0",""
"INV-028777","C0331","Stonegate School District","Institutional","West","Owen Price","Low","190000.00","COL-01","Priya Natarajan","Strategic Accounts","NET90","90","0.00","2025-12-02","2026-03-02","2319.60","0.00","0.00","0.00","0.00","2319.60","0.00","1","0","-61","1","Current","0.00","0",""
"INV-028778","C0356","Stonegate University Facilities - Midwest 3","Institutional","Midwest","Ben Kowalczyk","Low","145000.00","COL-03","Elena Ruiz","Commercial","NET90","90","0.00","2025-12-02","2026-03-02","9176.89","0.00","0.00","0.00","0.00","9176.89","0.00","1","0","-61","1","Current","0.00","0",""
"INV-028779","C0363","Granite Parts & Service - Midwest","MRO Reseller","Midwest","Ben Kowalczyk","High","70000.00","COL-05","Grace Lindqvist","Small Business","NET30","30","0.00","2025-12-02","2026-01-01","469.00","0.00","0.00","0.00","0.00","469.00","0.00","1","0","-1","1","Current","0.00","0",""
"INV-028780","C0369","Lakeshore Components","OEM Manufacturer","Midwest","Hana Sato","High","545000.00","COL-02","Marcus Bell","Strategic Accounts","NET60","60","0.00","2025-12-02","2026-01-31","4048.53","0.00","0.00","0.00","0.00","4048.53","0.00","1","0","-31","1","Current","0.00","0",""
"INV-028781","C0371","Pioneer Water Authority","Institutional","Southeast","Luis Moreno","Low","205000.00","COL-02","Marcus Bell","Strategic Accounts","NET90","90","0.00","2025-12-02","2026-03-02","8265.97","0.00","0.00","0.00","0.00","8265.97","0.00","1","0","-61","1","Current","0.00","0",""
"INV-028782","C0373","Riverbend Electric - West 4","Contractor","West","Maya Brennan","High","35000.00","COL-03","Elena Ruiz","Commercial","NET60","60","0.00","2025-12-02","2026-01-31","1796.50","0.00","0.00","0.00","0.00","1796.50","0.00","1","0","-31","1","Current","0.00","0",""
"INV-028783","C0376","Summit Components - Midwest","OEM Manufacturer","Midwest","Hana Sato","High","565000.00","COL-01","Priya Natarajan","Strategic Accounts","NET45","45","0.00","2025-12-02","2026-01-16","10252.10","0.00","0.00","0.00","0.00","10252.10","0.00","1","0","-16","1","Current","0.00","0",""
"INV-028784","C0378","Silverline Fabrication - Southwest","OEM Manufacturer","Southwest","Rosa Delgado","Medium","585000.00","COL-01","Priya Natarajan","Strategic Accounts","NET45","45","0.00","2025-12-02","2026-01-16","6832.62","0.00","0.00","0.00","0.00","6832.62","0.00","1","0","-16","1","Current","0.00","0",""
"INV-028785","C0382","Summit Machine Works","OEM Manufacturer","Southwest","Kevin Ames","Low","240000.00","COL-02","Marcus Bell","Strategic Accounts","NET60","60","0.00","2025-12-02","2026-01-31","11250.78","0.00","0.00","0.00","0.00","11250.78","0.00","1","0","-31","1","Current","0.00","0",""
"INV-028786","C0384","Riverbend Industries - Southeast","OEM Manufacturer","Southeast","Luis Moreno","Low","370000.00","COL-01","Priya Natarajan","Strategic Accounts","NET60","60","0.00","2025-12-02","2026-01-31","1807.84","0.00","0.00","0.00","0.00","1807.84","0.00","1","0","-31","1","Current","0.00","0",""
"INV-028787","C0389","Ironbridge Components - Southeast","OEM Manufacturer","Southeast","Dana Whitfield","Medium","590000.00","COL-02","Marcus Bell","Strategic Accounts","NET60","60","0.00","2025-12-02","2026-01-31","14501.51","0.00","0.00","0.00","0.00","14501.51","0.00","1","0","-31","1","Current","0.00","1","PO Mismatch"
"INV-028788","C0399","Riverbend Electric - West 5","Contractor","West","Maya Brennan","Medium","110000.00","COL-03","Elena Ruiz","Commercial","NET60","60","0.00","2025-12-02","2026-01-31","5273.92","0.00","0.00","0.00","0.00","5273.92","0.00","1","0","-31","1","Current","0.00","0",""
"INV-028789","C0004","Ironbridge Mechanical","Contractor","Northeast","Nadia Farouk","Medium","135000.00","COL-03","Elena Ruiz","Commercial","2/10NET30","30","2.00","2025-12-03","2026-01-02","8737.99","0.00","0.00","0.00","0.00","8737.99","0.00","1","0","-2","1","Current","0.00","0",""
"INV-028790","C0010","Westbrook MRO Services","MRO Reseller","West","Maya Brennan","Low","90000.00","COL-05","Grace Lindqvist","Small Business","2/10NET30","30","2.00","2025-12-03","2026-01-02","1281.60","0.00","0.00","0.00","0.00","1281.60","0.00","1","0","-2","1","Current","0.00","1","Pricing"
"INV-028791","C0011","Redline Supply Co.","MRO Reseller","Northeast","Adrian Cole","Medium","75000.00","COL-06","Sam Horowitz","Small Business","2/10NET30","30","2.00","2025-12-03","2026-01-02","1125.45","0.00","0.00","0.00","0.00","1125.45","0.00","1","0","-2","1","Current","0.00","0",""
"INV-028792","C0013","Riverbend Contracting","Contractor","Southwest","Kevin Ames","Medium","75000.00","COL-04","Tomas Okafor","Commercial","NET60","60","0.00","2025-12-03","2026-02-01","6065.34","0.00","0.00","0.00","0.00","6065.34","0.00","1","0","-32","1","Current","0.00","0",""
"INV-028793","C0016","Pioneer Parts & Service","MRO Reseller","West","Maya Brennan","Low","30000.00","COL-06","Sam Horowitz","Small Business","NET30","30","0.00","2025-12-03","2026-01-02","2175.47","0.00","0.00","0.00","0.00","2175.47","0.00","1","0","-2","1","Current","0.00","0",""
"INV-028794","C0017","Silverline Fabrication","OEM Manufacturer","Southwest","Kevin Ames","Low","500000.00","COL-01","Priya Natarajan","Strategic Accounts","NET45","45","0.00","2025-12-03","2026-01-17","4513.00","0.00","0.00","0.00","0.00","4513.00","0.00","1","0","-17","1","Current","0.00","0",""
"INV-028795","C0018","Redline Industries","OEM Manufacturer","Northeast","Nadia Farouk","Low","435000.00","COL-02","Marcus Bell","Strategic Accounts","NET45","45","0.00","2025-12-03","2026-01-17","16562.12","0.00","0.00","0.00","0.00","16562.12","0.00","1","0","-17","1","Current","0.00","0",""
"INV-028796","C0032","Cedar Ridge Components","OEM Manufacturer","West","Owen Price","Low","340000.00","COL-02","Marcus Bell","Strategic Accounts","NET45","45","0.00","2025-12-03","2026-01-17","15788.20","0.00","0.00","0.00","0.00","15788.20","0.00","1","0","-17","1","Current","0.00","0",""
"INV-028797","C0035","Summit Mechanical","Contractor","Northeast","Adrian Cole","Low","70000.00","COL-04","Tomas Okafor","Commercial","NET30","30","0.00","2025-12-03","2026-01-02","3300.84","0.00","0.00","0.00","0.00","3300.84","0.00","1","0","-2","1","Current","0.00","0",""
"INV-028798","C0036","Harbor Builders - West","Contractor","West","Owen Price","Low","145000.00","COL-03","Elena Ruiz","Commercial","NET60","60","0.00","2025-12-03","2026-02-01","3589.98","0.00","0.00","0.00","0.00","3589.98","0.00","1","0","-32","1","Current","0.00","0",""
"INV-028800","C0052","Westbrook Parts & Service","MRO Reseller","Southeast","Luis Moreno","Medium","90000.00","COL-05","Grace Lindqvist","Small Business","NET30","30","0.00","2025-12-03","2026-01-02","4563.62","0.00","0.00","0.00","0.00","4563.62","0.00","1","0","-2","1","Current","0.00","0",""
"INV-028801","C0054","Titan Manufacturing","OEM Manufacturer","Midwest","Hana Sato","Medium","510000.00","COL-01","Priya Natarajan","Strategic Accounts","NET60","60","0.00","2025-12-03","2026-02-01","4384.65","0.00","0.00","0.00","0.00","4384.65","0.00","1","0","-32","1","Current","0.00","0",""
"INV-028802","C0058","Lakeshore Builders","Contractor","Southwest","Kevin Ames","Low","55000.00","COL-03","Elena Ruiz","Commercial","NET60","60","0.00","2025-12-03","2026-02-01","2749.73","0.00","0.00","0.00","0.00","2749.73","0.00","1","0","-32","1","Current","0.00","0",""
"INV-028803","C0066","Summit Industries","OEM Manufacturer","Midwest","Ben Kowalczyk","Medium","385000.00","COL-02","Marcus Bell","Strategic Accounts","NET60","60","0.00","2025-12-03","2026-02-01","4924.60","0.00","0.00","0.00","0.00","4924.60","0.00","1","0","-32","1","Current","0.00","0",""
"INV-028804","C0067","Cedar Ridge Parts & Service","MRO Reseller","Southwest","Kevin Ames","Medium","95000.00","COL-06","Sam Horowitz","Small Business","NET30","30","0.00","2025-12-03","2026-01-02","4743.26","0.00","0.00","0.00","0.00","4743.26","0.00","1","0","-2","1","Current","0.00","0",""
"INV-028805","C0069","Ironbridge Electric","Contractor","Southwest","Rosa Delgado","High","80000.00","COL-03","Elena Ruiz","Commercial","2/10NET30","30","2.00","2025-12-03","2026-01-02","808.99","0.00","0.00","0.00","0.00","808.99","0.00","1","0","-2","1","Current","0.00","0",""
"INV-028807","C0087","Riverbend Maintenance Supply","MRO Reseller","Southeast","Dana Whitfield","Medium","95000.00","COL-05","Grace Lindqvist","Small Business","NET30","30","0.00","2025-12-03","2026-01-02","464.40","0.00","0.00","0.00","0.00","464.40","0.00","1","0","-2","1","Current","0.00","0",""
"INV-028808","C0088","Westbrook Builders - West","Contractor","West","Maya Brennan","High","145000.00","COL-03","Elena Ruiz","Commercial","NET60","60","0.00","2025-12-03","2026-02-01","836.77","0.00","0.00","0.00","0.00","836.77","0.00","1","0","-32","1","Current","0.00","0",""
"INV-028809","C0091","Redline School District","Institutional","Northeast","Adrian Cole","Low","95000.00","COL-03","Elena Ruiz","Commercial","NET60","60","0.00","2025-12-03","2026-02-01","3706.69","0.00","0.00","0.00","0.00","3706.69","0.00","1","0","-32","1","Current","0.00","0",""
"INV-028811","C0099","Northfield Water Authority","Institutional","Northeast","Nadia Farouk","Low","165000.00","COL-01","Priya Natarajan","Strategic Accounts","NET60","60","0.00","2025-12-03","2026-02-01","1901.81","0.00","0.00","0.00","0.00","1901.81","0.00","1","0","-32","1","Current","0.00","0",""
"INV-028813","C0111","Harbor Manufacturing","OEM Manufacturer","West","Owen Price","Medium","405000.00","COL-02","Marcus Bell","Strategic Accounts","NET45","45","0.00","2025-12-03","2026-01-17","15354.23","0.00","0.00","0.00","0.00","15354.23","0.00","1","0","-17","1","Current","0.00","0",""
"INV-028815","C0135","Oakmont Medical Center - Midwest","Institutional","Midwest","Hana Sato","Low","155000.00","COL-02","Marcus Bell","Strategic Accounts","NET90","90","0.00","2025-12-03","2026-03-03","2306.52","0.00","0.00","0.00","0.00","2306.52","0.00","1","0","-62","1","Current","0.00","0",""
"INV-028817","C0147","Apex Manufacturing - Northeast","OEM Manufacturer","Northeast","Nadia Farouk","Low","455000.00","COL-02","Marcus Bell","Strategic Accounts","NET45","45","0.00","2025-12-03","2026-01-17","15871.95","0.00","0.00","0.00","0.00","15871.95","0.00","1","0","-17","1","Current","0.00","0",""
"INV-028818","C0164","Lakeshore Fabrication","OEM Manufacturer","Southwest","Rosa Delgado","Medium","240000.00","COL-01","Priya Natarajan","Strategic Accounts","NET45","45","0.00","2025-12-03","2026-01-17","2293.75","0.00","0.00","0.00","0.00","2293.75","0.00","1","0","-17","1","Current","0.00","0",""
"INV-028819","C0170","Titan Industries","OEM Manufacturer","Northeast","Adrian Cole","Low","580000.00","COL-01","Priya Natarajan","Strategic Accounts","NET45","45","0.00","2025-12-03","2026-01-17","4365.53","0.00","0.00","0.00","0.00","4365.53","0.00","1","0","-17","1","Current","0.00","0",""
"INV-028821","C0205","Northfield Builders - Northeast","Contractor","Northeast","Nadia Farouk","Medium","130000.00","COL-03","Elena Ruiz","Commercial","NET30","30","0.00","2025-12-03","2026-01-02","8150.17","0.00","0.00","0.00","0.00","8150.17","0.00","1","0","-2","1","Current","0.00","0",""
"INV-028822","C0206","Oakmont Manufacturing","OEM Manufacturer","Southeast","Dana Whitfield","Medium","590000.00","COL-01","Priya Natarajan","Strategic Accounts","NET60","60","0.00","2025-12-03","2026-02-01","3998.35","0.00","0.00","0.00","0.00","3998.35","0.00","1","0","-32","1","Current","0.00","0",""
"INV-028824","C0216","Bluewater Construction - West","Contractor","West","Maya Brennan","Medium","40000.00","COL-04","Tomas Okafor","Commercial","NET60","60","0.00","2025-12-03","2026-02-01","4859.66","0.00","0.00","0.00","0.00","4859.66","0.00","1","0","-32","1","Current","0.00","0",""
"INV-028825","C0223","Stonegate MRO Services","MRO Reseller","Southeast","Dana Whitfield","Low","55000.00","COL-06","Sam Horowitz","Small Business","NET30","30","0.00","2025-12-03","2026-01-02","513.14","0.00","0.00","0.00","0.00","513.14","0.00","1","0","-2","1","Current","0.00","0",""
"INV-028826","C0224","Westbrook Industrial Supply - Northeast 3","MRO Reseller","Northeast","Adrian Cole","Low","110000.00","COL-06","Sam Horowitz","Small Business","2/10NET30","30","2.00","2025-12-03","2026-01-02","4683.95","0.00","0.00","0.00","0.00","4683.95","0.00","1","0","-2","1","Current","0.00","0",""
"INV-028827","C0241","Lakeshore Industries - Southeast","OEM Manufacturer","Southeast","Dana Whitfield","Low","185000.00","COL-01","Priya Natarajan","Strategic Accounts","NET60","60","0.00","2025-12-03","2026-02-01","2463.06","0.00","0.00","0.00","0.00","2463.06","0.00","1","0","-32","1","Current","0.00","0",""
"INV-028828","C0273","Oakmont Fabrication","OEM Manufacturer","Southeast","Dana Whitfield","Medium","395000.00","COL-01","Priya Natarajan","Strategic Accounts","NET45","45","0.00","2025-12-03","2026-01-17","1627.34","0.00","0.00","0.00","0.00","1627.34","0.00","1","0","-17","1","Current","0.00","0",""
"INV-028829","C0275","Cedar Ridge Machine Works - Southwest","OEM Manufacturer","Southwest","Rosa Delgado","High","535000.00","COL-01","Priya Natarajan","Strategic Accounts","NET60","60","0.00","2025-12-03","2026-02-01","11643.85","0.00","0.00","0.00","0.00","11643.85","0.00","1","0","-32","1","Current","0.00","0",""
"INV-028830","C0283","Apex Industries","OEM Manufacturer","Midwest","Hana Sato","Low","390000.00","COL-01","Priya Natarajan","Strategic Accounts","NET60","60","0.00","2025-12-03","2026-02-01","2199.57","0.00","0.00","0.00","0.00","2199.57","0.00","1","0","-32","1","Current","0.00","0",""
"INV-028831","C0296","Crestview Manufacturing","OEM Manufacturer","Midwest","Ben Kowalczyk","Medium","590000.00","COL-01","Priya Natarajan","Strategic Accounts","NET45","45","0.00","2025-12-03","2026-01-17","1678.33","0.00","0.00","0.00","0.00","1678.33","0.00","1","0","-17","1","Current","0.00","1","PO Mismatch"
"INV-028832","C0309","Frontier Machine Works","OEM Manufacturer","Northeast","Adrian Cole","Low","250000.00","COL-02","Marcus Bell","Strategic Accounts","NET45","45","0.00","2025-12-03","2026-01-17","15948.12","0.00","0.00","0.00","0.00","15948.12","0.00","1","0","-17","1","Current","0.00","0",""
"INV-028833","C0313","Oakmont Industrial Supply","MRO Reseller","Southeast","Dana Whitfield","Low","65000.00","COL-05","Grace Lindqvist","Small Business","NET30","30","0.00","2025-12-03","2026-01-02","4693.56","0.00","0.00","0.00","0.00","4693.56","0.00","1","0","-2","1","Current","0.00","1","PO Mismatch"
"INV-028834","C0314","Cedar Ridge Fabrication","OEM Manufacturer","Southeast","Dana Whitfield","Low","275000.00","COL-02","Marcus Bell","Strategic Accounts","NET60","60","0.00","2025-12-03","2026-02-01","3031.52","0.00","0.00","0.00","0.00","3031.52","0.00","1","0","-32","1","Current","0.00","1","Pricing"
"INV-028835","C0315","Lakeshore Parts & Service - Northeast","MRO Reseller","Northeast","Nadia Farouk","Medium","40000.00","COL-05","Grace Lindqvist","Small Business","2/10NET30","30","2.00","2025-12-03","2026-01-02","1597.37","0.00","0.00","0.00","0.00","1597.37","0.00","1","0","-2","1","Current","0.00","0",""
"INV-028837","C0326","Pioneer Manufacturing","OEM Manufacturer","Northeast","Adrian Cole","Low","315000.00","COL-01","Priya Natarajan","Strategic Accounts","NET45","45","0.00","2025-12-03","2026-01-17","6638.87","0.00","0.00","0.00","0.00","6638.87","0.00","1","0","-17","1","Current","0.00","0",""
"INV-028839","C0338","Crestview Supply Co. - Southeast","MRO Reseller","Southeast","Luis Moreno","Medium","50000.00","COL-05","Grace Lindqvist","Small Business","NET30","30","0.00","2025-12-03","2026-01-02","1317.88","0.00","0.00","0.00","0.00","1317.88","0.00","1","0","-2","1","Current","0.00","0",""
"INV-028840","C0341","Summit Supply Co. - Southeast","MRO Reseller","Southeast","Dana Whitfield","Medium","110000.00","COL-05","Grace Lindqvist","Small Business","NET30","30","0.00","2025-12-03","2026-01-02","3159.13","0.00","0.00","0.00","0.00","3159.13","0.00","1","0","-2","1","Current","0.00","0",""
"INV-028842","C0348","Bluewater Manufacturing","OEM Manufacturer","Midwest","Ben Kowalczyk","Low","225000.00","COL-02","Marcus Bell","Strategic Accounts","NET60","60","0.00","2025-12-03","2026-02-01","7219.55","0.00","0.00","0.00","0.00","7219.55","0.00","1","0","-32","1","Current","0.00","0",""
"INV-028843","C0351","Ironbridge Components","OEM Manufacturer","Midwest","Hana Sato","High","450000.00","COL-01","Priya Natarajan","Strategic Accounts","NET45","45","0.00","2025-12-03","2026-01-17","1647.11","0.00","0.00","0.00","0.00","1647.11","0.00","1","0","-17","1","Current","0.00","0",""
"INV-028844","C0358","Ironbridge Builders - West","Contractor","West","Maya Brennan","Low","135000.00","COL-03","Elena Ruiz","Commercial","NET60","60","0.00","2025-12-03","2026-02-01","2299.65","0.00","0.00","0.00","0.00","2299.65","0.00","1","0","-32","1","Current","0.00","0",""
"INV-028845","C0359","Stonegate Fabrication - West","OEM Manufacturer","West","Maya Brennan","High","380000.00","COL-02","Marcus Bell","Strategic Accounts","NET60","60","0.00","2025-12-03","2026-02-01","6107.74","0.00","0.00","0.00","0.00","6107.74","0.00","1","0","-32","1","Current","0.00","0",""
"INV-028846","C0364","Redline Industries - Northeast","OEM Manufacturer","Northeast","Adrian Cole","Low","335000.00","COL-02","Marcus Bell","Strategic Accounts","NET45","45","0.00","2025-12-03","2026-01-17","10746.73","0.00","0.00","0.00","0.00","10746.73","0.00","1","0","-17","1","Current","0.00","0",""
"INV-028847","C0367","Bluewater Parts & Service - Southeast 5","MRO Reseller","Southeast","Dana Whitfield","Medium","105000.00","COL-06","Sam Horowitz","Small Business","2/10NET30","30","2.00","2025-12-03","2026-01-02","2750.89","0.00","0.00","632.70","0.00","2118.19","0.00","1","0","-2","1","Current","0.00","0","Pricing"
"INV-028848","C0369","Lakeshore Components","OEM Manufacturer","Midwest","Hana Sato","High","545000.00","COL-02","Marcus Bell","Strategic Accounts","NET60","60","0.00","2025-12-03","2026-02-01","4904.13","0.00","0.00","0.00","0.00","4904.13","0.00","1","0","-32","1","Current","0.00","0",""
"INV-028849","C0379","Ironbridge Electric - Midwest 3","Contractor","Midwest","Hana Sato","Medium","110000.00","COL-03","Elena Ruiz","Commercial","NET30","30","0.00","2025-12-03","2026-01-02","6880.26","0.00","0.00","0.00","0.00","6880.26","0.00","1","0","-2","1","Current","0.00","0",""
"INV-028850","C0389","Ironbridge Components - Southeast","OEM Manufacturer","Southeast","Dana Whitfield","Medium","590000.00","COL-02","Marcus Bell","Strategic Accounts","NET60","60","0.00","2025-12-03","2026-02-01","16928.86","0.00","0.00","0.00","0.00","16928.86","0.00","1","0","-32","1","Current","0.00","0",""
"INV-028851","C0396","Ironbridge Manufacturing","OEM Manufacturer","Southeast","Dana Whitfield","Medium","270000.00","COL-01","Priya Natarajan","Strategic Accounts","NET45","45","0.00","2025-12-03","2026-01-17","10626.16","0.00","0.00","0.00","0.00","10626.16","0.00","1","0","-17","1","Current","0.00","0",""
"INV-028852","C0397","Silverline Mechanical - Southwest 3","Contractor","Southwest","Rosa Delgado","Low","40000.00","COL-03","Elena Ruiz","Commercial","NET60","60","0.00","2025-12-03","2026-02-01","6802.83","0.00","0.00","0.00","0.00","6802.83","0.00","1","0","-32","1","Current","0.00","0",""
"INV-028854","C0009","Ironbridge Fabrication","OEM Manufacturer","Northeast","Nadia Farouk","Medium","590000.00","COL-02","Marcus Bell","Strategic Accounts","NET45","45","0.00","2025-12-04","2026-01-18","16294.31","0.00","0.00","0.00","0.00","16294.31","0.00","1","0","-18","1","Current","0.00","0",""
"INV-028856","C0028","Keystone Parts & Service","MRO Reseller","Southeast","Dana Whitfield","Medium","25000.00","COL-06","Sam Horowitz","Small Business","NET30","30","0.00","2025-12-04","2026-01-03","746.58","0.00","0.00","0.00","0.00","746.58","0.00","1","0","-3","1","Current","0.00","0",""
"INV-028857","C0029","Titan Maintenance Supply","MRO Reseller","Southeast","Luis Moreno","Medium","35000.00","COL-05","Grace Lindqvist","Small Business","NET30","30","0.00","2025-12-04","2026-01-03","1861.02","0.00","0.00","0.00","0.00","1861.02","0.00","1","0","-3","1","Current","0.00","0",""
"INV-028858","C0054","Titan Manufacturing","OEM Manufacturer","Midwest","Hana Sato","Medium","510000.00","COL-01","Priya Natarajan","Strategic Accounts","NET60","60","0.00","2025-12-04","2026-02-02","14680.48","0.00","0.00","0.00","0.00","14680.48","0.00","1","0","-33","1","Current","0.00","0",""
"INV-028859","C0065","Bluewater Maintenance Supply","MRO Reseller","Northeast","Adrian Cole","Low","80000.00","COL-05","Grace Lindqvist","Small Business","NET30","30","0.00","2025-12-04","2026-01-03","450.14","0.00","0.00","0.00","0.00","450.14","0.00","1","0","-3","1","Current","0.00","0",""
"INV-028860","C0083","Bluewater Builders","Contractor","Southwest","Kevin Ames","Low","40000.00","COL-04","Tomas Okafor","Commercial","NET60","60","0.00","2025-12-04","2026-02-02","3138.36","0.00","0.00","0.00","0.00","3138.36","0.00","1","0","-33","1","Current","0.00","1","Pricing"
"INV-028862","C0095","Stonegate Fabrication","OEM Manufacturer","West","Owen Price","Low","600000.00","COL-02","Marcus Bell","Strategic Accounts","NET60","60","0.00","2025-12-04","2026-02-02","14661.36","0.00","0.00","0.00","0.00","14661.36","0.00","1","0","-33","1","Current","0.00","0",""
"INV-028863","C0100","Stonegate University Facilities - Southeast","Institutional","Southeast","Dana Whitfield","Low","215000.00","COL-02","Marcus Bell","Strategic Accounts","NET90","90","0.00","2025-12-04","2026-03-04","1248.96","0.00","0.00","0.00","0.00","1248.96","0.00","1","0","-63","1","Current","0.00","0",""
"INV-028864","C0108","Cedar Ridge Construction - Southeast","Contractor","Southeast","Luis Moreno","Medium","135000.00","COL-03","Elena Ruiz","Commercial","NET30","30","0.00","2025-12-04","2026-01-03","1891.84","0.00","0.00","0.00","0.00","1891.84","0.00","1","0","-3","1","Current","0.00","0",""
"INV-028866","C0111","Harbor Manufacturing","OEM Manufacturer","West","Owen Price","Medium","405000.00","COL-02","Marcus Bell","Strategic Accounts","NET45","45","0.00","2025-12-04","2026-01-18","12247.66","0.00","0.00","0.00","0.00","12247.66","0.00","1","0","-18","1","Current","0.00","0",""
"INV-028868","C0119","Titan Builders","Contractor","Northeast","Nadia Farouk","Medium","105000.00","COL-04","Tomas Okafor","Commercial","2/10NET30","30","2.00","2025-12-04","2026-01-03","822.98","0.00","0.00","0.00","0.00","822.98","0.00","1","0","-3","1","Current","0.00","0",""
"INV-028869","C0122","Frontier Fabrication - Northeast","OEM Manufacturer","Northeast","Adrian Cole","Low","435000.00","COL-01","Priya Natarajan","Strategic Accounts","NET45","45","0.00","2025-12-04","2026-01-18","4945.51","0.00","0.00","0.00","0.00","4945.51","0.00","1","0","-18","1","Current","0.00","1","Pricing"
"INV-028871","C0128","Summit Builders","Contractor","Southwest","Kevin Ames","Low","125000.00","COL-03","Elena Ruiz","Commercial","NET60","60","0.00","2025-12-04","2026-02-02","7014.90","0.00","0.00","0.00","0.00","7014.90","0.00","1","0","-33","1","Current","0.00","0",""
"INV-028872","C0132","Keystone Contracting","Contractor","West","Maya Brennan","High","105000.00","COL-04","Tomas Okafor","Commercial","NET60","60","0.00","2025-12-04","2026-02-02","3707.55","0.00","0.00","0.00","0.00","3707.55","0.00","1","0","-33","1","Current","0.00","0",""
"INV-028873","C0136","Crestview Industrial Supply - West","MRO Reseller","West","Maya Brennan","High","65000.00","COL-05","Grace Lindqvist","Small Business","NET30","30","0.00","2025-12-04","2026-01-03","1323.40","0.00","0.00","0.00","0.00","1323.40","0.00","1","0","-3","1","Current","0.00","0",""
"INV-028874","C0150","Northfield Industries","OEM Manufacturer","Midwest","Hana Sato","Low","425000.00","COL-01","Priya Natarajan","Strategic Accounts","NET45","45","0.00","2025-12-04","2026-01-18","2050.15","0.00","0.00","0.00","0.00","2050.15","0.00","1","0","-18","1","Current","0.00","1","PO Mismatch"
"INV-028875","C0151","Riverbend MRO Services - Northeast 3","MRO Reseller","Northeast","Adrian Cole","Low","120000.00","COL-05","Grace Lindqvist","Small Business","NET30","30","0.00","2025-12-04","2026-01-03","831.71","0.00","0.00","0.00","0.00","831.71","0.00","1","0","-3","1","Current","0.00","1","Short Shipment"
"INV-028876","C0153","Redline Water Authority","Institutional","Southeast","Luis Moreno","Low","200000.00","COL-02","Marcus Bell","Strategic Accounts","NET90","90","0.00","2025-12-04","2026-03-04","2695.57","0.00","0.00","0.00","0.00","2695.57","0.00","1","0","-63","1","Current","0.00","0",""
"INV-028877","C0158","Frontier Mechanical","Contractor","Southeast","Dana Whitfield","High","100000.00","COL-03","Elena Ruiz","Commercial","NET30","30","0.00","2025-12-04","2026-01-03","4750.15","0.00","0.00","0.00","0.00","4750.15","0.00","1","0","-3","1","Current","0.00","1","PO Mismatch"
"INV-028878","C0163","Keystone Fabrication","OEM Manufacturer","Midwest","Ben Kowalczyk","Medium","600000.00","COL-01","Priya Natarajan","Strategic Accounts","NET60","60","0.00","2025-12-04","2026-02-02","2614.07","0.00","0.00","0.00","0.00","2614.07","0.00","1","0","-33","1","Current","0.00","0",""
"INV-028879","C0194","Riverbend Mechanical - Southeast","Contractor","Southeast","Dana Whitfield","Medium","150000.00","COL-01","Priya Natarajan","Strategic Accounts","NET30","30","0.00","2025-12-04","2026-01-03","1261.87","0.00","0.00","0.00","0.00","1261.87","0.00","1","0","-3","1","Current","0.00","0",""
"INV-028880","C0195","Redline Manufacturing","OEM Manufacturer","Southwest","Kevin Ames","Medium","360000.00","COL-01","Priya Natarajan","Strategic Accounts","NET60","60","0.00","2025-12-04","2026-02-02","1630.92","0.00","0.00","0.00","0.00","1630.92","0.00","1","0","-33","1","Current","0.00","1","Pricing"
"INV-028881","C0198","Titan Maintenance Supply - Northeast","MRO Reseller","Northeast","Adrian Cole","Low","60000.00","COL-05","Grace Lindqvist","Small Business","NET30","30","0.00","2025-12-04","2026-01-03","3470.23","0.00","0.00","0.00","0.00","3470.23","0.00","1","0","-3","1","Current","0.00","0",""
"INV-028882","C0207","Stonegate Mechanical","Contractor","Southwest","Kevin Ames","Medium","75000.00","COL-04","Tomas Okafor","Commercial","2/10NET30","30","2.00","2025-12-04","2026-01-03","2260.32","0.00","0.00","0.00","0.00","2260.32","0.00","1","0","-3","1","Current","0.00","0",""
"INV-028883","C0214","Bluewater Industries - Midwest 3","OEM Manufacturer","Midwest","Hana Sato","Low","275000.00","COL-02","Marcus Bell","Strategic Accounts","NET60","60","0.00","2025-12-04","2026-02-02","9164.00","0.00","0.00","0.00","0.00","9164.00","0.00","1","0","-33","1","Current","0.00","0",""
"INV-028884","C0216","Bluewater Construction - West","Contractor","West","Maya Brennan","Medium","40000.00","COL-04","Tomas Okafor","Commercial","NET60","60","0.00","2025-12-04","2026-02-02","815.05","0.00","0.00","0.00","0.00","815.05","0.00","1","0","-33","1","Current","0.00","0",""
"INV-028885","C0219","Titan Construction - Southwest 3","Contractor","Southwest","Rosa Delgado","Low","115000.00","COL-03","Elena Ruiz","Commercial","NET60","60","0.00","2025-12-04","2026-02-02","1668.50","0.00","0.00","0.00","0.00","1668.50","0.00","1","0","-33","1","Current","0.00","0",""
"INV-028886","C0227","Cedar Ridge County Facilities","Institutional","West","Owen Price","Low","80000.00","COL-03","Elena Ruiz","Commercial","NET60","60","0.00","2025-12-04","2026-02-02","4502.15","0.00","0.00","0.00","0.00","4502.15","0.00","1","0","-33","1","Current","0.00","0",""
"INV-028889","C0248","Lakeshore Contracting - Midwest","Contractor","Midwest","Ben Kowalczyk","Medium","120000.00","COL-04","Tomas Okafor","Commercial","NET30","30","0.00","2025-12-04","2026-01-03","4157.87","0.00","0.00","0.00","0.00","4157.87","0.00","1","0","-3","1","Current","0.00","0",""
"INV-028890","C0255","Riverbend Fabrication","OEM Manufacturer","Southwest","Rosa Delgado","Low","245000.00","COL-02","Marcus Bell","Strategic Accounts","NET60","60","0.00","2025-12-04","2026-02-02","4056.71","0.00","0.00","0.00","0.00","4056.71","0.00","1","0","-33","1","Current","0.00","0",""
"INV-028891","C0258","Riverbend Contracting - Midwest","Contractor","Midwest","Ben Kowalczyk","Low","30000.00","COL-04","Tomas Okafor","Commercial","NET30","30","0.00","2025-12-04","2026-01-03","2837.15","0.00","0.00","0.00","0.00","2837.15","0.00","1","0","-3","1","Current","0.00","0",""
"INV-028894","C0291","Redline Contracting","Contractor","Southeast","Luis Moreno","Low","75000.00","COL-04","Tomas Okafor","Commercial","NET30","30","0.00","2025-12-04","2026-01-03","6573.51","0.00","0.00","0.00","0.00","6573.51","0.00","1","0","-3","1","Current","0.00","0",""
"INV-028895","C0298","Cedar Ridge Contracting - Northeast","Contractor","Northeast","Nadia Farouk","Low","150000.00","COL-01","Priya Natarajan","Strategic Accounts","NET30","30","0.00","2025-12-04","2026-01-03","3342.53","0.00","0.00","0.00","0.00","3342.53","0.00","1","0","-3","1","Current","0.00","0",""
"INV-028896","C0302","Crestview Contracting - Northeast 3","Contractor","Northeast","Nadia Farouk","High","125000.00","COL-04","Tomas Okafor","Commercial","2/10NET30","30","2.00","2025-12-04","2026-01-03","1243.19","0.00","0.00","0.00","0.00","1243.19","0.00","1","0","-3","1","Current","0.00","0",""
"INV-028898","C0316","Bluewater Parts & Service - Midwest 3","MRO Reseller","Midwest","Hana Sato","Medium","75000.00","COL-06","Sam Horowitz","Small Business","NET30","30","0.00","2025-12-04","2026-01-03","543.17","0.00","0.00","0.00","0.00","543.17","0.00","1","0","-3","1","Current","0.00","0",""
"INV-028899","C0317","Apex Industrial Supply","MRO Reseller","West","Owen Price","Low","100000.00","COL-06","Sam Horowitz","Small Business","NET30","30","0.00","2025-12-04","2026-01-03","2088.49","0.00","0.00","0.00","0.00","2088.49","0.00","1","0","-3","1","Current","0.00","0",""
"INV-028900","C0329","Northfield School District - Midwest","Institutional","Midwest","Hana Sato","Low","230000.00","COL-01","Priya Natarajan","Strategic Accounts","NET90","90","0.00","2025-12-04","2026-03-04","9405.24","0.00","0.00","0.00","0.00","9405.24","0.00","1","0","-63","1","Current","0.00","0",""
"INV-028901","C0332","Bluewater Parts & Service - Southwest 4","MRO Reseller","Southwest","Rosa Delgado","Medium","65000.00","COL-06","Sam Horowitz","Small Business","NET30","30","0.00","2025-12-04","2026-01-03","2518.83","0.00","0.00","0.00","0.00","2518.83","0.00","1","0","-3","1","Current","0.00","0",""
"INV-028902","C0344","Granite Supply Co. - West","MRO Reseller","West","Maya Brennan","Low","115000.00","COL-06","Sam Horowitz","Small Business","NET30","30","0.00","2025-12-04","2026-01-03","1742.96","0.00","0.00","0.00","0.00","1742.96","0.00","1","0","-3","1","Current","0.00","0",""
"INV-028903","C0346","Frontier Supply Co.","MRO Reseller","Northeast","Nadia Farouk","Low","55000.00","COL-05","Grace Lindqvist","Small Business","2/10NET30","30","2.00","2025-12-04","2026-01-03","4574.45","0.00","0.00","0.00","0.00","4574.45","0.00","1","0","-3","1","Current","0.00","0",""
"INV-028904","C0359","Stonegate Fabrication - West","OEM Manufacturer","West","Maya Brennan","High","380000.00","COL-02","Marcus Bell","Strategic Accounts","NET60","60","0.00","2025-12-04","2026-02-02","5520.61","0.00","0.00","0.00","0.00","5520.61","0.00","1","0","-33","1","Current","0.00","0",""
"INV-028905","C0374","Bluewater University Facilities - West","Institutional","West","Maya Brennan","Low","135000.00","COL-03","Elena Ruiz","Commercial","NET60","60","0.00","2025-12-04","2026-02-02","2747.63","0.00","0.00","0.00","0.00","2747.63","0.00","1","0","-33","1","Current","0.00","0",""
"INV-028906","C0382","Summit Machine Works","OEM Manufacturer","Southwest","Kevin Ames","Low","240000.00","COL-02","Marcus Bell","Strategic Accounts","NET60","60","0.00","2025-12-04","2026-02-02","4375.29","0.00","0.00","0.00","0.00","4375.29","0.00","1","0","-33","1","Current","0.00","0",""
"INV-028907","C0001","Silverline MRO Services","MRO Reseller","Northeast","Adrian Cole","Medium","120000.00","COL-05","Grace Lindqvist","Small Business","NET30","30","0.00","2025-12-05","2026-01-04","453.63","0.00","0.00","0.00","0.00","453.63","0.00","1","0","-4","1","Current","0.00","0",""
"INV-028908","C0014","Riverbend MRO Services","MRO Reseller","Southwest","Rosa Delgado","Medium","105000.00","COL-06","Sam Horowitz","Small Business","NET30","30","0.00","2025-12-05","2026-01-04","3430.50","0.00","0.00","0.00","0.00","3430.50","0.00","1","0","-4","1","Current","0.00","0",""
"INV-028910","C0026","Northfield Components","OEM Manufacturer","Northeast","Nadia Farouk","Low","550000.00","COL-01","Priya Natarajan","Strategic Accounts","NET45","45","0.00","2025-12-05","2026-01-19","5579.04","0.00","0.00","0.00","0.00","5579.04","0.00","1","0","-19","1","Current","0.00","0",""
"INV-028911","C0038","Summit Fabrication","OEM Manufacturer","Northeast","Adrian Cole","High","430000.00","COL-01","Priya Natarajan","Strategic Accounts","NET45","45","0.00","2025-12-05","2026-01-19","1695.94","0.00","0.00","0.00","0.00","1695.94","0.00","1","0","-19","1","Current","0.00","0",""
"INV-028912","C0043","Bluewater Construction","Contractor","Northeast","Nadia Farouk","Low","90000.00","COL-03","Elena Ruiz","Commercial","NET30","30","0.00","2025-12-05","2026-01-04","1396.46","0.00","0.00","0.00","0.00","1396.46","0.00","1","0","-4","1","Current","0.00","0",""
"INV-028913","C0050","Redline University Facilities","Institutional","Southeast","Luis Moreno","Low","195000.00","COL-02","Marcus Bell","Strategic Accounts","NET60","60","0.00","2025-12-05","2026-02-03","1325.79","0.00","0.00","0.00","0.00","1325.79","0.00","1","0","-34","1","Current","0.00","0",""
"INV-028914","C0056","Northfield Components - Southwest","OEM Manufacturer","Southwest","Kevin Ames","Medium","240000.00","COL-01","Priya Natarajan","Strategic Accounts","NET60","60","0.00","2025-12-05","2026-02-03","9711.92","0.00","0.00","0.00","0.00","9711.92","0.00","1","0","-34","1","Current","0.00","0",""
"INV-028915","C0066","Summit Industries","OEM Manufacturer","Midwest","Ben Kowalczyk","Medium","385000.00","COL-02","Marcus Bell","Strategic Accounts","NET60","60","0.00","2025-12-05","2026-02-03","8652.14","0.00","0.00","0.00","0.00","8652.14","0.00","1","0","-34","1","Current","0.00","0",""
"INV-028916","C0070","Riverbend Parts & Service","MRO Reseller","West","Owen Price","Low","45000.00","COL-05","Grace Lindqvist","Small Business","NET30","30","0.00","2025-12-05","2026-01-04","1185.68","0.00","0.00","0.00","0.00","1185.68","0.00","1","0","-4","1","Current","0.00","0",""
"INV-028917","C0076","Cedar Ridge Construction","Contractor","West","Maya Brennan","Low","110000.00","COL-04","Tomas Okafor","Commercial","NET60","60","0.00","2025-12-05","2026-02-03","4231.99","0.00","0.00","0.00","0.00","4231.99","0.00","1","0","-34","1","Current","0.00","0",""
"INV-028918","C0079","Cedar Ridge Machine Works","OEM Manufacturer","West","Owen Price","Low","555000.00","COL-01","Priya Natarajan","Strategic Accounts","NET60","60","0.00","2025-12-05","2026-02-03","1675.42","0.00","0.00","0.00","0.00","1675.42","0.00","1","0","-34","1","Current","0.00","0",""
"INV-028921","C0087","Riverbend Maintenance Supply","MRO Reseller","Southeast","Dana Whitfield","Medium","95000.00","COL-05","Grace Lindqvist","Small Business","NET30","30","0.00","2025-12-05","2026-01-04","494.47","0.00","0.00","0.00","0.00","494.47","0.00","1","0","-4","1","Current","0.00","0",""
"INV-028922","C0088","Westbrook Builders - West","Contractor","West","Maya Brennan","High","145000.00","COL-03","Elena Ruiz","Commercial","NET60","60","0.00","2025-12-05","2026-02-03","7514.29","0.00","0.00","0.00","0.00","7514.29","0.00","1","0","-34","1","Current","0.00","0",""
"INV-028924","C0094","Bluewater Industries - Southeast","OEM Manufacturer","Southeast","Dana Whitfield","Low","535000.00","COL-02","Marcus Bell","Strategic Accounts","NET45","45","0.00","2025-12-05","2026-01-19","6846.02","0.00","0.00","0.00","0.00","6846.02","0.00","1","0","-19","1","Current","0.00","0",""
"INV-028925","C0095","Stonegate Fabrication","OEM Manufacturer","West","Owen Price","Low","600000.00","COL-02","Marcus Bell","Strategic Accounts","NET60","60","0.00","2025-12-05","2026-02-03","14194.11","0.00","0.00","0.00","0.00","14194.11","0.00","1","0","-34","1","Current","0.00","0",""
"INV-028926","C0104","Granite Industrial Supply","MRO Reseller","Midwest","Ben Kowalczyk","Low","105000.00","COL-06","Sam Horowitz","Small Business","NET30","30","0.00","2025-12-05","2026-01-04","2019.82","0.00","0.00","0.00","0.00","2019.82","0.00","1","0","-4","1","Current","0.00","0",""
"INV-028927","C0106","Cedar Ridge Industrial Supply - Midwest","MRO Reseller","Midwest","Ben Kowalczyk","Low","35000.00","COL-05","Grace Lindqvist","Small Business","NET30","30","0.00","2025-12-05","2026-01-04","4073.48","0.00","0.00","0.00","0.00","4073.48","0.00","1","0","-4","1","Current","0.00","0",""
"INV-028928","C0110","Riverbend Maintenance Supply - Northeast","MRO Reseller","Northeast","Adrian Cole","Low","105000.00","COL-05","Grace Lindqvist","Small Business","2/10NET30","30","2.00","2025-12-05","2026-01-04","458.59","0.00","0.00","0.00","0.00","458.59","0.00","1","0","-4","1","Current","0.00","0",""
"INV-028930","C0124","Riverbend MRO Services - West","MRO Reseller","West","Owen Price","High","110000.00","COL-05","Grace Lindqvist","Small Business","NET30","30","0.00","2025-12-05","2026-01-04","681.52","0.00","0.00","0.00","0.00","681.52","0.00","1","0","-4","1","Current","0.00","0",""
"INV-028931","C0133","Oakmont Construction","Contractor","Midwest","Hana Sato","Medium","115000.00","COL-03","Elena Ruiz","Commercial","NET30","30","0.00","2025-12-05","2026-01-04","2500.40","0.00","0.00","0.00","0.00","2500.40","0.00","1","0","-4","1","Current","0.00","0",""
"INV-028932","C0139","Harbor Machine Works","OEM Manufacturer","Midwest","Ben Kowalczyk","Medium","570000.00","COL-01","Priya Natarajan","Strategic Accounts","NET45","45","0.00","2025-12-05","2026-01-19","13799.03","0.00","0.00","0.00","0.00","13799.03","0.00","1","0","-19","1","Current","0.00","0",""
"INV-028933","C0143","Northfield Parts & Service","MRO Reseller","Southwest","Kevin Ames","Medium","105000.00","COL-06","Sam Horowitz","Small Business","NET30","30","0.00","2025-12-05","2026-01-04","467.42","0.00","0.00","0.00","0.00","467.42","0.00","1","0","-4","1","Current","0.00","0",""
"INV-028934","C0144","Frontier Electric","Contractor","Northeast","Nadia Farouk","Medium","110000.00","COL-04","Tomas Okafor","Commercial","NET30","30","0.00","2025-12-05","2026-01-04","3557.92","0.00","0.00","0.00","0.00","3557.92","0.00","1","0","-4","1","Current","0.00","0",""
"INV-028935","C0147","Apex Manufacturing - Northeast","OEM Manufacturer","Northeast","Nadia Farouk","Low","455000.00","COL-02","Marcus Bell","Strategic Accounts","NET45","45","0.00","2025-12-05","2026-01-19","1843.62","0.00","0.00","0.00","0.00","1843.62","0.00","1","0","-19","1","Current","0.00","0",""
"INV-028936","C0157","Crestview School District - Southwest","Institutional","Southwest","Kevin Ames","Low","85000.00","COL-04","Tomas Okafor","Commercial","NET60","60","0.00","2025-12-05","2026-02-03","1945.84","0.00","0.00","0.00","0.00","1945.84","0.00","1","0","-34","1","Current","0.00","0",""
"INV-028937","C0158","Frontier Mechanical","Contractor","Southeast","Dana Whitfield","High","100000.00","COL-03","Elena Ruiz","Commercial","NET30","30","0.00","2025-12-05","2026-01-04","1411.60","0.00","0.00","0.00","0.00","1411.60","0.00","1","0","-4","1","Current","0.00","1","PO Mismatch"
"INV-028939","C0162","Stonegate Builders","Contractor","Southwest","Kevin Ames","Medium","55000.00","COL-03","Elena Ruiz","Commercial","NET60","60","0.00","2025-12-05","2026-02-03","800.28","0.00","0.00","0.00","0.00","800.28","0.00","1","0","-34","1","Current","0.00","0",""
"INV-028940","C0163","Keystone Fabrication","OEM Manufacturer","Midwest","Ben Kowalczyk","Medium","600000.00","COL-01","Priya Natarajan","Strategic Accounts","NET60","60","0.00","2025-12-05","2026-02-03","1903.21","0.00","0.00","0.00","0.00","1903.21","0.00","1","0","-34","1","Current","0.00","0",""
"INV-028941","C0170","Titan Industries","OEM Manufacturer","Northeast","Adrian Cole","Low","580000.00","COL-01","Priya Natarajan","Strategic Accounts","NET45","45","0.00","2025-12-05","2026-01-19","13776.34","0.00","0.00","0.00","0.00","13776.34","0.00","1","0","-19","1","Current","0.00","0",""
"INV-028942","C0182","Lakeshore Parts & Service","MRO Reseller","Midwest","Hana Sato","Medium","50000.00","COL-06","Sam Horowitz","Small Business","NET30","30","0.00","2025-12-05","2026-01-04","4456.98","0.00","0.00","0.00","0.00","4456.98","0.00","1","0","-4","1","Current","0.00","0",""
"INV-028943","C0183","Oakmont Maintenance Supply","MRO Reseller","West","Maya Brennan","High","100000.00","COL-05","Grace Lindqvist","Small Business","NET30","30","0.00","2025-12-05","2026-01-04","578.45","0.00","0.00","0.00","0.00","578.45","0.00","1","0","-4","1","Current","0.00","0",""
"INV-028944","C0190","Harbor Fabrication","OEM Manufacturer","West","Owen Price","Medium","580000.00","COL-01","Priya Natarajan","Strategic Accounts","NET45","45","0.00","2025-12-05","2026-01-19","6057.04","0.00","0.00","0.00","0.00","6057.04","0.00","1","0","-19","1","Current","0.00","0",""
"INV-028945","C0192","Keystone MRO Services","MRO Reseller","Midwest","Hana Sato","Medium","65000.00","COL-05","Grace Lindqvist","Small Business","NET30","30","0.00","2025-12-05","2026-01-04","631.13","0.00","0.00","0.00","0.00","631.13","0.00","1","0","-4","1","Current","0.00","0",""
"INV-028946","C0201","Titan Machine Works","OEM Manufacturer","Southwest","Kevin Ames","Low","525000.00","COL-02","Marcus Bell","Strategic Accounts","NET45","45","0.00","2025-12-05","2026-01-19","8496.43","0.00","0.00","0.00","0.00","8496.43","0.00","1","0","-19","1","Current","0.00","0",""
"INV-028947","C0203","Redline Industrial Supply - Southwest","MRO Reseller","Southwest","Kevin Ames","Low","120000.00","COL-06","Sam Horowitz","Small Business","NET30","30","0.00","2025-12-05","2026-01-04","1069.02","0.00","0.00","0.00","0.00","1069.02","0.00","1","0","-4","1","Current","0.00","0",""
"INV-028948","C0204","Cedar Ridge Builders","Contractor","West","Owen Price","Low","50000.00","COL-04","Tomas Okafor","Commercial","NET60","60","0.00","2025-12-05","2026-02-03","5909.20","0.00","0.00","0.00","0.00","5909.20","0.00","1","0","-34","1","Current","0.00","0",""
"INV-028949","C0205","Northfield Builders - Northeast","Contractor","Northeast","Nadia Farouk","Medium","130000.00","COL-03","Elena Ruiz","Commercial","NET30","30","0.00","2025-12-05","2026-01-04","6446.17","0.00","0.00","0.00","0.00","6446.17","0.00","1","0","-4","1","Current","0.00","0",""
"INV-028950","C0219","Titan Construction - Southwest 3","Contractor","Southwest","Rosa Delgado","Low","115000.00","COL-03","Elena Ruiz","Commercial","NET60","60","0.00","2025-12-05","2026-02-03","6156.01","0.00","0.00","0.00","0.00","6156.01","0.00","1","0","-34","1","Current","0.00","0",""
"INV-028951","C0225","Titan Parts & Service","MRO Reseller","Midwest","Ben Kowalczyk","High","50000.00","COL-06","Sam Horowitz","Small Business","2/10NET30","30","2.00","2025-12-05","2026-01-04","467.07","0.00","0.00","0.00","0.00","467.07","0.00","1","0","-4","1","Current","0.00","0",""
"INV-028952","C0235","Riverbend Electric - Southeast","Contractor","Southeast","Luis Moreno","Medium","145000.00","COL-04","Tomas Okafor","Commercial","NET30","30","0.00","2025-12-05","2026-01-04","1689.89","0.00","0.00","0.00","0.00","1689.89","0.00","1","0","-4","1","Current","0.00","0",""
"INV-028954","C0239","Northfield Supply Co. - Northeast","MRO Reseller","Northeast","Adrian Cole","Low","75000.00","COL-05","Grace Lindqvist","Small Business","2/10NET30","30","2.00","2025-12-05","2026-01-04","3139.35","0.00","0.00","0.00","0.00","3139.35","0.00","1","0","-4","1","Current","0.00","0",""
"INV-028955","C0241","Lakeshore Industries - Southeast","OEM Manufacturer","Southeast","Dana Whitfield","Low","185000.00","COL-01","Priya Natarajan","Strategic Accounts","NET60","60","0.00","2025-12-05","2026-02-03","17138.97","0.00","0.00","0.00","0.00","17138.97","0.00","1","0","-34","1","Current","0.00","0",""
"INV-028956","C0245","Ironbridge Industrial Supply - West","MRO Reseller","West","Owen Price","High","85000.00","COL-05","Grace Lindqvist","Small Business","2/10NET30","30","2.00","2025-12-05","2026-01-04","450.20","0.00","0.00","0.00","0.00","450.20","0.00","1","0","-4","1","Current","0.00","0",""
"INV-028957","C0264","Crestview Electric - Midwest","Contractor","Midwest","Hana Sato","Low","65000.00","COL-03","Elena Ruiz","Commercial","NET30","30","0.00","2025-12-05","2026-01-04","5532.92","0.00","0.00","0.00","0.00","5532.92","0.00","1","0","-4","1","Current","0.00","0",""
"INV-028958","C0276","Oakmont Builders - West 3","Contractor","West","Owen Price","Medium","60000.00","COL-03","Elena Ruiz","Commercial","NET60","60","0.00","2025-12-05","2026-02-03","1378.80","0.00","0.00","0.00","0.00","1378.80","0.00","1","0","-34","1","Current","0.00","0",""
"INV-028959","C0280","Apex Mechanical - West","Contractor","West","Maya Brennan","Medium","120000.00","COL-03","Elena Ruiz","Commercial","NET60","60","0.00","2025-12-05","2026-02-03","1046.83","0.00","0.00","0.00","0.00","1046.83","0.00","1","0","-34","1","Current","0.00","0",""
"INV-028960","C0292","Cedar Ridge Maintenance Supply","MRO Reseller","Southeast","Luis Moreno","Medium","85000.00","COL-05","Grace Lindqvist","Small Business","NET30","30","0.00","2025-12-05","2026-01-04","533.56","0.00","0.00","0.00","0.00","533.56","0.00","1","0","-4","1","Current","0.00","0",""
"INV-028961","C0294","Titan Components","OEM Manufacturer","Northeast","Adrian Cole","Low","215000.00","COL-01","Priya Natarajan","Strategic Accounts","NET60","60","0.00","2025-12-05","2026-02-03","7010.91","0.00","0.00","0.00","0.00","7010.91","0.00","1","0","-34","1","Current","0.00","0",""
"INV-028962","C0309","Frontier Machine Works","OEM Manufacturer","Northeast","Adrian Cole","Low","250000.00","COL-02","Marcus Bell","Strategic Accounts","NET45","45","0.00","2025-12-05","2026-01-19","8226.78","0.00","0.00","0.00","0.00","8226.78","0.00","1","0","-19","1","Current","0.00","0",""
"INV-028963","C0315","Lakeshore Parts & Service - Northeast","MRO Reseller","Northeast","Nadia Farouk","Medium","40000.00","COL-05","Grace Lindqvist","Small Business","2/10NET30","30","2.00","2025-12-05","2026-01-04","4694.28","0.00","0.00","0.00","0.00","4694.28","0.00","1","0","-4","1","Current","0.00","0",""
"INV-028964","C0316","Bluewater Parts & Service - Midwest 3","MRO Reseller","Midwest","Hana Sato","Medium","75000.00","COL-06","Sam Horowitz","Small Business","NET30","30","0.00","2025-12-05","2026-01-04","2043.91","0.00","0.00","0.00","0.00","2043.91","0.00","1","0","-4","1","Current","0.00","0",""
"INV-028965","C0326","Pioneer Manufacturing","OEM Manufacturer","Northeast","Adrian Cole","Low","315000.00","COL-01","Priya Natarajan","Strategic Accounts","NET45","45","0.00","2025-12-05","2026-01-19","1640.81","0.00","0.00","0.00","0.00","1640.81","0.00","1","0","-19","1","Current","0.00","0",""
"INV-028966","C0334","Titan Fabrication - Southeast","OEM Manufacturer","Southeast","Dana Whitfield","Low","330000.00","COL-01","Priya Natarajan","Strategic Accounts","NET60","60","0.00","2025-12-05","2026-02-03","9922.24","0.00","0.00","0.00","0.00","9922.24","0.00","1","0","-34","1","Current","0.00","1","PO Mismatch"
"INV-028967","C0336","Summit Contracting - Southwest 3","Contractor","Southwest","Rosa Delgado","Low","95000.00","COL-03","Elena Ruiz","Commercial","NET60","60","0.00","2025-12-05","2026-02-03","6735.84","0.00","0.00","0.00","0.00","6735.84","0.00","1","0","-34","1","Current","0.00","0",""
"INV-028968","C0337","Keystone Manufacturing","OEM Manufacturer","Northeast","Nadia Farouk","Low","540000.00","COL-01","Priya Natarajan","Strategic Accounts","NET45","45","0.00","2025-12-05","2026-01-19","2601.65","0.00","0.00","0.00","0.00","2601.65","0.00","1","0","-19","1","Current","0.00","0",""
"INV-028969","C0344","Granite Supply Co. - West","MRO Reseller","West","Maya Brennan","Low","115000.00","COL-06","Sam Horowitz","Small Business","NET30","30","0.00","2025-12-05","2026-01-04","2690.81","0.00","0.00","0.00","0.00","2690.81","0.00","1","0","-4","1","Current","0.00","0",""
"INV-028970","C0350","Crestview Industries","OEM Manufacturer","West","Owen Price","Low","335000.00","COL-02","Marcus Bell","Strategic Accounts","NET45","45","0.00","2025-12-05","2026-01-19","3869.20","0.00","0.00","0.00","0.00","3869.20","0.00","1","0","-19","1","Current","0.00","0",""
"INV-028971","C0364","Redline Industries - Northeast","OEM Manufacturer","Northeast","Adrian Cole","Low","335000.00","COL-02","Marcus Bell","Strategic Accounts","NET45","45","0.00","2025-12-05","2026-01-19","7753.46","0.00","0.00","0.00","0.00","7753.46","0.00","1","0","-19","1","Current","0.00","0",""
"INV-028972","C0372","Cedar Ridge Mechanical - Southeast 3","Contractor","Southeast","Dana Whitfield","Low","70000.00","COL-04","Tomas Okafor","Commercial","NET30","30","0.00","2025-12-05","2026-01-04","7406.05","0.00","0.00","0.00","0.00","7406.05","0.00","1","0","-4","1","Current","0.00","1","PO Mismatch"
"INV-028973","C0373","Riverbend Electric - West 4","Contractor","West","Maya Brennan","High","35000.00","COL-03","Elena Ruiz","Commercial","NET60","60","0.00","2025-12-05","2026-02-03","2474.02","0.00","0.00","0.00","0.00","2474.02","0.00","1","0","-34","1","Current","0.00","0",""
"INV-028974","C0374","Bluewater University Facilities - West","Institutional","West","Maya Brennan","Low","135000.00","COL-03","Elena Ruiz","Commercial","NET60","60","0.00","2025-12-05","2026-02-03","7081.31","0.00","0.00","0.00","0.00","7081.31","0.00","1","0","-34","1","Current","0.00","0",""
"INV-028975","C0378","Silverline Fabrication - Southwest","OEM Manufacturer","Southwest","Rosa Delgado","Medium","585000.00","COL-01","Priya Natarajan","Strategic Accounts","NET45","45","0.00","2025-12-05","2026-01-19","4535.55","0.00","0.00","0.00","0.00","4535.55","0.00","1","0","-19","1","Current","0.00","0",""
"INV-028977","C0389","Ironbridge Components - Southeast","OEM Manufacturer","Southeast","Dana Whitfield","Medium","590000.00","COL-02","Marcus Bell","Strategic Accounts","NET60","60","0.00","2025-12-05","2026-02-03","4514.24","0.00","0.00","0.00","0.00","4514.24","0.00","1","0","-34","1","Current","0.00","0",""
"INV-028978","C0008","Silverline Maintenance Supply","MRO Reseller","Southwest","Kevin Ames","Low","105000.00","COL-06","Sam Horowitz","Small Business","NET30","30","0.00","2025-12-08","2026-01-07","473.38","0.00","0.00","0.00","0.00","473.38","0.00","1","0","-7","1","Current","0.00","0",""
"INV-028980","C0016","Pioneer Parts & Service","MRO Reseller","West","Maya Brennan","Low","30000.00","COL-06","Sam Horowitz","Small Business","NET30","30","0.00","2025-12-08","2026-01-07","2490.75","0.00","0.00","0.00","0.00","2490.75","0.00","1","0","-7","1","Current","0.00","0",""
"INV-028981","C0017","Silverline Fabrication","OEM Manufacturer","Southwest","Kevin Ames","Low","500000.00","COL-01","Priya Natarajan","Strategic Accounts","NET45","45","0.00","2025-12-08","2026-01-22","5012.77","0.00","0.00","0.00","0.00","5012.77","0.00","1","0","-22","1","Current","0.00","1","PO Mismatch"
"INV-028982","C0033","Lakeshore Construction","Contractor","Southeast","Dana Whitfield","Medium","45000.00","COL-03","Elena Ruiz","Commercial","NET30","30","0.00","2025-12-08","2025-12-18","1994.89","0.00","0.00","0.00","0.00","1994.89","0.00","1","1","13","2","1-30","0.25","1","Pricing"
"INV-028983","C0052","Westbrook Parts & Service","MRO Reseller","Southeast","Luis Moreno","Medium","90000.00","COL-05","Grace Lindqvist","Small Business","NET30","30","0.00","2025-12-08","2026-01-07","1528.29","0.00","0.00","0.00","0.00","1528.29","0.00","1","0","-7","1","Current","0.00","0",""
"INV-028984","C0056","Northfield Components - Southwest","OEM Manufacturer","Southwest","Kevin Ames","Medium","240000.00","COL-01","Priya Natarajan","Strategic Accounts","NET60","60","0.00","2025-12-08","2026-02-06","1829.44","0.00","0.00","0.00","0.00","1829.44","0.00","1","0","-37","1","Current","0.00","0",""
"INV-028985","C0062","Keystone Electric","Contractor","Northeast","Adrian Cole","Medium","95000.00","COL-03","Elena Ruiz","Commercial","NET30","30","0.00","2025-12-08","2026-01-07","1059.28","0.00","0.00","0.00","0.00","1059.28","0.00","1","0","-7","1","Current","0.00","0",""
"INV-028986","C0068","Harbor Industries","OEM Manufacturer","Southwest","Rosa Delgado","High","600000.00","COL-01","Priya Natarajan","Strategic Accounts","NET60","60","0.00","2025-12-08","2026-02-06","1738.84","0.00","0.00","0.00","0.00","1738.84","0.00","1","0","-37","1","Current","0.00","0",""
"INV-028987","C0074","Frontier Fabrication","OEM Manufacturer","Southeast","Dana Whitfield","Medium","600000.00","COL-01","Priya Natarajan","Strategic Accounts","NET45","45","0.00","2025-12-08","2026-01-22","10443.56","0.00","0.00","0.00","0.00","10443.56","0.00","1","0","-22","1","Current","0.00","0",""
"INV-028989","C0094","Bluewater Industries - Southeast","OEM Manufacturer","Southeast","Dana Whitfield","Low","535000.00","COL-02","Marcus Bell","Strategic Accounts","NET45","45","0.00","2025-12-08","2026-01-22","2730.58","0.00","0.00","0.00","0.00","2730.58","0.00","1","0","-22","1","Current","0.00","1","Pricing"
"INV-028991","C0121","Apex Manufacturing","OEM Manufacturer","Midwest","Hana Sato","Low","385000.00","COL-02","Marcus Bell","Strategic Accounts","NET60","60","0.00","2025-12-08","2026-02-06","3778.63","0.00","0.00","0.00","0.00","3778.63","0.00","1","0","-37","1","Current","0.00","0",""
"INV-028992","C0132","Keystone Contracting","Contractor","West","Maya Brennan","High","105000.00","COL-04","Tomas Okafor","Commercial","NET60","60","0.00","2025-12-08","2026-02-06","8496.88","0.00","0.00","0.00","0.00","8496.88","0.00","1","0","-37","1","Current","0.00","0",""
"INV-028994","C0140","Apex Parts & Service","MRO Reseller","Southeast","Luis Moreno","Medium","90000.00","COL-05","Grace Lindqvist","Small Business","NET30","30","0.00","2025-12-08","2026-01-07","2601.65","0.00","0.00","0.00","0.00","2601.65","0.00","1","0","-7","1","Current","0.00","0",""
"INV-028995","C0151","Riverbend MRO Services - Northeast 3","MRO Reseller","Northeast","Adrian Cole","Low","120000.00","COL-05","Grace Lindqvist","Small Business","NET30","30","0.00","2025-12-08","2026-01-07","3426.37","0.00","0.00","0.00","0.00","3426.37","0.00","1","0","-7","1","Current","0.00","0",""
"INV-028996","C0158","Frontier Mechanical","Contractor","Southeast","Dana Whitfield","High","100000.00","COL-03","Elena Ruiz","Commercial","NET30","30","0.00","2025-12-08","2026-01-07","8104.17","0.00","0.00","0.00","0.00","8104.17","0.00","1","0","-7","1","Current","0.00","0",""
"INV-028997","C0160","Summit Electric","Contractor","Midwest","Ben Kowalczyk","Low","120000.00","COL-03","Elena Ruiz","Commercial","2/10NET30","30","2.00","2025-12-08","2026-01-07","3381.06","0.00","0.00","0.00","0.00","3381.06","0.00","1","0","-7","1","Current","0.00","0",""
"INV-028998","C0170","Titan Industries","OEM Manufacturer","Northeast","Adrian Cole","Low","580000.00","COL-01","Priya Natarajan","Strategic Accounts","NET45","45","0.00","2025-12-08","2026-01-22","13715.92","0.00","0.00","0.00","0.00","13715.92","0.00","1","0","-22","1","Current","0.00","0",""
"INV-028999","C0175","Redline Mechanical - Southwest","Contractor","Southwest","Kevin Ames","Low","85000.00","COL-03","Elena Ruiz","Commercial","NET60","60","0.00","2025-12-08","2026-02-06","4818.03","0.00","0.00","0.00","0.00","4818.03","0.00","1","0","-37","1","Current","0.00","0",""
"INV-029000","C0176","Harbor Machine Works - Southeast","OEM Manufacturer","Southeast","Luis Moreno","Low","315000.00","COL-01","Priya Natarajan","Strategic Accounts","NET60","60","0.00","2025-12-08","2026-02-06","7769.96","0.00","0.00","0.00","0.00","7769.96","0.00","1","0","-37","1","Current","0.00","0",""
"INV-029001","C0188","Westbrook Industrial Supply - Southwest","MRO Reseller","Southwest","Rosa Delgado","High","35000.00","COL-06","Sam Horowitz","Small Business","NET30","30","0.00","2025-12-08","2026-01-07","1539.61","0.00","0.00","0.00","0.00","1539.61","0.00","1","0","-7","1","Current","0.00","0",""
"INV-029002","C0194","Riverbend Mechanical - Southeast","Contractor","Southeast","Dana Whitfield","Medium","150000.00","COL-01","Priya Natarajan","Strategic Accounts","NET30","30","0.00","2025-12-08","2026-01-07","4159.59","0.00","0.00","0.00","0.00","4159.59","0.00","1","0","-7","1","Current","0.00","0",""
"INV-029003","C0197","Harbor Machine Works - Southwest 3","OEM Manufacturer","Southwest","Kevin Ames","Low","470000.00","COL-01","Priya Natarajan","Strategic Accounts","NET60","60","0.00","2025-12-08","2026-02-06","6007.63","0.00","0.00","0.00","0.00","6007.63","0.00","1","0","-37","1","Current","0.00","0",""
"INV-029004","C0220","Frontier Construction","Contractor","Southwest","Rosa Delgado","Low","60000.00","COL-04","Tomas Okafor","Commercial","NET60","60","0.00","2025-12-08","2026-02-06","2123.15","0.00","0.00","0.00","0.00","2123.15","0.00","1","0","-37","1","Current","0.00","0",""
"INV-029006","C0227","Cedar Ridge County Facilities","Institutional","West","Owen Price","Low","80000.00","COL-03","Elena Ruiz","Commercial","NET60","60","0.00","2025-12-08","2026-02-06","1810.61","0.00","0.00","0.00","0.00","1810.61","0.00","1","0","-37","1","Current","0.00","0",""
"INV-029007","C0231","Silverline Components - Northeast","OEM Manufacturer","Northeast","Adrian Cole","Medium","305000.00","COL-01","Priya Natarajan","Strategic Accounts","NET60","60","0.00","2025-12-08","2026-02-06","11746.10","0.00","0.00","0.00","0.00","11746.10","0.00","1","0","-37","1","Current","0.00","0",""
"INV-029008","C0238","Oakmont Builders - Midwest","Contractor","Midwest","Ben Kowalczyk","Low","145000.00","COL-04","Tomas Okafor","Commercial","NET30","30","0.00","2025-12-08","2026-01-07","4616.60","0.00","0.00","0.00","0.00","4616.60","0.00","1","0","-7","1","Current","0.00","0",""
"INV-029009","C0240","Summit Contracting","Contractor","West","Maya Brennan","Medium","50000.00","COL-04","Tomas Okafor","Commercial","NET60","60","0.00","2025-12-08","2026-02-06","5499.49","0.00","0.00","0.00","0.00","5499.49","0.00","1","0","-37","1","Current","0.00","0",""
"INV-029010","C0255","Riverbend Fabrication","OEM Manufacturer","Southwest","Rosa Delgado","Low","245000.00","COL-02","Marcus Bell","Strategic Accounts","NET60","60","0.00","2025-12-08","2026-02-06","2998.89","0.00","0.00","0.00","0.00","2998.89","0.00","1","0","-37","1","Current","0.00","0",""
"INV-029011","C0279","Ironbridge Medical Center - Northeast","Institutional","Northeast","Nadia Farouk","Low","155000.00","COL-02","Marcus Bell","Strategic Accounts","NET90","90","0.00","2025-12-08","2026-03-08","4270.94","0.00","0.00","0.00","0.00","4270.94","0.00","1","0","-67","1","Current","0.00","0",""
"INV-029013","C0306","Apex Builders - Southwest 3","Contractor","Southwest","Rosa Delgado","Low","90000.00","COL-04","Tomas Okafor","Commercial","NET60","60","0.00","2025-12-08","2026-02-06","8448.80","0.00","0.00","0.00","0.00","8448.80","0.00","1","0","-37","1","Current","0.00","0",""
"INV-029014","C0323","Titan Parts & Service - Southwest 3","MRO Reseller","Southwest","Kevin Ames","Low","30000.00","COL-05","Grace Lindqvist","Small Business","NET30","30","0.00","2025-12-08","2026-01-07","1246.60","0.00","0.00","0.00","0.00","1246.60","0.00","1","0","-7","1","Current","0.00","0",""
"INV-029015","C0328","Westbrook Industries","OEM Manufacturer","Midwest","Ben Kowalczyk","Low","590000.00","COL-01","Priya Natarajan","Strategic Accounts","NET45","45","0.00","2025-12-08","2026-01-22","1999.96","0.00","0.00","0.00","0.00","1999.96","0.00","1","0","-22","1","Current","0.00","0",""
"INV-029016","C0330","Westbrook Electric - West","Contractor","West","Owen Price","Medium","75000.00","COL-04","Tomas Okafor","Commercial","2/10NET30","30","2.00","2025-12-08","2026-01-07","6483.61","0.00","0.00","0.00","0.00","6483.61","0.00","1","0","-7","1","Current","0.00","0",""
"INV-029017","C0331","Stonegate School District","Institutional","West","Owen Price","Low","190000.00","COL-01","Priya Natarajan","Strategic Accounts","NET90","90","0.00","2025-12-08","2026-03-08","2993.78","0.00","0.00","0.00","0.00","2993.78","0.00","1","0","-67","1","Current","0.00","0",""
"INV-029018","C0332","Bluewater Parts & Service - Southwest 4","MRO Reseller","Southwest","Rosa Delgado","Medium","65000.00","COL-06","Sam Horowitz","Small Business","NET30","30","0.00","2025-12-08","2026-01-07","2013.97","0.00","0.00","0.00","0.00","2013.97","0.00","1","0","-7","1","Current","0.00","0",""
"INV-029019","C0333","Oakmont Maintenance Supply - Southwest","MRO Reseller","Southwest","Kevin Ames","Medium","75000.00","COL-05","Grace Lindqvist","Small Business","NET30","30","0.00","2025-12-08","2026-01-07","3439.72","0.00","0.00","0.00","0.00","3439.72","0.00","1","0","-7","1","Current","0.00","0",""
"INV-029020","C0334","Titan Fabrication - Southeast","OEM Manufacturer","Southeast","Dana Whitfield","Low","330000.00","COL-01","Priya Natarajan","Strategic Accounts","NET60","60","0.00","2025-12-08","2026-02-06","2351.42","0.00","0.00","0.00","0.00","2351.42","0.00","1","0","-37","1","Current","0.00","1","Damaged Goods"
"INV-029021","C0351","Ironbridge Components","OEM Manufacturer","Midwest","Hana Sato","High","450000.00","COL-01","Priya Natarajan","Strategic Accounts","NET45","45","0.00","2025-12-08","2026-01-22","4191.16","0.00","0.00","0.00","0.00","4191.16","0.00","1","0","-22","1","Current","0.00","0",""
"INV-029022","C0352","Pioneer Construction - Midwest","Contractor","Midwest","Ben Kowalczyk","Low","110000.00","COL-04","Tomas Okafor","Commercial","NET30","30","0.00","2025-12-08","2026-01-07","6784.78","0.00","0.00","0.00","0.00","6784.78","0.00","1","0","-7","1","Current","0.00","0",""
"INV-029023","C0353","Summit Mechanical - Southwest 3","Contractor","Southwest","Rosa Delgado","High","150000.00","COL-01","Priya Natarajan","Strategic Accounts","2/10NET30","30","2.00","2025-12-08","2026-01-07","4203.22","0.00","0.00","0.00","0.00","4203.22","0.00","1","0","-7","1","Current","0.00","0",""
"INV-029024","C0358","Ironbridge Builders - West","Contractor","West","Maya Brennan","Low","135000.00","COL-03","Elena Ruiz","Commercial","NET60","60","0.00","2025-12-08","2026-02-06","4778.71","0.00","0.00","0.00","0.00","4778.71","0.00","1","0","-37","1","Current","0.00","0",""
"INV-029025","C0367","Bluewater Parts & Service - Southeast 5","MRO Reseller","Southeast","Dana Whitfield","Medium","105000.00","COL-06","Sam Horowitz","Small Business","2/10NET30","30","2.00","2025-12-08","2026-01-07","3249.86","0.00","0.00","0.00","0.00","3249.86","0.00","1","0","-7","1","Current","0.00","1","Pricing"
"INV-029026","C0372","Cedar Ridge Mechanical - Southeast 3","Contractor","Southeast","Dana Whitfield","Low","70000.00","COL-04","Tomas Okafor","Commercial","NET30","30","0.00","2025-12-08","2026-01-07","2365.76","0.00","0.00","0.00","0.00","2365.76","0.00","1","0","-7","1","Current","0.00","1","Pricing"
"INV-029027","C0384","Riverbend Industries - Southeast","OEM Manufacturer","Southeast","Luis Moreno","Low","370000.00","COL-01","Priya Natarajan","Strategic Accounts","NET60","60","0.00","2025-12-08","2026-02-06","2211.29","0.00","0.00","0.00","0.00","2211.29","0.00","1","0","-37","1","Current","0.00","0",""
"INV-029029","C0012","Lakeshore Mechanical","Contractor","Southeast","Luis Moreno","Low","125000.00","COL-03","Elena Ruiz","Commercial","NET30","30","0.00","2025-12-09","2026-01-08","7250.26","0.00","0.00","0.00","0.00","7250.26","0.00","1","0","-8","1","Current","0.00","0",""
"INV-029030","C0018","Redline Industries","OEM Manufacturer","Northeast","Nadia Farouk","Low","435000.00","COL-02","Marcus Bell","Strategic Accounts","NET45","45","0.00","2025-12-09","2026-01-23","14183.03","0.00","0.00","0.00","0.00","14183.03","0.00","1","0","-23","1","Current","0.00","0",""
"INV-029031","C0027","Oakmont Machine Works","OEM Manufacturer","Northeast","Nadia Farouk","Low","230000.00","COL-02","Marcus Bell","Strategic Accounts","NET45","45","0.00","2025-12-09","2026-01-23","9167.77","0.00","0.00","0.00","0.00","9167.77","0.00","1","0","-23","1","Current","0.00","0",""
"INV-029032","C0031","Stonegate Machine Works","OEM Manufacturer","Northeast","Adrian Cole","Low","515000.00","COL-02","Marcus Bell","Strategic Accounts","NET60","60","0.00","2025-12-09","2026-02-07","14703.19","0.00","0.00","0.00","0.00","14703.19","0.00","1","0","-38","1","Current","0.00","0",""
"INV-029033","C0034","Crestview Contracting","Contractor","Southwest","Rosa Delgado","Low","75000.00","COL-04","Tomas Okafor","Commercial","NET60","60","0.00","2025-12-09","2026-02-07","1927.78","0.00","0.00","0.00","0.00","1927.78","0.00","1","0","-38","1","Current","0.00","0",""
"INV-029034","C0036","Harbor Builders - West","Contractor","West","Owen Price","Low","145000.00","COL-03","Elena Ruiz","Commercial","NET60","60","0.00","2025-12-09","2026-02-07","6234.77","0.00","0.00","0.00","0.00","6234.77","0.00","1","0","-38","1","Current","0.00","0",""
"INV-029035","C0042","Bluewater Industries","OEM Manufacturer","Southwest","Kevin Ames","High","355000.00","COL-01","Priya Natarajan","Strategic Accounts","NET60","60","0.00","2025-12-09","2026-02-07","5031.59","0.00","0.00","0.00","0.00","5031.59","0.00","1","0","-38","1","Current","0.00","0",""
"INV-029036","C0068","Harbor Industries","OEM Manufacturer","Southwest","Rosa Delgado","High","600000.00","COL-01","Priya Natarajan","Strategic Accounts","NET60","60","0.00","2025-12-09","2026-02-07","12324.62","0.00","0.00","0.00","0.00","12324.62","0.00","1","0","-38","1","Current","0.00","0",""
"INV-029037","C0079","Cedar Ridge Machine Works","OEM Manufacturer","West","Owen Price","Low","555000.00","COL-01","Priya Natarajan","Strategic Accounts","NET60","60","0.00","2025-12-09","2026-02-07","13292.50","0.00","0.00","0.00","0.00","13292.50","0.00","1","0","-38","1","Current","0.00","0",""
"INV-029038","C0083","Bluewater Builders","Contractor","Southwest","Kevin Ames","Low","40000.00","COL-04","Tomas Okafor","Commercial","NET60","60","0.00","2025-12-09","2026-02-07","4276.46","0.00","0.00","0.00","0.00","4276.46","0.00","1","0","-38","1","Current","0.00","0",""
"INV-029039","C0090","Riverbend Electric","Contractor","West","Maya Brennan","Medium","75000.00","COL-04","Tomas Okafor","Commercial","2/10NET30","30","2.00","2025-12-09","2026-01-08","4020.90","0.00","0.00","0.00","0.00","4020.90","0.00","1","0","-8","1","Current","0.00","0",""
"INV-029040","C0096","Redline Parts & Service","MRO Reseller","Southwest","Rosa Delgado","Low","85000.00","COL-05","Grace Lindqvist","Small Business","2/10NET30","30","2.00","2025-12-09","2026-01-08","3287.34","0.00","0.00","0.00","0.00","3287.34","0.00","1","0","-8","1","Current","0.00","1","Pricing"
"INV-029043","C0124","Riverbend MRO Services - West","MRO Reseller","West","Owen Price","High","110000.00","COL-05","Grace Lindqvist","Small Business","NET30","30","0.00","2025-12-09","2026-01-08","936.85","0.00","0.00","0.00","0.00","936.85","0.00","1","0","-8","1","Current","0.00","1","Damaged Goods"
"INV-029044","C0126","Oakmont Parts & Service","MRO Reseller","West","Owen Price","Medium","65000.00","COL-06","Sam Horowitz","Small Business","NET30","30","0.00","2025-12-09","2026-01-08","3907.05","0.00","0.00","0.00","0.00","3907.05","0.00","1","0","-8","1","Current","0.00","0",""
"INV-029045","C0136","Crestview Industrial Supply - West","MRO Reseller","West","Maya Brennan","High","65000.00","COL-05","Grace Lindqvist","Small Business","NET30","30","0.00","2025-12-09","2026-01-08","456.49","0.00","0.00","0.00","0.00","456.49","0.00","1","0","-8","1","Current","0.00","0",""
"INV-029046","C0139","Harbor Machine Works","OEM Manufacturer","Midwest","Ben Kowalczyk","Medium","570000.00","COL-01","Priya Natarajan","Strategic Accounts","NET45","45","0.00","2025-12-09","2026-01-23","8163.69","0.00","0.00","0.00","0.00","8163.69","0.00","1","0","-23","1","Current","0.00","0",""
"INV-029047","C0140","Apex Parts & Service","MRO Reseller","Southeast","Luis Moreno","Medium","90000.00","COL-05","Grace Lindqvist","Small Business","NET30","30","0.00","2025-12-09","2026-01-08","3151.70","0.00","0.00","0.00","0.00","3151.70","0.00","1","0","-8","1","Current","0.00","0",""
"INV-029048","C0147","Apex Manufacturing - Northeast","OEM Manufacturer","Northeast","Nadia Farouk","Low","455000.00","COL-02","Marcus Bell","Strategic Accounts","NET45","45","0.00","2025-12-09","2026-01-23","4363.76","0.00","0.00","0.00","0.00","4363.76","0.00","1","0","-23","1","Current","0.00","0",""
"INV-029049","C0148","Silverline Industrial Supply","MRO Reseller","Southwest","Rosa Delgado","Low","30000.00","COL-05","Grace Lindqvist","Small Business","NET30","30","0.00","2025-12-09","2026-01-08","4442.10","0.00","0.00","0.00","0.00","4442.10","0.00","1","0","-8","1","Current","0.00","0",""
"INV-029050","C0158","Frontier Mechanical","Contractor","Southeast","Dana Whitfield","High","100000.00","COL-03","Elena Ruiz","Commercial","NET30","30","0.00","2025-12-09","2026-01-08","3324.00","0.00","0.00","0.00","0.00","3324.00","0.00","1","0","-8","1","Current","0.00","0",""
"INV-029051","C0163","Keystone Fabrication","OEM Manufacturer","Midwest","Ben Kowalczyk","Medium","600000.00","COL-01","Priya Natarajan","Strategic Accounts","NET60","60","0.00","2025-12-09","2026-02-07","1632.61","0.00","0.00","0.00","0.00","1632.61","0.00","1","0","-38","1","Current","0.00","0",""
"INV-029052","C0170","Titan Industries","OEM Manufacturer","Northeast","Adrian Cole","Low","580000.00","COL-01","Priya Natarajan","Strategic Accounts","NET45","45","0.00","2025-12-09","2026-01-23","1683.20","0.00","0.00","0.00","0.00","1683.20","0.00","1","0","-23","1","Current","0.00","0",""
"INV-029053","C0200","Harbor Mechanical","Contractor","Southwest","Kevin Ames","High","90000.00","COL-04","Tomas Okafor","Commercial","NET60","60","0.00","2025-12-09","2026-02-07","6188.63","0.00","0.00","0.00","0.00","6188.63","0.00","1","0","-38","1","Current","0.00","0",""
"INV-029054","C0202","Harbor MRO Services","MRO Reseller","Southeast","Dana Whitfield","Low","110000.00","COL-06","Sam Horowitz","Small Business","NET30","30","0.00","2025-12-09","2026-01-08","1296.00","0.00","0.00","0.00","0.00","1296.00","0.00","1","0","-8","1","Current","0.00","0",""
"INV-029055","C0205","Northfield Builders - Northeast","Contractor","Northeast","Nadia Farouk","Medium","130000.00","COL-03","Elena Ruiz","Commercial","NET30","30","0.00","2025-12-09","2026-01-08","5475.89","0.00","0.00","0.00","0.00","5475.89","0.00","1","0","-8","1","Current","0.00","0",""
"INV-029056","C0209","Northfield Construction","Contractor","Midwest","Ben Kowalczyk","Low","95000.00","COL-03","Elena Ruiz","Commercial","NET30","30","0.00","2025-12-09","2026-01-08","3597.66","0.00","0.00","0.00","0.00","3597.66","0.00","1","0","-8","1","Current","0.00","0",""
"INV-029057","C0211","Ironbridge Builders","Contractor","West","Owen Price","Low","85000.00","COL-04","Tomas Okafor","Commercial","NET60","60","0.00","2025-12-09","2026-02-07","3151.91","0.00","0.00","0.00","0.00","3151.91","0.00","1","0","-38","1","Current","0.00","0",""
"INV-029058","C0218","Riverbend Parts & Service - Midwest","MRO Reseller","Midwest","Hana Sato","Low","115000.00","COL-06","Sam Horowitz","Small Business","NET30","30","0.00","2025-12-09","2026-01-08","3944.99","0.00","0.00","0.00","0.00","3944.99","0.00","1","0","-8","1","Current","0.00","0",""
"INV-029059","C0222","Cedar Ridge Mechanical - Midwest","Contractor","Midwest","Hana Sato","Medium","35000.00","COL-03","Elena Ruiz","Commercial","NET30","30","0.00","2025-12-09","2026-01-08","6370.65","0.00","0.00","0.00","0.00","6370.65","0.00","1","0","-8","1","Current","0.00","0",""
"INV-029060","C0223","Stonegate MRO Services","MRO Reseller","Southeast","Dana Whitfield","Low","55000.00","COL-06","Sam Horowitz","Small Business","NET30","30","0.00","2025-12-09","2026-01-08","946.19","0.00","0.00","0.00","0.00","946.19","0.00","1","0","-8","1","Current","0.00","0",""
"INV-029061","C0238","Oakmont Builders - Midwest","Contractor","Midwest","Ben Kowalczyk","Low","145000.00","COL-04","Tomas Okafor","Commercial","NET30","30","0.00","2025-12-09","2026-01-08","7941.93","0.00","0.00","0.00","0.00","7941.93","0.00","1","0","-8","1","Current","0.00","0",""
"INV-029062","C0241","Lakeshore Industries - Southeast","OEM Manufacturer","Southeast","Dana Whitfield","Low","185000.00","COL-01","Priya Natarajan","Strategic Accounts","NET60","60","0.00","2025-12-09","2026-02-07","10593.20","0.00","0.00","0.00","0.00","10593.20","0.00","1","0","-38","1","Current","0.00","0",""
"INV-029063","C0243","Cedar Ridge MRO Services - Southeast","MRO Reseller","Southeast","Luis Moreno","Low","55000.00","COL-05","Grace Lindqvist","Small Business","NET30","30","0.00","2025-12-09","2026-01-08","1784.00","0.00","0.00","0.00","0.00","1784.00","0.00","1","0","-8","1","Current","0.00","0",""
"INV-029064","C0245","Ironbridge Industrial Supply - West","MRO Reseller","West","Owen Price","High","85000.00","COL-05","Grace Lindqvist","Small Business","2/10NET30","30","2.00","2025-12-09","2026-01-08","916.59","0.00","0.00","0.00","0.00","916.59","0.00","1","0","-8","1","Current","0.00","0",""
"INV-029065","C0246","Lakeshore Industrial Supply","MRO Reseller","Southeast","Luis Moreno","Low","90000.00","COL-06","Sam Horowitz","Small Business","NET30","30","0.00","2025-12-09","2026-01-08","689.59","0.00","0.00","0.00","0.00","689.59","0.00","1","0","-8","1","Current","0.00","0",""
"INV-029066","C0252","Ironbridge School District","Institutional","Midwest","Hana Sato","Low","70000.00","COL-04","Tomas Okafor","Commercial","NET90","90","0.00","2025-12-09","2026-03-09","9987.45","0.00","0.00","0.00","0.00","9987.45","0.00","1","0","-68","1","Current","0.00","0",""
"INV-029067","C0254","Pioneer Medical Center - West","Institutional","West","Owen Price","Low","95000.00","COL-03","Elena Ruiz","Commercial","NET90","90","0.00","2025-12-09","2026-03-09","1111.40","0.00","0.00","0.00","0.00","1111.40","0.00","1","0","-68","1","Current","0.00","0",""
"INV-029068","C0275","Cedar Ridge Machine Works - Southwest","OEM Manufacturer","Southwest","Rosa Delgado","High","535000.00","COL-01","Priya Natarajan","Strategic Accounts","NET60","60","0.00","2025-12-09","2026-02-07","8646.25","0.00","0.00","0.00","0.00","8646.25","0.00","1","0","-38","1","Current","0.00","0",""
"INV-029069","C0279","Ironbridge Medical Center - Northeast","Institutional","Northeast","Nadia Farouk","Low","155000.00","COL-02","Marcus Bell","Strategic Accounts","NET90","90","0.00","2025-12-09","2026-03-09","3293.24","0.00","0.00","0.00","0.00","3293.24","0.00","1","0","-68","1","Current","0.00","0",""
"INV-029070","C0282","Ironbridge Electric - Southeast","Contractor","Southeast","Luis Moreno","Low","140000.00","COL-03","Elena Ruiz","Commercial","NET30","30","0.00","2025-12-09","2026-01-08","3505.49","0.00","0.00","0.00","0.00","3505.49","0.00","1","0","-8","1","Current","0.00","0",""
"INV-029071","C0308","Frontier Contracting - Midwest","Contractor","Midwest","Hana Sato","Medium","35000.00","COL-04","Tomas Okafor","Commercial","NET30","30","0.00","2025-12-09","2026-01-08","8346.88","0.00","0.00","0.00","0.00","8346.88","0.00","1","0","-8","1","Current","0.00","0",""
"INV-029072","C0337","Keystone Manufacturing","OEM Manufacturer","Northeast","Nadia Farouk","Low","540000.00","COL-01","Priya Natarajan","Strategic Accounts","NET45","45","0.00","2025-12-09","2026-01-23","9407.01","0.00","0.00","0.00","0.00","9407.01","0.00","1","0","-23","1","Current","0.00","0",""
"INV-029073","C0339","Summit Components","OEM Manufacturer","Southwest","Rosa Delgado","Low","445000.00","COL-02","Marcus Bell","Strategic Accounts","NET45","45","0.00","2025-12-09","2026-01-23","3990.13","0.00","0.00","0.00","0.00","3990.13","0.00","1","0","-23","1","Current","0.00","0",""
"INV-029075","C0351","Ironbridge Components","OEM Manufacturer","Midwest","Hana Sato","High","450000.00","COL-01","Priya Natarajan","Strategic Accounts","NET45","45","0.00","2025-12-09","2026-01-23","6054.37","0.00","0.00","0.00","0.00","6054.37","0.00","1","0","-23","1","Current","0.00","1","PO Mismatch"
"INV-029076","C0366","Westbrook Industries - West","OEM Manufacturer","West","Owen Price","Medium","320000.00","COL-02","Marcus Bell","Strategic Accounts","NET60","60","0.00","2025-12-09","2026-02-07","4125.48","0.00","0.00","0.00","0.00","4125.48","0.00","1","0","-38","1","Current","0.00","0",""
"INV-029077","C0376","Summit Components - Midwest","OEM Manufacturer","Midwest","Hana Sato","High","565000.00","COL-01","Priya Natarajan","Strategic Accounts","NET45","45","0.00","2025-12-09","2026-01-23","16552.61","0.00","0.00","0.00","0.00","16552.61","0.00","1","0","-23","1","Current","0.00","0",""
"INV-029078","C0377","Northfield Machine Works","OEM Manufacturer","West","Owen Price","High","160000.00","COL-02","Marcus Bell","Strategic Accounts","NET60","60","0.00","2025-12-09","2026-02-07","5647.66","0.00","0.00","0.00","0.00","5647.66","0.00","1","0","-38","1","Current","0.00","0",""
"INV-029079","C0378","Silverline Fabrication - Southwest","OEM Manufacturer","Southwest","Rosa Delgado","Medium","585000.00","COL-01","Priya Natarajan","Strategic Accounts","NET45","45","0.00","2025-12-09","2026-01-23","10604.72","0.00","0.00","0.00","0.00","10604.72","0.00","1","0","-23","1","Current","0.00","0",""
"INV-029080","C0382","Summit Machine Works","OEM Manufacturer","Southwest","Kevin Ames","Low","240000.00","COL-02","Marcus Bell","Strategic Accounts","NET60","60","0.00","2025-12-09","2026-02-07","15478.26","0.00","0.00","0.00","0.00","15478.26","0.00","1","0","-38","1","Current","0.00","0",""
"INV-029081","C0390","Titan Mechanical","Contractor","West","Owen Price","Low","135000.00","COL-03","Elena Ruiz","Commercial","NET60","60","0.00","2025-12-09","2026-02-07","956.60","0.00","0.00","0.00","0.00","956.60","0.00","1","0","-38","1","Current","0.00","0",""
"INV-029082","C0001","Silverline MRO Services","MRO Reseller","Northeast","Adrian Cole","Medium","120000.00","COL-05","Grace Lindqvist","Small Business","NET30","30","0.00","2025-12-10","2026-01-09","1686.42","0.00","0.00","0.00","0.00","1686.42","0.00","1","0","-9","1","Current","0.00","0",""
"INV-029083","C0007","Cedar Ridge Industrial Supply","MRO Reseller","West","Owen Price","High","105000.00","COL-06","Sam Horowitz","Small Business","NET30","30","0.00","2025-12-10","2026-01-09","3580.79","0.00","0.00","0.00","0.00","3580.79","0.00","1","0","-9","1","Current","0.00","1","PO Mismatch"
"INV-029084","C0008","Silverline Maintenance Supply","MRO Reseller","Southwest","Kevin Ames","Low","105000.00","COL-06","Sam Horowitz","Small Business","NET30","30","0.00","2025-12-10","2026-01-09","3005.85","0.00","0.00","0.00","0.00","3005.85","0.00","1","0","-9","1","Current","0.00","0",""
"INV-029085","C0009","Ironbridge Fabrication","OEM Manufacturer","Northeast","Nadia Farouk","Medium","590000.00","COL-02","Marcus Bell","Strategic Accounts","NET45","45","0.00","2025-12-10","2026-01-24","1749.14","0.00","0.00","0.00","0.00","1749.14","0.00","1","0","-24","1","Current","0.00","0",""
"INV-029086","C0016","Pioneer Parts & Service","MRO Reseller","West","Maya Brennan","Low","30000.00","COL-06","Sam Horowitz","Small Business","NET30","30","0.00","2025-12-10","2026-01-09","4886.67","0.00","0.00","0.00","0.00","4886.67","0.00","1","0","-9","1","Current","0.00","0",""
"INV-029087","C0017","Silverline Fabrication","OEM Manufacturer","Southwest","Kevin Ames","Low","500000.00","COL-01","Priya Natarajan","Strategic Accounts","NET45","45","0.00","2025-12-10","2026-01-24","5062.61","0.00","0.00","0.00","0.00","5062.61","0.00","1","0","-24","1","Current","0.00","0",""
"INV-029088","C0018","Redline Industries","OEM Manufacturer","Northeast","Nadia Farouk","Low","435000.00","COL-02","Marcus Bell","Strategic Accounts","NET45","45","0.00","2025-12-10","2026-01-24","11276.16","0.00","0.00","0.00","0.00","11276.16","0.00","1","0","-24","1","Current","0.00","0",""
"INV-029089","C0026","Northfield Components","OEM Manufacturer","Northeast","Nadia Farouk","Low","550000.00","COL-01","Priya Natarajan","Strategic Accounts","NET45","45","0.00","2025-12-10","2026-01-24","2746.80","0.00","0.00","0.00","0.00","2746.80","0.00","1","0","-24","1","Current","0.00","0",""
"INV-029090","C0027","Oakmont Machine Works","OEM Manufacturer","Northeast","Nadia Farouk","Low","230000.00","COL-02","Marcus Bell","Strategic Accounts","NET45","45","0.00","2025-12-10","2026-01-24","15105.75","0.00","0.00","0.00","0.00","15105.75","0.00","1","0","-24","1","Current","0.00","1","Pricing"
"INV-029091","C0033","Lakeshore Construction","Contractor","Southeast","Dana Whitfield","Medium","45000.00","COL-03","Elena Ruiz","Commercial","NET30","30","0.00","2025-12-10","2026-01-09","2378.93","0.00","0.00","0.00","0.00","2378.93","0.00","1","0","-9","1","Current","0.00","0",""
"INV-029092","C0040","Apex MRO Services","MRO Reseller","Northeast","Nadia Farouk","Medium","45000.00","COL-05","Grace Lindqvist","Small Business","NET30","30","0.00","2025-12-10","2026-01-09","1263.39","0.00","0.00","0.00","0.00","1263.39","0.00","1","0","-9","1","Current","0.00","0",""
"INV-029093","C0042","Bluewater Industries","OEM Manufacturer","Southwest","Kevin Ames","High","355000.00","COL-01","Priya Natarajan","Strategic Accounts","NET60","60","0.00","2025-12-10","2026-02-08","13342.71","0.00","0.00","0.00","0.00","13342.71","0.00","1","0","-39","1","Current","0.00","0",""
"INV-029094","C0067","Cedar Ridge Parts & Service","MRO Reseller","Southwest","Kevin Ames","Medium","95000.00","COL-06","Sam Horowitz","Small Business","NET30","30","0.00","2025-12-10","2026-01-09","3782.70","0.00","0.00","0.00","0.00","3782.70","0.00","1","0","-9","1","Current","0.00","0",""
"INV-029096","C0070","Riverbend Parts & Service","MRO Reseller","West","Owen Price","Low","45000.00","COL-05","Grace Lindqvist","Small Business","NET30","30","0.00","2025-12-10","2026-01-09","4725.33","0.00","0.00","0.00","0.00","4725.33","0.00","1","0","-9","1","Current","0.00","0",""
"INV-029097","C0077","Riverbend Industrial Supply","MRO Reseller","West","Owen Price","Low","90000.00","COL-06","Sam Horowitz","Small Business","NET30","30","0.00","2025-12-10","2026-01-09","1518.86","0.00","0.00","0.00","0.00","1518.86","0.00","1","0","-9","1","Current","0.00","0",""
"INV-029098","C0080","Frontier Maintenance Supply","MRO Reseller","Northeast","Adrian Cole","Medium","50000.00","COL-05","Grace Lindqvist","Small Business","NET30","30","0.00","2025-12-10","2026-01-09","3098.04","0.00","0.00","0.00","0.00","3098.04","0.00","1","0","-9","1","Current","0.00","0",""
"INV-029099","C0082","Apex Supply Co.","MRO Reseller","West","Maya Brennan","Low","85000.00","COL-05","Grace Lindqvist","Small Business","NET30","30","0.00","2025-12-10","2026-01-09","3469.26","0.00","0.00","0.00","0.00","3469.26","0.00","1","0","-9","1","Current","0.00","0",""
"INV-029100","C0087","Riverbend Maintenance Supply","MRO Reseller","Southeast","Dana Whitfield","Medium","95000.00","COL-05","Grace Lindqvist","Small Business","NET30","30","0.00","2025-12-10","2026-01-09","4072.05","0.00","0.00","0.00","0.00","4072.05","0.00","1","0","-9","1","Current","0.00","0",""
"INV-029101","C0108","Cedar Ridge Construction - Southeast","Contractor","Southeast","Luis Moreno","Medium","135000.00","COL-03","Elena Ruiz","Commercial","NET30","30","0.00","2025-12-10","2026-01-09","1768.75","0.00","0.00","0.00","0.00","1768.75","0.00","1","0","-9","1","Current","0.00","0",""
"INV-029104","C0138","Ironbridge Mechanical - Midwest 4","Contractor","Midwest","Ben Kowalczyk","Low","140000.00","COL-04","Tomas Okafor","Commercial","NET30","30","0.00","2025-12-10","2026-01-09","7802.91","0.00","0.00","0.00","0.00","7802.91","0.00","1","0","-9","1","Current","0.00","0",""
"INV-029106","C0146","Harbor Components","OEM Manufacturer","West","Owen Price","Low","165000.00","COL-02","Marcus Bell","Strategic Accounts","NET45","45","0.00","2025-12-10","2026-01-24","17457.14","0.00","0.00","0.00","0.00","17457.14","0.00","1","0","-24","1","Current","0.00","0",""
"INV-029107","C0148","Silverline Industrial Supply","MRO Reseller","Southwest","Rosa Delgado","Low","30000.00","COL-05","Grace Lindqvist","Small Business","NET30","30","0.00","2025-12-10","2026-01-09","4179.23","0.00","0.00","0.00","0.00","4179.23","0.00","1","0","-9","1","Current","0.00","0",""
"INV-029108","C0156","Frontier County Facilities","Institutional","West","Owen Price","Low","135000.00","COL-03","Elena Ruiz","Commercial","NET90","90","0.00","2025-12-10","2026-03-10","1055.17","0.00","0.00","0.00","0.00","1055.17","0.00","1","0","-69","1","Current","0.00","0",""
"INV-029109","C0158","Frontier Mechanical","Contractor","Southeast","Dana Whitfield","High","100000.00","COL-03","Elena Ruiz","Commercial","NET30","30","0.00","2025-12-10","2026-01-09","1465.46","0.00","0.00","0.00","0.00","1465.46","0.00","1","0","-9","1","Current","0.00","0",""
"INV-029110","C0164","Lakeshore Fabrication","OEM Manufacturer","Southwest","Rosa Delgado","Medium","240000.00","COL-01","Priya Natarajan","Strategic Accounts","NET45","45","0.00","2025-12-10","2026-01-24","15908.30","0.00","0.00","0.00","0.00","15908.30","0.00","1","0","-24","1","Current","0.00","1","Damaged Goods"
"INV-029111","C0170","Titan Industries","OEM Manufacturer","Northeast","Adrian Cole","Low","580000.00","COL-01","Priya Natarajan","Strategic Accounts","NET45","45","0.00","2025-12-10","2026-01-24","2714.94","0.00","0.00","0.00","0.00","2714.94","0.00","1","0","-24","1","Current","0.00","0",""
"INV-029112","C0172","Crestview Electric","Contractor","West","Owen Price","Medium","120000.00","COL-04","Tomas Okafor","Commercial","2/10NET30","30","2.00","2025-12-10","2026-01-09","1324.61","0.00","0.00","0.00","0.00","1324.61","0.00","1","0","-9","1","Current","0.00","0",""
"INV-029113","C0175","Redline Mechanical - Southwest","Contractor","Southwest","Kevin Ames","Low","85000.00","COL-03","Elena Ruiz","Commercial","NET60","60","0.00","2025-12-10","2026-02-08","7010.63","0.00","0.00","0.00","0.00","7010.63","0.00","1","0","-39","1","Current","0.00","0",""
"INV-029116","C0191","Bluewater Builders - Midwest","Contractor","Midwest","Hana Sato","High","45000.00","COL-04","Tomas Okafor","Commercial","NET30","30","0.00","2025-12-10","2026-01-09","5205.20","0.00","0.00","0.00","0.00","5205.20","0.00","1","0","-9","1","Current","0.00","0",""
"INV-029117","C0192","Keystone MRO Services","MRO Reseller","Midwest","Hana Sato","Medium","65000.00","COL-05","Grace Lindqvist","Small Business","NET30","30","0.00","2025-12-10","2026-01-09","538.95","0.00","0.00","0.00","0.00","538.95","0.00","1","0","-9","1","Current","0.00","0",""
"INV-029118","C0193","Silverline Industrial Supply - Northeast","MRO Reseller","Northeast","Nadia Farouk","Medium","115000.00","COL-05","Grace Lindqvist","Small Business","NET30","30","0.00","2025-12-10","2026-01-09","1428.87","0.00","0.00","0.00","0.00","1428.87","0.00","1","0","-9","1","Current","0.00","0",""
"INV-029119","C0201","Titan Machine Works","OEM Manufacturer","Southwest","Kevin Ames","Low","525000.00","COL-02","Marcus Bell","Strategic Accounts","NET45","45","0.00","2025-12-10","2026-01-24","11119.07","0.00","0.00","0.00","0.00","11119.07","0.00","1","0","-24","1","Current","0.00","0",""
"INV-029120","C0202","Harbor MRO Services","MRO Reseller","Southeast","Dana Whitfield","Low","110000.00","COL-06","Sam Horowitz","Small Business","NET30","30","0.00","2025-12-10","2026-01-09","3651.15","0.00","0.00","0.00","0.00","3651.15","0.00","1","0","-9","1","Current","0.00","0",""
"INV-029121","C0203","Redline Industrial Supply - Southwest","MRO Reseller","Southwest","Kevin Ames","Low","120000.00","COL-06","Sam Horowitz","Small Business","NET30","30","0.00","2025-12-10","2026-01-09","2043.13","0.00","0.00","0.00","0.00","2043.13","0.00","1","0","-9","1","Current","0.00","0",""
"INV-029122","C0205","Northfield Builders - Northeast","Contractor","Northeast","Nadia Farouk","Medium","130000.00","COL-03","Elena Ruiz","Commercial","NET30","30","0.00","2025-12-10","2026-01-09","1493.51","0.00","0.00","0.00","0.00","1493.51","0.00","1","0","-9","1","Current","0.00","0",""
"INV-029123","C0206","Oakmont Manufacturing","OEM Manufacturer","Southeast","Dana Whitfield","Medium","590000.00","COL-01","Priya Natarajan","Strategic Accounts","NET60","60","0.00","2025-12-10","2026-02-08","1629.23","0.00","0.00","0.00","0.00","1629.23","0.00","1","0","-39","1","Current","0.00","0",""
"INV-029124","C0216","Bluewater Construction - West","Contractor","West","Maya Brennan","Medium","40000.00","COL-04","Tomas Okafor","Commercial","NET60","60","0.00","2025-12-10","2026-02-08","2803.30","0.00","0.00","0.00","0.00","2803.30","0.00","1","0","-39","1","Current","0.00","0",""
"INV-029126","C0238","Oakmont Builders - Midwest","Contractor","Midwest","Ben Kowalczyk","Low","145000.00","COL-04","Tomas Okafor","Commercial","NET30","30","0.00","2025-12-10","2026-01-09","960.64","0.00","0.00","0.00","0.00","960.64","0.00","1","0","-9","1","Current","0.00","0",""
"INV-029128","C0248","Lakeshore Contracting - Midwest","Contractor","Midwest","Ben Kowalczyk","Medium","120000.00","COL-04","Tomas Okafor","Commercial","NET30","30","0.00","2025-12-10","2026-01-09","2004.18","0.00","0.00","0.00","0.00","2004.18","0.00","1","0","-9","1","Current","0.00","0",""
"INV-029129","C0255","Riverbend Fabrication","OEM Manufacturer","Southwest","Rosa Delgado","Low","245000.00","COL-02","Marcus Bell","Strategic Accounts","NET60","60","0.00","2025-12-10","2026-02-08","14704.93","0.00","0.00","0.00","0.00","14704.93","0.00","1","0","-39","1","Current","0.00","0",""
"INV-029131","C0264","Crestview Electric - Midwest","Contractor","Midwest","Hana Sato","Low","65000.00","COL-03","Elena Ruiz","Commercial","NET30","30","0.00","2025-12-10","2026-01-09","4991.32","0.00","0.00","0.00","0.00","4991.32","0.00","1","0","-9","1","Current","0.00","0",""
"INV-029132","C0273","Oakmont Fabrication","OEM Manufacturer","Southeast","Dana Whitfield","Medium","395000.00","COL-01","Priya Natarajan","Strategic Accounts","NET45","45","0.00","2025-12-10","2026-01-24","5172.43","0.00","0.00","0.00","0.00","5172.43","0.00","1","0","-24","1","Current","0.00","0",""
"INV-029133","C0281","Westbrook Fabrication","OEM Manufacturer","Midwest","Hana Sato","Low","510000.00","COL-02","Marcus Bell","Strategic Accounts","NET60","60","0.00","2025-12-10","2026-02-08","2299.78","0.00","0.00","0.00","0.00","2299.78","0.00","1","0","-39","1","Current","0.00","0",""
"INV-029134","C0298","Cedar Ridge Contracting - Northeast","Contractor","Northeast","Nadia Farouk","Low","150000.00","COL-01","Priya Natarajan","Strategic Accounts","NET30","30","0.00","2025-12-10","2026-01-09","1506.88","0.00","0.00","0.00","0.00","1506.88","0.00","1","0","-9","1","Current","0.00","0",""
"INV-029135","C0299","Silverline Industries","OEM Manufacturer","Southwest","Rosa Delgado","Low","405000.00","COL-02","Marcus Bell","Strategic Accounts","NET60","60","0.00","2025-12-10","2026-02-08","11411.22","0.00","0.00","0.00","0.00","11411.22","0.00","1","0","-39","1","Current","0.00","0",""
"INV-029136","C0302","Crestview Contracting - Northeast 3","Contractor","Northeast","Nadia Farouk","High","125000.00","COL-04","Tomas Okafor","Commercial","2/10NET30","30","2.00","2025-12-10","2026-01-09","3587.46","0.00","0.00","0.00","0.00","3587.46","0.00","1","0","-9","1","Current","0.00","0",""
"INV-029137","C0307","Westbrook Contracting - Northeast","Contractor","Northeast","Nadia Farouk","Medium","85000.00","COL-03","Elena Ruiz","Commercial","NET30","30","0.00","2025-12-10","2026-01-09","1667.45","0.00","0.00","0.00","0.00","1667.45","0.00","1","0","-9","1","Current","0.00","0",""
"INV-029138","C0331","Stonegate School District","Institutional","West","Owen Price","Low","190000.00","COL-01","Priya Natarajan","Strategic Accounts","NET90","90","0.00","2025-12-10","2026-03-10","1135.38","0.00","0.00","0.00","0.00","1135.38","0.00","1","0","-69","1","Current","0.00","0",""
"INV-029139","C0334","Titan Fabrication - Southeast","OEM Manufacturer","Southeast","Dana Whitfield","Low","330000.00","COL-01","Priya Natarajan","Strategic Accounts","NET60","60","0.00","2025-12-10","2026-02-08","14598.40","0.00","0.00","0.00","0.00","14598.40","0.00","1","0","-39","1","Current","0.00","0",""
"INV-029140","C0343","Bluewater Builders - Midwest 3","Contractor","Midwest","Hana Sato","Low","40000.00","COL-03","Elena Ruiz","Commercial","NET30","30","0.00","2025-12-10","2026-01-09","1221.11","0.00","0.00","0.00","0.00","1221.11","0.00","1","0","-9","1","Current","0.00","0",""
"INV-029141","C0349","Granite Manufacturing","OEM Manufacturer","Northeast","Nadia Farouk","High","490000.00","COL-02","Marcus Bell","Strategic Accounts","NET60","60","0.00","2025-12-10","2026-02-08","3231.21","0.00","0.00","0.00","0.00","3231.21","0.00","1","0","-39","1","Current","0.00","0",""
"INV-029142","C0358","Ironbridge Builders - West","Contractor","West","Maya Brennan","Low","135000.00","COL-03","Elena Ruiz","Commercial","NET60","60","0.00","2025-12-10","2026-02-08","4118.02","0.00","0.00","0.00","0.00","4118.02","0.00","1","0","-39","1","Current","0.00","0",""
"INV-029143","C0368","Stonegate Machine Works - West","OEM Manufacturer","West","Owen Price","Low","205000.00","COL-01","Priya Natarajan","Strategic Accounts","NET60","60","0.00","2025-12-10","2026-02-08","1626.07","0.00","0.00","0.00","0.00","1626.07","0.00","1","0","-39","1","Current","0.00","0",""
"INV-029144","C0371","Pioneer Water Authority","Institutional","Southeast","Luis Moreno","Low","205000.00","COL-02","Marcus Bell","Strategic Accounts","NET90","90","0.00","2025-12-10","2026-03-10","8638.08","0.00","0.00","0.00","0.00","8638.08","0.00","1","0","-69","1","Current","0.00","0",""
"INV-029145","C0376","Summit Components - Midwest","OEM Manufacturer","Midwest","Hana Sato","High","565000.00","COL-01","Priya Natarajan","Strategic Accounts","NET45","45","0.00","2025-12-10","2026-01-24","2078.46","0.00","0.00","0.00","0.00","2078.46","0.00","1","0","-24","1","Current","0.00","0",""
"INV-029146","C0380","Silverline Construction","Contractor","Southwest","Kevin Ames","Low","30000.00","COL-04","Tomas Okafor","Commercial","NET60","60","0.00","2025-12-10","2026-02-08","1080.35","0.00","0.00","0.00","0.00","1080.35","0.00","1","0","-39","1","Current","0.00","0",""
"INV-029147","C0382","Summit Machine Works","OEM Manufacturer","Southwest","Kevin Ames","Low","240000.00","COL-02","Marcus Bell","Strategic Accounts","NET60","60","0.00","2025-12-10","2026-02-08","2940.84","0.00","0.00","0.00","0.00","2940.84","0.00","1","0","-39","1","Current","0.00","0",""
"INV-029149","C0386","Bluewater Electric","Contractor","West","Maya Brennan","High","100000.00","COL-03","Elena Ruiz","Commercial","NET60","60","0.00","2025-12-10","2026-02-08","809.69","0.00","0.00","0.00","0.00","809.69","0.00","1","0","-39","1","Current","0.00","0",""
"INV-029150","C0393","Silverline Components - West 3","OEM Manufacturer","West","Owen Price","Low","415000.00","COL-01","Priya Natarajan","Strategic Accounts","NET45","45","0.00","2025-12-10","2026-01-24","15002.75","0.00","0.00","0.00","0.00","15002.75","0.00","1","0","-24","1","Current","0.00","0",""
"INV-029151","C0398","Pioneer Parts & Service - Southwest","MRO Reseller","Southwest","Kevin Ames","High","40000.00","COL-05","Grace Lindqvist","Small Business","NET30","30","0.00","2025-12-10","2026-01-09","823.25","0.00","0.00","0.00","0.00","823.25","0.00","1","0","-9","1","Current","0.00","0",""
"INV-029152","C0399","Riverbend Electric - West 5","Contractor","West","Maya Brennan","Medium","110000.00","COL-03","Elena Ruiz","Commercial","NET60","60","0.00","2025-12-10","2026-02-08","6289.86","0.00","0.00","0.00","0.00","6289.86","0.00","1","0","-39","1","Current","0.00","0",""
"INV-029153","C0001","Silverline MRO Services","MRO Reseller","Northeast","Adrian Cole","Medium","120000.00","COL-05","Grace Lindqvist","Small Business","NET30","30","0.00","2025-12-11","2026-01-10","1382.82","0.00","0.00","0.00","0.00","1382.82","0.00","1","0","-10","1","Current","0.00","0",""
"INV-029154","C0005","Lakeshore Medical Center","Institutional","West","Owen Price","Low","195000.00","COL-01","Priya Natarajan","Strategic Accounts","NET90","90","0.00","2025-12-11","2026-03-11","2755.31","0.00","0.00","0.00","0.00","2755.31","0.00","1","0","-70","1","Current","0.00","0",""
"INV-029155","C0016","Pioneer Parts & Service","MRO Reseller","West","Maya Brennan","Low","30000.00","COL-06","Sam Horowitz","Small Business","NET30","30","0.00","2025-12-11","2026-01-10","1093.60","0.00","0.00","0.00","0.00","1093.60","0.00","1","0","-10","1","Current","0.00","0",""
"INV-029156","C0019","Northfield Supply Co.","MRO Reseller","Midwest","Hana Sato","Medium","85000.00","COL-06","Sam Horowitz","Small Business","2/10NET30","30","2.00","2025-12-11","2026-01-10","1042.56","0.00","0.00","0.00","0.00","1042.56","0.00","1","0","-10","1","Current","0.00","0",""
"INV-029157","C0032","Cedar Ridge Components","OEM Manufacturer","West","Owen Price","Low","340000.00","COL-02","Marcus Bell","Strategic Accounts","NET45","45","0.00","2025-12-11","2026-01-25","8639.15","0.00","0.00","0.00","0.00","8639.15","0.00","1","0","-25","1","Current","0.00","0",""
"INV-029158","C0050","Redline University Facilities","Institutional","Southeast","Luis Moreno","Low","195000.00","COL-02","Marcus Bell","Strategic Accounts","NET60","60","0.00","2025-12-11","2026-02-09","1564.09","0.00","0.00","0.00","0.00","1564.09","0.00","1","0","-40","1","Current","0.00","0",""
"INV-029159","C0061","Riverbend Industries","OEM Manufacturer","West","Maya Brennan","Low","275000.00","COL-02","Marcus Bell","Strategic Accounts","NET60","60","0.00","2025-12-11","2026-02-09","6085.71","0.00","0.00","0.00","0.00","6085.71","0.00","1","0","-40","1","Current","0.00","0",""
"INV-029160","C0074","Frontier Fabrication","OEM Manufacturer","Southeast","Dana Whitfield","Medium","600000.00","COL-01","Priya Natarajan","Strategic Accounts","NET45","45","0.00","2025-12-11","2026-01-25","5748.35","0.00","0.00","0.00","0.00","5748.35","0.00","1","0","-25","1","Current","0.00","1","Short Shipment"
"INV-029161","C0076","Cedar Ridge Construction","Contractor","West","Maya Brennan","Low","110000.00","COL-04","Tomas Okafor","Commercial","NET60","60","0.00","2025-12-11","2026-02-09","4186.91","0.00","0.00","0.00","0.00","4186.91","0.00","1","0","-40","1","Current","0.00","0",""
"INV-029163","C0088","Westbrook Builders - West","Contractor","West","Maya Brennan","High","145000.00","COL-03","Elena Ruiz","Commercial","NET60","60","0.00","2025-12-11","2026-02-09","6655.63","0.00","0.00","0.00","0.00","6655.63","0.00","1","0","-40","1","Current","0.00","0",""
"INV-029164","C0095","Stonegate Fabrication","OEM Manufacturer","West","Owen Price","Low","600000.00","COL-02","Marcus Bell","Strategic Accounts","NET60","60","0.00","2025-12-11","2026-02-09","11904.52","0.00","0.00","0.00","0.00","11904.52","0.00","1","0","-40","1","Current","0.00","0",""
"INV-029165","C0103","Northfield Electric","Contractor","Southeast","Dana Whitfield","Medium","115000.00","COL-04","Tomas Okafor","Commercial","NET30","30","0.00","2025-12-11","2026-01-10","1740.26","0.00","0.00","0.00","0.00","1740.26","0.00","1","0","-10","1","Current","0.00","0",""
"INV-029166","C0111","Harbor Manufacturing","OEM Manufacturer","West","Owen Price","Medium","405000.00","COL-02","Marcus Bell","Strategic Accounts","NET45","45","0.00","2025-12-11","2026-01-25","5851.93","0.00","0.00","0.00","0.00","5851.93","0.00","1","0","-25","1","Current","0.00","0",""
"INV-029167","C0116","Lakeshore University Facilities","Institutional","West","Owen Price","Low","90000.00","COL-04","Tomas Okafor","Commercial","NET60","60","0.00","2025-12-11","2026-02-09","9729.38","0.00","0.00","0.00","0.00","9729.38","0.00","1","0","-40","1","Current","0.00","0",""
"INV-029170","C0123","Redline Mechanical","Contractor","Northeast","Nadia Farouk","Low","80000.00","COL-04","Tomas Okafor","Commercial","NET30","30","0.00","2025-12-11","2026-01-10","5401.23","0.00","0.00","0.00","0.00","5401.23","0.00","1","0","-10","1","Current","0.00","0",""
"INV-029172","C0138","Ironbridge Mechanical - Midwest 4","Contractor","Midwest","Ben Kowalczyk","Low","140000.00","COL-04","Tomas Okafor","Commercial","NET30","30","0.00","2025-12-11","2026-01-10","1964.34","0.00","0.00","0.00","0.00","1964.34","0.00","1","0","-10","1","Current","0.00","0",""
"INV-029173","C0141","Lakeshore Contracting","Contractor","Southwest","Kevin Ames","Low","95000.00","COL-03","Elena Ruiz","Commercial","2/10NET30","30","2.00","2025-12-11","2026-01-10","995.56","0.00","0.00","0.00","0.00","995.56","0.00","1","0","-10","1","Current","0.00","0",""
"INV-029174","C0143","Northfield Parts & Service","MRO Reseller","Southwest","Kevin Ames","Medium","105000.00","COL-06","Sam Horowitz","Small Business","NET30","30","0.00","2025-12-11","2026-01-10","973.43","0.00","0.00","0.00","0.00","973.43","0.00","1","0","-10","1","Current","0.00","0",""
"INV-029175","C0144","Frontier Electric","Contractor","Northeast","Nadia Farouk","Medium","110000.00","COL-04","Tomas Okafor","Commercial","NET30","30","0.00","2025-12-11","2026-01-10","3387.92","0.00","0.00","0.00","0.00","3387.92","0.00","1","0","-10","1","Current","0.00","0",""
"INV-029176","C0152","Summit Supply Co.","MRO Reseller","Midwest","Ben Kowalczyk","Medium","60000.00","COL-05","Grace Lindqvist","Small Business","2/10NET30","30","2.00","2025-12-11","2026-01-10","1891.40","0.00","0.00","0.00","0.00","1891.40","0.00","1","0","-10","1","Current","0.00","0",""
"INV-029177","C0159","Apex Builders","Contractor","Northeast","Adrian Cole","Medium","150000.00","COL-02","Marcus Bell","Strategic Accounts","2/10NET30","30","2.00","2025-12-11","2026-01-10","1258.15","0.00","0.00","0.00","0.00","1258.15","0.00","1","0","-10","1","Current","0.00","0",""
"INV-029178","C0160","Summit Electric","Contractor","Midwest","Ben Kowalczyk","Low","120000.00","COL-03","Elena Ruiz","Commercial","2/10NET30","30","2.00","2025-12-11","2026-01-10","3072.60","0.00","0.00","0.00","0.00","3072.60","0.00","1","0","-10","1","Current","0.00","1","Duplicate Billing"
"INV-029179","C0161","Titan Construction - Northeast","Contractor","Northeast","Nadia Farouk","Low","120000.00","COL-03","Elena Ruiz","Commercial","NET30","30","0.00","2025-12-11","2026-01-10","800.23","0.00","0.00","0.00","0.00","800.23","0.00","1","0","-10","1","Current","0.00","0",""
"INV-029180","C0168","Northfield Mechanical","Contractor","Southeast","Dana Whitfield","Medium","55000.00","COL-03","Elena Ruiz","Commercial","NET30","30","0.00","2025-12-11","2026-01-10","1016.49","0.00","0.00","0.00","0.00","1016.49","0.00","1","0","-10","1","Current","0.00","0",""
"INV-029181","C0221","Cedar Ridge Contracting","Contractor","Midwest","Ben Kowalczyk","Medium","50000.00","COL-04","Tomas Okafor","Commercial","NET30","30","0.00","2025-12-11","2026-01-10","8002.29","0.00","0.00","0.00","0.00","8002.29","0.00","1","0","-10","1","Current","0.00","0",""
"INV-029182","C0222","Cedar Ridge Mechanical - Midwest","Contractor","Midwest","Hana Sato","Medium","35000.00","COL-03","Elena Ruiz","Commercial","NET30","30","0.00","2025-12-11","2026-01-10","2386.66","0.00","0.00","0.00","0.00","2386.66","0.00","1","0","-10","1","Current","0.00","0",""
"INV-029183","C0223","Stonegate MRO Services","MRO Reseller","Southeast","Dana Whitfield","Low","55000.00","COL-06","Sam Horowitz","Small Business","NET30","30","0.00","2025-12-11","2026-01-10","1137.86","0.00","0.00","0.00","0.00","1137.86","0.00","1","0","-10","1","Current","0.00","0",""
"INV-029184","C0231","Silverline Components - Northeast","OEM Manufacturer","Northeast","Adrian Cole","Medium","305000.00","COL-01","Priya Natarajan","Strategic Accounts","NET60","60","0.00","2025-12-11","2026-02-09","2806.51","0.00","0.00","0.00","0.00","2806.51","0.00","1","0","-40","1","Current","0.00","0",""
"INV-029185","C0239","Northfield Supply Co. - Northeast","MRO Reseller","Northeast","Adrian Cole","Low","75000.00","COL-05","Grace Lindqvist","Small Business","2/10NET30","30","2.00","2025-12-11","2026-01-10","1568.02","0.00","0.00","0.00","0.00","1568.02","0.00","1","0","-10","1","Current","0.00","0",""
"INV-029186","C0252","Ironbridge School District","Institutional","Midwest","Hana Sato","Low","70000.00","COL-04","Tomas Okafor","Commercial","NET90","90","0.00","2025-12-11","2026-03-11","4600.24","0.00","0.00","0.00","0.00","4600.24","0.00","1","0","-70","1","Current","0.00","0",""
"INV-029188","C0267","Redline Manufacturing - Southwest","OEM Manufacturer","Southwest","Rosa Delgado","Low","420000.00","COL-02","Marcus Bell","Strategic Accounts","NET60","60","0.00","2025-12-11","2026-02-09","9283.93","0.00","0.00","0.00","0.00","9283.93","0.00","1","0","-40","1","Current","0.00","0",""
"INV-029189","C0296","Crestview Manufacturing","OEM Manufacturer","Midwest","Ben Kowalczyk","Medium","590000.00","COL-01","Priya Natarajan","Strategic Accounts","NET45","45","0.00","2025-12-11","2026-01-25","8361.56","0.00","0.00","0.00","0.00","8361.56","0.00","1","0","-25","1","Current","0.00","0",""
"INV-029190","C0303","Northfield Contracting","Contractor","Northeast","Adrian Cole","Medium","100000.00","COL-04","Tomas Okafor","Commercial","NET30","30","0.00","2025-12-11","2026-01-10","996.70","0.00","0.00","0.00","0.00","996.70","0.00","1","0","-10","1","Current","0.00","0",""
"INV-029191","C0341","Summit Supply Co. - Southeast","MRO Reseller","Southeast","Dana Whitfield","Medium","110000.00","COL-05","Grace Lindqvist","Small Business","NET30","30","0.00","2025-12-11","2026-01-10","926.12","0.00","0.00","0.00","0.00","926.12","0.00","1","0","-10","1","Current","0.00","0",""
"INV-029192","C0343","Bluewater Builders - Midwest 3","Contractor","Midwest","Hana Sato","Low","40000.00","COL-03","Elena Ruiz","Commercial","NET30","30","0.00","2025-12-11","2026-01-10","2255.19","0.00","0.00","0.00","0.00","2255.19","0.00","1","0","-10","1","Current","0.00","0",""
"INV-029193","C0344","Granite Supply Co. - West","MRO Reseller","West","Maya Brennan","Low","115000.00","COL-06","Sam Horowitz","Small Business","NET30","30","0.00","2025-12-11","2026-01-10","3342.92","0.00","0.00","0.00","0.00","3342.92","0.00","1","0","-10","1","Current","0.00","0",""
"INV-029194","C0348","Bluewater Manufacturing","OEM Manufacturer","Midwest","Ben Kowalczyk","Low","225000.00","COL-02","Marcus Bell","Strategic Accounts","NET60","60","0.00","2025-12-11","2026-02-09","2976.51","0.00","0.00","0.00","0.00","2976.51","0.00","1","0","-40","1","Current","0.00","0",""
"INV-029195","C0363","Granite Parts & Service - Midwest","MRO Reseller","Midwest","Ben Kowalczyk","High","70000.00","COL-05","Grace Lindqvist","Small Business","NET30","30","0.00","2025-12-11","2026-01-10","4590.73","0.00","0.00","0.00","0.00","4590.73","0.00","1","0","-10","1","Current","0.00","0",""
"INV-029196","C0364","Redline Industries - Northeast","OEM Manufacturer","Northeast","Adrian Cole","Low","335000.00","COL-02","Marcus Bell","Strategic Accounts","NET45","45","0.00","2025-12-11","2026-01-25","13555.59","0.00","0.00","0.00","0.00","13555.59","0.00","1","0","-25","1","Current","0.00","0",""
"INV-029197","C0370","Cedar Ridge Construction - West 4","Contractor","West","Maya Brennan","Low","85000.00","COL-04","Tomas Okafor","Commercial","NET60","60","0.00","2025-12-11","2026-02-09","2467.56","0.00","0.00","0.00","0.00","2467.56","0.00","1","0","-40","1","Current","0.00","0",""
"INV-029198","C0379","Ironbridge Electric - Midwest 3","Contractor","Midwest","Hana Sato","Medium","110000.00","COL-03","Elena Ruiz","Commercial","NET30","30","0.00","2025-12-11","2026-01-10","2366.74","0.00","0.00","0.00","0.00","2366.74","0.00","1","0","-10","1","Current","0.00","0",""
"INV-029199","C0385","Cedar Ridge Maintenance Supply - Southeast","MRO Reseller","Southeast","Luis Moreno","Medium","25000.00","COL-05","Grace Lindqvist","Small Business","NET30","30","0.00","2025-12-11","2026-01-10","946.09","0.00","0.00","0.00","0.00","946.09","0.00","1","0","-10","1","Current","0.00","0",""
"INV-029200","C0387","Apex Industrial Supply - Southeast","MRO Reseller","Southeast","Dana Whitfield","Medium","80000.00","COL-06","Sam Horowitz","Small Business","NET30","30","0.00","2025-12-11","2026-01-10","1481.25","0.00","0.00","0.00","0.00","1481.25","0.00","1","0","-10","1","Current","0.00","0",""
"INV-029201","C0394","Silverline Construction - Northeast","Contractor","Northeast","Nadia Farouk","Low","35000.00","COL-04","Tomas Okafor","Commercial","NET30","30","0.00","2025-12-11","2026-01-10","5143.34","0.00","0.00","0.00","0.00","5143.34","0.00","1","0","-10","1","Current","0.00","0",""
"INV-029203","C0009","Ironbridge Fabrication","OEM Manufacturer","Northeast","Nadia Farouk","Medium","590000.00","COL-02","Marcus Bell","Strategic Accounts","NET45","45","0.00","2025-12-12","2026-01-26","12253.41","0.00","0.00","0.00","0.00","12253.41","0.00","1","0","-26","1","Current","0.00","0",""
"INV-029204","C0018","Redline Industries","OEM Manufacturer","Northeast","Nadia Farouk","Low","435000.00","COL-02","Marcus Bell","Strategic Accounts","NET45","45","0.00","2025-12-12","2026-01-26","10110.17","0.00","0.00","0.00","0.00","10110.17","0.00","1","0","-26","1","Current","0.00","1","PO Mismatch"
"INV-029205","C0023","Harbor Builders","Contractor","West","Owen Price","High","120000.00","COL-04","Tomas Okafor","Commercial","NET60","60","0.00","2025-12-12","2026-02-10","7210.19","0.00","0.00","0.00","0.00","7210.19","0.00","1","0","-41","1","Current","0.00","0",""
"INV-029206","C0035","Summit Mechanical","Contractor","Northeast","Adrian Cole","Low","70000.00","COL-04","Tomas Okafor","Commercial","NET30","30","0.00","2025-12-12","2026-01-11","1041.72","0.00","0.00","0.00","0.00","1041.72","0.00","1","0","-11","1","Current","0.00","0",""
"INV-029207","C0037","Westbrook Builders","Contractor","Southeast","Luis Moreno","High","40000.00","COL-04","Tomas Okafor","Commercial","2/10NET30","30","2.00","2025-12-12","2026-01-11","6182.32","0.00","0.00","0.00","0.00","6182.32","0.00","1","0","-11","1","Current","0.00","0",""
"INV-029208","C0041","Oakmont Builders","Contractor","Southwest","Kevin Ames","Low","35000.00","COL-04","Tomas Okafor","Commercial","NET60","60","0.00","2025-12-12","2026-02-10","800.16","0.00","0.00","0.00","0.00","800.16","0.00","1","0","-41","1","Current","0.00","0",""
"INV-029209","C0048","Stonegate Industries","OEM Manufacturer","Northeast","Nadia Farouk","Medium","415000.00","COL-01","Priya Natarajan","Strategic Accounts","NET45","45","0.00","2025-12-12","2026-01-26","13140.26","0.00","0.00","0.00","0.00","13140.26","0.00","1","0","-26","1","Current","0.00","0",""
"INV-029210","C0056","Northfield Components - Southwest","OEM Manufacturer","Southwest","Kevin Ames","Medium","240000.00","COL-01","Priya Natarajan","Strategic Accounts","NET60","60","0.00","2025-12-12","2026-02-10","4724.80","0.00","0.00","0.00","0.00","4724.80","0.00","1","0","-41","1","Current","0.00","0",""
"INV-029211","C0067","Cedar Ridge Parts & Service","MRO Reseller","Southwest","Kevin Ames","Medium","95000.00","COL-06","Sam Horowitz","Small Business","NET30","30","0.00","2025-12-12","2026-01-11","4209.23","0.00","0.00","0.00","0.00","4209.23","0.00","1","0","-11","1","Current","0.00","1","PO Mismatch"
"INV-029212","C0074","Frontier Fabrication","OEM Manufacturer","Southeast","Dana Whitfield","Medium","600000.00","COL-01","Priya Natarajan","Strategic Accounts","NET45","45","0.00","2025-12-12","2026-01-26","6164.44","0.00","0.00","0.00","0.00","6164.44","0.00","1","0","-26","1","Current","0.00","0",""
"INV-029213","C0077","Riverbend Industrial Supply","MRO Reseller","West","Owen Price","Low","90000.00","COL-06","Sam Horowitz","Small Business","NET30","30","0.00","2025-12-12","2026-01-11","3827.18","0.00","0.00","0.00","0.00","3827.18","0.00","1","0","-11","1","Current","0.00","0",""
"INV-029215","C0095","Stonegate Fabrication","OEM Manufacturer","West","Owen Price","Low","600000.00","COL-02","Marcus Bell","Strategic Accounts","NET60","60","0.00","2025-12-12","2026-02-10","17752.09","0.00","0.00","0.00","0.00","17752.09","0.00","1","0","-41","1","Current","0.00","0",""
"INV-029216","C0105","Westbrook Supply Co.","MRO Reseller","Midwest","Ben Kowalczyk","Medium","90000.00","COL-05","Grace Lindqvist","Small Business","2/10NET30","30","2.00","2025-12-12","2026-01-11","805.19","0.00","0.00","0.00","0.00","805.19","0.00","1","0","-11","1","Current","0.00","0",""
"INV-029217","C0112","Ironbridge Fabrication - Midwest","OEM Manufacturer","Midwest","Hana Sato","Low","385000.00","COL-02","Marcus Bell","Strategic Accounts","NET60","60","0.00","2025-12-12","2026-02-10","1865.26","0.00","0.00","0.00","0.00","1865.26","0.00","1","0","-41","1","Current","0.00","0",""
"INV-029218","C0118","Granite MRO Services","MRO Reseller","Southeast","Dana Whitfield","Low","60000.00","COL-05","Grace Lindqvist","Small Business","2/10NET30","30","2.00","2025-12-12","2026-01-11","1508.11","0.00","0.00","0.00","0.00","1508.11","0.00","1","0","-11","1","Current","0.00","0",""
"INV-029219","C0126","Oakmont Parts & Service","MRO Reseller","West","Owen Price","Medium","65000.00","COL-06","Sam Horowitz","Small Business","NET30","30","0.00","2025-12-12","2026-01-11","1414.42","0.00","0.00","0.00","0.00","1414.42","0.00","1","0","-11","1","Current","0.00","0",""
"INV-029221","C0139","Harbor Machine Works","OEM Manufacturer","Midwest","Ben Kowalczyk","Medium","570000.00","COL-01","Priya Natarajan","Strategic Accounts","NET45","45","0.00","2025-12-12","2026-01-26","5082.00","0.00","0.00","0.00","0.00","5082.00","0.00","1","0","-26","1","Current","0.00","0",""
"INV-029222","C0146","Harbor Components","OEM Manufacturer","West","Owen Price","Low","165000.00","COL-02","Marcus Bell","Strategic Accounts","NET45","45","0.00","2025-12-12","2026-01-26","5818.51","0.00","0.00","0.00","0.00","5818.51","0.00","1","0","-26","1","Current","0.00","0",""
"INV-029223","C0147","Apex Manufacturing - Northeast","OEM Manufacturer","Northeast","Nadia Farouk","Low","455000.00","COL-02","Marcus Bell","Strategic Accounts","NET45","45","0.00","2025-12-12","2026-01-26","1657.71","0.00","0.00","0.00","0.00","1657.71","0.00","1","0","-26","1","Current","0.00","0",""
"INV-029225","C0164","Lakeshore Fabrication","OEM Manufacturer","Southwest","Rosa Delgado","Medium","240000.00","COL-01","Priya Natarajan","Strategic Accounts","NET45","45","0.00","2025-12-12","2026-01-26","7267.36","0.00","0.00","0.00","0.00","7267.36","0.00","1","0","-26","1","Current","0.00","0",""
"INV-029226","C0170","Titan Industries","OEM Manufacturer","Northeast","Adrian Cole","Low","580000.00","COL-01","Priya Natarajan","Strategic Accounts","NET45","45","0.00","2025-12-12","2026-01-26","5103.15","0.00","0.00","0.00","0.00","5103.15","0.00","1","0","-26","1","Current","0.00","0",""
"INV-029227","C0171","Silverline Maintenance Supply - Southwest","MRO Reseller","Southwest","Kevin Ames","Medium","110000.00","COL-06","Sam Horowitz","Small Business","NET30","30","0.00","2025-12-12","2026-01-11","772.35","0.00","0.00","0.00","0.00","772.35","0.00","1","0","-11","1","Current","0.00","0",""
"INV-029228","C0189","Granite Mechanical","Contractor","Northeast","Adrian Cole","Medium","65000.00","COL-04","Tomas Okafor","Commercial","NET30","30","0.00","2025-12-12","2026-01-11","3387.47","0.00","0.00","0.00","0.00","3387.47","0.00","1","0","-11","1","Current","0.00","0",""
"INV-029229","C0192","Keystone MRO Services","MRO Reseller","Midwest","Hana Sato","Medium","65000.00","COL-05","Grace Lindqvist","Small Business","NET30","30","0.00","2025-12-12","2026-01-11","1195.56","0.00","0.00","0.00","0.00","1195.56","0.00","1","0","-11","1","Current","0.00","0",""
"INV-029230","C0197","Harbor Machine Works - Southwest 3","OEM Manufacturer","Southwest","Kevin Ames","Low","470000.00","COL-01","Priya Natarajan","Strategic Accounts","NET60","60","0.00","2025-12-12","2026-02-10","1630.87","0.00","0.00","0.00","0.00","1630.87","0.00","1","0","-41","1","Current","0.00","1","Short Shipment"
"INV-029231","C0200","Harbor Mechanical","Contractor","Southwest","Kevin Ames","High","90000.00","COL-04","Tomas Okafor","Commercial","NET60","60","0.00","2025-12-12","2026-02-10","6429.77","0.00","0.00","0.00","0.00","6429.77","0.00","1","0","-41","1","Current","0.00","0",""
"INV-029232","C0201","Titan Machine Works","OEM Manufacturer","Southwest","Kevin Ames","Low","525000.00","COL-02","Marcus Bell","Strategic Accounts","NET45","45","0.00","2025-12-12","2026-01-26","2390.97","0.00","0.00","0.00","0.00","2390.97","0.00","1","0","-26","1","Current","0.00","0",""
"INV-029233","C0203","Redline Industrial Supply - Southwest","MRO Reseller","Southwest","Kevin Ames","Low","120000.00","COL-06","Sam Horowitz","Small Business","NET30","30","0.00","2025-12-12","2026-01-11","1063.75","0.00","0.00","0.00","0.00","1063.75","0.00","1","0","-11","1","Current","0.00","0",""
"INV-029234","C0218","Riverbend Parts & Service - Midwest","MRO Reseller","Midwest","Hana Sato","Low","115000.00","COL-06","Sam Horowitz","Small Business","NET30","30","0.00","2025-12-12","2026-01-11","4367.30","0.00","0.00","0.00","0.00","4367.30","0.00","1","0","-11","1","Current","0.00","0",""
"INV-029235","C0224","Westbrook Industrial Supply - Northeast 3","MRO Reseller","Northeast","Adrian Cole","Low","110000.00","COL-06","Sam Horowitz","Small Business","2/10NET30","30","2.00","2025-12-12","2026-01-11","802.15","0.00","0.00","0.00","0.00","802.15","0.00","1","0","-11","1","Current","0.00","0",""
"INV-029237","C0249","Harbor Contracting","Contractor","Northeast","Adrian Cole","Low","25000.00","COL-03","Elena Ruiz","Commercial","NET30","30","0.00","2025-12-12","2026-01-11","828.75","0.00","0.00","0.00","0.00","828.75","0.00","1","0","-11","1","Current","0.00","0",""
"INV-029238","C0253","Summit Industrial Supply","MRO Reseller","Southwest","Kevin Ames","High","55000.00","COL-06","Sam Horowitz","Small Business","NET30","30","0.00","2025-12-12","2026-01-11","4524.06","0.00","0.00","0.00","0.00","4524.06","0.00","1","0","-11","1","Current","0.00","0",""
"INV-029239","C0265","Westbrook Mechanical - Southwest 3","Contractor","Southwest","Kevin Ames","Medium","85000.00","COL-04","Tomas Okafor","Commercial","NET60","60","0.00","2025-12-12","2026-02-10","4861.75","0.00","0.00","0.00","0.00","4861.75","0.00","1","0","-41","1","Current","0.00","0",""
"INV-029240","C0281","Westbrook Fabrication","OEM Manufacturer","Midwest","Hana Sato","Low","510000.00","COL-02","Marcus Bell","Strategic Accounts","NET60","60","0.00","2025-12-12","2026-02-10","2750.59","0.00","0.00","0.00","0.00","2750.59","0.00","1","0","-41","1","Current","0.00","0",""
"INV-029241","C0283","Apex Industries","OEM Manufacturer","Midwest","Hana Sato","Low","390000.00","COL-01","Priya Natarajan","Strategic Accounts","NET60","60","0.00","2025-12-12","2026-02-10","7894.10","0.00","0.00","0.00","0.00","7894.10","0.00","1","0","-41","1","Current","0.00","0",""
"INV-029242","C0287","Redline University Facilities - Southwest 4","Institutional","Southwest","Kevin Ames","Low","155000.00","COL-02","Marcus Bell","Strategic Accounts","NET90","90","0.00","2025-12-12","2026-03-12","6407.07","0.00","0.00","0.00","0.00","6407.07","0.00","1","0","-71","1","Current","0.00","0",""
"INV-029243","C0292","Cedar Ridge Maintenance Supply","MRO Reseller","Southeast","Luis Moreno","Medium","85000.00","COL-05","Grace Lindqvist","Small Business","NET30","30","0.00","2025-12-12","2026-01-11","4763.46","0.00","0.00","0.00","0.00","4763.46","0.00","1","0","-11","1","Current","0.00","0",""
"INV-029244","C0295","Ironbridge Maintenance Supply","MRO Reseller","Northeast","Nadia Farouk","Low","85000.00","COL-06","Sam Horowitz","Small Business","2/10NET30","30","2.00","2025-12-12","2026-01-11","452.65","0.00","0.00","0.00","0.00","452.65","0.00","1","0","-11","1","Current","0.00","0",""
"INV-029246","C0302","Crestview Contracting - Northeast 3","Contractor","Northeast","Nadia Farouk","High","125000.00","COL-04","Tomas Okafor","Commercial","2/10NET30","30","2.00","2025-12-12","2026-01-11","2909.85","0.00","0.00","0.00","0.00","2909.85","0.00","1","0","-11","1","Current","0.00","0",""
"INV-029247","C0311","Bluewater University Facilities","Institutional","Midwest","Hana Sato","Low","75000.00","COL-04","Tomas Okafor","Commercial","NET60","60","0.00","2025-12-12","2026-02-10","11541.87","0.00","0.00","0.00","0.00","11541.87","0.00","1","0","-41","1","Current","0.00","0",""
"INV-029248","C0315","Lakeshore Parts & Service - Northeast","MRO Reseller","Northeast","Nadia Farouk","Medium","40000.00","COL-05","Grace Lindqvist","Small Business","2/10NET30","30","2.00","2025-12-12","2026-01-11","1460.86","0.00","0.00","0.00","0.00","1460.86","0.00","1","0","-11","1","Current","0.00","0",""
"INV-029250","C0336","Summit Contracting - Southwest 3","Contractor","Southwest","Rosa Delgado","Low","95000.00","COL-03","Elena Ruiz","Commercial","NET60","60","0.00","2025-12-12","2026-02-10","4946.25","0.00","0.00","0.00","0.00","4946.25","0.00","1","0","-41","1","Current","0.00","0",""
"INV-029251","C0337","Keystone Manufacturing","OEM Manufacturer","Northeast","Nadia Farouk","Low","540000.00","COL-01","Priya Natarajan","Strategic Accounts","NET45","45","0.00","2025-12-12","2026-01-26","6017.30","0.00","0.00","0.00","0.00","6017.30","0.00","1","0","-26","1","Current","0.00","0",""
"INV-029252","C0342","Titan Medical Center","Institutional","Midwest","Ben Kowalczyk","Medium","160000.00","COL-01","Priya Natarajan","Strategic Accounts","NET60","60","0.00","2025-12-12","2026-02-10","11275.13","0.00","0.00","0.00","0.00","11275.13","0.00","1","0","-41","1","Current","0.00","0",""
"INV-029253","C0343","Bluewater Builders - Midwest 3","Contractor","Midwest","Hana Sato","Low","40000.00","COL-03","Elena Ruiz","Commercial","NET30","30","0.00","2025-12-12","2026-01-11","1465.46","0.00","0.00","0.00","0.00","1465.46","0.00","1","0","-11","1","Current","0.00","0",""
"INV-029254","C0344","Granite Supply Co. - West","MRO Reseller","West","Maya Brennan","Low","115000.00","COL-06","Sam Horowitz","Small Business","NET30","30","0.00","2025-12-12","2026-01-11","2070.13","0.00","0.00","0.00","0.00","2070.13","0.00","1","0","-11","1","Current","0.00","0",""
"INV-029255","C0347","Stonegate Construction","Contractor","West","Maya Brennan","Medium","85000.00","COL-03","Elena Ruiz","Commercial","2/10NET30","30","2.00","2025-12-12","2026-01-11","4849.84","0.00","0.00","0.00","0.00","4849.84","0.00","1","0","-11","1","Current","0.00","0",""
"INV-029256","C0359","Stonegate Fabrication - West","OEM Manufacturer","West","Maya Brennan","High","380000.00","COL-02","Marcus Bell","Strategic Accounts","NET60","60","0.00","2025-12-12","2026-02-10","2340.81","0.00","0.00","0.00","0.00","2340.81","0.00","1","0","-41","1","Current","0.00","0",""
"INV-029257","C0365","Bluewater Mechanical - Southeast","Contractor","Southeast","Luis Moreno","Low","115000.00","COL-04","Tomas Okafor","Commercial","NET30","30","0.00","2025-12-12","2026-01-11","2541.05","0.00","0.00","0.00","0.00","2541.05","0.00","1","0","-11","1","Current","0.00","0",""
"INV-029258","C0366","Westbrook Industries - West","OEM Manufacturer","West","Owen Price","Medium","320000.00","COL-02","Marcus Bell","Strategic Accounts","NET60","60","0.00","2025-12-12","2026-02-10","3216.54","0.00","0.00","0.00","0.00","3216.54","0.00","1","0","-41","1","Current","0.00","0",""
"INV-029259","C0369","Lakeshore Components","OEM Manufacturer","Midwest","Hana Sato","High","545000.00","COL-02","Marcus Bell","Strategic Accounts","NET60","60","0.00","2025-12-12","2026-02-10","15689.38","0.00","0.00","0.00","0.00","15689.38","0.00","1","0","-41","1","Current","0.00","0",""
"INV-029260","C0370","Cedar Ridge Construction - West 4","Contractor","West","Maya Brennan","Low","85000.00","COL-04","Tomas Okafor","Commercial","NET60","60","0.00","2025-12-12","2026-02-10","800.05","0.00","0.00","0.00","0.00","800.05","0.00","1","0","-41","1","Current","0.00","0",""
"INV-029262","C0390","Titan Mechanical","Contractor","West","Owen Price","Low","135000.00","COL-03","Elena Ruiz","Commercial","NET60","60","0.00","2025-12-12","2026-02-10","857.91","0.00","0.00","0.00","0.00","857.91","0.00","1","0","-41","1","Current","0.00","0",""
"INV-029263","C0391","Keystone MRO Services - Northeast","MRO Reseller","Northeast","Adrian Cole","Low","30000.00","COL-05","Grace Lindqvist","Small Business","NET30","30","0.00","2025-12-12","2026-01-11","1139.91","0.00","0.00","0.00","0.00","1139.91","0.00","1","0","-11","1","Current","0.00","0",""
"INV-029264","C0399","Riverbend Electric - West 5","Contractor","West","Maya Brennan","Medium","110000.00","COL-03","Elena Ruiz","Commercial","NET60","60","0.00","2025-12-12","2026-02-10","8075.87","0.00","0.00","0.00","0.00","8075.87","0.00","1","0","-41","1","Current","0.00","0",""
"INV-029265","C0031","Stonegate Machine Works","OEM Manufacturer","Northeast","Adrian Cole","Low","515000.00","COL-02","Marcus Bell","Strategic Accounts","NET60","60","0.00","2025-12-15","2026-02-13","6845.28","0.00","0.00","0.00","0.00","6845.28","0.00","1","0","-44","1","Current","0.00","0",""
"INV-029266","C0043","Bluewater Construction","Contractor","Northeast","Nadia Farouk","Low","90000.00","COL-03","Elena Ruiz","Commercial","NET30","30","0.00","2025-12-15","2026-01-14","3244.83","0.00","0.00","0.00","0.00","3244.83","0.00","1","0","-14","1","Current","0.00","0",""
"INV-029267","C0048","Stonegate Industries","OEM Manufacturer","Northeast","Nadia Farouk","Medium","415000.00","COL-01","Priya Natarajan","Strategic Accounts","NET45","45","0.00","2025-12-15","2026-01-29","2891.33","0.00","0.00","0.00","0.00","2891.33","0.00","1","0","-29","1","Current","0.00","0",""
"INV-029268","C0061","Riverbend Industries","OEM Manufacturer","West","Maya Brennan","Low","275000.00","COL-02","Marcus Bell","Strategic Accounts","NET60","60","0.00","2025-12-15","2026-02-13","1856.16","0.00","0.00","0.00","0.00","1856.16","0.00","1","0","-44","1","Current","0.00","0",""
"INV-029270","C0073","Lakeshore Manufacturing","OEM Manufacturer","Northeast","Adrian Cole","High","300000.00","COL-01","Priya Natarajan","Strategic Accounts","NET45","45","0.00","2025-12-15","2026-01-29","5730.04","0.00","0.00","0.00","0.00","5730.04","0.00","1","0","-29","1","Current","0.00","0",""
"INV-029271","C0075","Ironbridge Mechanical - Southeast 3","Contractor","Southeast","Luis Moreno","Medium","85000.00","COL-03","Elena Ruiz","Commercial","NET30","30","0.00","2025-12-15","2026-01-14","4726.94","0.00","0.00","0.00","0.00","4726.94","0.00","1","0","-14","1","Current","0.00","0",""
"INV-029272","C0083","Bluewater Builders","Contractor","Southwest","Kevin Ames","Low","40000.00","COL-04","Tomas Okafor","Commercial","NET60","60","0.00","2025-12-15","2026-02-13","2725.70","0.00","0.00","0.00","0.00","2725.70","0.00","1","0","-44","1","Current","0.00","0",""
"INV-029273","C0104","Granite Industrial Supply","MRO Reseller","Midwest","Ben Kowalczyk","Low","105000.00","COL-06","Sam Horowitz","Small Business","NET30","30","0.00","2025-12-15","2026-01-14","1347.42","0.00","0.00","0.00","0.00","1347.42","0.00","1","0","-14","1","Current","0.00","0",""
"INV-029274","C0106","Cedar Ridge Industrial Supply - Midwest","MRO Reseller","Midwest","Ben Kowalczyk","Low","35000.00","COL-05","Grace Lindqvist","Small Business","NET30","30","0.00","2025-12-15","2026-01-14","491.08","0.00","0.00","0.00","0.00","491.08","0.00","1","0","-14","1","Current","0.00","0",""
"INV-029275","C0111","Harbor Manufacturing","OEM Manufacturer","West","Owen Price","Medium","405000.00","COL-02","Marcus Bell","Strategic Accounts","NET45","45","0.00","2025-12-15","2026-01-29","4949.96","0.00","0.00","0.00","0.00","4949.96","0.00","1","0","-29","1","Current","0.00","0",""
"INV-029276","C0132","Keystone Contracting","Contractor","West","Maya Brennan","High","105000.00","COL-04","Tomas Okafor","Commercial","NET60","60","0.00","2025-12-15","2026-02-13","4085.35","0.00","0.00","0.00","0.00","4085.35","0.00","1","0","-44","1","Current","0.00","0",""
"INV-029277","C0133","Oakmont Construction","Contractor","Midwest","Hana Sato","Medium","115000.00","COL-03","Elena Ruiz","Commercial","NET30","30","0.00","2025-12-15","2026-01-14","2534.06","0.00","0.00","0.00","0.00","2534.06","0.00","1","0","-14","1","Current","0.00","0",""
"INV-029278","C0134","Frontier MRO Services","MRO Reseller","Northeast","Adrian Cole","Medium","90000.00","COL-05","Grace Lindqvist","Small Business","2/10NET30","30","2.00","2025-12-15","2026-01-14","4009.10","0.00","0.00","0.00","0.00","4009.10","0.00","1","0","-14","1","Current","0.00","0",""
"INV-029279","C0144","Frontier Electric","Contractor","Northeast","Nadia Farouk","Medium","110000.00","COL-04","Tomas Okafor","Commercial","NET30","30","0.00","2025-12-15","2026-01-14","1057.76","0.00","0.00","0.00","0.00","1057.76","0.00","1","0","-14","1","Current","0.00","0",""
"INV-029280","C0147","Apex Manufacturing - Northeast","OEM Manufacturer","Northeast","Nadia Farouk","Low","455000.00","COL-02","Marcus Bell","Strategic Accounts","NET45","45","0.00","2025-12-15","2026-01-29","5212.69","0.00","0.00","0.00","0.00","5212.69","0.00","1","0","-29","1","Current","0.00","0",""
"INV-029281","C0151","Riverbend MRO Services - Northeast 3","MRO Reseller","Northeast","Adrian Cole","Low","120000.00","COL-05","Grace Lindqvist","Small Business","NET30","30","0.00","2025-12-15","2026-01-14","857.12","0.00","0.00","0.00","0.00","857.12","0.00","1","0","-14","1","Current","0.00","0",""
"INV-029282","C0164","Lakeshore Fabrication","OEM Manufacturer","Southwest","Rosa Delgado","Medium","240000.00","COL-01","Priya Natarajan","Strategic Accounts","NET45","45","0.00","2025-12-15","2026-01-29","2210.73","0.00","0.00","0.00","0.00","2210.73","0.00","1","0","-29","1","Current","0.00","0",""
"INV-029283","C0169","Apex Components","OEM Manufacturer","Midwest","Ben Kowalczyk","Medium","290000.00","COL-02","Marcus Bell","Strategic Accounts","NET60","60","0.00","2025-12-15","2026-02-13","11986.47","0.00","0.00","0.00","0.00","11986.47","0.00","1","0","-44","1","Current","0.00","0",""
"INV-029284","C0170","Titan Industries","OEM Manufacturer","Northeast","Adrian Cole","Low","580000.00","COL-01","Priya Natarajan","Strategic Accounts","NET45","45","0.00","2025-12-15","2026-01-29","8615.78","0.00","0.00","0.00","0.00","8615.78","0.00","1","0","-29","1","Current","0.00","0",""
"INV-029285","C0188","Westbrook Industrial Supply - Southwest","MRO Reseller","Southwest","Rosa Delgado","High","35000.00","COL-06","Sam Horowitz","Small Business","NET30","30","0.00","2025-12-15","2026-01-14","450.96","0.00","0.00","0.00","0.00","450.96","0.00","1","0","-14","1","Current","0.00","0",""
"INV-029286","C0197","Harbor Machine Works - Southwest 3","OEM Manufacturer","Southwest","Kevin Ames","Low","470000.00","COL-01","Priya Natarajan","Strategic Accounts","NET60","60","0.00","2025-12-15","2026-02-13","1695.19","0.00","0.00","0.00","0.00","1695.19","0.00","1","0","-44","1","Current","0.00","0",""
"INV-029287","C0198","Titan Maintenance Supply - Northeast","MRO Reseller","Northeast","Adrian Cole","Low","60000.00","COL-05","Grace Lindqvist","Small Business","NET30","30","0.00","2025-12-15","2026-01-14","1534.35","0.00","0.00","0.00","0.00","1534.35","0.00","1","0","-14","1","Current","0.00","0",""
"INV-029288","C0204","Cedar Ridge Builders","Contractor","West","Owen Price","Low","50000.00","COL-04","Tomas Okafor","Commercial","NET60","60","0.00","2025-12-15","2026-02-13","4565.67","0.00","0.00","0.00","0.00","4565.67","0.00","1","0","-44","1","Current","0.00","0",""
"INV-029289","C0206","Oakmont Manufacturing","OEM Manufacturer","Southeast","Dana Whitfield","Medium","590000.00","COL-01","Priya Natarajan","Strategic Accounts","NET60","60","0.00","2025-12-15","2026-02-13","4775.95","0.00","0.00","0.00","0.00","4775.95","0.00","1","0","-44","1","Current","0.00","0",""
"INV-029290","C0262","Titan Industrial Supply","MRO Reseller","Midwest","Hana Sato","Medium","110000.00","COL-05","Grace Lindqvist","Small Business","NET30","30","0.00","2025-12-15","2026-01-14","1287.60","0.00","0.00","0.00","0.00","1287.60","0.00","1","0","-14","1","Current","0.00","0",""
"INV-029291","C0268","Titan Electric","Contractor","Southeast","Luis Moreno","High","60000.00","COL-03","Elena Ruiz","Commercial","NET30","30","0.00","2025-12-15","2026-01-14","3228.84","0.00","0.00","0.00","0.00","3228.84","0.00","1","0","-14","1","Current","0.00","0",""
"INV-029292","C0273","Oakmont Fabrication","OEM Manufacturer","Southeast","Dana Whitfield","Medium","395000.00","COL-01","Priya Natarajan","Strategic Accounts","NET45","45","0.00","2025-12-15","2026-01-29","13625.20","0.00","0.00","0.00","0.00","13625.20","0.00","1","0","-29","1","Current","0.00","0",""
"INV-029293","C0275","Cedar Ridge Machine Works - Southwest","OEM Manufacturer","Southwest","Rosa Delgado","High","535000.00","COL-01","Priya Natarajan","Strategic Accounts","NET60","60","0.00","2025-12-15","2026-02-13","11875.51","0.00","0.00","0.00","0.00","11875.51","0.00","1","0","-44","1","Current","0.00","0",""
"INV-029294","C0301","Titan Builders - Midwest 4","Contractor","Midwest","Ben Kowalczyk","Medium","105000.00","COL-03","Elena Ruiz","Commercial","NET30","30","0.00","2025-12-15","2026-01-14","3056.84","0.00","0.00","0.00","0.00","3056.84","0.00","1","0","-14","1","Current","0.00","0",""
"INV-029295","C0348","Bluewater Manufacturing","OEM Manufacturer","Midwest","Ben Kowalczyk","Low","225000.00","COL-02","Marcus Bell","Strategic Accounts","NET60","60","0.00","2025-12-15","2026-02-13","6528.44","0.00","0.00","0.00","0.00","6528.44","0.00","1","0","-44","1","Current","0.00","1","Pricing"
"INV-029296","C0351","Ironbridge Components","OEM Manufacturer","Midwest","Hana Sato","High","450000.00","COL-01","Priya Natarajan","Strategic Accounts","NET45","45","0.00","2025-12-15","2026-01-29","2202.62","0.00","0.00","0.00","0.00","2202.62","0.00","1","0","-29","1","Current","0.00","0",""
"INV-029298","C0355","Oakmont University Facilities","Institutional","Midwest","Ben Kowalczyk","Low","105000.00","COL-03","Elena Ruiz","Commercial","NET60","60","0.00","2025-12-15","2026-02-13","8867.60","0.00","0.00","0.00","0.00","8867.60","0.00","1","0","-44","1","Current","0.00","0",""
"INV-029299","C0366","Westbrook Industries - West","OEM Manufacturer","West","Owen Price","Medium","320000.00","COL-02","Marcus Bell","Strategic Accounts","NET60","60","0.00","2025-12-15","2026-02-13","4228.88","0.00","0.00","0.00","0.00","4228.88","0.00","1","0","-44","1","Current","0.00","0",""
"INV-029300","C0378","Silverline Fabrication - Southwest","OEM Manufacturer","Southwest","Rosa Delgado","Medium","585000.00","COL-01","Priya Natarajan","Strategic Accounts","NET45","45","0.00","2025-12-15","2026-01-29","9006.31","0.00","0.00","0.00","0.00","9006.31","0.00","1","0","-29","1","Current","0.00","0",""
"INV-029301","C0386","Bluewater Electric","Contractor","West","Maya Brennan","High","100000.00","COL-03","Elena Ruiz","Commercial","NET60","60","0.00","2025-12-15","2026-02-13","999.93","0.00","0.00","0.00","0.00","999.93","0.00","1","0","-44","1","Current","0.00","0",""
"INV-029303","C0397","Silverline Mechanical - Southwest 3","Contractor","Southwest","Rosa Delgado","Low","40000.00","COL-03","Elena Ruiz","Commercial","NET60","60","0.00","2025-12-15","2026-02-13","8355.51","0.00","0.00","0.00","0.00","8355.51","0.00","1","0","-44","1","Current","0.00","0",""
"INV-029304","C0003","Westbrook Electric","Contractor","Northeast","Nadia Farouk","Low","110000.00","COL-03","Elena Ruiz","Commercial","NET30","30","0.00","2025-12-16","2026-01-15","1499.85","0.00","0.00","0.00","0.00","1499.85","0.00","1","0","-15","1","Current","0.00","0",""
"INV-029305","C0008","Silverline Maintenance Supply","MRO Reseller","Southwest","Kevin Ames","Low","105000.00","COL-06","Sam Horowitz","Small Business","NET30","30","0.00","2025-12-16","2026-01-15","4465.46","0.00","0.00","0.00","0.00","4465.46","0.00","1","0","-15","1","Current","0.00","0",""
"INV-029306","C0017","Silverline Fabrication","OEM Manufacturer","Southwest","Kevin Ames","Low","500000.00","COL-01","Priya Natarajan","Strategic Accounts","NET45","45","0.00","2025-12-16","2026-01-30","16405.48","0.00","0.00","0.00","0.00","16405.48","0.00","1","0","-30","1","Current","0.00","0",""
"INV-029307","C0022","Apex Contracting","Contractor","Southeast","Dana Whitfield","Medium","65000.00","COL-03","Elena Ruiz","Commercial","2/10NET30","30","2.00","2025-12-16","2026-01-15","4092.17","0.00","0.00","0.00","0.00","4092.17","0.00","1","0","-15","1","Current","0.00","1","Pricing"
"INV-029308","C0028","Keystone Parts & Service","MRO Reseller","Southeast","Dana Whitfield","Medium","25000.00","COL-06","Sam Horowitz","Small Business","NET30","30","0.00","2025-12-16","2026-01-15","1070.55","0.00","0.00","0.00","0.00","1070.55","0.00","1","0","-15","1","Current","0.00","0",""
"INV-029309","C0037","Westbrook Builders","Contractor","Southeast","Luis Moreno","High","40000.00","COL-04","Tomas Okafor","Commercial","2/10NET30","30","2.00","2025-12-16","2026-01-15","962.70","0.00","0.00","0.00","0.00","962.70","0.00","1","0","-15","1","Current","0.00","0",""
"INV-029310","C0042","Bluewater Industries","OEM Manufacturer","Southwest","Kevin Ames","High","355000.00","COL-01","Priya Natarajan","Strategic Accounts","NET60","60","0.00","2025-12-16","2026-02-14","1775.06","0.00","0.00","0.00","0.00","1775.06","0.00","1","0","-45","1","Current","0.00","0",""
"INV-029311","C0048","Stonegate Industries","OEM Manufacturer","Northeast","Nadia Farouk","Medium","415000.00","COL-01","Priya Natarajan","Strategic Accounts","NET45","45","0.00","2025-12-16","2026-01-30","4353.64","0.00","0.00","0.00","0.00","4353.64","0.00","1","0","-30","1","Current","0.00","0",""
"INV-029312","C0068","Harbor Industries","OEM Manufacturer","Southwest","Rosa Delgado","High","600000.00","COL-01","Priya Natarajan","Strategic Accounts","NET60","60","0.00","2025-12-16","2026-02-14","9968.99","0.00","0.00","0.00","0.00","9968.99","0.00","1","0","-45","1","Current","0.00","0",""
"INV-029313","C0070","Riverbend Parts & Service","MRO Reseller","West","Owen Price","Low","45000.00","COL-05","Grace Lindqvist","Small Business","NET30","30","0.00","2025-12-16","2026-01-15","1824.74","0.00","0.00","0.00","0.00","1824.74","0.00","1","0","-15","1","Current","0.00","0",""
"INV-029314","C0073","Lakeshore Manufacturing","OEM Manufacturer","Northeast","Adrian Cole","High","300000.00","COL-01","Priya Natarajan","Strategic Accounts","NET45","45","0.00","2025-12-16","2026-01-30","15847.32","0.00","0.00","0.00","0.00","15847.32","0.00","1","0","-30","1","Current","0.00","0",""
"INV-029315","C0077","Riverbend Industrial Supply","MRO Reseller","West","Owen Price","Low","90000.00","COL-06","Sam Horowitz","Small Business","NET30","30","0.00","2025-12-16","2026-01-15","475.15","0.00","0.00","0.00","0.00","475.15","0.00","1","0","-15","1","Current","0.00","0",""
"INV-029316","C0082","Apex Supply Co.","MRO Reseller","West","Maya Brennan","Low","85000.00","COL-05","Grace Lindqvist","Small Business","NET30","30","0.00","2025-12-16","2026-01-15","4259.10","0.00","0.00","0.00","0.00","4259.10","0.00","1","0","-15","1","Current","0.00","0",""
"INV-029317","C0087","Riverbend Maintenance Supply","MRO Reseller","Southeast","Dana Whitfield","Medium","95000.00","COL-05","Grace Lindqvist","Small Business","NET30","30","0.00","2025-12-16","2026-01-15","2793.16","0.00","0.00","0.00","0.00","2793.16","0.00","1","0","-15","1","Current","0.00","1","Pricing"
"INV-029318","C0090","Riverbend Electric","Contractor","West","Maya Brennan","Medium","75000.00","COL-04","Tomas Okafor","Commercial","2/10NET30","30","2.00","2025-12-16","2026-01-15","8599.10","0.00","0.00","0.00","0.00","8599.10","0.00","1","0","-15","1","Current","0.00","0",""
"INV-029319","C0102","Crestview County Facilities","Institutional","Southwest","Rosa Delgado","Low","65000.00","COL-04","Tomas Okafor","Commercial","NET90","90","0.00","2025-12-16","2026-03-16","4257.85","0.00","0.00","0.00","0.00","4257.85","0.00","1","0","-75","1","Current","0.00","0",""
"INV-029321","C0108","Cedar Ridge Construction - Southeast","Contractor","Southeast","Luis Moreno","Medium","135000.00","COL-03","Elena Ruiz","Commercial","NET30","30","0.00","2025-12-16","2026-01-15","8703.71","0.00","0.00","0.00","0.00","8703.71","0.00","1","0","-15","1","Current","0.00","0",""
"INV-029323","C0111","Harbor Manufacturing","OEM Manufacturer","West","Owen Price","Medium","405000.00","COL-02","Marcus Bell","Strategic Accounts","NET45","45","0.00","2025-12-16","2026-01-30","15991.41","0.00","0.00","0.00","0.00","15991.41","0.00","1","0","-30","1","Current","0.00","0",""
"INV-029324","C0139","Harbor Machine Works","OEM Manufacturer","Midwest","Ben Kowalczyk","Medium","570000.00","COL-01","Priya Natarajan","Strategic Accounts","NET45","45","0.00","2025-12-16","2026-01-30","3691.13","0.00","0.00","0.00","0.00","3691.13","0.00","1","0","-30","1","Current","0.00","0",""
"INV-029325","C0140","Apex Parts & Service","MRO Reseller","Southeast","Luis Moreno","Medium","90000.00","COL-05","Grace Lindqvist","Small Business","NET30","30","0.00","2025-12-16","2026-01-15","486.58","0.00","0.00","0.00","0.00","486.58","0.00","1","0","-15","1","Current","0.00","0",""
"INV-029326","C0143","Northfield Parts & Service","MRO Reseller","Southwest","Kevin Ames","Medium","105000.00","COL-06","Sam Horowitz","Small Business","NET30","30","0.00","2025-12-16","2026-01-15","2311.85","0.00","0.00","0.00","0.00","2311.85","0.00","1","0","-15","1","Current","0.00","0",""
"INV-029327","C0147","Apex Manufacturing - Northeast","OEM Manufacturer","Northeast","Nadia Farouk","Low","455000.00","COL-02","Marcus Bell","Strategic Accounts","NET45","45","0.00","2025-12-16","2026-01-30","2110.50","0.00","0.00","0.00","0.00","2110.50","0.00","1","0","-30","1","Current","0.00","1","Duplicate Billing"
"INV-029328","C0150","Northfield Industries","OEM Manufacturer","Midwest","Hana Sato","Low","425000.00","COL-01","Priya Natarajan","Strategic Accounts","NET45","45","0.00","2025-12-16","2026-01-30","10778.33","0.00","0.00","0.00","0.00","10778.33","0.00","1","0","-30","1","Current","0.00","0",""
"INV-029330","C0171","Silverline Maintenance Supply - Southwest","MRO Reseller","Southwest","Kevin Ames","Medium","110000.00","COL-06","Sam Horowitz","Small Business","NET30","30","0.00","2025-12-16","2026-01-15","531.24","0.00","0.00","0.00","0.00","531.24","0.00","1","0","-15","1","Current","0.00","0",""
"INV-029331","C0186","Redline Parts & Service - Northeast","MRO Reseller","Northeast","Nadia Farouk","Low","100000.00","COL-05","Grace Lindqvist","Small Business","NET30","30","0.00","2025-12-16","2026-01-15","1547.37","0.00","0.00","0.00","0.00","1547.37","0.00","1","0","-15","1","Current","0.00","0",""
"INV-029332","C0190","Harbor Fabrication","OEM Manufacturer","West","Owen Price","Medium","580000.00","COL-01","Priya Natarajan","Strategic Accounts","NET45","45","0.00","2025-12-16","2026-01-30","16482.74","0.00","0.00","0.00","0.00","16482.74","0.00","1","0","-30","1","Current","0.00","0",""
"INV-029333","C0195","Redline Manufacturing","OEM Manufacturer","Southwest","Kevin Ames","Medium","360000.00","COL-01","Priya Natarajan","Strategic Accounts","NET60","60","0.00","2025-12-16","2026-02-14","7270.55","0.00","0.00","0.00","0.00","7270.55","0.00","1","0","-45","1","Current","0.00","0",""
"INV-029334","C0203","Redline Industrial Supply - Southwest","MRO Reseller","Southwest","Kevin Ames","Low","120000.00","COL-06","Sam Horowitz","Small Business","NET30","30","0.00","2025-12-16","2026-01-15","457.60","0.00","0.00","0.00","0.00","457.60","0.00","1","0","-15","1","Current","0.00","0",""
"INV-029335","C0210","Harbor Construction - Southwest","Contractor","Southwest","Rosa Delgado","Low","80000.00","COL-04","Tomas Okafor","Commercial","NET60","60","0.00","2025-12-16","2026-02-14","1242.00","0.00","0.00","0.00","0.00","1242.00","0.00","1","0","-45","1","Current","0.00","0",""
"INV-029336","C0220","Frontier Construction","Contractor","Southwest","Rosa Delgado","Low","60000.00","COL-04","Tomas Okafor","Commercial","NET60","60","0.00","2025-12-16","2026-02-14","4335.77","0.00","0.00","0.00","0.00","4335.77","0.00","1","0","-45","1","Current","0.00","0",""
"INV-029337","C0240","Summit Contracting","Contractor","West","Maya Brennan","Medium","50000.00","COL-04","Tomas Okafor","Commercial","NET60","60","0.00","2025-12-16","2026-02-14","6203.58","0.00","0.00","0.00","0.00","6203.58","0.00","1","0","-45","1","Current","0.00","0",""
"INV-029338","C0245","Ironbridge Industrial Supply - West","MRO Reseller","West","Owen Price","High","85000.00","COL-05","Grace Lindqvist","Small Business","2/10NET30","30","2.00","2025-12-16","2026-01-15","1504.04","0.00","0.00","0.00","0.00","1504.04","0.00","1","0","-15","1","Current","0.00","0",""
"INV-029339","C0257","Granite Supply Co.","MRO Reseller","West","Owen Price","Medium","40000.00","COL-06","Sam Horowitz","Small Business","NET30","30","0.00","2025-12-16","2026-01-15","526.80","0.00","0.00","0.00","0.00","526.80","0.00","1","0","-15","1","Current","0.00","0",""
"INV-029342","C0275","Cedar Ridge Machine Works - Southwest","OEM Manufacturer","Southwest","Rosa Delgado","High","535000.00","COL-01","Priya Natarajan","Strategic Accounts","NET60","60","0.00","2025-12-16","2026-02-14","12143.38","0.00","0.00","0.00","0.00","12143.38","0.00","1","0","-45","1","Current","0.00","0",""
"INV-029343","C0277","Lakeshore Construction - West","Contractor","West","Maya Brennan","High","25000.00","COL-04","Tomas Okafor","Commercial","2/10NET30","30","2.00","2025-12-16","2026-01-15","6880.07","0.00","0.00","0.00","0.00","6880.07","0.00","1","0","-15","1","Current","0.00","0",""
"INV-029344","C0296","Crestview Manufacturing","OEM Manufacturer","Midwest","Ben Kowalczyk","Medium","590000.00","COL-01","Priya Natarajan","Strategic Accounts","NET45","45","0.00","2025-12-16","2026-01-30","3031.30","0.00","0.00","0.00","0.00","3031.30","0.00","1","0","-30","1","Current","0.00","0",""
"INV-029345","C0306","Apex Builders - Southwest 3","Contractor","Southwest","Rosa Delgado","Low","90000.00","COL-04","Tomas Okafor","Commercial","NET60","60","0.00","2025-12-16","2026-02-14","1572.13","0.00","0.00","0.00","0.00","1572.13","0.00","1","0","-45","1","Current","0.00","0",""
"INV-029346","C0307","Westbrook Contracting - Northeast","Contractor","Northeast","Nadia Farouk","Medium","85000.00","COL-03","Elena Ruiz","Commercial","NET30","30","0.00","2025-12-16","2026-01-15","3277.72","0.00","0.00","0.00","0.00","3277.72","0.00","1","0","-15","1","Current","0.00","1","Duplicate Billing"
"INV-029347","C0349","Granite Manufacturing","OEM Manufacturer","Northeast","Nadia Farouk","High","490000.00","COL-02","Marcus Bell","Strategic Accounts","NET60","60","0.00","2025-12-16","2026-02-14","9459.55","0.00","0.00","0.00","0.00","9459.55","0.00","1","0","-45","1","Current","0.00","0",""
"INV-029348","C0366","Westbrook Industries - West","OEM Manufacturer","West","Owen Price","Medium","320000.00","COL-02","Marcus Bell","Strategic Accounts","NET60","60","0.00","2025-12-16","2026-02-14","10687.37","0.00","0.00","0.00","0.00","10687.37","0.00","1","0","-45","1","Current","0.00","0",""
"INV-029349","C0377","Northfield Machine Works","OEM Manufacturer","West","Owen Price","High","160000.00","COL-02","Marcus Bell","Strategic Accounts","NET60","60","0.00","2025-12-16","2026-02-14","16359.42","0.00","0.00","0.00","0.00","16359.42","0.00","1","0","-45","1","Current","0.00","1","Pricing"
"INV-029350","C0378","Silverline Fabrication - Southwest","OEM Manufacturer","Southwest","Rosa Delgado","Medium","585000.00","COL-01","Priya Natarajan","Strategic Accounts","NET45","45","0.00","2025-12-16","2026-01-30","17384.33","0.00","0.00","0.00","0.00","17384.33","0.00","1","0","-30","1","Current","0.00","0",""
"INV-029351","C0379","Ironbridge Electric - Midwest 3","Contractor","Midwest","Hana Sato","Medium","110000.00","COL-03","Elena Ruiz","Commercial","NET30","30","0.00","2025-12-16","2026-01-15","848.09","0.00","0.00","0.00","0.00","848.09","0.00","1","0","-15","1","Current","0.00","0",""
"INV-029352","C0393","Silverline Components - West 3","OEM Manufacturer","West","Owen Price","Low","415000.00","COL-01","Priya Natarajan","Strategic Accounts","NET45","45","0.00","2025-12-16","2026-01-30","6957.80","0.00","0.00","0.00","0.00","6957.80","0.00","1","0","-30","1","Current","0.00","0",""
"INV-029355","C0014","Riverbend MRO Services","MRO Reseller","Southwest","Rosa Delgado","Medium","105000.00","COL-06","Sam Horowitz","Small Business","NET30","30","0.00","2025-12-17","2026-01-16","1148.01","0.00","0.00","0.00","0.00","1148.01","0.00","1","0","-16","1","Current","0.00","0",""
"INV-029356","C0017","Silverline Fabrication","OEM Manufacturer","Southwest","Kevin Ames","Low","500000.00","COL-01","Priya Natarajan","Strategic Accounts","NET45","45","0.00","2025-12-17","2026-01-31","9765.76","0.00","0.00","0.00","0.00","9765.76","0.00","1","0","-31","1","Current","0.00","1","Short Shipment"
"INV-029357","C0018","Redline Industries","OEM Manufacturer","Northeast","Nadia Farouk","Low","435000.00","COL-02","Marcus Bell","Strategic Accounts","NET45","45","0.00","2025-12-17","2026-01-31","10144.81","0.00","0.00","0.00","0.00","10144.81","0.00","1","0","-31","1","Current","0.00","0",""
"INV-029358","C0020","Cedar Ridge MRO Services","MRO Reseller","Northeast","Adrian Cole","Medium","45000.00","COL-05","Grace Lindqvist","Small Business","NET30","30","0.00","2025-12-17","2026-01-16","2487.85","0.00","0.00","0.00","0.00","2487.85","0.00","1","0","-16","1","Current","0.00","0",""
"INV-029359","C0023","Harbor Builders","Contractor","West","Owen Price","High","120000.00","COL-04","Tomas Okafor","Commercial","NET60","60","0.00","2025-12-17","2026-02-15","878.00","0.00","0.00","0.00","0.00","878.00","0.00","1","0","-46","1","Current","0.00","0",""
"INV-029361","C0041","Oakmont Builders","Contractor","Southwest","Kevin Ames","Low","35000.00","COL-04","Tomas Okafor","Commercial","NET60","60","0.00","2025-12-17","2026-02-15","1190.02","0.00","0.00","0.00","0.00","1190.02","0.00","1","0","-46","1","Current","0.00","0",""
"INV-029362","C0042","Bluewater Industries","OEM Manufacturer","Southwest","Kevin Ames","High","355000.00","COL-01","Priya Natarajan","Strategic Accounts","NET60","60","0.00","2025-12-17","2026-02-15","12224.25","0.00","0.00","0.00","0.00","12224.25","0.00","1","0","-46","1","Current","0.00","0",""
"INV-029363","C0054","Titan Manufacturing","OEM Manufacturer","Midwest","Hana Sato","Medium","510000.00","COL-01","Priya Natarajan","Strategic Accounts","NET60","60","0.00","2025-12-17","2026-02-15","3051.37","0.00","0.00","0.00","0.00","3051.37","0.00","1","0","-46","1","Current","0.00","1","PO Mismatch"
"INV-029364","C0062","Keystone Electric","Contractor","Northeast","Adrian Cole","Medium","95000.00","COL-03","Elena Ruiz","Commercial","NET30","30","0.00","2025-12-17","2026-01-16","2725.85","0.00","0.00","0.00","0.00","2725.85","0.00","1","0","-16","1","Current","0.00","0",""
"INV-029365","C0065","Bluewater Maintenance Supply","MRO Reseller","Northeast","Adrian Cole","Low","80000.00","COL-05","Grace Lindqvist","Small Business","NET30","30","0.00","2025-12-17","2026-01-16","566.35","0.00","0.00","0.00","0.00","566.35","0.00","1","0","-16","1","Current","0.00","0",""
"INV-029366","C0067","Cedar Ridge Parts & Service","MRO Reseller","Southwest","Kevin Ames","Medium","95000.00","COL-06","Sam Horowitz","Small Business","NET30","30","0.00","2025-12-17","2026-01-16","2962.22","0.00","0.00","0.00","0.00","2962.22","0.00","1","0","-16","1","Current","0.00","0",""
"INV-029367","C0079","Cedar Ridge Machine Works","OEM Manufacturer","West","Owen Price","Low","555000.00","COL-01","Priya Natarajan","Strategic Accounts","NET60","60","0.00","2025-12-17","2026-02-15","2401.02","0.00","0.00","0.00","0.00","2401.02","0.00","1","0","-46","1","Current","0.00","0",""
"INV-029368","C0094","Bluewater Industries - Southeast","OEM Manufacturer","Southeast","Dana Whitfield","Low","535000.00","COL-02","Marcus Bell","Strategic Accounts","NET45","45","0.00","2025-12-17","2026-01-31","2231.14","0.00","0.00","0.00","0.00","2231.14","0.00","1","0","-31","1","Current","0.00","0",""
"INV-029369","C0101","Redline University Facilities - Northeast","Institutional","Northeast","Adrian Cole","Low","180000.00","COL-02","Marcus Bell","Strategic Accounts","NET60","60","0.00","2025-12-17","2026-02-15","1289.88","0.00","0.00","0.00","0.00","1289.88","0.00","1","0","-46","1","Current","0.00","0",""
"INV-029370","C0108","Cedar Ridge Construction - Southeast","Contractor","Southeast","Luis Moreno","Medium","135000.00","COL-03","Elena Ruiz","Commercial","NET30","30","0.00","2025-12-17","2026-01-16","7923.10","0.00","0.00","0.00","0.00","7923.10","0.00","1","0","-16","1","Current","0.00","0",""
"INV-029373","C0116","Lakeshore University Facilities","Institutional","West","Owen Price","Low","90000.00","COL-04","Tomas Okafor","Commercial","NET60","60","0.00","2025-12-17","2026-02-15","4421.37","0.00","0.00","0.00","0.00","4421.37","0.00","1","0","-46","1","Current","0.00","0",""
"INV-029374","C0121","Apex Manufacturing","OEM Manufacturer","Midwest","Hana Sato","Low","385000.00","COL-02","Marcus Bell","Strategic Accounts","NET60","60","0.00","2025-12-17","2026-02-15","4372.21","0.00","0.00","0.00","0.00","4372.21","0.00","1","0","-46","1","Current","0.00","0",""
"INV-029375","C0122","Frontier Fabrication - Northeast","OEM Manufacturer","Northeast","Adrian Cole","Low","435000.00","COL-01","Priya Natarajan","Strategic Accounts","NET45","45","0.00","2025-12-17","2026-01-31","10766.65","0.00","0.00","0.00","0.00","10766.65","0.00","1","0","-31","1","Current","0.00","0",""
"INV-029376","C0126","Oakmont Parts & Service","MRO Reseller","West","Owen Price","Medium","65000.00","COL-06","Sam Horowitz","Small Business","NET30","30","0.00","2025-12-17","2026-01-16","2117.57","0.00","0.00","0.00","0.00","2117.57","0.00","1","0","-16","1","Current","0.00","0",""
"INV-029377","C0138","Ironbridge Mechanical - Midwest 4","Contractor","Midwest","Ben Kowalczyk","Low","140000.00","COL-04","Tomas Okafor","Commercial","NET30","30","0.00","2025-12-17","2026-01-16","1008.44","0.00","0.00","0.00","0.00","1008.44","0.00","1","0","-16","1","Current","0.00","0",""
"INV-029378","C0143","Northfield Parts & Service","MRO Reseller","Southwest","Kevin Ames","Medium","105000.00","COL-06","Sam Horowitz","Small Business","NET30","30","0.00","2025-12-17","2026-01-16","714.95","0.00","0.00","0.00","0.00","714.95","0.00","1","0","-16","1","Current","0.00","0",""
"INV-029379","C0147","Apex Manufacturing - Northeast","OEM Manufacturer","Northeast","Nadia Farouk","Low","455000.00","COL-02","Marcus Bell","Strategic Accounts","NET45","45","0.00","2025-12-17","2026-01-31","1625.03","0.00","0.00","0.00","0.00","1625.03","0.00","1","0","-31","1","Current","0.00","0",""
"INV-029380","C0163","Keystone Fabrication","OEM Manufacturer","Midwest","Ben Kowalczyk","Medium","600000.00","COL-01","Priya Natarajan","Strategic Accounts","NET60","60","0.00","2025-12-17","2026-02-15","3267.36","0.00","0.00","0.00","0.00","3267.36","0.00","1","0","-46","1","Current","0.00","0",""
"INV-029381","C0171","Silverline Maintenance Supply - Southwest","MRO Reseller","Southwest","Kevin Ames","Medium","110000.00","COL-06","Sam Horowitz","Small Business","NET30","30","0.00","2025-12-17","2026-01-16","2019.40","0.00","0.00","0.00","0.00","2019.40","0.00","1","0","-16","1","Current","0.00","0",""
"INV-029382","C0176","Harbor Machine Works - Southeast","OEM Manufacturer","Southeast","Luis Moreno","Low","315000.00","COL-01","Priya Natarajan","Strategic Accounts","NET60","60","0.00","2025-12-17","2026-02-15","3248.59","0.00","0.00","0.00","0.00","3248.59","0.00","1","0","-46","1","Current","0.00","0",""
"INV-029383","C0179","Riverbend Supply Co.","MRO Reseller","Midwest","Hana Sato","Medium","75000.00","COL-06","Sam Horowitz","Small Business","2/10NET30","30","2.00","2025-12-17","2026-01-16","3934.70","0.00","0.00","0.00","0.00","3934.70","0.00","1","0","-16","1","Current","0.00","0",""
"INV-029384","C0185","Harbor Supply Co.","MRO Reseller","Southwest","Rosa Delgado","Low","60000.00","COL-06","Sam Horowitz","Small Business","NET30","30","0.00","2025-12-17","2026-01-16","2013.17","0.00","0.00","0.00","0.00","2013.17","0.00","1","0","-16","1","Current","0.00","0",""
"INV-029385","C0188","Westbrook Industrial Supply - Southwest","MRO Reseller","Southwest","Rosa Delgado","High","35000.00","COL-06","Sam Horowitz","Small Business","NET30","30","0.00","2025-12-17","2026-01-16","454.83","0.00","0.00","0.00","0.00","454.83","0.00","1","0","-16","1","Current","0.00","0",""
"INV-029386","C0195","Redline Manufacturing","OEM Manufacturer","Southwest","Kevin Ames","Medium","360000.00","COL-01","Priya Natarajan","Strategic Accounts","NET60","60","0.00","2025-12-17","2026-02-15","2401.62","0.00","0.00","0.00","0.00","2401.62","0.00","1","0","-46","1","Current","0.00","0",""
"INV-029387","C0203","Redline Industrial Supply - Southwest","MRO Reseller","Southwest","Kevin Ames","Low","120000.00","COL-06","Sam Horowitz","Small Business","NET30","30","0.00","2025-12-17","2026-01-16","4003.04","0.00","0.00","0.00","0.00","4003.04","0.00","1","0","-16","1","Current","0.00","0",""
"INV-029388","C0210","Harbor Construction - Southwest","Contractor","Southwest","Rosa Delgado","Low","80000.00","COL-04","Tomas Okafor","Commercial","NET60","60","0.00","2025-12-17","2026-02-15","901.14","0.00","0.00","0.00","0.00","901.14","0.00","1","0","-46","1","Current","0.00","0",""
"INV-029390","C0228","Granite School District","Institutional","Southeast","Luis Moreno","Low","110000.00","COL-04","Tomas Okafor","Commercial","NET60","60","0.00","2025-12-17","2026-02-15","1095.20","0.00","0.00","0.00","0.00","1095.20","0.00","1","0","-46","1","Current","0.00","0",""
"INV-029391","C0232","Titan Builders - Southwest","Contractor","Southwest","Kevin Ames","High","105000.00","COL-04","Tomas Okafor","Commercial","2/10NET30","30","2.00","2025-12-17","2026-01-16","5397.79","0.00","0.00","0.00","0.00","5397.79","0.00","1","0","-16","1","Current","0.00","0",""
"INV-029392","C0242","Silverline Parts & Service","MRO Reseller","Southeast","Luis Moreno","Low","120000.00","COL-06","Sam Horowitz","Small Business","NET30","30","0.00","2025-12-17","2026-01-16","3061.11","0.00","0.00","0.00","0.00","3061.11","0.00","1","0","-16","1","Current","0.00","0",""
"INV-029393","C0265","Westbrook Mechanical - Southwest 3","Contractor","Southwest","Kevin Ames","Medium","85000.00","COL-04","Tomas Okafor","Commercial","NET60","60","0.00","2025-12-17","2026-02-15","1217.18","0.00","0.00","0.00","0.00","1217.18","0.00","1","0","-46","1","Current","0.00","0",""
"INV-029394","C0271","Riverbend Electric - Midwest 3","Contractor","Midwest","Hana Sato","High","140000.00","COL-03","Elena Ruiz","Commercial","2/10NET30","30","2.00","2025-12-17","2026-01-16","899.03","0.00","0.00","0.00","0.00","899.03","0.00","1","0","-16","1","Current","0.00","0",""
"INV-029395","C0280","Apex Mechanical - West","Contractor","West","Maya Brennan","Medium","120000.00","COL-03","Elena Ruiz","Commercial","NET60","60","0.00","2025-12-17","2026-02-15","2283.70","0.00","0.00","0.00","0.00","2283.70","0.00","1","0","-46","1","Current","0.00","0",""
"INV-029396","C0289","Apex Builders - West","Contractor","West","Owen Price","Low","45000.00","COL-04","Tomas Okafor","Commercial","NET60","60","0.00","2025-12-17","2026-02-15","1134.93","0.00","0.00","0.00","0.00","1134.93","0.00","1","0","-46","1","Current","0.00","0",""
"INV-029398","C0296","Crestview Manufacturing","OEM Manufacturer","Midwest","Ben Kowalczyk","Medium","590000.00","COL-01","Priya Natarajan","Strategic Accounts","NET45","45","0.00","2025-12-17","2026-01-31","2452.85","0.00","0.00","0.00","0.00","2452.85","0.00","1","0","-31","1","Current","0.00","0",""
"INV-029399","C0315","Lakeshore Parts & Service - Northeast","MRO Reseller","Northeast","Nadia Farouk","Medium","40000.00","COL-05","Grace Lindqvist","Small Business","2/10NET30","30","2.00","2025-12-17","2026-01-16","1553.86","0.00","0.00","0.00","0.00","1553.86","0.00","1","0","-16","1","Current","0.00","0",""
"INV-029400","C0326","Pioneer Manufacturing","OEM Manufacturer","Northeast","Adrian Cole","Low","315000.00","COL-01","Priya Natarajan","Strategic Accounts","NET45","45","0.00","2025-12-17","2026-01-31","5696.88","0.00","0.00","0.00","0.00","5696.88","0.00","1","0","-31","1","Current","0.00","0",""
"INV-029401","C0328","Westbrook Industries","OEM Manufacturer","Midwest","Ben Kowalczyk","Low","590000.00","COL-01","Priya Natarajan","Strategic Accounts","NET45","45","0.00","2025-12-17","2026-01-31","5784.28","0.00","0.00","0.00","0.00","5784.28","0.00","1","0","-31","1","Current","0.00","0",""
"INV-029403","C0364","Redline Industries - Northeast","OEM Manufacturer","Northeast","Adrian Cole","Low","335000.00","COL-02","Marcus Bell","Strategic Accounts","NET45","45","0.00","2025-12-17","2026-01-31","16797.39","0.00","0.00","0.00","0.00","16797.39","0.00","1","0","-31","1","Current","0.00","0",""
"INV-029404","C0366","Westbrook Industries - West","OEM Manufacturer","West","Owen Price","Medium","320000.00","COL-02","Marcus Bell","Strategic Accounts","NET60","60","0.00","2025-12-17","2026-02-15","4496.15","0.00","0.00","0.00","0.00","4496.15","0.00","1","0","-46","1","Current","0.00","0",""
"INV-029405","C0376","Summit Components - Midwest","OEM Manufacturer","Midwest","Hana Sato","High","565000.00","COL-01","Priya Natarajan","Strategic Accounts","NET45","45","0.00","2025-12-17","2026-01-31","12092.53","0.00","0.00","0.00","0.00","12092.53","0.00","1","0","-31","1","Current","0.00","0",""
"INV-029406","C0378","Silverline Fabrication - Southwest","OEM Manufacturer","Southwest","Rosa Delgado","Medium","585000.00","COL-01","Priya Natarajan","Strategic Accounts","NET45","45","0.00","2025-12-17","2026-01-31","1797.18","0.00","0.00","0.00","0.00","1797.18","0.00","1","0","-31","1","Current","0.00","0",""
"INV-029407","C0387","Apex Industrial Supply - Southeast","MRO Reseller","Southeast","Dana Whitfield","Medium","80000.00","COL-06","Sam Horowitz","Small Business","NET30","30","0.00","2025-12-17","2026-01-16","604.68","0.00","0.00","0.00","0.00","604.68","0.00","1","0","-16","1","Current","0.00","0",""
"INV-029408","C0389","Ironbridge Components - Southeast","OEM Manufacturer","Southeast","Dana Whitfield","Medium","590000.00","COL-02","Marcus Bell","Strategic Accounts","NET60","60","0.00","2025-12-17","2026-02-15","3935.82","0.00","0.00","0.00","0.00","3935.82","0.00","1","0","-46","1","Current","0.00","0",""
"INV-029409","C0392","Apex Industrial Supply - Southwest 3","MRO Reseller","Southwest","Rosa Delgado","High","95000.00","COL-05","Grace Lindqvist","Small Business","NET30","30","0.00","2025-12-17","2026-01-16","4673.38","0.00","0.00","0.00","0.00","4673.38","0.00","1","0","-16","1","Current","0.00","0",""
"INV-029410","C0399","Riverbend Electric - West 5","Contractor","West","Maya Brennan","Medium","110000.00","COL-03","Elena Ruiz","Commercial","NET60","60","0.00","2025-12-17","2026-02-15","839.96","0.00","0.00","0.00","0.00","839.96","0.00","1","0","-46","1","Current","0.00","0",""
"INV-029411","C0009","Ironbridge Fabrication","OEM Manufacturer","Northeast","Nadia Farouk","Medium","590000.00","COL-02","Marcus Bell","Strategic Accounts","NET45","45","0.00","2025-12-18","2026-02-01","8908.75","0.00","0.00","0.00","0.00","8908.75","0.00","1","0","-32","1","Current","0.00","0",""
"INV-029412","C0012","Lakeshore Mechanical","Contractor","Southeast","Luis Moreno","Low","125000.00","COL-03","Elena Ruiz","Commercial","NET30","30","0.00","2025-12-18","2026-01-17","5906.55","0.00","0.00","0.00","0.00","5906.55","0.00","1","0","-17","1","Current","0.00","0",""
"INV-029413","C0015","Granite Contracting","Contractor","Northeast","Nadia Farouk","Low","145000.00","COL-04","Tomas Okafor","Commercial","NET30","30","0.00","2025-12-18","2026-01-17","4948.29","0.00","0.00","0.00","0.00","4948.29","0.00","1","0","-17","1","Current","0.00","0",""
"INV-029414","C0018","Redline Industries","OEM Manufacturer","Northeast","Nadia Farouk","Low","435000.00","COL-02","Marcus Bell","Strategic Accounts","NET45","45","0.00","2025-12-18","2026-02-01","2098.28","0.00","0.00","0.00","0.00","2098.28","0.00","1","0","-32","1","Current","0.00","0",""
"INV-029415","C0026","Northfield Components","OEM Manufacturer","Northeast","Nadia Farouk","Low","550000.00","COL-01","Priya Natarajan","Strategic Accounts","NET45","45","0.00","2025-12-18","2026-02-01","4073.48","0.00","0.00","0.00","0.00","4073.48","0.00","1","0","-32","1","Current","0.00","0",""
"INV-029416","C0030","Ironbridge Mechanical - Southwest","Contractor","Southwest","Rosa Delgado","Medium","135000.00","COL-04","Tomas Okafor","Commercial","2/10NET30","30","2.00","2025-12-18","2026-01-17","7269.78","0.00","0.00","0.00","0.00","7269.78","0.00","1","0","-17","1","Current","0.00","0",""
"INV-029417","C0032","Cedar Ridge Components","OEM Manufacturer","West","Owen Price","Low","340000.00","COL-02","Marcus Bell","Strategic Accounts","NET45","45","0.00","2025-12-18","2026-02-01","5613.50","0.00","0.00","0.00","0.00","5613.50","0.00","1","0","-32","1","Current","0.00","0",""
"INV-029419","C0052","Westbrook Parts & Service","MRO Reseller","Southeast","Luis Moreno","Medium","90000.00","COL-05","Grace Lindqvist","Small Business","NET30","30","0.00","2025-12-18","2026-01-17","4471.98","0.00","0.00","0.00","0.00","4471.98","0.00","1","0","-17","1","Current","0.00","0",""
"INV-029420","C0054","Titan Manufacturing","OEM Manufacturer","Midwest","Hana Sato","Medium","510000.00","COL-01","Priya Natarajan","Strategic Accounts","NET60","60","0.00","2025-12-18","2026-02-16","1983.74","0.00","0.00","0.00","0.00","1983.74","0.00","1","0","-47","1","Current","0.00","0",""
"INV-029421","C0068","Harbor Industries","OEM Manufacturer","Southwest","Rosa Delgado","High","600000.00","COL-01","Priya Natarajan","Strategic Accounts","NET60","60","0.00","2025-12-18","2026-02-16","10765.73","0.00","0.00","0.00","0.00","10765.73","0.00","1","0","-47","1","Current","0.00","0",""
"INV-029422","C0069","Ironbridge Electric","Contractor","Southwest","Rosa Delgado","High","80000.00","COL-03","Elena Ruiz","Commercial","2/10NET30","30","2.00","2025-12-18","2026-01-17","7329.21","0.00","0.00","0.00","0.00","7329.21","0.00","1","0","-17","1","Current","0.00","0",""
"INV-029423","C0074","Frontier Fabrication","OEM Manufacturer","Southeast","Dana Whitfield","Medium","600000.00","COL-01","Priya Natarajan","Strategic Accounts","NET45","45","0.00","2025-12-18","2026-02-01","14198.20","0.00","0.00","0.00","0.00","14198.20","0.00","1","0","-32","1","Current","0.00","0",""
"INV-029425","C0079","Cedar Ridge Machine Works","OEM Manufacturer","West","Owen Price","Low","555000.00","COL-01","Priya Natarajan","Strategic Accounts","NET60","60","0.00","2025-12-18","2026-02-16","5556.03","0.00","0.00","0.00","0.00","5556.03","0.00","1","0","-47","1","Current","0.00","0",""
"INV-029426","C0080","Frontier Maintenance Supply","MRO Reseller","Northeast","Adrian Cole","Medium","50000.00","COL-05","Grace Lindqvist","Small Business","NET30","30","0.00","2025-12-18","2026-01-17","4096.06","0.00","0.00","0.00","0.00","4096.06","0.00","1","0","-17","1","Current","0.00","0",""
"INV-029428","C0096","Redline Parts & Service","MRO Reseller","Southwest","Rosa Delgado","Low","85000.00","COL-05","Grace Lindqvist","Small Business","2/10NET30","30","2.00","2025-12-18","2026-01-17","3966.66","0.00","0.00","0.00","0.00","3966.66","0.00","1","0","-17","1","Current","0.00","0",""
"INV-029430","C0104","Granite Industrial Supply","MRO Reseller","Midwest","Ben Kowalczyk","Low","105000.00","COL-06","Sam Horowitz","Small Business","NET30","30","0.00","2025-12-18","2026-01-17","450.86","0.00","0.00","0.00","0.00","450.86","0.00","1","0","-17","1","Current","0.00","0",""
"INV-029432","C0115","Ironbridge Contracting","Contractor","Northeast","Adrian Cole","Low","65000.00","COL-03","Elena Ruiz","Commercial","NET30","30","0.00","2025-12-18","2026-01-17","2668.34","0.00","0.00","0.00","0.00","2668.34","0.00","1","0","-17","1","Current","0.00","0",""
"INV-029433","C0121","Apex Manufacturing","OEM Manufacturer","Midwest","Hana Sato","Low","385000.00","COL-02","Marcus Bell","Strategic Accounts","NET60","60","0.00","2025-12-18","2026-02-16","12173.81","0.00","0.00","0.00","0.00","12173.81","0.00","1","0","-47","1","Current","0.00","0",""
"INV-029434","C0125","Summit MRO Services","MRO Reseller","West","Maya Brennan","High","45000.00","COL-05","Grace Lindqvist","Small Business","NET30","30","0.00","2025-12-18","2026-01-17","1836.83","0.00","0.00","0.00","0.00","1836.83","0.00","1","0","-17","1","Current","0.00","0",""
"INV-029435","C0132","Keystone Contracting","Contractor","West","Maya Brennan","High","105000.00","COL-04","Tomas Okafor","Commercial","NET60","60","0.00","2025-12-18","2026-02-16","4897.88","0.00","0.00","0.00","0.00","4897.88","0.00","1","0","-47","1","Current","0.00","0",""
"INV-029436","C0136","Crestview Industrial Supply - West","MRO Reseller","West","Maya Brennan","High","65000.00","COL-05","Grace Lindqvist","Small Business","NET30","30","0.00","2025-12-18","2026-01-17","2093.80","0.00","0.00","0.00","0.00","2093.80","0.00","1","0","-17","1","Current","0.00","0",""
"INV-029437","C0140","Apex Parts & Service","MRO Reseller","Southeast","Luis Moreno","Medium","90000.00","COL-05","Grace Lindqvist","Small Business","NET30","30","0.00","2025-12-18","2026-01-17","4697.19","0.00","0.00","0.00","0.00","4697.19","0.00","1","0","-17","1","Current","0.00","0",""
"INV-029438","C0143","Northfield Parts & Service","MRO Reseller","Southwest","Kevin Ames","Medium","105000.00","COL-06","Sam Horowitz","Small Business","NET30","30","0.00","2025-12-18","2026-01-17","2658.33","0.00","0.00","0.00","0.00","2658.33","0.00","1","0","-17","1","Current","0.00","0",""
"INV-029439","C0147","Apex Manufacturing - Northeast","OEM Manufacturer","Northeast","Nadia Farouk","Low","455000.00","COL-02","Marcus Bell","Strategic Accounts","NET45","45","0.00","2025-12-18","2026-02-01","17639.48","0.00","0.00","0.00","0.00","17639.48","0.00","1","0","-32","1","Current","0.00","0",""
"INV-029440","C0150","Northfield Industries","OEM Manufacturer","Midwest","Hana Sato","Low","425000.00","COL-01","Priya Natarajan","Strategic Accounts","NET45","45","0.00","2025-12-18","2026-02-01","17180.80","0.00","0.00","0.00","0.00","17180.80","0.00","1","0","-32","1","Current","0.00","0",""
"INV-029441","C0154","Frontier University Facilities - Southeast","Institutional","Southeast","Luis Moreno","Medium","160000.00","COL-01","Priya Natarajan","Strategic Accounts","NET60","60","0.00","2025-12-18","2026-02-16","1113.31","0.00","0.00","0.00","0.00","1113.31","0.00","1","0","-47","1","Current","0.00","0",""
"INV-029442","C0156","Frontier County Facilities","Institutional","West","Owen Price","Low","135000.00","COL-03","Elena Ruiz","Commercial","NET90","90","0.00","2025-12-18","2026-03-18","9140.73","0.00","0.00","0.00","0.00","9140.73","0.00","1","0","-77","1","Current","0.00","0",""
"INV-029443","C0208","Keystone University Facilities","Institutional","Southwest","Rosa Delgado","Low","95000.00","COL-04","Tomas Okafor","Commercial","NET90","90","0.00","2025-12-18","2026-03-18","1431.67","0.00","0.00","0.00","0.00","1431.67","0.00","1","0","-77","1","Current","0.00","0",""
"INV-029444","C0210","Harbor Construction - Southwest","Contractor","Southwest","Rosa Delgado","Low","80000.00","COL-04","Tomas Okafor","Commercial","NET60","60","0.00","2025-12-18","2026-02-16","6313.34","0.00","0.00","0.00","0.00","6313.34","0.00","1","0","-47","1","Current","0.00","0",""
"INV-029446","C0214","Bluewater Industries - Midwest 3","OEM Manufacturer","Midwest","Hana Sato","Low","275000.00","COL-02","Marcus Bell","Strategic Accounts","NET60","60","0.00","2025-12-18","2026-02-16","2738.57","0.00","0.00","0.00","0.00","2738.57","0.00","1","0","-47","1","Current","0.00","0",""
"INV-029448","C0225","Titan Parts & Service","MRO Reseller","Midwest","Ben Kowalczyk","High","50000.00","COL-06","Sam Horowitz","Small Business","2/10NET30","30","2.00","2025-12-18","2026-01-17","452.40","0.00","0.00","0.00","0.00","452.40","0.00","1","0","-17","1","Current","0.00","0",""
"INV-029449","C0246","Lakeshore Industrial Supply","MRO Reseller","Southeast","Luis Moreno","Low","90000.00","COL-06","Sam Horowitz","Small Business","NET30","30","0.00","2025-12-18","2026-01-17","4614.87","0.00","0.00","0.00","0.00","4614.87","0.00","1","0","-17","1","Current","0.00","0",""
"INV-029450","C0252","Ironbridge School District","Institutional","Midwest","Hana Sato","Low","70000.00","COL-04","Tomas Okafor","Commercial","NET90","90","0.00","2025-12-18","2026-03-18","6540.67","0.00","0.00","0.00","0.00","6540.67","0.00","1","0","-77","1","Current","0.00","0",""
"INV-029451","C0256","Oakmont School District","Institutional","Northeast","Adrian Cole","Medium","100000.00","COL-03","Elena Ruiz","Commercial","NET60","60","0.00","2025-12-18","2026-02-16","2688.17","0.00","0.00","0.00","0.00","2688.17","0.00","1","0","-47","1","Current","0.00","0",""
"INV-029452","C0269","Ironbridge Parts & Service","MRO Reseller","West","Maya Brennan","Medium","35000.00","COL-05","Grace Lindqvist","Small Business","NET30","30","0.00","2025-12-18","2026-01-17","467.34","0.00","0.00","0.00","0.00","467.34","0.00","1","0","-17","1","Current","0.00","0",""
"INV-029453","C0282","Ironbridge Electric - Southeast","Contractor","Southeast","Luis Moreno","Low","140000.00","COL-03","Elena Ruiz","Commercial","NET30","30","0.00","2025-12-18","2026-01-17","1011.87","0.00","0.00","0.00","0.00","1011.87","0.00","1","0","-17","1","Current","0.00","0",""
"INV-029454","C0283","Apex Industries","OEM Manufacturer","Midwest","Hana Sato","Low","390000.00","COL-01","Priya Natarajan","Strategic Accounts","NET60","60","0.00","2025-12-18","2026-02-16","6282.04","0.00","0.00","0.00","0.00","6282.04","0.00","1","0","-47","1","Current","0.00","0",""
"INV-029455","C0284","Apex Manufacturing - Southwest 3","OEM Manufacturer","Southwest","Rosa Delgado","Low","275000.00","COL-02","Marcus Bell","Strategic Accounts","NET60","60","0.00","2025-12-18","2026-02-16","12525.68","0.00","0.00","0.00","0.00","12525.68","0.00","1","0","-47","1","Current","0.00","0",""
"INV-029456","C0286","Crestview County Facilities - Southeast","Institutional","Southeast","Luis Moreno","Low","70000.00","COL-03","Elena Ruiz","Commercial","NET90","90","0.00","2025-12-18","2026-03-18","1541.21","0.00","0.00","0.00","0.00","1541.21","0.00","1","0","-77","1","Current","0.00","0",""
"INV-029457","C0299","Silverline Industries","OEM Manufacturer","Southwest","Rosa Delgado","Low","405000.00","COL-02","Marcus Bell","Strategic Accounts","NET60","60","0.00","2025-12-18","2026-02-16","1697.26","0.00","0.00","0.00","0.00","1697.26","0.00","1","0","-47","1","Current","0.00","0",""
"INV-029458","C0310","Harbor Water Authority","Institutional","Midwest","Hana Sato","Low","170000.00","COL-01","Priya Natarajan","Strategic Accounts","NET90","90","0.00","2025-12-18","2026-03-18","10141.98","0.00","0.00","0.00","0.00","10141.98","0.00","1","0","-77","1","Current","0.00","0",""
"INV-029459","C0317","Apex Industrial Supply","MRO Reseller","West","Owen Price","Low","100000.00","COL-06","Sam Horowitz","Small Business","NET30","30","0.00","2025-12-18","2026-01-17","842.82","0.00","0.00","0.00","0.00","842.82","0.00","1","0","-17","1","Current","0.00","0",""
"INV-029460","C0318","Riverbend Contracting - Midwest 3","Contractor","Midwest","Ben Kowalczyk","Medium","120000.00","COL-03","Elena Ruiz","Commercial","NET30","30","0.00","2025-12-18","2026-01-17","6613.51","0.00","0.00","0.00","0.00","6613.51","0.00","1","0","-17","1","Current","0.00","0",""
"INV-029462","C0327","Ironbridge Water Authority","Institutional","Midwest","Ben Kowalczyk","Low","195000.00","COL-01","Priya Natarajan","Strategic Accounts","NET90","90","0.00","2025-12-18","2026-03-18","2161.68","0.00","0.00","0.00","0.00","2161.68","0.00","1","0","-77","1","Current","0.00","0",""
"INV-029463","C0328","Westbrook Industries","OEM Manufacturer","Midwest","Ben Kowalczyk","Low","590000.00","COL-01","Priya Natarajan","Strategic Accounts","NET45","45","0.00","2025-12-18","2026-02-01","2963.18","0.00","0.00","0.00","0.00","2963.18","0.00","1","0","-32","1","Current","0.00","0",""
"INV-029464","C0334","Titan Fabrication - Southeast","OEM Manufacturer","Southeast","Dana Whitfield","Low","330000.00","COL-01","Priya Natarajan","Strategic Accounts","NET60","60","0.00","2025-12-18","2026-02-16","3064.13","0.00","0.00","0.00","0.00","3064.13","0.00","1","0","-47","1","Current","0.00","0",""
"INV-029465","C0339","Summit Components","OEM Manufacturer","Southwest","Rosa Delgado","Low","445000.00","COL-02","Marcus Bell","Strategic Accounts","NET45","45","0.00","2025-12-18","2026-02-01","7395.64","0.00","0.00","0.00","0.00","7395.64","0.00","1","0","-32","1","Current","0.00","0",""
"INV-029466","C0340","Bluewater Contracting","Contractor","West","Owen Price","Low","125000.00","COL-04","Tomas Okafor","Commercial","NET60","60","0.00","2025-12-18","2026-02-16","3808.06","0.00","0.00","0.00","0.00","3808.06","0.00","1","0","-47","1","Current","0.00","0",""
"INV-029467","C0343","Bluewater Builders - Midwest 3","Contractor","Midwest","Hana Sato","Low","40000.00","COL-03","Elena Ruiz","Commercial","NET30","30","0.00","2025-12-18","2026-01-17","6038.70","0.00","0.00","0.00","0.00","6038.70","0.00","1","0","-17","1","Current","0.00","0",""
"INV-029468","C0344","Granite Supply Co. - West","MRO Reseller","West","Maya Brennan","Low","115000.00","COL-06","Sam Horowitz","Small Business","NET30","30","0.00","2025-12-18","2026-01-17","3935.71","0.00","0.00","0.00","0.00","3935.71","0.00","1","0","-17","1","Current","0.00","0",""
"INV-029470","C0347","Stonegate Construction","Contractor","West","Maya Brennan","Medium","85000.00","COL-03","Elena Ruiz","Commercial","2/10NET30","30","2.00","2025-12-18","2026-01-17","1744.64","0.00","0.00","0.00","0.00","1744.64","0.00","1","0","-17","1","Current","0.00","0",""
"INV-029471","C0351","Ironbridge Components","OEM Manufacturer","Midwest","Hana Sato","High","450000.00","COL-01","Priya Natarajan","Strategic Accounts","NET45","45","0.00","2025-12-18","2026-02-01","2683.24","0.00","0.00","0.00","0.00","2683.24","0.00","1","0","-32","1","Current","0.00","0",""
"INV-029472","C0367","Bluewater Parts & Service - Southeast 5","MRO Reseller","Southeast","Dana Whitfield","Medium","105000.00","COL-06","Sam Horowitz","Small Business","2/10NET30","30","2.00","2025-12-18","2026-01-17","3347.82","0.00","0.00","0.00","0.00","3347.82","0.00","1","0","-17","1","Current","0.00","0",""
"INV-029473","C0386","Bluewater Electric","Contractor","West","Maya Brennan","High","100000.00","COL-03","Elena Ruiz","Commercial","NET60","60","0.00","2025-12-18","2026-02-16","4850.67","0.00","0.00","0.00","0.00","4850.67","0.00","1","0","-47","1","Current","0.00","0",""
"INV-029474","C0391","Keystone MRO Services - Northeast","MRO Reseller","Northeast","Adrian Cole","Low","30000.00","COL-05","Grace Lindqvist","Small Business","NET30","30","0.00","2025-12-18","2026-01-17","1190.13","0.00","0.00","0.00","0.00","1190.13","0.00","1","0","-17","1","Current","0.00","0",""
"INV-029475","C0393","Silverline Components - West 3","OEM Manufacturer","West","Owen Price","Low","415000.00","COL-01","Priya Natarajan","Strategic Accounts","NET45","45","0.00","2025-12-18","2026-02-01","3515.10","0.00","0.00","0.00","0.00","3515.10","0.00","1","0","-32","1","Current","0.00","0",""
"INV-029476","C0396","Ironbridge Manufacturing","OEM Manufacturer","Southeast","Dana Whitfield","Medium","270000.00","COL-01","Priya Natarajan","Strategic Accounts","NET45","45","0.00","2025-12-18","2026-02-01","7851.61","0.00","0.00","0.00","0.00","7851.61","0.00","1","0","-32","1","Current","0.00","0",""
"INV-029477","C0400","Titan Supply Co. - Southeast 3","MRO Reseller","Southeast","Dana Whitfield","Low","40000.00","COL-06","Sam Horowitz","Small Business","NET30","30","0.00","2025-12-18","2026-01-17","3585.97","0.00","0.00","0.00","0.00","3585.97","0.00","1","0","-17","1","Current","0.00","0",""
"INV-029478","C0003","Westbrook Electric","Contractor","Northeast","Nadia Farouk","Low","110000.00","COL-03","Elena Ruiz","Commercial","NET30","30","0.00","2025-12-19","2026-01-18","5374.18","0.00","0.00","0.00","0.00","5374.18","0.00","1","0","-18","1","Current","0.00","0",""
"INV-029479","C0007","Cedar Ridge Industrial Supply","MRO Reseller","West","Owen Price","High","105000.00","COL-06","Sam Horowitz","Small Business","NET30","30","0.00","2025-12-19","2026-01-18","2570.92","0.00","0.00","0.00","0.00","2570.92","0.00","1","0","-18","1","Current","0.00","0",""
"INV-029480","C0009","Ironbridge Fabrication","OEM Manufacturer","Northeast","Nadia Farouk","Medium","590000.00","COL-02","Marcus Bell","Strategic Accounts","NET45","45","0.00","2025-12-19","2026-02-02","5979.84","0.00","0.00","0.00","0.00","5979.84","0.00","1","0","-33","1","Current","0.00","0",""
"INV-029483","C0014","Riverbend MRO Services","MRO Reseller","Southwest","Rosa Delgado","Medium","105000.00","COL-06","Sam Horowitz","Small Business","NET30","30","0.00","2025-12-19","2026-01-18","1222.60","0.00","0.00","0.00","0.00","1222.60","0.00","1","0","-18","1","Current","0.00","0",""
"INV-029484","C0017","Silverline Fabrication","OEM Manufacturer","Southwest","Kevin Ames","Low","500000.00","COL-01","Priya Natarajan","Strategic Accounts","NET45","45","0.00","2025-12-19","2026-02-02","1625.17","0.00","0.00","0.00","0.00","1625.17","0.00","1","0","-33","1","Current","0.00","0",""
"INV-029485","C0018","Redline Industries","OEM Manufacturer","Northeast","Nadia Farouk","Low","435000.00","COL-02","Marcus Bell","Strategic Accounts","NET45","45","0.00","2025-12-19","2026-02-02","4219.91","0.00","0.00","0.00","0.00","4219.91","0.00","1","0","-33","1","Current","0.00","0",""
"INV-029486","C0019","Northfield Supply Co.","MRO Reseller","Midwest","Hana Sato","Medium","85000.00","COL-06","Sam Horowitz","Small Business","2/10NET30","30","2.00","2025-12-19","2026-01-18","2350.38","0.00","0.00","0.00","0.00","2350.38","0.00","1","0","-18","1","Current","0.00","0",""
"INV-029487","C0026","Northfield Components","OEM Manufacturer","Northeast","Nadia Farouk","Low","550000.00","COL-01","Priya Natarajan","Strategic Accounts","NET45","45","0.00","2025-12-19","2026-02-02","3060.87","0.00","0.00","0.00","0.00","3060.87","0.00","1","0","-33","1","Current","0.00","0",""
"INV-029488","C0048","Stonegate Industries","OEM Manufacturer","Northeast","Nadia Farouk","Medium","415000.00","COL-01","Priya Natarajan","Strategic Accounts","NET45","45","0.00","2025-12-19","2026-02-02","11095.13","0.00","0.00","0.00","0.00","11095.13","0.00","1","0","-33","1","Current","0.00","0",""
"INV-029489","C0054","Titan Manufacturing","OEM Manufacturer","Midwest","Hana Sato","Medium","510000.00","COL-01","Priya Natarajan","Strategic Accounts","NET60","60","0.00","2025-12-19","2026-02-17","1892.56","0.00","0.00","0.00","0.00","1892.56","0.00","1","0","-48","1","Current","0.00","0",""
"INV-029490","C0056","Northfield Components - Southwest","OEM Manufacturer","Southwest","Kevin Ames","Medium","240000.00","COL-01","Priya Natarajan","Strategic Accounts","NET60","60","0.00","2025-12-19","2026-02-17","9912.03","0.00","0.00","0.00","0.00","9912.03","0.00","1","0","-48","1","Current","0.00","0",""
"INV-029491","C0066","Summit Industries","OEM Manufacturer","Midwest","Ben Kowalczyk","Medium","385000.00","COL-02","Marcus Bell","Strategic Accounts","NET60","60","0.00","2025-12-19","2026-02-17","13425.98","0.00","0.00","0.00","0.00","13425.98","0.00","1","0","-48","1","Current","0.00","0",""
"INV-029492","C0067","Cedar Ridge Parts & Service","MRO Reseller","Southwest","Kevin Ames","Medium","95000.00","COL-06","Sam Horowitz","Small Business","NET30","30","0.00","2025-12-19","2026-01-18","515.42","0.00","0.00","0.00","0.00","515.42","0.00","1","0","-18","1","Current","0.00","0",""
"INV-029493","C0083","Bluewater Builders","Contractor","Southwest","Kevin Ames","Low","40000.00","COL-04","Tomas Okafor","Commercial","NET60","60","0.00","2025-12-19","2026-02-17","868.98","0.00","0.00","0.00","0.00","868.98","0.00","1","0","-48","1","Current","0.00","0",""
"INV-029494","C0087","Riverbend Maintenance Supply","MRO Reseller","Southeast","Dana Whitfield","Medium","95000.00","COL-05","Grace Lindqvist","Small Business","NET30","30","0.00","2025-12-19","2026-01-18","1568.28","0.00","0.00","0.00","0.00","1568.28","0.00","1","0","-18","1","Current","0.00","0",""
"INV-029495","C0094","Bluewater Industries - Southeast","OEM Manufacturer","Southeast","Dana Whitfield","Low","535000.00","COL-02","Marcus Bell","Strategic Accounts","NET45","45","0.00","2025-12-19","2026-02-02","8637.96","0.00","0.00","0.00","0.00","8637.96","0.00","1","0","-33","1","Current","0.00","0",""
"INV-029496","C0096","Redline Parts & Service","MRO Reseller","Southwest","Rosa Delgado","Low","85000.00","COL-05","Grace Lindqvist","Small Business","2/10NET30","30","2.00","2025-12-19","2026-01-18","1131.35","0.00","0.00","0.00","0.00","1131.35","0.00","1","0","-18","1","Current","0.00","0",""
"INV-029497","C0102","Crestview County Facilities","Institutional","Southwest","Rosa Delgado","Low","65000.00","COL-04","Tomas Okafor","Commercial","NET90","90","0.00","2025-12-19","2026-03-19","4570.38","0.00","0.00","0.00","0.00","4570.38","0.00","1","0","-78","1","Current","0.00","0",""
"INV-029498","C0104","Granite Industrial Supply","MRO Reseller","Midwest","Ben Kowalczyk","Low","105000.00","COL-06","Sam Horowitz","Small Business","NET30","30","0.00","2025-12-19","2026-01-18","2403.84","0.00","0.00","0.00","0.00","2403.84","0.00","1","0","-18","1","Current","0.00","0",""
"INV-029499","C0108","Cedar Ridge Construction - Southeast","Contractor","Southeast","Luis Moreno","Medium","135000.00","COL-03","Elena Ruiz","Commercial","NET30","30","0.00","2025-12-19","2026-01-18","3483.12","0.00","0.00","0.00","0.00","3483.12","0.00","1","0","-18","1","Current","0.00","0",""
"INV-029500","C0112","Ironbridge Fabrication - Midwest","OEM Manufacturer","Midwest","Hana Sato","Low","385000.00","COL-02","Marcus Bell","Strategic Accounts","NET60","60","0.00","2025-12-19","2026-02-17","16642.67","0.00","0.00","0.00","0.00","16642.67","0.00","1","0","-48","1","Current","0.00","0",""
"INV-029501","C0132","Keystone Contracting","Contractor","West","Maya Brennan","High","105000.00","COL-04","Tomas Okafor","Commercial","NET60","60","0.00","2025-12-19","2026-02-17","2002.31","0.00","0.00","0.00","0.00","2002.31","0.00","1","0","-48","1","Current","0.00","0",""
"INV-029502","C0133","Oakmont Construction","Contractor","Midwest","Hana Sato","Medium","115000.00","COL-03","Elena Ruiz","Commercial","NET30","30","0.00","2025-12-19","2026-01-18","2113.21","0.00","0.00","0.00","0.00","2113.21","0.00","1","0","-18","1","Current","0.00","0",""
"INV-029503","C0134","Frontier MRO Services","MRO Reseller","Northeast","Adrian Cole","Medium","90000.00","COL-05","Grace Lindqvist","Small Business","2/10NET30","30","2.00","2025-12-19","2026-01-18","4495.17","0.00","0.00","0.00","0.00","4495.17","0.00","1","0","-18","1","Current","0.00","0",""
"INV-029504","C0135","Oakmont Medical Center - Midwest","Institutional","Midwest","Hana Sato","Low","155000.00","COL-02","Marcus Bell","Strategic Accounts","NET90","90","0.00","2025-12-19","2026-03-19","1334.28","0.00","0.00","0.00","0.00","1334.28","0.00","1","0","-78","1","Current","0.00","0",""
"INV-029505","C0138","Ironbridge Mechanical - Midwest 4","Contractor","Midwest","Ben Kowalczyk","Low","140000.00","COL-04","Tomas Okafor","Commercial","NET30","30","0.00","2025-12-19","2026-01-18","1036.01","0.00","0.00","0.00","0.00","1036.01","0.00","1","0","-18","1","Current","0.00","0",""
"INV-029506","C0143","Northfield Parts & Service","MRO Reseller","Southwest","Kevin Ames","Medium","105000.00","COL-06","Sam Horowitz","Small Business","NET30","30","0.00","2025-12-19","2026-01-18","1604.49","0.00","0.00","0.00","0.00","1604.49","0.00","1","0","-18","1","Current","0.00","0",""
"INV-029507","C0147","Apex Manufacturing - Northeast","OEM Manufacturer","Northeast","Nadia Farouk","Low","455000.00","COL-02","Marcus Bell","Strategic Accounts","NET45","45","0.00","2025-12-19","2026-02-02","5908.62","0.00","0.00","0.00","0.00","5908.62","0.00","1","0","-33","1","Current","0.00","0",""
"INV-029508","C0162","Stonegate Builders","Contractor","Southwest","Kevin Ames","Medium","55000.00","COL-03","Elena Ruiz","Commercial","NET60","60","0.00","2025-12-19","2026-02-17","8117.81","0.00","0.00","0.00","0.00","8117.81","0.00","1","0","-48","1","Current","0.00","0",""
"INV-029509","C0183","Oakmont Maintenance Supply","MRO Reseller","West","Maya Brennan","High","100000.00","COL-05","Grace Lindqvist","Small Business","NET30","30","0.00","2025-12-19","2026-01-18","551.90","0.00","0.00","0.00","0.00","551.90","0.00","1","0","-18","1","Current","0.00","0",""
"INV-029510","C0190","Harbor Fabrication","OEM Manufacturer","West","Owen Price","Medium","580000.00","COL-01","Priya Natarajan","Strategic Accounts","NET45","45","0.00","2025-12-19","2026-02-02","1633.28","0.00","0.00","0.00","0.00","1633.28","0.00","1","0","-33","1","Current","0.00","0",""
"INV-029511","C0191","Bluewater Builders - Midwest","Contractor","Midwest","Hana Sato","High","45000.00","COL-04","Tomas Okafor","Commercial","NET30","30","0.00","2025-12-19","2026-01-18","2561.34","0.00","0.00","0.00","0.00","2561.34","0.00","1","0","-18","1","Current","0.00","0",""
"INV-029512","C0202","Harbor MRO Services","MRO Reseller","Southeast","Dana Whitfield","Low","110000.00","COL-06","Sam Horowitz","Small Business","NET30","30","0.00","2025-12-19","2026-01-18","1400.08","0.00","0.00","0.00","0.00","1400.08","0.00","1","0","-18","1","Current","0.00","0",""
"INV-029513","C0223","Stonegate MRO Services","MRO Reseller","Southeast","Dana Whitfield","Low","55000.00","COL-06","Sam Horowitz","Small Business","NET30","30","0.00","2025-12-19","2026-01-18","4280.86","0.00","0.00","0.00","0.00","4280.86","0.00","1","0","-18","1","Current","0.00","0",""
"INV-029514","C0232","Titan Builders - Southwest","Contractor","Southwest","Kevin Ames","High","105000.00","COL-04","Tomas Okafor","Commercial","2/10NET30","30","2.00","2025-12-19","2026-01-18","1621.80","0.00","0.00","0.00","0.00","1621.80","0.00","1","0","-18","1","Current","0.00","0",""
"INV-029516","C0245","Ironbridge Industrial Supply - West","MRO Reseller","West","Owen Price","High","85000.00","COL-05","Grace Lindqvist","Small Business","2/10NET30","30","2.00","2025-12-19","2026-01-18","1188.91","0.00","0.00","0.00","0.00","1188.91","0.00","1","0","-18","1","Current","0.00","0",""
"INV-029517","C0246","Lakeshore Industrial Supply","MRO Reseller","Southeast","Luis Moreno","Low","90000.00","COL-06","Sam Horowitz","Small Business","NET30","30","0.00","2025-12-19","2026-01-18","3239.08","0.00","0.00","0.00","0.00","3239.08","0.00","1","0","-18","1","Current","0.00","0",""
"INV-029518","C0251","Silverline Mechanical - Southwest","Contractor","Southwest","Kevin Ames","Low","140000.00","COL-04","Tomas Okafor","Commercial","NET60","60","0.00","2025-12-19","2026-02-17","958.10","0.00","0.00","0.00","0.00","958.10","0.00","1","0","-48","1","Current","0.00","0",""
"INV-029521","C0275","Cedar Ridge Machine Works - Southwest","OEM Manufacturer","Southwest","Rosa Delgado","High","535000.00","COL-01","Priya Natarajan","Strategic Accounts","NET60","60","0.00","2025-12-19","2026-02-17","14890.50","0.00","0.00","0.00","0.00","14890.50","0.00","1","0","-48","1","Current","0.00","0",""
"INV-029522","C0292","Cedar Ridge Maintenance Supply","MRO Reseller","Southeast","Luis Moreno","Medium","85000.00","COL-05","Grace Lindqvist","Small Business","NET30","30","0.00","2025-12-19","2026-01-18","590.73","0.00","0.00","0.00","0.00","590.73","0.00","1","0","-18","1","Current","0.00","0",""
"INV-029524","C0305","Titan Fabrication","OEM Manufacturer","Northeast","Nadia Farouk","Low","340000.00","COL-02","Marcus Bell","Strategic Accounts","NET45","45","0.00","2025-12-19","2026-02-02","6893.78","0.00","0.00","0.00","0.00","6893.78","0.00","1","0","-33","1","Current","0.00","0",""
"INV-029525","C0328","Westbrook Industries","OEM Manufacturer","Midwest","Ben Kowalczyk","Low","590000.00","COL-01","Priya Natarajan","Strategic Accounts","NET45","45","0.00","2025-12-19","2026-02-02","10110.34","0.00","0.00","0.00","0.00","10110.34","0.00","1","0","-33","1","Current","0.00","0",""
"INV-029526","C0350","Crestview Industries","OEM Manufacturer","West","Owen Price","Low","335000.00","COL-02","Marcus Bell","Strategic Accounts","NET45","45","0.00","2025-12-19","2026-02-02","6702.76","0.00","0.00","0.00","0.00","6702.76","0.00","1","0","-33","1","Current","0.00","0",""
"INV-029527","C0351","Ironbridge Components","OEM Manufacturer","Midwest","Hana Sato","High","450000.00","COL-01","Priya Natarajan","Strategic Accounts","NET45","45","0.00","2025-12-19","2026-02-02","10301.37","0.00","0.00","0.00","0.00","10301.37","0.00","1","0","-33","1","Current","0.00","0",""
"INV-029528","C0361","Titan University Facilities - Midwest","Institutional","Midwest","Ben Kowalczyk","Low","165000.00","COL-01","Priya Natarajan","Strategic Accounts","NET90","90","0.00","2025-12-19","2026-03-19","3474.86","0.00","0.00","0.00","0.00","3474.86","0.00","1","0","-78","1","Current","0.00","0",""
"INV-029529","C0364","Redline Industries - Northeast","OEM Manufacturer","Northeast","Adrian Cole","Low","335000.00","COL-02","Marcus Bell","Strategic Accounts","NET45","45","0.00","2025-12-19","2026-02-02","1625.05","0.00","0.00","0.00","0.00","1625.05","0.00","1","0","-33","1","Current","0.00","0",""
"INV-029530","C0366","Westbrook Industries - West","OEM Manufacturer","West","Owen Price","Medium","320000.00","COL-02","Marcus Bell","Strategic Accounts","NET60","60","0.00","2025-12-19","2026-02-17","10738.29","0.00","0.00","0.00","0.00","10738.29","0.00","1","0","-48","1","Current","0.00","0",""
"INV-029531","C0367","Bluewater Parts & Service - Southeast 5","MRO Reseller","Southeast","Dana Whitfield","Medium","105000.00","COL-06","Sam Horowitz","Small Business","2/10NET30","30","2.00","2025-12-19","2026-01-18","2027.05","0.00","0.00","0.00","0.00","2027.05","0.00","1","0","-18","1","Current","0.00","0",""
"INV-029532","C0384","Riverbend Industries - Southeast","OEM Manufacturer","Southeast","Luis Moreno","Low","370000.00","COL-01","Priya Natarajan","Strategic Accounts","NET60","60","0.00","2025-12-19","2026-02-17","8014.33","0.00","0.00","0.00","0.00","8014.33","0.00","1","0","-48","1","Current","0.00","0",""
"INV-029533","C0392","Apex Industrial Supply - Southwest 3","MRO Reseller","Southwest","Rosa Delgado","High","95000.00","COL-05","Grace Lindqvist","Small Business","NET30","30","0.00","2025-12-19","2026-01-18","564.21","0.00","0.00","0.00","0.00","564.21","0.00","1","0","-18","1","Current","0.00","0",""
"INV-029534","C0009","Ironbridge Fabrication","OEM Manufacturer","Northeast","Nadia Farouk","Medium","590000.00","COL-02","Marcus Bell","Strategic Accounts","NET45","45","0.00","2025-12-22","2026-02-05","11627.73","0.00","0.00","0.00","0.00","11627.73","0.00","1","0","-36","1","Current","0.00","0",""
"INV-029535","C0010","Westbrook MRO Services","MRO Reseller","West","Maya Brennan","Low","90000.00","COL-05","Grace Lindqvist","Small Business","2/10NET30","30","2.00","2025-12-22","2026-01-21","2195.64","0.00","0.00","0.00","0.00","2195.64","0.00","1","0","-21","1","Current","0.00","0",""
"INV-029536","C0011","Redline Supply Co.","MRO Reseller","Northeast","Adrian Cole","Medium","75000.00","COL-06","Sam Horowitz","Small Business","2/10NET30","30","2.00","2025-12-22","2026-01-21","4467.27","0.00","0.00","0.00","0.00","4467.27","0.00","1","0","-21","1","Current","0.00","0",""
"INV-029537","C0014","Riverbend MRO Services","MRO Reseller","Southwest","Rosa Delgado","Medium","105000.00","COL-06","Sam Horowitz","Small Business","NET30","30","0.00","2025-12-22","2026-01-21","1035.20","0.00","0.00","0.00","0.00","1035.20","0.00","1","0","-21","1","Current","0.00","0",""
"INV-029538","C0015","Granite Contracting","Contractor","Northeast","Nadia Farouk","Low","145000.00","COL-04","Tomas Okafor","Commercial","NET30","30","0.00","2025-12-22","2026-01-21","4470.59","0.00","0.00","0.00","0.00","4470.59","0.00","1","0","-21","1","Current","0.00","0",""
"INV-029539","C0018","Redline Industries","OEM Manufacturer","Northeast","Nadia Farouk","Low","435000.00","COL-02","Marcus Bell","Strategic Accounts","NET45","45","0.00","2025-12-22","2026-02-05","7964.51","0.00","0.00","0.00","0.00","7964.51","0.00","1","0","-36","1","Current","0.00","0",""
"INV-029540","C0020","Cedar Ridge MRO Services","MRO Reseller","Northeast","Adrian Cole","Medium","45000.00","COL-05","Grace Lindqvist","Small Business","NET30","30","0.00","2025-12-22","2026-01-21","1728.48","0.00","0.00","0.00","0.00","1728.48","0.00","1","0","-21","1","Current","0.00","0",""
"INV-029541","C0023","Harbor Builders","Contractor","West","Owen Price","High","120000.00","COL-04","Tomas Okafor","Commercial","NET60","60","0.00","2025-12-22","2026-02-20","894.29","0.00","0.00","0.00","0.00","894.29","0.00","1","0","-51","1","Current","0.00","0",""
"INV-029542","C0038","Summit Fabrication","OEM Manufacturer","Northeast","Adrian Cole","High","430000.00","COL-01","Priya Natarajan","Strategic Accounts","NET45","45","0.00","2025-12-22","2026-02-05","6667.41","0.00","0.00","0.00","0.00","6667.41","0.00","1","0","-36","1","Current","0.00","0",""
"INV-029543","C0041","Oakmont Builders","Contractor","Southwest","Kevin Ames","Low","35000.00","COL-04","Tomas Okafor","Commercial","NET60","60","0.00","2025-12-22","2026-02-20","819.38","0.00","0.00","0.00","0.00","819.38","0.00","1","0","-51","1","Current","0.00","0",""
"INV-029544","C0045","Lakeshore Machine Works","OEM Manufacturer","Southeast","Dana Whitfield","Low","265000.00","COL-02","Marcus Bell","Strategic Accounts","NET45","45","0.00","2025-12-22","2026-02-05","8594.05","0.00","0.00","0.00","0.00","8594.05","0.00","1","0","-36","1","Current","0.00","0",""
"INV-029545","C0053","Stonegate University Facilities","Institutional","Northeast","Nadia Farouk","Low","130000.00","COL-04","Tomas Okafor","Commercial","NET90","90","0.00","2025-12-22","2026-03-22","5945.40","0.00","0.00","0.00","0.00","5945.40","0.00","1","0","-81","1","Current","0.00","0",""
"INV-029546","C0061","Riverbend Industries","OEM Manufacturer","West","Maya Brennan","Low","275000.00","COL-02","Marcus Bell","Strategic Accounts","NET60","60","0.00","2025-12-22","2026-02-20","7926.30","0.00","0.00","0.00","0.00","7926.30","0.00","1","0","-51","1","Current","0.00","0",""
"INV-029547","C0066","Summit Industries","OEM Manufacturer","Midwest","Ben Kowalczyk","Medium","385000.00","COL-02","Marcus Bell","Strategic Accounts","NET60","60","0.00","2025-12-22","2026-02-20","15993.60","0.00","0.00","0.00","0.00","15993.60","0.00","1","0","-51","1","Current","0.00","0",""
"INV-029548","C0073","Lakeshore Manufacturing","OEM Manufacturer","Northeast","Adrian Cole","High","300000.00","COL-01","Priya Natarajan","Strategic Accounts","NET45","45","0.00","2025-12-22","2026-02-05","5570.76","0.00","0.00","0.00","0.00","5570.76","0.00","1","0","-36","1","Current","0.00","0",""
"INV-029549","C0078","Westbrook Maintenance Supply","MRO Reseller","Midwest","Ben Kowalczyk","Medium","120000.00","COL-06","Sam Horowitz","Small Business","2/10NET30","30","2.00","2025-12-22","2026-01-21","4636.32","0.00","0.00","0.00","0.00","4636.32","0.00","1","0","-21","1","Current","0.00","0",""
"INV-029550","C0090","Riverbend Electric","Contractor","West","Maya Brennan","Medium","75000.00","COL-04","Tomas Okafor","Commercial","2/10NET30","30","2.00","2025-12-22","2026-01-21","1162.78","0.00","0.00","0.00","0.00","1162.78","0.00","1","0","-21","1","Current","0.00","0",""
"INV-029551","C0096","Redline Parts & Service","MRO Reseller","Southwest","Rosa Delgado","Low","85000.00","COL-05","Grace Lindqvist","Small Business","2/10NET30","30","2.00","2025-12-22","2026-01-21","2911.47","0.00","0.00","0.00","0.00","2911.47","0.00","1","0","-21","1","Current","0.00","0",""
"INV-029552","C0112","Ironbridge Fabrication - Midwest","OEM Manufacturer","Midwest","Hana Sato","Low","385000.00","COL-02","Marcus Bell","Strategic Accounts","NET60","60","0.00","2025-12-22","2026-02-20","2501.43","0.00","0.00","0.00","0.00","2501.43","0.00","1","0","-51","1","Current","0.00","0",""
"INV-029554","C0121","Apex Manufacturing","OEM Manufacturer","Midwest","Hana Sato","Low","385000.00","COL-02","Marcus Bell","Strategic Accounts","NET60","60","0.00","2025-12-22","2026-02-20","11156.52","0.00","0.00","0.00","0.00","11156.52","0.00","1","0","-51","1","Current","0.00","0",""
"INV-029556","C0147","Apex Manufacturing - Northeast","OEM Manufacturer","Northeast","Nadia Farouk","Low","455000.00","COL-02","Marcus Bell","Strategic Accounts","NET45","45","0.00","2025-12-22","2026-02-05","2652.28","0.00","0.00","0.00","0.00","2652.28","0.00","1","0","-36","1","Current","0.00","0",""
"INV-029557","C0149","Pioneer University Facilities","Institutional","Southeast","Dana Whitfield","Low","80000.00","COL-03","Elena Ruiz","Commercial","NET60","60","0.00","2025-12-22","2026-02-20","1947.91","0.00","0.00","0.00","0.00","1947.91","0.00","1","0","-51","1","Current","0.00","0",""
"INV-029558","C0164","Lakeshore Fabrication","OEM Manufacturer","Southwest","Rosa Delgado","Medium","240000.00","COL-01","Priya Natarajan","Strategic Accounts","NET45","45","0.00","2025-12-22","2026-02-05","1676.58","0.00","0.00","0.00","0.00","1676.58","0.00","1","0","-36","1","Current","0.00","0",""
"INV-029559","C0178","Westbrook Industrial Supply","MRO Reseller","Southeast","Luis Moreno","Medium","60000.00","COL-06","Sam Horowitz","Small Business","2/10NET30","30","2.00","2025-12-22","2026-01-21","451.02","0.00","0.00","0.00","0.00","451.02","0.00","1","0","-21","1","Current","0.00","0",""
"INV-029560","C0183","Oakmont Maintenance Supply","MRO Reseller","West","Maya Brennan","High","100000.00","COL-05","Grace Lindqvist","Small Business","NET30","30","0.00","2025-12-22","2026-01-21","986.70","0.00","0.00","0.00","0.00","986.70","0.00","1","0","-21","1","Current","0.00","0",""
"INV-029561","C0187","Stonegate Parts & Service","MRO Reseller","Southwest","Kevin Ames","Medium","55000.00","COL-05","Grace Lindqvist","Small Business","2/10NET30","30","2.00","2025-12-22","2026-01-21","723.11","0.00","0.00","0.00","0.00","723.11","0.00","1","0","-21","1","Current","0.00","0",""
"INV-029562","C0193","Silverline Industrial Supply - Northeast","MRO Reseller","Northeast","Nadia Farouk","Medium","115000.00","COL-05","Grace Lindqvist","Small Business","NET30","30","0.00","2025-12-22","2026-01-21","2250.98","0.00","0.00","0.00","0.00","2250.98","0.00","1","0","-21","1","Current","0.00","0",""
"INV-029563","C0201","Titan Machine Works","OEM Manufacturer","Southwest","Kevin Ames","Low","525000.00","COL-02","Marcus Bell","Strategic Accounts","NET45","45","0.00","2025-12-22","2026-02-05","3879.78","0.00","0.00","0.00","0.00","3879.78","0.00","1","0","-36","1","Current","0.00","0",""
"INV-029564","C0204","Cedar Ridge Builders","Contractor","West","Owen Price","Low","50000.00","COL-04","Tomas Okafor","Commercial","NET60","60","0.00","2025-12-22","2026-02-20","5554.51","0.00","0.00","0.00","0.00","5554.51","0.00","1","0","-51","1","Current","0.00","0",""
"INV-029565","C0205","Northfield Builders - Northeast","Contractor","Northeast","Nadia Farouk","Medium","130000.00","COL-03","Elena Ruiz","Commercial","NET30","30","0.00","2025-12-22","2026-01-21","870.95","0.00","0.00","0.00","0.00","870.95","0.00","1","0","-21","1","Current","0.00","0",""
"INV-029566","C0206","Oakmont Manufacturing","OEM Manufacturer","Southeast","Dana Whitfield","Medium","590000.00","COL-01","Priya Natarajan","Strategic Accounts","NET60","60","0.00","2025-12-22","2026-02-20","2940.55","0.00","0.00","0.00","0.00","2940.55","0.00","1","0","-51","1","Current","0.00","0",""
"INV-029567","C0218","Riverbend Parts & Service - Midwest","MRO Reseller","Midwest","Hana Sato","Low","115000.00","COL-06","Sam Horowitz","Small Business","NET30","30","0.00","2025-12-22","2026-01-21","1083.83","0.00","0.00","0.00","0.00","1083.83","0.00","1","0","-21","1","Current","0.00","0",""
"INV-029568","C0219","Titan Construction - Southwest 3","Contractor","Southwest","Rosa Delgado","Low","115000.00","COL-03","Elena Ruiz","Commercial","NET60","60","0.00","2025-12-22","2026-02-20","7243.79","0.00","0.00","0.00","0.00","7243.79","0.00","1","0","-51","1","Current","0.00","0",""
"INV-029570","C0240","Summit Contracting","Contractor","West","Maya Brennan","Medium","50000.00","COL-04","Tomas Okafor","Commercial","NET60","60","0.00","2025-12-22","2026-02-20","7233.82","0.00","0.00","0.00","0.00","7233.82","0.00","1","0","-51","1","Current","0.00","0",""
"INV-029571","C0242","Silverline Parts & Service","MRO Reseller","Southeast","Luis Moreno","Low","120000.00","COL-06","Sam Horowitz","Small Business","NET30","30","0.00","2025-12-22","2026-01-21","483.67","0.00","0.00","0.00","0.00","483.67","0.00","1","0","-21","1","Current","0.00","0",""
"INV-029572","C0267","Redline Manufacturing - Southwest","OEM Manufacturer","Southwest","Rosa Delgado","Low","420000.00","COL-02","Marcus Bell","Strategic Accounts","NET60","60","0.00","2025-12-22","2026-02-20","2349.92","0.00","0.00","0.00","0.00","2349.92","0.00","1","0","-51","1","Current","0.00","0",""
"INV-029573","C0276","Oakmont Builders - West 3","Contractor","West","Owen Price","Medium","60000.00","COL-03","Elena Ruiz","Commercial","NET60","60","0.00","2025-12-22","2026-02-20","3913.17","0.00","0.00","0.00","0.00","3913.17","0.00","1","0","-51","1","Current","0.00","1","Pricing"
"INV-029574","C0287","Redline University Facilities - Southwest 4","Institutional","Southwest","Kevin Ames","Low","155000.00","COL-02","Marcus Bell","Strategic Accounts","NET90","90","0.00","2025-12-22","2026-03-22","6448.83","0.00","0.00","0.00","0.00","6448.83","0.00","1","0","-81","1","Current","0.00","0",""
"INV-029575","C0304","Ironbridge Industrial Supply - Midwest 3","MRO Reseller","Midwest","Ben Kowalczyk","Medium","75000.00","COL-05","Grace Lindqvist","Small Business","2/10NET30","30","2.00","2025-12-22","2026-01-21","3886.43","0.00","0.00","0.00","0.00","3886.43","0.00","1","0","-21","1","Current","0.00","0",""
"INV-029576","C0305","Titan Fabrication","OEM Manufacturer","Northeast","Nadia Farouk","Low","340000.00","COL-02","Marcus Bell","Strategic Accounts","NET45","45","0.00","2025-12-22","2026-02-05","9411.12","0.00","0.00","0.00","0.00","9411.12","0.00","1","0","-36","1","Current","0.00","0",""
"INV-029577","C0306","Apex Builders - Southwest 3","Contractor","Southwest","Rosa Delgado","Low","90000.00","COL-04","Tomas Okafor","Commercial","NET60","60","0.00","2025-12-22","2026-02-20","1086.02","0.00","0.00","0.00","0.00","1086.02","0.00","1","0","-51","1","Current","0.00","0",""
"INV-029578","C0326","Pioneer Manufacturing","OEM Manufacturer","Northeast","Adrian Cole","Low","315000.00","COL-01","Priya Natarajan","Strategic Accounts","NET45","45","0.00","2025-12-22","2026-02-05","15637.06","0.00","0.00","0.00","0.00","15637.06","0.00","1","0","-36","1","Current","0.00","0",""
"INV-029579","C0349","Granite Manufacturing","OEM Manufacturer","Northeast","Nadia Farouk","High","490000.00","COL-02","Marcus Bell","Strategic Accounts","NET60","60","0.00","2025-12-22","2026-02-20","8651.64","0.00","0.00","0.00","0.00","8651.64","0.00","1","0","-51","1","Current","0.00","0",""
"INV-029580","C0352","Pioneer Construction - Midwest","Contractor","Midwest","Ben Kowalczyk","Low","110000.00","COL-04","Tomas Okafor","Commercial","NET30","30","0.00","2025-12-22","2026-01-21","1518.42","0.00","0.00","0.00","0.00","1518.42","0.00","1","0","-21","1","Current","0.00","0",""
"INV-029581","C0354","Westbrook Supply Co. - Southeast","MRO Reseller","Southeast","Luis Moreno","High","25000.00","COL-05","Grace Lindqvist","Small Business","2/10NET30","30","2.00","2025-12-22","2026-01-21","2362.15","0.00","0.00","0.00","0.00","2362.15","0.00","1","0","-21","1","Current","0.00","0",""
"INV-029582","C0359","Stonegate Fabrication - West","OEM Manufacturer","West","Maya Brennan","High","380000.00","COL-02","Marcus Bell","Strategic Accounts","NET60","60","0.00","2025-12-22","2026-02-20","6675.67","0.00","0.00","0.00","0.00","6675.67","0.00","1","0","-51","1","Current","0.00","0",""
"INV-029583","C0364","Redline Industries - Northeast","OEM Manufacturer","Northeast","Adrian Cole","Low","335000.00","COL-02","Marcus Bell","Strategic Accounts","NET45","45","0.00","2025-12-22","2026-02-05","1986.89","0.00","0.00","0.00","0.00","1986.89","0.00","1","0","-36","1","Current","0.00","0",""
"INV-029585","C0369","Lakeshore Components","OEM Manufacturer","Midwest","Hana Sato","High","545000.00","COL-02","Marcus Bell","Strategic Accounts","NET60","60","0.00","2025-12-22","2026-02-20","10946.44","0.00","0.00","0.00","0.00","10946.44","0.00","1","0","-51","1","Current","0.00","0",""
"INV-029586","C0378","Silverline Fabrication - Southwest","OEM Manufacturer","Southwest","Rosa Delgado","Medium","585000.00","COL-01","Priya Natarajan","Strategic Accounts","NET45","45","0.00","2025-12-22","2026-02-05","7827.72","0.00","0.00","0.00","0.00","7827.72","0.00","1","0","-36","1","Current","0.00","0",""
"INV-029587","C0387","Apex Industrial Supply - Southeast","MRO Reseller","Southeast","Dana Whitfield","Medium","80000.00","COL-06","Sam Horowitz","Small Business","NET30","30","0.00","2025-12-22","2026-01-21","780.54","0.00","0.00","0.00","0.00","780.54","0.00","1","0","-21","1","Current","0.00","0",""
"INV-029588","C0395","Northfield MRO Services","MRO Reseller","Southwest","Rosa Delgado","Low","65000.00","COL-06","Sam Horowitz","Small Business","2/10NET30","30","2.00","2025-12-22","2026-01-21","4697.66","0.00","0.00","0.00","0.00","4697.66","0.00","1","0","-21","1","Current","0.00","0",""
"INV-029589","C0397","Silverline Mechanical - Southwest 3","Contractor","Southwest","Rosa Delgado","Low","40000.00","COL-03","Elena Ruiz","Commercial","NET60","60","0.00","2025-12-22","2026-02-20","1584.69","0.00","0.00","0.00","0.00","1584.69","0.00","1","0","-51","1","Current","0.00","0",""
"INV-029590","C0009","Ironbridge Fabrication","OEM Manufacturer","Northeast","Nadia Farouk","Medium","590000.00","COL-02","Marcus Bell","Strategic Accounts","NET45","45","0.00","2025-12-23","2026-02-06","13849.12","0.00","0.00","0.00","0.00","13849.12","0.00","1","0","-37","1","Current","0.00","0",""
"INV-029592","C0012","Lakeshore Mechanical","Contractor","Southeast","Luis Moreno","Low","125000.00","COL-03","Elena Ruiz","Commercial","NET30","30","0.00","2025-12-23","2026-01-22","4608.84","0.00","0.00","0.00","0.00","4608.84","0.00","1","0","-22","1","Current","0.00","0",""
"INV-029595","C0038","Summit Fabrication","OEM Manufacturer","Northeast","Adrian Cole","High","430000.00","COL-01","Priya Natarajan","Strategic Accounts","NET45","45","0.00","2025-12-23","2026-02-06","17709.37","0.00","0.00","0.00","0.00","17709.37","0.00","1","0","-37","1","Current","0.00","0",""
"INV-029596","C0064","Frontier University Facilities","Institutional","West","Maya Brennan","Low","110000.00","COL-03","Elena Ruiz","Commercial","NET90","90","0.00","2025-12-23","2026-03-23","10022.37","0.00","0.00","0.00","0.00","10022.37","0.00","1","0","-82","1","Current","0.00","0",""
"INV-029597","C0073","Lakeshore Manufacturing","OEM Manufacturer","Northeast","Adrian Cole","High","300000.00","COL-01","Priya Natarajan","Strategic Accounts","NET45","45","0.00","2025-12-23","2026-02-06","16445.74","0.00","0.00","0.00","0.00","16445.74","0.00","1","0","-37","1","Current","0.00","0",""
"INV-029598","C0074","Frontier Fabrication","OEM Manufacturer","Southeast","Dana Whitfield","Medium","600000.00","COL-01","Priya Natarajan","Strategic Accounts","NET45","45","0.00","2025-12-23","2026-02-06","1774.86","0.00","0.00","0.00","0.00","1774.86","0.00","1","0","-37","1","Current","0.00","0",""
"INV-029599","C0075","Ironbridge Mechanical - Southeast 3","Contractor","Southeast","Luis Moreno","Medium","85000.00","COL-03","Elena Ruiz","Commercial","NET30","30","0.00","2025-12-23","2026-01-22","8484.90","0.00","0.00","0.00","0.00","8484.90","0.00","1","0","-22","1","Current","0.00","0",""
"INV-029600","C0079","Cedar Ridge Machine Works","OEM Manufacturer","West","Owen Price","Low","555000.00","COL-01","Priya Natarajan","Strategic Accounts","NET60","60","0.00","2025-12-23","2026-02-21","5753.40","0.00","0.00","0.00","0.00","5753.40","0.00","1","0","-52","1","Current","0.00","0",""
"INV-029601","C0089","Ironbridge Industrial Supply","MRO Reseller","Southeast","Luis Moreno","Medium","70000.00","COL-05","Grace Lindqvist","Small Business","2/10NET30","30","2.00","2025-12-23","2026-01-22","456.41","0.00","0.00","0.00","0.00","456.41","0.00","1","0","-22","1","Current","0.00","0",""
"INV-029602","C0091","Redline School District","Institutional","Northeast","Adrian Cole","Low","95000.00","COL-03","Elena Ruiz","Commercial","NET60","60","0.00","2025-12-23","2026-02-21","1634.78","0.00","0.00","0.00","0.00","1634.78","0.00","1","0","-52","1","Current","0.00","0",""
"INV-029603","C0095","Stonegate Fabrication","OEM Manufacturer","West","Owen Price","Low","600000.00","COL-02","Marcus Bell","Strategic Accounts","NET60","60","0.00","2025-12-23","2026-02-21","4384.36","0.00","0.00","0.00","0.00","4384.36","0.00","1","0","-52","1","Current","0.00","0",""
"INV-029604","C0104","Granite Industrial Supply","MRO Reseller","Midwest","Ben Kowalczyk","Low","105000.00","COL-06","Sam Horowitz","Small Business","NET30","30","0.00","2025-12-23","2026-01-22","575.44","0.00","0.00","0.00","0.00","575.44","0.00","1","0","-22","1","Current","0.00","0",""
"INV-029605","C0111","Harbor Manufacturing","OEM Manufacturer","West","Owen Price","Medium","405000.00","COL-02","Marcus Bell","Strategic Accounts","NET45","45","0.00","2025-12-23","2026-02-06","3637.51","0.00","0.00","0.00","0.00","3637.51","0.00","1","0","-37","1","Current","0.00","0",""
"INV-029606","C0114","Titan Construction","Contractor","Northeast","Adrian Cole","Medium","65000.00","COL-03","Elena Ruiz","Commercial","2/10NET30","30","2.00","2025-12-23","2026-01-22","5333.93","0.00","0.00","0.00","0.00","5333.93","0.00","1","0","-22","1","Current","0.00","0",""
"INV-029607","C0115","Ironbridge Contracting","Contractor","Northeast","Adrian Cole","Low","65000.00","COL-03","Elena Ruiz","Commercial","NET30","30","0.00","2025-12-23","2026-01-22","2801.14","0.00","0.00","0.00","0.00","2801.14","0.00","1","0","-22","1","Current","0.00","0",""
"INV-029608","C0128","Summit Builders","Contractor","Southwest","Kevin Ames","Low","125000.00","COL-03","Elena Ruiz","Commercial","NET60","60","0.00","2025-12-23","2026-02-21","1102.67","0.00","0.00","0.00","0.00","1102.67","0.00","1","0","-52","1","Current","0.00","0",""
"INV-029609","C0132","Keystone Contracting","Contractor","West","Maya Brennan","High","105000.00","COL-04","Tomas Okafor","Commercial","NET60","60","0.00","2025-12-23","2026-02-21","8700.76","0.00","0.00","0.00","0.00","8700.76","0.00","1","0","-52","1","Current","0.00","0",""
"INV-029610","C0139","Harbor Machine Works","OEM Manufacturer","Midwest","Ben Kowalczyk","Medium","570000.00","COL-01","Priya Natarajan","Strategic Accounts","NET45","45","0.00","2025-12-23","2026-02-06","2166.82","0.00","0.00","0.00","0.00","2166.82","0.00","1","0","-37","1","Current","0.00","0",""
"INV-029611","C0147","Apex Manufacturing - Northeast","OEM Manufacturer","Northeast","Nadia Farouk","Low","455000.00","COL-02","Marcus Bell","Strategic Accounts","NET45","45","0.00","2025-12-23","2026-02-06","13753.53","0.00","0.00","0.00","0.00","13753.53","0.00","1","0","-37","1","Current","0.00","0",""
"INV-029612","C0156","Frontier County Facilities","Institutional","West","Owen Price","Low","135000.00","COL-03","Elena Ruiz","Commercial","NET90","90","0.00","2025-12-23","2026-03-23","8791.10","0.00","0.00","0.00","0.00","8791.10","0.00","1","0","-82","1","Current","0.00","0",""
"INV-029613","C0163","Keystone Fabrication","OEM Manufacturer","Midwest","Ben Kowalczyk","Medium","600000.00","COL-01","Priya Natarajan","Strategic Accounts","NET60","60","0.00","2025-12-23","2026-02-21","2843.80","0.00","0.00","0.00","0.00","2843.80","0.00","1","0","-52","1","Current","0.00","0",""
"INV-029614","C0167","Lakeshore MRO Services","MRO Reseller","Northeast","Adrian Cole","Medium","85000.00","COL-05","Grace Lindqvist","Small Business","NET30","30","0.00","2025-12-23","2026-01-22","880.86","0.00","0.00","0.00","0.00","880.86","0.00","1","0","-22","1","Current","0.00","0",""
"INV-029615","C0170","Titan Industries","OEM Manufacturer","Northeast","Adrian Cole","Low","580000.00","COL-01","Priya Natarajan","Strategic Accounts","NET45","45","0.00","2025-12-23","2026-02-06","15419.74","0.00","0.00","0.00","0.00","15419.74","0.00","1","0","-37","1","Current","0.00","0",""
"INV-029616","C0189","Granite Mechanical","Contractor","Northeast","Adrian Cole","Medium","65000.00","COL-04","Tomas Okafor","Commercial","NET30","30","0.00","2025-12-23","2026-01-22","6787.02","0.00","0.00","0.00","0.00","6787.02","0.00","1","0","-22","1","Current","0.00","0",""
"INV-029617","C0193","Silverline Industrial Supply - Northeast","MRO Reseller","Northeast","Nadia Farouk","Medium","115000.00","COL-05","Grace Lindqvist","Small Business","NET30","30","0.00","2025-12-23","2026-01-22","1817.00","0.00","0.00","0.00","0.00","1817.00","0.00","1","0","-22","1","Current","0.00","0",""
"INV-029618","C0195","Redline Manufacturing","OEM Manufacturer","Southwest","Kevin Ames","Medium","360000.00","COL-01","Priya Natarajan","Strategic Accounts","NET60","60","0.00","2025-12-23","2026-02-21","4995.56","0.00","0.00","0.00","0.00","4995.56","0.00","1","0","-52","1","Current","0.00","0",""
"INV-029619","C0197","Harbor Machine Works - Southwest 3","OEM Manufacturer","Southwest","Kevin Ames","Low","470000.00","COL-01","Priya Natarajan","Strategic Accounts","NET60","60","0.00","2025-12-23","2026-02-21","8348.65","0.00","0.00","0.00","0.00","8348.65","0.00","1","0","-52","1","Current","0.00","0",""
"INV-029620","C0202","Harbor MRO Services","MRO Reseller","Southeast","Dana Whitfield","Low","110000.00","COL-06","Sam Horowitz","Small Business","NET30","30","0.00","2025-12-23","2026-01-22","1227.86","0.00","0.00","0.00","0.00","1227.86","0.00","1","0","-22","1","Current","0.00","0",""
"INV-029621","C0223","Stonegate MRO Services","MRO Reseller","Southeast","Dana Whitfield","Low","55000.00","COL-06","Sam Horowitz","Small Business","NET30","30","0.00","2025-12-23","2026-01-22","607.06","0.00","0.00","0.00","0.00","607.06","0.00","1","0","-22","1","Current","0.00","0",""
"INV-029622","C0246","Lakeshore Industrial Supply","MRO Reseller","Southeast","Luis Moreno","Low","90000.00","COL-06","Sam Horowitz","Small Business","NET30","30","0.00","2025-12-23","2026-01-22","2240.10","0.00","0.00","0.00","0.00","2240.10","0.00","1","0","-22","1","Current","0.00","0",""
"INV-029623","C0248","Lakeshore Contracting - Midwest","Contractor","Midwest","Ben Kowalczyk","Medium","120000.00","COL-04","Tomas Okafor","Commercial","NET30","30","0.00","2025-12-23","2026-01-22","2119.96","0.00","0.00","0.00","0.00","2119.96","0.00","1","0","-22","1","Current","0.00","0",""
"INV-029624","C0270","Stonegate Maintenance Supply - Southeast","MRO Reseller","Southeast","Dana Whitfield","Medium","45000.00","COL-06","Sam Horowitz","Small Business","NET30","30","0.00","2025-12-23","2026-01-22","886.79","0.00","0.00","0.00","0.00","886.79","0.00","1","0","-22","1","Current","0.00","0",""
"INV-029625","C0281","Westbrook Fabrication","OEM Manufacturer","Midwest","Hana Sato","Low","510000.00","COL-02","Marcus Bell","Strategic Accounts","NET60","60","0.00","2025-12-23","2026-02-21","17221.69","0.00","0.00","0.00","0.00","17221.69","0.00","1","0","-52","1","Current","0.00","0",""
"INV-029626","C0282","Ironbridge Electric - Southeast","Contractor","Southeast","Luis Moreno","Low","140000.00","COL-03","Elena Ruiz","Commercial","NET30","30","0.00","2025-12-23","2026-01-22","4587.22","0.00","0.00","0.00","0.00","4587.22","0.00","1","0","-22","1","Current","0.00","0",""
"INV-029627","C0294","Titan Components","OEM Manufacturer","Northeast","Adrian Cole","Low","215000.00","COL-01","Priya Natarajan","Strategic Accounts","NET60","60","0.00","2025-12-23","2026-02-21","10753.16","0.00","0.00","0.00","0.00","10753.16","0.00","1","0","-52","1","Current","0.00","0",""
"INV-029628","C0323","Titan Parts & Service - Southwest 3","MRO Reseller","Southwest","Kevin Ames","Low","30000.00","COL-05","Grace Lindqvist","Small Business","NET30","30","0.00","2025-12-23","2026-01-22","1820.77","0.00","0.00","0.00","0.00","1820.77","0.00","1","0","-22","1","Current","0.00","0",""
"INV-029629","C0328","Westbrook Industries","OEM Manufacturer","Midwest","Ben Kowalczyk","Low","590000.00","COL-01","Priya Natarajan","Strategic Accounts","NET45","45","0.00","2025-12-23","2026-02-06","6067.95","0.00","0.00","0.00","0.00","6067.95","0.00","1","0","-37","1","Current","0.00","0",""
"INV-029630","C0329","Northfield School District - Midwest","Institutional","Midwest","Hana Sato","Low","230000.00","COL-01","Priya Natarajan","Strategic Accounts","NET90","90","0.00","2025-12-23","2026-03-23","2427.58","0.00","0.00","0.00","0.00","2427.58","0.00","1","0","-82","1","Current","0.00","0",""
"INV-029631","C0339","Summit Components","OEM Manufacturer","Southwest","Rosa Delgado","Low","445000.00","COL-02","Marcus Bell","Strategic Accounts","NET45","45","0.00","2025-12-23","2026-02-06","1662.78","0.00","0.00","0.00","0.00","1662.78","0.00","1","0","-37","1","Current","0.00","0",""
"INV-029632","C0341","Summit Supply Co. - Southeast","MRO Reseller","Southeast","Dana Whitfield","Medium","110000.00","COL-05","Grace Lindqvist","Small Business","NET30","30","0.00","2025-12-23","2026-01-22","2506.23","0.00","0.00","0.00","0.00","2506.23","0.00","1","0","-22","1","Current","0.00","0",""
"INV-029633","C0351","Ironbridge Components","OEM Manufacturer","Midwest","Hana Sato","High","450000.00","COL-01","Priya Natarajan","Strategic Accounts","NET45","45","0.00","2025-12-23","2026-02-06","1700.74","0.00","0.00","0.00","0.00","1700.74","0.00","1","0","-37","1","Current","0.00","0",""
"INV-029634","C0359","Stonegate Fabrication - West","OEM Manufacturer","West","Maya Brennan","High","380000.00","COL-02","Marcus Bell","Strategic Accounts","NET60","60","0.00","2025-12-23","2026-02-21","2370.49","0.00","0.00","0.00","0.00","2370.49","0.00","1","0","-52","1","Current","0.00","0",""
"INV-029635","C0369","Lakeshore Components","OEM Manufacturer","Midwest","Hana Sato","High","545000.00","COL-02","Marcus Bell","Strategic Accounts","NET60","60","0.00","2025-12-23","2026-02-21","10663.08","0.00","0.00","0.00","0.00","10663.08","0.00","1","0","-52","1","Current","0.00","0",""
"INV-029636","C0384","Riverbend Industries - Southeast","OEM Manufacturer","Southeast","Luis Moreno","Low","370000.00","COL-01","Priya Natarajan","Strategic Accounts","NET60","60","0.00","2025-12-23","2026-02-21","1625.30","0.00","0.00","0.00","0.00","1625.30","0.00","1","0","-52","1","Current","0.00","0",""
"INV-029637","C0390","Titan Mechanical","Contractor","West","Owen Price","Low","135000.00","COL-03","Elena Ruiz","Commercial","NET60","60","0.00","2025-12-23","2026-02-21","7790.91","0.00","0.00","0.00","0.00","7790.91","0.00","1","0","-52","1","Current","0.00","0",""
"INV-029638","C0393","Silverline Components - West 3","OEM Manufacturer","West","Owen Price","Low","415000.00","COL-01","Priya Natarajan","Strategic Accounts","NET45","45","0.00","2025-12-23","2026-02-06","17384.41","0.00","0.00","0.00","0.00","17384.41","0.00","1","0","-37","1","Current","0.00","0",""
"INV-029639","C0002","Cedar Ridge Mechanical","Contractor","Midwest","Hana Sato","Low","140000.00","COL-03","Elena Ruiz","Commercial","2/10NET30","30","2.00","2025-12-24","2026-01-23","4056.81","0.00","0.00","0.00","0.00","4056.81","0.00","1","0","-23","1","Current","0.00","0",""
"INV-029640","C0004","Ironbridge Mechanical","Contractor","Northeast","Nadia Farouk","Medium","135000.00","COL-03","Elena Ruiz","Commercial","2/10NET30","30","2.00","2025-12-24","2026-01-23","888.88","0.00","0.00","0.00","0.00","888.88","0.00","1","0","-23","1","Current","0.00","0",""
"INV-029641","C0008","Silverline Maintenance Supply","MRO Reseller","Southwest","Kevin Ames","Low","105000.00","COL-06","Sam Horowitz","Small Business","NET30","30","0.00","2025-12-24","2026-01-23","1964.23","0.00","0.00","0.00","0.00","1964.23","0.00","1","0","-23","1","Current","0.00","0",""
"INV-029642","C0017","Silverline Fabrication","OEM Manufacturer","Southwest","Kevin Ames","Low","500000.00","COL-01","Priya Natarajan","Strategic Accounts","NET45","45","0.00","2025-12-24","2026-02-07","4875.68","0.00","0.00","0.00","0.00","4875.68","0.00","1","0","-38","1","Current","0.00","0",""
"INV-029643","C0018","Redline Industries","OEM Manufacturer","Northeast","Nadia Farouk","Low","435000.00","COL-02","Marcus Bell","Strategic Accounts","NET45","45","0.00","2025-12-24","2026-02-07","3492.13","0.00","0.00","0.00","0.00","3492.13","0.00","1","0","-38","1","Current","0.00","0",""
"INV-029644","C0022","Apex Contracting","Contractor","Southeast","Dana Whitfield","Medium","65000.00","COL-03","Elena Ruiz","Commercial","2/10NET30","30","2.00","2025-12-24","2026-01-23","5431.13","0.00","0.00","0.00","0.00","5431.13","0.00","1","0","-23","1","Current","0.00","0",""
"INV-029645","C0023","Harbor Builders","Contractor","West","Owen Price","High","120000.00","COL-04","Tomas Okafor","Commercial","NET60","60","0.00","2025-12-24","2026-02-22","1212.91","0.00","0.00","0.00","0.00","1212.91","0.00","1","0","-53","1","Current","0.00","0",""
"INV-029646","C0031","Stonegate Machine Works","OEM Manufacturer","Northeast","Adrian Cole","Low","515000.00","COL-02","Marcus Bell","Strategic Accounts","NET60","60","0.00","2025-12-24","2026-02-22","10759.77","0.00","0.00","0.00","0.00","10759.77","0.00","1","0","-53","1","Current","0.00","0",""
"INV-029647","C0055","Silverline Components","OEM Manufacturer","Midwest","Ben Kowalczyk","Low","440000.00","COL-01","Priya Natarajan","Strategic Accounts","NET45","45","0.00","2025-12-24","2026-02-07","3112.00","0.00","0.00","0.00","0.00","3112.00","0.00","1","0","-38","1","Current","0.00","0",""
"INV-029648","C0057","Frontier School District","Institutional","Northeast","Nadia Farouk","Low","205000.00","COL-01","Priya Natarajan","Strategic Accounts","NET60","60","0.00","2025-12-24","2026-02-22","2729.87","0.00","0.00","0.00","0.00","2729.87","0.00","1","0","-53","1","Current","0.00","0",""
"INV-029649","C0058","Lakeshore Builders","Contractor","Southwest","Kevin Ames","Low","55000.00","COL-03","Elena Ruiz","Commercial","NET60","60","0.00","2025-12-24","2026-02-22","837.17","0.00","0.00","0.00","0.00","837.17","0.00","1","0","-53","1","Current","0.00","0",""
"INV-029650","C0066","Summit Industries","OEM Manufacturer","Midwest","Ben Kowalczyk","Medium","385000.00","COL-02","Marcus Bell","Strategic Accounts","NET60","60","0.00","2025-12-24","2026-02-22","4639.98","0.00","0.00","0.00","0.00","4639.98","0.00","1","0","-53","1","Current","0.00","0",""
"INV-029651","C0068","Harbor Industries","OEM Manufacturer","Southwest","Rosa Delgado","High","600000.00","COL-01","Priya Natarajan","Strategic Accounts","NET60","60","0.00","2025-12-24","2026-02-22","8437.84","0.00","0.00","0.00","0.00","8437.84","0.00","1","0","-53","1","Current","0.00","0",""
"INV-029652","C0069","Ironbridge Electric","Contractor","Southwest","Rosa Delgado","High","80000.00","COL-03","Elena Ruiz","Commercial","2/10NET30","30","2.00","2025-12-24","2026-01-23","4738.65","0.00","0.00","0.00","0.00","4738.65","0.00","1","0","-23","1","Current","0.00","0",""
"INV-029653","C0075","Ironbridge Mechanical - Southeast 3","Contractor","Southeast","Luis Moreno","Medium","85000.00","COL-03","Elena Ruiz","Commercial","NET30","30","0.00","2025-12-24","2026-01-23","4105.85","0.00","0.00","0.00","0.00","4105.85","0.00","1","0","-23","1","Current","0.00","0",""
"INV-029654","C0084","Granite Construction","Contractor","Southwest","Rosa Delgado","Medium","145000.00","COL-03","Elena Ruiz","Commercial","2/10NET30","30","2.00","2025-12-24","2026-01-23","5295.39","0.00","0.00","0.00","0.00","5295.39","0.00","1","0","-23","1","Current","0.00","0",""
"INV-029656","C0089","Ironbridge Industrial Supply","MRO Reseller","Southeast","Luis Moreno","Medium","70000.00","COL-05","Grace Lindqvist","Small Business","2/10NET30","30","2.00","2025-12-24","2026-01-23","1156.66","0.00","0.00","0.00","0.00","1156.66","0.00","1","0","-23","1","Current","0.00","0",""
"INV-029657","C0103","Northfield Electric","Contractor","Southeast","Dana Whitfield","Medium","115000.00","COL-04","Tomas Okafor","Commercial","NET30","30","0.00","2025-12-24","2026-01-23","2439.36","0.00","0.00","0.00","0.00","2439.36","0.00","1","0","-23","1","Current","0.00","0",""
"INV-029658","C0108","Cedar Ridge Construction - Southeast","Contractor","Southeast","Luis Moreno","Medium","135000.00","COL-03","Elena Ruiz","Commercial","NET30","30","0.00","2025-12-24","2026-01-23","4419.22","0.00","0.00","0.00","0.00","4419.22","0.00","1","0","-23","1","Current","0.00","0",""
"INV-029659","C0120","Ironbridge Medical Center","Institutional","Southeast","Dana Whitfield","Low","175000.00","COL-02","Marcus Bell","Strategic Accounts","NET60","60","0.00","2025-12-24","2026-02-22","7473.75","0.00","0.00","0.00","0.00","7473.75","0.00","1","0","-53","1","Current","0.00","0",""
"INV-029660","C0121","Apex Manufacturing","OEM Manufacturer","Midwest","Hana Sato","Low","385000.00","COL-02","Marcus Bell","Strategic Accounts","NET60","60","0.00","2025-12-24","2026-02-22","2848.52","0.00","0.00","0.00","0.00","2848.52","0.00","1","0","-53","1","Current","0.00","0",""
"INV-029661","C0122","Frontier Fabrication - Northeast","OEM Manufacturer","Northeast","Adrian Cole","Low","435000.00","COL-01","Priya Natarajan","Strategic Accounts","NET45","45","0.00","2025-12-24","2026-02-07","14032.59","0.00","0.00","0.00","0.00","14032.59","0.00","1","0","-38","1","Current","0.00","0",""
"INV-029662","C0124","Riverbend MRO Services - West","MRO Reseller","West","Owen Price","High","110000.00","COL-05","Grace Lindqvist","Small Business","NET30","30","0.00","2025-12-24","2026-01-23","1167.26","0.00","0.00","0.00","0.00","1167.26","0.00","1","0","-23","1","Current","0.00","0",""
"INV-029663","C0135","Oakmont Medical Center - Midwest","Institutional","Midwest","Hana Sato","Low","155000.00","COL-02","Marcus Bell","Strategic Accounts","NET90","90","0.00","2025-12-24","2026-03-24","3353.30","0.00","0.00","0.00","0.00","3353.30","0.00","1","0","-83","1","Current","0.00","0",""
"INV-029665","C0143","Northfield Parts & Service","MRO Reseller","Southwest","Kevin Ames","Medium","105000.00","COL-06","Sam Horowitz","Small Business","NET30","30","0.00","2025-12-24","2026-01-23","557.86","0.00","0.00","0.00","0.00","557.86","0.00","1","0","-23","1","Current","0.00","0",""
"INV-029666","C0159","Apex Builders","Contractor","Northeast","Adrian Cole","Medium","150000.00","COL-02","Marcus Bell","Strategic Accounts","2/10NET30","30","2.00","2025-12-24","2026-01-23","6793.77","0.00","0.00","0.00","0.00","6793.77","0.00","1","0","-23","1","Current","0.00","0",""
"INV-029667","C0164","Lakeshore Fabrication","OEM Manufacturer","Southwest","Rosa Delgado","Medium","240000.00","COL-01","Priya Natarajan","Strategic Accounts","NET45","45","0.00","2025-12-24","2026-02-07","4039.93","0.00","0.00","0.00","0.00","4039.93","0.00","1","0","-38","1","Current","0.00","0",""
"INV-029668","C0169","Apex Components","OEM Manufacturer","Midwest","Ben Kowalczyk","Medium","290000.00","COL-02","Marcus Bell","Strategic Accounts","NET60","60","0.00","2025-12-24","2026-02-22","8506.94","0.00","0.00","0.00","0.00","8506.94","0.00","1","0","-53","1","Current","0.00","0",""
"INV-029669","C0170","Titan Industries","OEM Manufacturer","Northeast","Adrian Cole","Low","580000.00","COL-01","Priya Natarajan","Strategic Accounts","NET45","45","0.00","2025-12-24","2026-02-07","1674.39","0.00","0.00","0.00","0.00","1674.39","0.00","1","0","-38","1","Current","0.00","0",""
"INV-029670","C0184","Bluewater Parts & Service - West","MRO Reseller","West","Maya Brennan","Low","60000.00","COL-05","Grace Lindqvist","Small Business","2/10NET30","30","2.00","2025-12-24","2026-01-23","1468.41","0.00","0.00","0.00","0.00","1468.41","0.00","1","0","-23","1","Current","0.00","0",""
"INV-029671","C0186","Redline Parts & Service - Northeast","MRO Reseller","Northeast","Nadia Farouk","Low","100000.00","COL-05","Grace Lindqvist","Small Business","NET30","30","0.00","2025-12-24","2026-01-23","453.20","0.00","0.00","0.00","0.00","453.20","0.00","1","0","-23","1","Current","0.00","0",""
"INV-029672","C0190","Harbor Fabrication","OEM Manufacturer","West","Owen Price","Medium","580000.00","COL-01","Priya Natarajan","Strategic Accounts","NET45","45","0.00","2025-12-24","2026-02-07","9047.03","0.00","0.00","0.00","0.00","9047.03","0.00","1","0","-38","1","Current","0.00","0",""
"INV-029673","C0193","Silverline Industrial Supply - Northeast","MRO Reseller","Northeast","Nadia Farouk","Medium","115000.00","COL-05","Grace Lindqvist","Small Business","NET30","30","0.00","2025-12-24","2026-01-23","2720.15","0.00","0.00","0.00","0.00","2720.15","0.00","1","0","-23","1","Current","0.00","0",""
"INV-029674","C0198","Titan Maintenance Supply - Northeast","MRO Reseller","Northeast","Adrian Cole","Low","60000.00","COL-05","Grace Lindqvist","Small Business","NET30","30","0.00","2025-12-24","2026-01-23","1226.59","0.00","0.00","0.00","0.00","1226.59","0.00","1","0","-23","1","Current","0.00","0",""
"INV-029675","C0204","Cedar Ridge Builders","Contractor","West","Owen Price","Low","50000.00","COL-04","Tomas Okafor","Commercial","NET60","60","0.00","2025-12-24","2026-02-22","8244.43","0.00","0.00","0.00","0.00","8244.43","0.00","1","0","-53","1","Current","0.00","0",""
"INV-029676","C0217","Apex Contracting - Southeast","Contractor","Southeast","Dana Whitfield","Low","135000.00","COL-04","Tomas Okafor","Commercial","NET30","30","0.00","2025-12-24","2026-01-23","6499.77","0.00","0.00","0.00","0.00","6499.77","0.00","1","0","-23","1","Current","0.00","0",""
"INV-029677","C0218","Riverbend Parts & Service - Midwest","MRO Reseller","Midwest","Hana Sato","Low","115000.00","COL-06","Sam Horowitz","Small Business","NET30","30","0.00","2025-12-24","2026-01-23","739.50","0.00","0.00","0.00","0.00","739.50","0.00","1","0","-23","1","Current","0.00","0",""
"INV-029678","C0247","Westbrook Contracting","Contractor","Northeast","Adrian Cole","Medium","30000.00","COL-04","Tomas Okafor","Commercial","NET30","30","0.00","2025-12-24","2026-01-23","2545.94","0.00","0.00","0.00","0.00","2545.94","0.00","1","0","-23","1","Current","0.00","0",""
"INV-029679","C0251","Silverline Mechanical - Southwest","Contractor","Southwest","Kevin Ames","Low","140000.00","COL-04","Tomas Okafor","Commercial","NET60","60","0.00","2025-12-24","2026-02-22","948.41","0.00","0.00","0.00","0.00","948.41","0.00","1","0","-53","1","Current","0.00","0",""
"INV-029680","C0271","Riverbend Electric - Midwest 3","Contractor","Midwest","Hana Sato","High","140000.00","COL-03","Elena Ruiz","Commercial","2/10NET30","30","2.00","2025-12-24","2026-01-23","3908.99","0.00","0.00","0.00","0.00","3908.99","0.00","1","0","-23","1","Current","0.00","0",""
"INV-029681","C0279","Ironbridge Medical Center - Northeast","Institutional","Northeast","Nadia Farouk","Low","155000.00","COL-02","Marcus Bell","Strategic Accounts","NET90","90","0.00","2025-12-24","2026-03-24","1202.05","0.00","0.00","0.00","0.00","1202.05","0.00","1","0","-83","1","Current","0.00","0",""
"INV-029682","C0280","Apex Mechanical - West","Contractor","West","Maya Brennan","Medium","120000.00","COL-03","Elena Ruiz","Commercial","NET60","60","0.00","2025-12-24","2026-02-22","6688.94","0.00","0.00","0.00","0.00","6688.94","0.00","1","0","-53","1","Current","0.00","0",""
"INV-029683","C0290","Titan University Facilities","Institutional","Northeast","Adrian Cole","Low","65000.00","COL-04","Tomas Okafor","Commercial","NET60","60","0.00","2025-12-24","2026-02-22","5289.96","0.00","0.00","0.00","0.00","5289.96","0.00","1","0","-53","1","Current","0.00","0",""
"INV-029684","C0293","Stonegate Mechanical - Northeast","Contractor","Northeast","Nadia Farouk","Medium","70000.00","COL-04","Tomas Okafor","Commercial","NET30","30","0.00","2025-12-24","2026-01-23","1552.70","0.00","0.00","0.00","0.00","1552.70","0.00","1","0","-23","1","Current","0.00","0",""
"INV-029685","C0295","Ironbridge Maintenance Supply","MRO Reseller","Northeast","Nadia Farouk","Low","85000.00","COL-06","Sam Horowitz","Small Business","2/10NET30","30","2.00","2025-12-24","2026-01-23","2534.63","0.00","0.00","0.00","0.00","2534.63","0.00","1","0","-23","1","Current","0.00","0",""
"INV-029686","C0303","Northfield Contracting","Contractor","Northeast","Adrian Cole","Medium","100000.00","COL-04","Tomas Okafor","Commercial","NET30","30","0.00","2025-12-24","2026-01-23","8631.00","0.00","0.00","0.00","0.00","8631.00","0.00","1","0","-23","1","Current","0.00","0",""
"INV-029687","C0306","Apex Builders - Southwest 3","Contractor","Southwest","Rosa Delgado","Low","90000.00","COL-04","Tomas Okafor","Commercial","NET60","60","0.00","2025-12-24","2026-02-22","2605.34","0.00","0.00","0.00","0.00","2605.34","0.00","1","0","-53","1","Current","0.00","0",""
"INV-029688","C0324","Pioneer Construction","Contractor","Southeast","Dana Whitfield","High","145000.00","COL-03","Elena Ruiz","Commercial","2/10NET30","30","2.00","2025-12-24","2026-01-23","7692.27","0.00","0.00","0.00","0.00","7692.27","0.00","1","0","-23","1","Current","0.00","1","Damaged Goods"
"INV-029689","C0326","Pioneer Manufacturing","OEM Manufacturer","Northeast","Adrian Cole","Low","315000.00","COL-01","Priya Natarajan","Strategic Accounts","NET45","45","0.00","2025-12-24","2026-02-07","12016.83","0.00","0.00","0.00","0.00","12016.83","0.00","1","0","-38","1","Current","0.00","0",""
"INV-029690","C0327","Ironbridge Water Authority","Institutional","Midwest","Ben Kowalczyk","Low","195000.00","COL-01","Priya Natarajan","Strategic Accounts","NET90","90","0.00","2025-12-24","2026-03-24","7949.25","0.00","0.00","0.00","0.00","7949.25","0.00","1","0","-83","1","Current","0.00","0",""
"INV-029692","C0389","Ironbridge Components - Southeast","OEM Manufacturer","Southeast","Dana Whitfield","Medium","590000.00","COL-02","Marcus Bell","Strategic Accounts","NET60","60","0.00","2025-12-24","2026-02-22","8602.87","0.00","0.00","0.00","0.00","8602.87","0.00","1","0","-53","1","Current","0.00","0",""
"INV-029693","C0393","Silverline Components - West 3","OEM Manufacturer","West","Owen Price","Low","415000.00","COL-01","Priya Natarajan","Strategic Accounts","NET45","45","0.00","2025-12-24","2026-02-07","10375.14","0.00","0.00","0.00","0.00","10375.14","0.00","1","0","-38","1","Current","0.00","0",""
"INV-029694","C0001","Silverline MRO Services","MRO Reseller","Northeast","Adrian Cole","Medium","120000.00","COL-05","Grace Lindqvist","Small Business","NET30","30","0.00","2025-12-25","2026-01-24","638.39","0.00","0.00","0.00","0.00","638.39","0.00","1","0","-24","1","Current","0.00","0",""
"INV-029695","C0009","Ironbridge Fabrication","OEM Manufacturer","Northeast","Nadia Farouk","Medium","590000.00","COL-02","Marcus Bell","Strategic Accounts","NET45","45","0.00","2025-12-25","2026-02-08","15109.14","0.00","0.00","0.00","0.00","15109.14","0.00","1","0","-39","1","Current","0.00","0",""
"INV-029696","C0012","Lakeshore Mechanical","Contractor","Southeast","Luis Moreno","Low","125000.00","COL-03","Elena Ruiz","Commercial","NET30","30","0.00","2025-12-25","2026-01-24","3445.94","0.00","0.00","0.00","0.00","3445.94","0.00","1","0","-24","1","Current","0.00","0",""
"INV-029697","C0027","Oakmont Machine Works","OEM Manufacturer","Northeast","Nadia Farouk","Low","230000.00","COL-02","Marcus Bell","Strategic Accounts","NET45","45","0.00","2025-12-25","2026-02-08","4698.69","0.00","0.00","0.00","0.00","4698.69","0.00","1","0","-39","1","Current","0.00","0",""
"INV-029698","C0030","Ironbridge Mechanical - Southwest","Contractor","Southwest","Rosa Delgado","Medium","135000.00","COL-04","Tomas Okafor","Commercial","2/10NET30","30","2.00","2025-12-25","2026-01-24","5198.13","0.00","0.00","0.00","0.00","5198.13","0.00","1","0","-24","1","Current","0.00","0",""
"INV-029699","C0031","Stonegate Machine Works","OEM Manufacturer","Northeast","Adrian Cole","Low","515000.00","COL-02","Marcus Bell","Strategic Accounts","NET60","60","0.00","2025-12-25","2026-02-23","9097.92","0.00","0.00","0.00","0.00","9097.92","0.00","1","0","-54","1","Current","0.00","0",""
"INV-029700","C0032","Cedar Ridge Components","OEM Manufacturer","West","Owen Price","Low","340000.00","COL-02","Marcus Bell","Strategic Accounts","NET45","45","0.00","2025-12-25","2026-02-08","3763.19","0.00","0.00","0.00","0.00","3763.19","0.00","1","0","-39","1","Current","0.00","0",""
"INV-029701","C0035","Summit Mechanical","Contractor","Northeast","Adrian Cole","Low","70000.00","COL-04","Tomas Okafor","Commercial","NET30","30","0.00","2025-12-25","2026-01-24","4862.97","0.00","0.00","0.00","0.00","4862.97","0.00","1","0","-24","1","Current","0.00","0",""
"INV-029703","C0045","Lakeshore Machine Works","OEM Manufacturer","Southeast","Dana Whitfield","Low","265000.00","COL-02","Marcus Bell","Strategic Accounts","NET45","45","0.00","2025-12-25","2026-02-08","13874.01","0.00","0.00","0.00","0.00","13874.01","0.00","1","0","-39","1","Current","0.00","0",""
"INV-029704","C0051","Silverline Builders","Contractor","West","Maya Brennan","Low","35000.00","COL-04","Tomas Okafor","Commercial","2/10NET30","30","2.00","2025-12-25","2026-01-24","8634.62","0.00","0.00","0.00","0.00","8634.62","0.00","1","0","-24","1","Current","0.00","0",""
"INV-029705","C0055","Silverline Components","OEM Manufacturer","Midwest","Ben Kowalczyk","Low","440000.00","COL-01","Priya Natarajan","Strategic Accounts","NET45","45","0.00","2025-12-25","2026-02-08","1919.91","0.00","0.00","0.00","0.00","1919.91","0.00","1","0","-39","1","Current","0.00","0",""
"INV-029706","C0077","Riverbend Industrial Supply","MRO Reseller","West","Owen Price","Low","90000.00","COL-06","Sam Horowitz","Small Business","NET30","30","0.00","2025-12-25","2026-01-24","4729.54","0.00","0.00","0.00","0.00","4729.54","0.00","1","0","-24","1","Current","0.00","0",""
"INV-029707","C0079","Cedar Ridge Machine Works","OEM Manufacturer","West","Owen Price","Low","555000.00","COL-01","Priya Natarajan","Strategic Accounts","NET60","60","0.00","2025-12-25","2026-02-23","5402.50","0.00","0.00","0.00","0.00","5402.50","0.00","1","0","-54","1","Current","0.00","0",""
"INV-029708","C0087","Riverbend Maintenance Supply","MRO Reseller","Southeast","Dana Whitfield","Medium","95000.00","COL-05","Grace Lindqvist","Small Business","NET30","30","0.00","2025-12-25","2026-01-24","2383.44","0.00","0.00","0.00","0.00","2383.44","0.00","1","0","-24","1","Current","0.00","0",""
"INV-029709","C0094","Bluewater Industries - Southeast","OEM Manufacturer","Southeast","Dana Whitfield","Low","535000.00","COL-02","Marcus Bell","Strategic Accounts","NET45","45","0.00","2025-12-25","2026-02-08","4366.76","0.00","0.00","0.00","0.00","4366.76","0.00","1","0","-39","1","Current","0.00","0",""
"INV-029710","C0095","Stonegate Fabrication","OEM Manufacturer","West","Owen Price","Low","600000.00","COL-02","Marcus Bell","Strategic Accounts","NET60","60","0.00","2025-12-25","2026-02-23","2517.96","0.00","0.00","0.00","0.00","2517.96","0.00","1","0","-54","1","Current","0.00","0",""
"INV-029711","C0097","Pioneer MRO Services","MRO Reseller","Southeast","Luis Moreno","Low","85000.00","COL-05","Grace Lindqvist","Small Business","2/10NET30","30","2.00","2025-12-25","2026-01-24","4400.09","0.00","0.00","0.00","0.00","4400.09","0.00","1","0","-24","1","Current","0.00","0",""
"INV-029712","C0098","Summit Mechanical - Southeast","Contractor","Southeast","Dana Whitfield","Medium","50000.00","COL-04","Tomas Okafor","Commercial","NET30","30","0.00","2025-12-25","2026-01-24","1966.61","0.00","0.00","0.00","0.00","1966.61","0.00","1","0","-24","1","Current","0.00","0",""
"INV-029713","C0107","Silverline Mechanical","Contractor","Southeast","Dana Whitfield","Low","145000.00","COL-03","Elena Ruiz","Commercial","2/10NET30","30","2.00","2025-12-25","2026-01-24","2660.91","0.00","0.00","0.00","0.00","2660.91","0.00","1","0","-24","1","Current","0.00","0",""
"INV-029714","C0119","Titan Builders","Contractor","Northeast","Nadia Farouk","Medium","105000.00","COL-04","Tomas Okafor","Commercial","2/10NET30","30","2.00","2025-12-25","2026-01-24","852.37","0.00","0.00","0.00","0.00","852.37","0.00","1","0","-24","1","Current","0.00","0",""
"INV-029715","C0164","Lakeshore Fabrication","OEM Manufacturer","Southwest","Rosa Delgado","Medium","240000.00","COL-01","Priya Natarajan","Strategic Accounts","NET45","45","0.00","2025-12-25","2026-02-08","6665.67","0.00","0.00","0.00","0.00","6665.67","0.00","1","0","-39","1","Current","0.00","0",""
"INV-029716","C0175","Redline Mechanical - Southwest","Contractor","Southwest","Kevin Ames","Low","85000.00","COL-03","Elena Ruiz","Commercial","NET60","60","0.00","2025-12-25","2026-02-23","4068.10","0.00","0.00","0.00","0.00","4068.10","0.00","1","0","-54","1","Current","0.00","0",""
"INV-029717","C0177","Frontier Builders - West","Contractor","West","Maya Brennan","Low","105000.00","COL-04","Tomas Okafor","Commercial","2/10NET30","30","2.00","2025-12-25","2026-01-24","1769.09","0.00","0.00","0.00","0.00","1769.09","0.00","1","0","-24","1","Current","0.00","0",""
"INV-029718","C0181","Harbor Electric","Contractor","Northeast","Adrian Cole","Low","95000.00","COL-03","Elena Ruiz","Commercial","NET30","30","0.00","2025-12-25","2026-01-24","5715.08","0.00","0.00","0.00","0.00","5715.08","0.00","1","0","-24","1","Current","0.00","0",""
"INV-029719","C0190","Harbor Fabrication","OEM Manufacturer","West","Owen Price","Medium","580000.00","COL-01","Priya Natarajan","Strategic Accounts","NET45","45","0.00","2025-12-25","2026-02-08","3444.84","0.00","0.00","0.00","0.00","3444.84","0.00","1","0","-39","1","Current","0.00","0",""
"INV-029720","C0192","Keystone MRO Services","MRO Reseller","Midwest","Hana Sato","Medium","65000.00","COL-05","Grace Lindqvist","Small Business","NET30","30","0.00","2025-12-25","2026-01-24","837.55","0.00","0.00","0.00","0.00","837.55","0.00","1","0","-24","1","Current","0.00","0",""
"INV-029721","C0193","Silverline Industrial Supply - Northeast","MRO Reseller","Northeast","Nadia Farouk","Medium","115000.00","COL-05","Grace Lindqvist","Small Business","NET30","30","0.00","2025-12-25","2026-01-24","4544.25","0.00","0.00","0.00","0.00","4544.25","0.00","1","0","-24","1","Current","0.00","0",""
"INV-029722","C0198","Titan Maintenance Supply - Northeast","MRO Reseller","Northeast","Adrian Cole","Low","60000.00","COL-05","Grace Lindqvist","Small Business","NET30","30","0.00","2025-12-25","2026-01-24","563.20","0.00","0.00","0.00","0.00","563.20","0.00","1","0","-24","1","Current","0.00","0",""
"INV-029723","C0224","Westbrook Industrial Supply - Northeast 3","MRO Reseller","Northeast","Adrian Cole","Low","110000.00","COL-06","Sam Horowitz","Small Business","2/10NET30","30","2.00","2025-12-25","2026-01-24","565.67","0.00","0.00","0.00","0.00","565.67","0.00","1","0","-24","1","Current","0.00","0",""
"INV-029724","C0229","Pioneer Medical Center","Institutional","Northeast","Nadia Farouk","Low","85000.00","COL-03","Elena Ruiz","Commercial","NET60","60","0.00","2025-12-25","2026-02-23","1143.65","0.00","0.00","0.00","0.00","1143.65","0.00","1","0","-54","1","Current","0.00","0",""
"INV-029725","C0242","Silverline Parts & Service","MRO Reseller","Southeast","Luis Moreno","Low","120000.00","COL-06","Sam Horowitz","Small Business","NET30","30","0.00","2025-12-25","2026-01-24","1371.47","0.00","0.00","0.00","0.00","1371.47","0.00","1","0","-24","1","Current","0.00","0",""
"INV-029726","C0244","Apex Maintenance Supply - Midwest","MRO Reseller","Midwest","Ben Kowalczyk","Low","85000.00","COL-05","Grace Lindqvist","Small Business","2/10NET30","30","2.00","2025-12-25","2026-01-24","1438.69","0.00","0.00","0.00","0.00","1438.69","0.00","1","0","-24","1","Current","0.00","0",""
"INV-029727","C0252","Ironbridge School District","Institutional","Midwest","Hana Sato","Low","70000.00","COL-04","Tomas Okafor","Commercial","NET90","90","0.00","2025-12-25","2026-03-25","6194.77","0.00","0.00","0.00","0.00","6194.77","0.00","1","0","-84","1","Current","0.00","0",""
"INV-029728","C0262","Titan Industrial Supply","MRO Reseller","Midwest","Hana Sato","Medium","110000.00","COL-05","Grace Lindqvist","Small Business","NET30","30","0.00","2025-12-25","2026-01-24","492.95","0.00","0.00","0.00","0.00","492.95","0.00","1","0","-24","1","Current","0.00","0",""
"INV-029729","C0272","Frontier Industrial Supply","MRO Reseller","West","Owen Price","Low","55000.00","COL-05","Grace Lindqvist","Small Business","NET30","30","0.00","2025-12-25","2026-01-24","4026.32","0.00","0.00","0.00","0.00","4026.32","0.00","1","0","-24","1","Current","0.00","0",""
"INV-029730","C0275","Cedar Ridge Machine Works - Southwest","OEM Manufacturer","Southwest","Rosa Delgado","High","535000.00","COL-01","Priya Natarajan","Strategic Accounts","NET60","60","0.00","2025-12-25","2026-02-23","10267.26","0.00","0.00","0.00","0.00","10267.26","0.00","1","0","-54","1","Current","0.00","0",""
"INV-029731","C0281","Westbrook Fabrication","OEM Manufacturer","Midwest","Hana Sato","Low","510000.00","COL-02","Marcus Bell","Strategic Accounts","NET60","60","0.00","2025-12-25","2026-02-23","3110.36","0.00","0.00","0.00","0.00","3110.36","0.00","1","0","-54","1","Current","0.00","0",""
"INV-029732","C0292","Cedar Ridge Maintenance Supply","MRO Reseller","Southeast","Luis Moreno","Medium","85000.00","COL-05","Grace Lindqvist","Small Business","NET30","30","0.00","2025-12-25","2026-01-24","821.92","0.00","0.00","0.00","0.00","821.92","0.00","1","0","-24","1","Current","0.00","0",""
"INV-029733","C0296","Crestview Manufacturing","OEM Manufacturer","Midwest","Ben Kowalczyk","Medium","590000.00","COL-01","Priya Natarajan","Strategic Accounts","NET45","45","0.00","2025-12-25","2026-02-08","17657.71","0.00","0.00","0.00","0.00","17657.71","0.00","1","0","-39","1","Current","0.00","0",""
"INV-029734","C0297","Apex Mechanical - Southeast 3","Contractor","Southeast","Dana Whitfield","High","30000.00","COL-04","Tomas Okafor","Commercial","NET30","30","0.00","2025-12-25","2026-01-24","3229.41","0.00","0.00","0.00","0.00","3229.41","0.00","1","0","-24","1","Current","0.00","0",""
"INV-029735","C0298","Cedar Ridge Contracting - Northeast","Contractor","Northeast","Nadia Farouk","Low","150000.00","COL-01","Priya Natarajan","Strategic Accounts","NET30","30","0.00","2025-12-25","2026-01-24","4747.03","0.00","0.00","0.00","0.00","4747.03","0.00","1","0","-24","1","Current","0.00","0",""
"INV-029736","C0301","Titan Builders - Midwest 4","Contractor","Midwest","Ben Kowalczyk","Medium","105000.00","COL-03","Elena Ruiz","Commercial","NET30","30","0.00","2025-12-25","2026-01-24","1037.76","0.00","0.00","0.00","0.00","1037.76","0.00","1","0","-24","1","Current","0.00","0",""
"INV-029737","C0305","Titan Fabrication","OEM Manufacturer","Northeast","Nadia Farouk","Low","340000.00","COL-02","Marcus Bell","Strategic Accounts","NET45","45","0.00","2025-12-25","2026-02-08","8398.28","0.00","0.00","0.00","0.00","8398.28","0.00","1","0","-39","1","Current","0.00","0",""
"INV-029738","C0306","Apex Builders - Southwest 3","Contractor","Southwest","Rosa Delgado","Low","90000.00","COL-04","Tomas Okafor","Commercial","NET60","60","0.00","2025-12-25","2026-02-23","3789.23","0.00","0.00","0.00","0.00","3789.23","0.00","1","0","-54","1","Current","0.00","0",""
"INV-029739","C0317","Apex Industrial Supply","MRO Reseller","West","Owen Price","Low","100000.00","COL-06","Sam Horowitz","Small Business","NET30","30","0.00","2025-12-25","2026-01-24","641.38","0.00","0.00","0.00","0.00","641.38","0.00","1","0","-24","1","Current","0.00","0",""
"INV-029740","C0337","Keystone Manufacturing","OEM Manufacturer","Northeast","Nadia Farouk","Low","540000.00","COL-01","Priya Natarajan","Strategic Accounts","NET45","45","0.00","2025-12-25","2026-02-08","3141.96","0.00","0.00","0.00","0.00","3141.96","0.00","1","0","-39","1","Current","0.00","0",""
"INV-029741","C0344","Granite Supply Co. - West","MRO Reseller","West","Maya Brennan","Low","115000.00","COL-06","Sam Horowitz","Small Business","NET30","30","0.00","2025-12-25","2026-01-24","3052.10","0.00","0.00","0.00","0.00","3052.10","0.00","1","0","-24","1","Current","0.00","0",""
"INV-029742","C0348","Bluewater Manufacturing","OEM Manufacturer","Midwest","Ben Kowalczyk","Low","225000.00","COL-02","Marcus Bell","Strategic Accounts","NET60","60","0.00","2025-12-25","2026-02-23","10716.76","0.00","0.00","0.00","0.00","10716.76","0.00","1","0","-54","1","Current","0.00","0",""
"INV-029743","C0350","Crestview Industries","OEM Manufacturer","West","Owen Price","Low","335000.00","COL-02","Marcus Bell","Strategic Accounts","NET45","45","0.00","2025-12-25","2026-02-08","2429.47","0.00","0.00","0.00","0.00","2429.47","0.00","1","0","-39","1","Current","0.00","0",""
"INV-029744","C0364","Redline Industries - Northeast","OEM Manufacturer","Northeast","Adrian Cole","Low","335000.00","COL-02","Marcus Bell","Strategic Accounts","NET45","45","0.00","2025-12-25","2026-02-08","5038.13","0.00","0.00","0.00","0.00","5038.13","0.00","1","0","-39","1","Current","0.00","0",""
"INV-029745","C0368","Stonegate Machine Works - West","OEM Manufacturer","West","Owen Price","Low","205000.00","COL-01","Priya Natarajan","Strategic Accounts","NET60","60","0.00","2025-12-25","2026-02-23","17078.21","0.00","0.00","0.00","0.00","17078.21","0.00","1","0","-54","1","Current","0.00","0",""
"INV-029746","C0369","Lakeshore Components","OEM Manufacturer","Midwest","Hana Sato","High","545000.00","COL-02","Marcus Bell","Strategic Accounts","NET60","60","0.00","2025-12-25","2026-02-23","7560.17","0.00","0.00","0.00","0.00","7560.17","0.00","1","0","-54","1","Current","0.00","0",""
"INV-029747","C0370","Cedar Ridge Construction - West 4","Contractor","West","Maya Brennan","Low","85000.00","COL-04","Tomas Okafor","Commercial","NET60","60","0.00","2025-12-25","2026-02-23","892.97","0.00","0.00","0.00","0.00","892.97","0.00","1","0","-54","1","Current","0.00","0",""
"INV-029748","C0378","Silverline Fabrication - Southwest","OEM Manufacturer","Southwest","Rosa Delgado","Medium","585000.00","COL-01","Priya Natarajan","Strategic Accounts","NET45","45","0.00","2025-12-25","2026-02-08","9167.60","0.00","0.00","0.00","0.00","9167.60","0.00","1","0","-39","1","Current","0.00","0",""
"INV-029749","C0382","Summit Machine Works","OEM Manufacturer","Southwest","Kevin Ames","Low","240000.00","COL-02","Marcus Bell","Strategic Accounts","NET60","60","0.00","2025-12-25","2026-02-23","2115.78","0.00","0.00","0.00","0.00","2115.78","0.00","1","0","-54","1","Current","0.00","0",""
"INV-029750","C0389","Ironbridge Components - Southeast","OEM Manufacturer","Southeast","Dana Whitfield","Medium","590000.00","COL-02","Marcus Bell","Strategic Accounts","NET60","60","0.00","2025-12-25","2026-02-23","4411.49","0.00","0.00","0.00","0.00","4411.49","0.00","1","0","-54","1","Current","0.00","0",""
"INV-029751","C0396","Ironbridge Manufacturing","OEM Manufacturer","Southeast","Dana Whitfield","Medium","270000.00","COL-01","Priya Natarajan","Strategic Accounts","NET45","45","0.00","2025-12-25","2026-02-08","7660.39","0.00","0.00","0.00","0.00","7660.39","0.00","1","0","-39","1","Current","0.00","0",""
"INV-029752","C0398","Pioneer Parts & Service - Southwest","MRO Reseller","Southwest","Kevin Ames","High","40000.00","COL-05","Grace Lindqvist","Small Business","NET30","30","0.00","2025-12-25","2026-01-24","2223.56","0.00","0.00","0.00","0.00","2223.56","0.00","1","0","-24","1","Current","0.00","0",""
"INV-029753","C0003","Westbrook Electric","Contractor","Northeast","Nadia Farouk","Low","110000.00","COL-03","Elena Ruiz","Commercial","NET30","30","0.00","2025-12-26","2026-01-25","1000.07","0.00","0.00","0.00","0.00","1000.07","0.00","1","0","-25","1","Current","0.00","0",""
"INV-029754","C0004","Ironbridge Mechanical","Contractor","Northeast","Nadia Farouk","Medium","135000.00","COL-03","Elena Ruiz","Commercial","2/10NET30","30","2.00","2025-12-26","2026-01-25","3587.15","0.00","0.00","0.00","0.00","3587.15","0.00","1","0","-25","1","Current","0.00","0",""
"INV-029755","C0007","Cedar Ridge Industrial Supply","MRO Reseller","West","Owen Price","High","105000.00","COL-06","Sam Horowitz","Small Business","NET30","30","0.00","2025-12-26","2026-01-25","1649.60","0.00","0.00","0.00","0.00","1649.60","0.00","1","0","-25","1","Current","0.00","0",""
"INV-029756","C0008","Silverline Maintenance Supply","MRO Reseller","Southwest","Kevin Ames","Low","105000.00","COL-06","Sam Horowitz","Small Business","NET30","30","0.00","2025-12-26","2026-01-25","784.99","0.00","0.00","0.00","0.00","784.99","0.00","1","0","-25","1","Current","0.00","0",""
"INV-029757","C0010","Westbrook MRO Services","MRO Reseller","West","Maya Brennan","Low","90000.00","COL-05","Grace Lindqvist","Small Business","2/10NET30","30","2.00","2025-12-26","2026-01-25","1875.75","0.00","0.00","0.00","0.00","1875.75","0.00","1","0","-25","1","Current","0.00","0",""
"INV-029758","C0011","Redline Supply Co.","MRO Reseller","Northeast","Adrian Cole","Medium","75000.00","COL-06","Sam Horowitz","Small Business","2/10NET30","30","2.00","2025-12-26","2026-01-25","905.44","0.00","0.00","0.00","0.00","905.44","0.00","1","0","-25","1","Current","0.00","0",""
"INV-029759","C0020","Cedar Ridge MRO Services","MRO Reseller","Northeast","Adrian Cole","Medium","45000.00","COL-05","Grace Lindqvist","Small Business","NET30","30","0.00","2025-12-26","2026-01-25","3411.26","0.00","0.00","0.00","0.00","3411.26","0.00","1","0","-25","1","Current","0.00","0",""
"INV-029760","C0022","Apex Contracting","Contractor","Southeast","Dana Whitfield","Medium","65000.00","COL-03","Elena Ruiz","Commercial","2/10NET30","30","2.00","2025-12-26","2026-01-25","1582.49","0.00","0.00","0.00","0.00","1582.49","0.00","1","0","-25","1","Current","0.00","0",""
"INV-029761","C0038","Summit Fabrication","OEM Manufacturer","Northeast","Adrian Cole","High","430000.00","COL-01","Priya Natarajan","Strategic Accounts","NET45","45","0.00","2025-12-26","2026-02-09","9481.59","0.00","0.00","0.00","0.00","9481.59","0.00","1","0","-40","1","Current","0.00","0",""
"INV-029762","C0055","Silverline Components","OEM Manufacturer","Midwest","Ben Kowalczyk","Low","440000.00","COL-01","Priya Natarajan","Strategic Accounts","NET45","45","0.00","2025-12-26","2026-02-09","3825.47","0.00","0.00","0.00","0.00","3825.47","0.00","1","0","-40","1","Current","0.00","0",""
"INV-029763","C0059","Apex Mechanical","Contractor","Midwest","Ben Kowalczyk","High","150000.00","COL-02","Marcus Bell","Strategic Accounts","NET30","30","0.00","2025-12-26","2026-01-25","864.58","0.00","0.00","0.00","0.00","864.58","0.00","1","0","-25","1","Current","0.00","0",""
"INV-029764","C0065","Bluewater Maintenance Supply","MRO Reseller","Northeast","Adrian Cole","Low","80000.00","COL-05","Grace Lindqvist","Small Business","NET30","30","0.00","2025-12-26","2026-01-25","1162.07","0.00","0.00","0.00","0.00","1162.07","0.00","1","0","-25","1","Current","0.00","0",""
"INV-029765","C0068","Harbor Industries","OEM Manufacturer","Southwest","Rosa Delgado","High","600000.00","COL-01","Priya Natarajan","Strategic Accounts","NET60","60","0.00","2025-12-26","2026-02-24","2205.85","0.00","0.00","0.00","0.00","2205.85","0.00","1","0","-55","1","Current","0.00","0",""
"INV-029766","C0069","Ironbridge Electric","Contractor","Southwest","Rosa Delgado","High","80000.00","COL-03","Elena Ruiz","Commercial","2/10NET30","30","2.00","2025-12-26","2026-01-25","6612.81","0.00","0.00","0.00","0.00","6612.81","0.00","1","0","-25","1","Current","0.00","0",""
"INV-029767","C0073","Lakeshore Manufacturing","OEM Manufacturer","Northeast","Adrian Cole","High","300000.00","COL-01","Priya Natarajan","Strategic Accounts","NET45","45","0.00","2025-12-26","2026-02-09","1629.53","0.00","0.00","0.00","0.00","1629.53","0.00","1","0","-40","1","Current","0.00","0",""
"INV-029768","C0074","Frontier Fabrication","OEM Manufacturer","Southeast","Dana Whitfield","Medium","600000.00","COL-01","Priya Natarajan","Strategic Accounts","NET45","45","0.00","2025-12-26","2026-02-09","1628.29","0.00","0.00","0.00","0.00","1628.29","0.00","1","0","-40","1","Current","0.00","0",""
"INV-029769","C0079","Cedar Ridge Machine Works","OEM Manufacturer","West","Owen Price","Low","555000.00","COL-01","Priya Natarajan","Strategic Accounts","NET60","60","0.00","2025-12-26","2026-02-24","5296.47","0.00","0.00","0.00","0.00","5296.47","0.00","1","0","-55","1","Current","0.00","0",""
"INV-029770","C0080","Frontier Maintenance Supply","MRO Reseller","Northeast","Adrian Cole","Medium","50000.00","COL-05","Grace Lindqvist","Small Business","NET30","30","0.00","2025-12-26","2026-01-25","2783.37","0.00","0.00","0.00","0.00","2783.37","0.00","1","0","-25","1","Current","0.00","0",""
"INV-029771","C0091","Redline School District","Institutional","Northeast","Adrian Cole","Low","95000.00","COL-03","Elena Ruiz","Commercial","NET60","60","0.00","2025-12-26","2026-02-24","1354.41","0.00","0.00","0.00","0.00","1354.41","0.00","1","0","-55","1","Current","0.00","0",""
"INV-029772","C0092","Stonegate Electric - Northeast","Contractor","Northeast","Nadia Farouk","Low","105000.00","COL-04","Tomas Okafor","Commercial","2/10NET30","30","2.00","2025-12-26","2026-01-25","1391.56","0.00","0.00","0.00","0.00","1391.56","0.00","1","0","-25","1","Current","0.00","0",""
"INV-029773","C0094","Bluewater Industries - Southeast","OEM Manufacturer","Southeast","Dana Whitfield","Low","535000.00","COL-02","Marcus Bell","Strategic Accounts","NET45","45","0.00","2025-12-26","2026-02-09","2525.36","0.00","0.00","0.00","0.00","2525.36","0.00","1","0","-40","1","Current","0.00","0",""
"INV-029774","C0099","Northfield Water Authority","Institutional","Northeast","Nadia Farouk","Low","165000.00","COL-01","Priya Natarajan","Strategic Accounts","NET60","60","0.00","2025-12-26","2026-02-24","6250.56","0.00","0.00","0.00","0.00","6250.56","0.00","1","0","-55","1","Current","0.00","0",""
"INV-029775","C0100","Stonegate University Facilities - Southeast","Institutional","Southeast","Dana Whitfield","Low","215000.00","COL-02","Marcus Bell","Strategic Accounts","NET90","90","0.00","2025-12-26","2026-03-26","5956.44","0.00","0.00","0.00","0.00","5956.44","0.00","1","0","-85","1","Current","0.00","0",""
"INV-029776","C0105","Westbrook Supply Co.","MRO Reseller","Midwest","Ben Kowalczyk","Medium","90000.00","COL-05","Grace Lindqvist","Small Business","2/10NET30","30","2.00","2025-12-26","2026-01-25","1819.23","0.00","0.00","0.00","0.00","1819.23","0.00","1","0","-25","1","Current","0.00","0",""
"INV-029777","C0117","Keystone Construction - West","Contractor","West","Owen Price","Low","55000.00","COL-04","Tomas Okafor","Commercial","2/10NET30","30","2.00","2025-12-26","2026-01-25","849.82","0.00","0.00","0.00","0.00","849.82","0.00","1","0","-25","1","Current","0.00","0",""
"INV-029778","C0136","Crestview Industrial Supply - West","MRO Reseller","West","Maya Brennan","High","65000.00","COL-05","Grace Lindqvist","Small Business","NET30","30","0.00","2025-12-26","2026-01-25","4700.03","0.00","0.00","0.00","0.00","4700.03","0.00","1","0","-25","1","Current","0.00","0",""
"INV-029779","C0143","Northfield Parts & Service","MRO Reseller","Southwest","Kevin Ames","Medium","105000.00","COL-06","Sam Horowitz","Small Business","NET30","30","0.00","2025-12-26","2026-01-25","1140.21","0.00","0.00","0.00","0.00","1140.21","0.00","1","0","-25","1","Current","0.00","0",""
"INV-029780","C0150","Northfield Industries","OEM Manufacturer","Midwest","Hana Sato","Low","425000.00","COL-01","Priya Natarajan","Strategic Accounts","NET45","45","0.00","2025-12-26","2026-02-09","9927.55","0.00","0.00","0.00","0.00","9927.55","0.00","1","0","-40","1","Current","0.00","0",""
"INV-029781","C0154","Frontier University Facilities - Southeast","Institutional","Southeast","Luis Moreno","Medium","160000.00","COL-01","Priya Natarajan","Strategic Accounts","NET60","60","0.00","2025-12-26","2026-02-24","2210.66","0.00","0.00","0.00","0.00","2210.66","0.00","1","0","-55","1","Current","0.00","0",""
"INV-029782","C0155","Crestview Supply Co.","MRO Reseller","Northeast","Adrian Cole","Low","30000.00","COL-05","Grace Lindqvist","Small Business","2/10NET30","30","2.00","2025-12-26","2026-01-25","3050.89","0.00","0.00","0.00","0.00","3050.89","0.00","1","0","-25","1","Current","0.00","0",""
"INV-029783","C0163","Keystone Fabrication","OEM Manufacturer","Midwest","Ben Kowalczyk","Medium","600000.00","COL-01","Priya Natarajan","Strategic Accounts","NET60","60","0.00","2025-12-26","2026-02-24","11027.93","0.00","0.00","0.00","0.00","11027.93","0.00","1","0","-55","1","Current","0.00","0",""
"INV-029784","C0164","Lakeshore Fabrication","OEM Manufacturer","Southwest","Rosa Delgado","Medium","240000.00","COL-01","Priya Natarajan","Strategic Accounts","NET45","45","0.00","2025-12-26","2026-02-09","1798.68","0.00","0.00","0.00","0.00","1798.68","0.00","1","0","-40","1","Current","0.00","0",""
"INV-029785","C0170","Titan Industries","OEM Manufacturer","Northeast","Adrian Cole","Low","580000.00","COL-01","Priya Natarajan","Strategic Accounts","NET45","45","0.00","2025-12-26","2026-02-09","2449.56","0.00","0.00","0.00","0.00","2449.56","0.00","1","0","-40","1","Current","0.00","0",""
"INV-029786","C0175","Redline Mechanical - Southwest","Contractor","Southwest","Kevin Ames","Low","85000.00","COL-03","Elena Ruiz","Commercial","NET60","60","0.00","2025-12-26","2026-02-24","2127.26","0.00","0.00","0.00","0.00","2127.26","0.00","1","0","-55","1","Current","0.00","0",""
"INV-029787","C0177","Frontier Builders - West","Contractor","West","Maya Brennan","Low","105000.00","COL-04","Tomas Okafor","Commercial","2/10NET30","30","2.00","2025-12-26","2026-01-25","4117.17","0.00","0.00","0.00","0.00","4117.17","0.00","1","0","-25","1","Current","0.00","0",""
"INV-029788","C0190","Harbor Fabrication","OEM Manufacturer","West","Owen Price","Medium","580000.00","COL-01","Priya Natarajan","Strategic Accounts","NET45","45","0.00","2025-12-26","2026-02-09","2970.15","0.00","0.00","0.00","0.00","2970.15","0.00","1","0","-40","1","Current","0.00","0",""
"INV-029789","C0194","Riverbend Mechanical - Southeast","Contractor","Southeast","Dana Whitfield","Medium","150000.00","COL-01","Priya Natarajan","Strategic Accounts","NET30","30","0.00","2025-12-26","2026-01-25","2267.40","0.00","0.00","0.00","0.00","2267.40","0.00","1","0","-25","1","Current","0.00","0",""
"INV-029790","C0200","Harbor Mechanical","Contractor","Southwest","Kevin Ames","High","90000.00","COL-04","Tomas Okafor","Commercial","NET60","60","0.00","2025-12-26","2026-02-24","922.55","0.00","0.00","0.00","0.00","922.55","0.00","1","0","-55","1","Current","0.00","0",""
"INV-029791","C0201","Titan Machine Works","OEM Manufacturer","Southwest","Kevin Ames","Low","525000.00","COL-02","Marcus Bell","Strategic Accounts","NET45","45","0.00","2025-12-26","2026-02-09","6635.53","0.00","0.00","0.00","0.00","6635.53","0.00","1","0","-40","1","Current","0.00","0",""
"INV-029792","C0204","Cedar Ridge Builders","Contractor","West","Owen Price","Low","50000.00","COL-04","Tomas Okafor","Commercial","NET60","60","0.00","2025-12-26","2026-02-24","6856.20","0.00","0.00","0.00","0.00","6856.20","0.00","1","0","-55","1","Current","0.00","0",""
"INV-029793","C0224","Westbrook Industrial Supply - Northeast 3","MRO Reseller","Northeast","Adrian Cole","Low","110000.00","COL-06","Sam Horowitz","Small Business","2/10NET30","30","2.00","2025-12-26","2026-01-25","644.94","0.00","0.00","0.00","0.00","644.94","0.00","1","0","-25","1","Current","0.00","0",""
"INV-029794","C0226","Lakeshore Industries","OEM Manufacturer","Midwest","Hana Sato","Medium","410000.00","COL-01","Priya Natarajan","Strategic Accounts","NET60","60","0.00","2025-12-26","2026-02-24","13899.08","0.00","0.00","0.00","0.00","13899.08","0.00","1","0","-55","1","Current","0.00","0",""
"INV-029795","C0238","Oakmont Builders - Midwest","Contractor","Midwest","Ben Kowalczyk","Low","145000.00","COL-04","Tomas Okafor","Commercial","NET30","30","0.00","2025-12-26","2026-01-25","1177.08","0.00","0.00","0.00","0.00","1177.08","0.00","1","0","-25","1","Current","0.00","0",""
"INV-029796","C0239","Northfield Supply Co. - Northeast","MRO Reseller","Northeast","Adrian Cole","Low","75000.00","COL-05","Grace Lindqvist","Small Business","2/10NET30","30","2.00","2025-12-26","2026-01-25","3697.47","0.00","0.00","0.00","0.00","3697.47","0.00","1","0","-25","1","Current","0.00","0",""
"INV-029797","C0249","Harbor Contracting","Contractor","Northeast","Adrian Cole","Low","25000.00","COL-03","Elena Ruiz","Commercial","NET30","30","0.00","2025-12-26","2026-01-25","818.36","0.00","0.00","0.00","0.00","818.36","0.00","1","0","-25","1","Current","0.00","0",""
"INV-029798","C0255","Riverbend Fabrication","OEM Manufacturer","Southwest","Rosa Delgado","Low","245000.00","COL-02","Marcus Bell","Strategic Accounts","NET60","60","0.00","2025-12-26","2026-02-24","1725.11","0.00","0.00","0.00","0.00","1725.11","0.00","1","0","-55","1","Current","0.00","0",""
"INV-029799","C0262","Titan Industrial Supply","MRO Reseller","Midwest","Hana Sato","Medium","110000.00","COL-05","Grace Lindqvist","Small Business","NET30","30","0.00","2025-12-26","2026-01-25","472.42","0.00","0.00","0.00","0.00","472.42","0.00","1","0","-25","1","Current","0.00","0",""
"INV-029800","C0265","Westbrook Mechanical - Southwest 3","Contractor","Southwest","Kevin Ames","Medium","85000.00","COL-04","Tomas Okafor","Commercial","NET60","60","0.00","2025-12-26","2026-02-24","1211.04","0.00","0.00","0.00","0.00","1211.04","0.00","1","0","-55","1","Current","0.00","0",""
"INV-029801","C0292","Cedar Ridge Maintenance Supply","MRO Reseller","Southeast","Luis Moreno","Medium","85000.00","COL-05","Grace Lindqvist","Small Business","NET30","30","0.00","2025-12-26","2026-01-25","908.62","0.00","0.00","0.00","0.00","908.62","0.00","1","0","-25","1","Current","0.00","0",""
"INV-029802","C0314","Cedar Ridge Fabrication","OEM Manufacturer","Southeast","Dana Whitfield","Low","275000.00","COL-02","Marcus Bell","Strategic Accounts","NET60","60","0.00","2025-12-26","2026-02-24","16722.30","0.00","0.00","0.00","0.00","16722.30","0.00","1","0","-55","1","Current","0.00","0",""
"INV-029803","C0317","Apex Industrial Supply","MRO Reseller","West","Owen Price","Low","100000.00","COL-06","Sam Horowitz","Small Business","NET30","30","0.00","2025-12-26","2026-01-25","450.38","0.00","0.00","0.00","0.00","450.38","0.00","1","0","-25","1","Current","0.00","0",""
"INV-029804","C0324","Pioneer Construction","Contractor","Southeast","Dana Whitfield","High","145000.00","COL-03","Elena Ruiz","Commercial","2/10NET30","30","2.00","2025-12-26","2026-01-25","6347.67","0.00","0.00","0.00","0.00","6347.67","0.00","1","0","-25","1","Current","0.00","0",""
"INV-029805","C0349","Granite Manufacturing","OEM Manufacturer","Northeast","Nadia Farouk","High","490000.00","COL-02","Marcus Bell","Strategic Accounts","NET60","60","0.00","2025-12-26","2026-02-24","6047.52","0.00","0.00","0.00","0.00","6047.52","0.00","1","0","-55","1","Current","0.00","0",""
"INV-029806","C0353","Summit Mechanical - Southwest 3","Contractor","Southwest","Rosa Delgado","High","150000.00","COL-01","Priya Natarajan","Strategic Accounts","2/10NET30","30","2.00","2025-12-26","2026-01-25","2673.28","0.00","0.00","0.00","0.00","2673.28","0.00","1","0","-25","1","Current","0.00","0",""
"INV-029807","C0364","Redline Industries - Northeast","OEM Manufacturer","Northeast","Adrian Cole","Low","335000.00","COL-02","Marcus Bell","Strategic Accounts","NET45","45","0.00","2025-12-26","2026-02-09","12976.69","0.00","0.00","0.00","0.00","12976.69","0.00","1","0","-40","1","Current","0.00","0",""
"INV-029808","C0369","Lakeshore Components","OEM Manufacturer","Midwest","Hana Sato","High","545000.00","COL-02","Marcus Bell","Strategic Accounts","NET60","60","0.00","2025-12-26","2026-02-24","6165.49","0.00","0.00","0.00","0.00","6165.49","0.00","1","0","-55","1","Current","0.00","0",""
"INV-029809","C0377","Northfield Machine Works","OEM Manufacturer","West","Owen Price","High","160000.00","COL-02","Marcus Bell","Strategic Accounts","NET60","60","0.00","2025-12-26","2026-02-24","1953.74","0.00","0.00","0.00","0.00","1953.74","0.00","1","0","-55","1","Current","0.00","0",""
"INV-029810","C0384","Riverbend Industries - Southeast","OEM Manufacturer","Southeast","Luis Moreno","Low","370000.00","COL-01","Priya Natarajan","Strategic Accounts","NET60","60","0.00","2025-12-26","2026-02-24","2800.71","0.00","0.00","0.00","0.00","2800.71","0.00","1","0","-55","1","Current","0.00","0",""
"INV-029811","C0387","Apex Industrial Supply - Southeast","MRO Reseller","Southeast","Dana Whitfield","Medium","80000.00","COL-06","Sam Horowitz","Small Business","NET30","30","0.00","2025-12-26","2026-01-25","4602.16","0.00","0.00","0.00","0.00","4602.16","0.00","1","0","-25","1","Current","0.00","0",""
"INV-029812","C0396","Ironbridge Manufacturing","OEM Manufacturer","Southeast","Dana Whitfield","Medium","270000.00","COL-01","Priya Natarajan","Strategic Accounts","NET45","45","0.00","2025-12-26","2026-02-09","2654.72","0.00","0.00","0.00","0.00","2654.72","0.00","1","0","-40","1","Current","0.00","0",""
"INV-029813","C0001","Silverline MRO Services","MRO Reseller","Northeast","Adrian Cole","Medium","120000.00","COL-05","Grace Lindqvist","Small Business","NET30","30","0.00","2025-12-29","2026-01-28","944.18","0.00","0.00","0.00","0.00","944.18","0.00","1","0","-28","1","Current","0.00","0",""
"INV-029814","C0004","Ironbridge Mechanical","Contractor","Northeast","Nadia Farouk","Medium","135000.00","COL-03","Elena Ruiz","Commercial","2/10NET30","30","2.00","2025-12-29","2026-01-28","1275.10","0.00","0.00","0.00","0.00","1275.10","0.00","1","0","-28","1","Current","0.00","0",""
"INV-029815","C0007","Cedar Ridge Industrial Supply","MRO Reseller","West","Owen Price","High","105000.00","COL-06","Sam Horowitz","Small Business","NET30","30","0.00","2025-12-29","2026-01-28","4011.63","0.00","0.00","0.00","0.00","4011.63","0.00","1","0","-28","1","Current","0.00","0",""
"INV-029816","C0010","Westbrook MRO Services","MRO Reseller","West","Maya Brennan","Low","90000.00","COL-05","Grace Lindqvist","Small Business","2/10NET30","30","2.00","2025-12-29","2026-01-28","516.45","0.00","0.00","0.00","0.00","516.45","0.00","1","0","-28","1","Current","0.00","0",""
"INV-029817","C0011","Redline Supply Co.","MRO Reseller","Northeast","Adrian Cole","Medium","75000.00","COL-06","Sam Horowitz","Small Business","2/10NET30","30","2.00","2025-12-29","2026-01-28","851.58","0.00","0.00","0.00","0.00","851.58","0.00","1","0","-28","1","Current","0.00","0",""
"INV-029818","C0017","Silverline Fabrication","OEM Manufacturer","Southwest","Kevin Ames","Low","500000.00","COL-01","Priya Natarajan","Strategic Accounts","NET45","45","0.00","2025-12-29","2026-02-12","1860.14","0.00","0.00","0.00","0.00","1860.14","0.00","1","0","-43","1","Current","0.00","0",""
"INV-029819","C0018","Redline Industries","OEM Manufacturer","Northeast","Nadia Farouk","Low","435000.00","COL-02","Marcus Bell","Strategic Accounts","NET45","45","0.00","2025-12-29","2026-02-12","12604.83","0.00","0.00","0.00","0.00","12604.83","0.00","1","0","-43","1","Current","0.00","0",""
"INV-029820","C0027","Oakmont Machine Works","OEM Manufacturer","Northeast","Nadia Farouk","Low","230000.00","COL-02","Marcus Bell","Strategic Accounts","NET45","45","0.00","2025-12-29","2026-02-12","5297.42","0.00","0.00","0.00","0.00","5297.42","0.00","1","0","-43","1","Current","0.00","0",""
"INV-029821","C0032","Cedar Ridge Components","OEM Manufacturer","West","Owen Price","Low","340000.00","COL-02","Marcus Bell","Strategic Accounts","NET45","45","0.00","2025-12-29","2026-02-12","14161.80","0.00","0.00","0.00","0.00","14161.80","0.00","1","0","-43","1","Current","0.00","0",""
"INV-029822","C0041","Oakmont Builders","Contractor","Southwest","Kevin Ames","Low","35000.00","COL-04","Tomas Okafor","Commercial","NET60","60","0.00","2025-12-29","2026-02-27","6112.57","0.00","0.00","0.00","0.00","6112.57","0.00","1","0","-58","1","Current","0.00","0",""
"INV-029823","C0044","Crestview Industrial Supply","MRO Reseller","Southwest","Kevin Ames","Low","35000.00","COL-06","Sam Horowitz","Small Business","NET30","30","0.00","2025-12-29","2026-01-28","598.88","0.00","0.00","0.00","0.00","598.88","0.00","1","0","-28","1","Current","0.00","0",""
"INV-029824","C0055","Silverline Components","OEM Manufacturer","Midwest","Ben Kowalczyk","Low","440000.00","COL-01","Priya Natarajan","Strategic Accounts","NET45","45","0.00","2025-12-29","2026-02-12","5036.88","0.00","0.00","0.00","0.00","5036.88","0.00","1","0","-43","1","Current","0.00","0",""
"INV-029825","C0059","Apex Mechanical","Contractor","Midwest","Ben Kowalczyk","High","150000.00","COL-02","Marcus Bell","Strategic Accounts","NET30","30","0.00","2025-12-29","2026-01-28","6847.73","0.00","0.00","0.00","0.00","6847.73","0.00","1","0","-28","1","Current","0.00","0",""
"INV-029826","C0080","Frontier Maintenance Supply","MRO Reseller","Northeast","Adrian Cole","Medium","50000.00","COL-05","Grace Lindqvist","Small Business","NET30","30","0.00","2025-12-29","2026-01-28","1460.00","0.00","0.00","0.00","0.00","1460.00","0.00","1","0","-28","1","Current","0.00","0",""
"INV-029827","C0081","Crestview Builders","Contractor","Southeast","Dana Whitfield","Low","30000.00","COL-04","Tomas Okafor","Commercial","NET30","30","0.00","2025-12-29","2026-01-28","5829.88","0.00","0.00","0.00","0.00","5829.88","0.00","1","0","-28","1","Current","0.00","0",""
"INV-029828","C0111","Harbor Manufacturing","OEM Manufacturer","West","Owen Price","Medium","405000.00","COL-02","Marcus Bell","Strategic Accounts","NET45","45","0.00","2025-12-29","2026-02-12","1928.46","0.00","0.00","0.00","0.00","1928.46","0.00","1","0","-43","1","Current","0.00","0",""
"INV-029829","C0126","Oakmont Parts & Service","MRO Reseller","West","Owen Price","Medium","65000.00","COL-06","Sam Horowitz","Small Business","NET30","30","0.00","2025-12-29","2026-01-28","4718.90","0.00","0.00","0.00","0.00","4718.90","0.00","1","0","-28","1","Current","0.00","0",""
"INV-029830","C0132","Keystone Contracting","Contractor","West","Maya Brennan","High","105000.00","COL-04","Tomas Okafor","Commercial","NET60","60","0.00","2025-12-29","2026-02-27","2068.46","0.00","0.00","0.00","0.00","2068.46","0.00","1","0","-58","1","Current","0.00","0",""
"INV-029831","C0144","Frontier Electric","Contractor","Northeast","Nadia Farouk","Medium","110000.00","COL-04","Tomas Okafor","Commercial","NET30","30","0.00","2025-12-29","2026-01-28","1185.88","0.00","0.00","0.00","0.00","1185.88","0.00","1","0","-28","1","Current","0.00","0",""
"INV-029832","C0152","Summit Supply Co.","MRO Reseller","Midwest","Ben Kowalczyk","Medium","60000.00","COL-05","Grace Lindqvist","Small Business","2/10NET30","30","2.00","2025-12-29","2026-01-28","3273.48","0.00","0.00","0.00","0.00","3273.48","0.00","1","0","-28","1","Current","0.00","0",""
"INV-029833","C0161","Titan Construction - Northeast","Contractor","Northeast","Nadia Farouk","Low","120000.00","COL-03","Elena Ruiz","Commercial","NET30","30","0.00","2025-12-29","2026-01-28","3946.84","0.00","0.00","0.00","0.00","3946.84","0.00","1","0","-28","1","Current","0.00","0",""
"INV-029834","C0163","Keystone Fabrication","OEM Manufacturer","Midwest","Ben Kowalczyk","Medium","600000.00","COL-01","Priya Natarajan","Strategic Accounts","NET60","60","0.00","2025-12-29","2026-02-27","11612.26","0.00","0.00","0.00","0.00","11612.26","0.00","1","0","-58","1","Current","0.00","0",""
"INV-029835","C0164","Lakeshore Fabrication","OEM Manufacturer","Southwest","Rosa Delgado","Medium","240000.00","COL-01","Priya Natarajan","Strategic Accounts","NET45","45","0.00","2025-12-29","2026-02-12","3177.64","0.00","0.00","0.00","0.00","3177.64","0.00","1","0","-43","1","Current","0.00","0",""
"INV-029836","C0171","Silverline Maintenance Supply - Southwest","MRO Reseller","Southwest","Kevin Ames","Medium","110000.00","COL-06","Sam Horowitz","Small Business","NET30","30","0.00","2025-12-29","2026-01-28","4917.18","0.00","0.00","0.00","0.00","4917.18","0.00","1","0","-28","1","Current","0.00","0",""
"INV-029837","C0175","Redline Mechanical - Southwest","Contractor","Southwest","Kevin Ames","Low","85000.00","COL-03","Elena Ruiz","Commercial","NET60","60","0.00","2025-12-29","2026-02-27","4139.12","0.00","0.00","0.00","0.00","4139.12","0.00","1","0","-58","1","Current","0.00","0",""
"INV-029838","C0186","Redline Parts & Service - Northeast","MRO Reseller","Northeast","Nadia Farouk","Low","100000.00","COL-05","Grace Lindqvist","Small Business","NET30","30","0.00","2025-12-29","2026-01-28","3797.79","0.00","0.00","0.00","0.00","3797.79","0.00","1","0","-28","1","Current","0.00","0",""
"INV-029839","C0197","Harbor Machine Works - Southwest 3","OEM Manufacturer","Southwest","Kevin Ames","Low","470000.00","COL-01","Priya Natarajan","Strategic Accounts","NET60","60","0.00","2025-12-29","2026-02-27","2592.14","0.00","0.00","0.00","0.00","2592.14","0.00","1","0","-58","1","Current","0.00","0",""
"INV-029840","C0201","Titan Machine Works","OEM Manufacturer","Southwest","Kevin Ames","Low","525000.00","COL-02","Marcus Bell","Strategic Accounts","NET45","45","0.00","2025-12-29","2026-02-12","2663.66","0.00","0.00","0.00","0.00","2663.66","0.00","1","0","-43","1","Current","0.00","0",""
"INV-029841","C0203","Redline Industrial Supply - Southwest","MRO Reseller","Southwest","Kevin Ames","Low","120000.00","COL-06","Sam Horowitz","Small Business","NET30","30","0.00","2025-12-29","2026-01-28","3095.44","0.00","0.00","0.00","0.00","3095.44","0.00","1","0","-28","1","Current","0.00","0",""
"INV-029842","C0218","Riverbend Parts & Service - Midwest","MRO Reseller","Midwest","Hana Sato","Low","115000.00","COL-06","Sam Horowitz","Small Business","NET30","30","0.00","2025-12-29","2026-01-28","4024.21","0.00","0.00","0.00","0.00","4024.21","0.00","1","0","-28","1","Current","0.00","0",""
"INV-029843","C0225","Titan Parts & Service","MRO Reseller","Midwest","Ben Kowalczyk","High","50000.00","COL-06","Sam Horowitz","Small Business","2/10NET30","30","2.00","2025-12-29","2026-01-28","1811.97","0.00","0.00","0.00","0.00","1811.97","0.00","1","0","-28","1","Current","0.00","0",""
"INV-029844","C0238","Oakmont Builders - Midwest","Contractor","Midwest","Ben Kowalczyk","Low","145000.00","COL-04","Tomas Okafor","Commercial","NET30","30","0.00","2025-12-29","2026-01-28","8436.56","0.00","0.00","0.00","0.00","8436.56","0.00","1","0","-28","1","Current","0.00","0",""
"INV-029845","C0265","Westbrook Mechanical - Southwest 3","Contractor","Southwest","Kevin Ames","Medium","85000.00","COL-04","Tomas Okafor","Commercial","NET60","60","0.00","2025-12-29","2026-02-27","2511.07","0.00","0.00","0.00","0.00","2511.07","0.00","1","0","-58","1","Current","0.00","0",""
"INV-029846","C0271","Riverbend Electric - Midwest 3","Contractor","Midwest","Hana Sato","High","140000.00","COL-03","Elena Ruiz","Commercial","2/10NET30","30","2.00","2025-12-29","2026-01-28","5909.32","0.00","0.00","0.00","0.00","5909.32","0.00","1","0","-28","1","Current","0.00","0",""
"INV-029847","C0291","Redline Contracting","Contractor","Southeast","Luis Moreno","Low","75000.00","COL-04","Tomas Okafor","Commercial","NET30","30","0.00","2025-12-29","2026-01-28","2203.72","0.00","0.00","0.00","0.00","2203.72","0.00","1","0","-28","1","Current","0.00","0",""
"INV-029848","C0299","Silverline Industries","OEM Manufacturer","Southwest","Rosa Delgado","Low","405000.00","COL-02","Marcus Bell","Strategic Accounts","NET60","60","0.00","2025-12-29","2026-02-27","3283.89","0.00","0.00","0.00","0.00","3283.89","0.00","1","0","-58","1","Current","0.00","0",""
"INV-029849","C0317","Apex Industrial Supply","MRO Reseller","West","Owen Price","Low","100000.00","COL-06","Sam Horowitz","Small Business","NET30","30","0.00","2025-12-29","2026-01-28","496.68","0.00","0.00","0.00","0.00","496.68","0.00","1","0","-28","1","Current","0.00","0",""
"INV-029850","C0328","Westbrook Industries","OEM Manufacturer","Midwest","Ben Kowalczyk","Low","590000.00","COL-01","Priya Natarajan","Strategic Accounts","NET45","45","0.00","2025-12-29","2026-02-12","1647.88","0.00","0.00","0.00","0.00","1647.88","0.00","1","0","-43","1","Current","0.00","0",""
"INV-029851","C0330","Westbrook Electric - West","Contractor","West","Owen Price","Medium","75000.00","COL-04","Tomas Okafor","Commercial","2/10NET30","30","2.00","2025-12-29","2026-01-28","5631.88","0.00","0.00","0.00","0.00","5631.88","0.00","1","0","-28","1","Current","0.00","0",""
"INV-029852","C0332","Bluewater Parts & Service - Southwest 4","MRO Reseller","Southwest","Rosa Delgado","Medium","65000.00","COL-06","Sam Horowitz","Small Business","NET30","30","0.00","2025-12-29","2026-01-28","782.18","0.00","0.00","0.00","0.00","782.18","0.00","1","0","-28","1","Current","0.00","0",""
"INV-029853","C0338","Crestview Supply Co. - Southeast","MRO Reseller","Southeast","Luis Moreno","Medium","50000.00","COL-05","Grace Lindqvist","Small Business","NET30","30","0.00","2025-12-29","2026-01-28","1322.02","0.00","0.00","0.00","0.00","1322.02","0.00","1","0","-28","1","Current","0.00","0",""
"INV-029854","C0368","Stonegate Machine Works - West","OEM Manufacturer","West","Owen Price","Low","205000.00","COL-01","Priya Natarajan","Strategic Accounts","NET60","60","0.00","2025-12-29","2026-02-27","1708.05","0.00","0.00","0.00","0.00","1708.05","0.00","1","0","-58","1","Current","0.00","0",""
"INV-029855","C0376","Summit Components - Midwest","OEM Manufacturer","Midwest","Hana Sato","High","565000.00","COL-01","Priya Natarajan","Strategic Accounts","NET45","45","0.00","2025-12-29","2026-02-12","4317.37","0.00","0.00","0.00","0.00","4317.37","0.00","1","0","-43","1","Current","0.00","0",""
"INV-029856","C0393","Silverline Components - West 3","OEM Manufacturer","West","Owen Price","Low","415000.00","COL-01","Priya Natarajan","Strategic Accounts","NET45","45","0.00","2025-12-29","2026-02-12","2413.80","0.00","0.00","0.00","0.00","2413.80","0.00","1","0","-43","1","Current","0.00","0",""
"INV-029857","C0004","Ironbridge Mechanical","Contractor","Northeast","Nadia Farouk","Medium","135000.00","COL-03","Elena Ruiz","Commercial","2/10NET30","30","2.00","2025-12-30","2026-01-29","7396.75","0.00","0.00","0.00","0.00","7396.75","0.00","1","0","-29","1","Current","0.00","0",""
"INV-029858","C0015","Granite Contracting","Contractor","Northeast","Nadia Farouk","Low","145000.00","COL-04","Tomas Okafor","Commercial","NET30","30","0.00","2025-12-30","2026-01-29","1070.72","0.00","0.00","0.00","0.00","1070.72","0.00","1","0","-29","1","Current","0.00","0",""
"INV-029859","C0016","Pioneer Parts & Service","MRO Reseller","West","Maya Brennan","Low","30000.00","COL-06","Sam Horowitz","Small Business","NET30","30","0.00","2025-12-30","2026-01-29","3376.81","0.00","0.00","0.00","0.00","3376.81","0.00","1","0","-29","1","Current","0.00","0",""
"INV-029860","C0020","Cedar Ridge MRO Services","MRO Reseller","Northeast","Adrian Cole","Medium","45000.00","COL-05","Grace Lindqvist","Small Business","NET30","30","0.00","2025-12-30","2026-01-29","450.36","0.00","0.00","0.00","0.00","450.36","0.00","1","0","-29","1","Current","0.00","0",""
"INV-029861","C0028","Keystone Parts & Service","MRO Reseller","Southeast","Dana Whitfield","Medium","25000.00","COL-06","Sam Horowitz","Small Business","NET30","30","0.00","2025-12-30","2026-01-29","452.76","0.00","0.00","0.00","0.00","452.76","0.00","1","0","-29","1","Current","0.00","0",""
"INV-029862","C0031","Stonegate Machine Works","OEM Manufacturer","Northeast","Adrian Cole","Low","515000.00","COL-02","Marcus Bell","Strategic Accounts","NET60","60","0.00","2025-12-30","2026-02-28","4961.36","0.00","0.00","0.00","0.00","4961.36","0.00","1","0","-59","1","Current","0.00","0",""
"INV-029863","C0037","Westbrook Builders","Contractor","Southeast","Luis Moreno","High","40000.00","COL-04","Tomas Okafor","Commercial","2/10NET30","30","2.00","2025-12-30","2026-01-29","7545.53","0.00","0.00","0.00","0.00","7545.53","0.00","1","0","-29","1","Current","0.00","0",""
"INV-029864","C0038","Summit Fabrication","OEM Manufacturer","Northeast","Adrian Cole","High","430000.00","COL-01","Priya Natarajan","Strategic Accounts","NET45","45","0.00","2025-12-30","2026-02-13","6496.88","0.00","0.00","0.00","0.00","6496.88","0.00","1","0","-44","1","Current","0.00","0",""
"INV-029865","C0040","Apex MRO Services","MRO Reseller","Northeast","Nadia Farouk","Medium","45000.00","COL-05","Grace Lindqvist","Small Business","NET30","30","0.00","2025-12-30","2026-01-29","1237.78","0.00","0.00","0.00","0.00","1237.78","0.00","1","0","-29","1","Current","0.00","0",""
"INV-029866","C0068","Harbor Industries","OEM Manufacturer","Southwest","Rosa Delgado","High","600000.00","COL-01","Priya Natarajan","Strategic Accounts","NET60","60","0.00","2025-12-30","2026-02-28","4106.47","0.00","0.00","0.00","0.00","4106.47","0.00","1","0","-59","1","Current","0.00","0",""
"INV-029867","C0075","Ironbridge Mechanical - Southeast 3","Contractor","Southeast","Luis Moreno","Medium","85000.00","COL-03","Elena Ruiz","Commercial","NET30","30","0.00","2025-12-30","2026-01-29","1014.02","0.00","0.00","0.00","0.00","1014.02","0.00","1","0","-29","1","Current","0.00","0",""
"INV-029868","C0089","Ironbridge Industrial Supply","MRO Reseller","Southeast","Luis Moreno","Medium","70000.00","COL-05","Grace Lindqvist","Small Business","2/10NET30","30","2.00","2025-12-30","2026-01-29","831.45","0.00","0.00","0.00","0.00","831.45","0.00","1","0","-29","1","Current","0.00","0",""
"INV-029869","C0092","Stonegate Electric - Northeast","Contractor","Northeast","Nadia Farouk","Low","105000.00","COL-04","Tomas Okafor","Commercial","2/10NET30","30","2.00","2025-12-30","2026-01-29","3073.03","0.00","0.00","0.00","0.00","3073.03","0.00","1","0","-29","1","Current","0.00","0",""
"INV-029870","C0104","Granite Industrial Supply","MRO Reseller","Midwest","Ben Kowalczyk","Low","105000.00","COL-06","Sam Horowitz","Small Business","NET30","30","0.00","2025-12-30","2026-01-29","904.34","0.00","0.00","0.00","0.00","904.34","0.00","1","0","-29","1","Current","0.00","0",""
"INV-029871","C0111","Harbor Manufacturing","OEM Manufacturer","West","Owen Price","Medium","405000.00","COL-02","Marcus Bell","Strategic Accounts","NET45","45","0.00","2025-12-30","2026-02-13","7722.57","0.00","0.00","0.00","0.00","7722.57","0.00","1","0","-44","1","Current","0.00","0",""
"INV-029872","C0131","Bluewater Mechanical","Contractor","Northeast","Adrian Cole","High","45000.00","COL-04","Tomas Okafor","Commercial","2/10NET30","30","2.00","2025-12-30","2026-01-29","4520.38","0.00","0.00","0.00","0.00","4520.38","0.00","1","0","-29","1","Current","0.00","0",""
"INV-029873","C0136","Crestview Industrial Supply - West","MRO Reseller","West","Maya Brennan","High","65000.00","COL-05","Grace Lindqvist","Small Business","NET30","30","0.00","2025-12-30","2026-01-29","565.20","0.00","0.00","0.00","0.00","565.20","0.00","1","0","-29","1","Current","0.00","0",""
"INV-029874","C0152","Summit Supply Co.","MRO Reseller","Midwest","Ben Kowalczyk","Medium","60000.00","COL-05","Grace Lindqvist","Small Business","2/10NET30","30","2.00","2025-12-30","2026-01-29","4501.89","0.00","0.00","0.00","0.00","4501.89","0.00","1","0","-29","1","Current","0.00","0",""
"INV-029875","C0159","Apex Builders","Contractor","Northeast","Adrian Cole","Medium","150000.00","COL-02","Marcus Bell","Strategic Accounts","2/10NET30","30","2.00","2025-12-30","2026-01-29","3919.38","0.00","0.00","0.00","0.00","3919.38","0.00","1","0","-29","1","Current","0.00","0",""
"INV-029876","C0161","Titan Construction - Northeast","Contractor","Northeast","Nadia Farouk","Low","120000.00","COL-03","Elena Ruiz","Commercial","NET30","30","0.00","2025-12-30","2026-01-29","1233.42","0.00","0.00","0.00","0.00","1233.42","0.00","1","0","-29","1","Current","0.00","0",""
"INV-029877","C0162","Stonegate Builders","Contractor","Southwest","Kevin Ames","Medium","55000.00","COL-03","Elena Ruiz","Commercial","NET60","60","0.00","2025-12-30","2026-02-28","1952.83","0.00","0.00","0.00","0.00","1952.83","0.00","1","0","-59","1","Current","0.00","0",""
"INV-029878","C0173","Lakeshore Builders - Midwest","Contractor","Midwest","Hana Sato","Low","25000.00","COL-03","Elena Ruiz","Commercial","NET30","30","0.00","2025-12-30","2026-01-29","6709.51","0.00","0.00","0.00","0.00","6709.51","0.00","1","0","-29","1","Current","0.00","0",""
"INV-029879","C0175","Redline Mechanical - Southwest","Contractor","Southwest","Kevin Ames","Low","85000.00","COL-03","Elena Ruiz","Commercial","NET60","60","0.00","2025-12-30","2026-02-28","7899.67","0.00","0.00","0.00","0.00","7899.67","0.00","1","0","-59","1","Current","0.00","0",""
"INV-029880","C0178","Westbrook Industrial Supply","MRO Reseller","Southeast","Luis Moreno","Medium","60000.00","COL-06","Sam Horowitz","Small Business","2/10NET30","30","2.00","2025-12-30","2026-01-29","695.16","0.00","0.00","0.00","0.00","695.16","0.00","1","0","-29","1","Current","0.00","0",""
"INV-029881","C0179","Riverbend Supply Co.","MRO Reseller","Midwest","Hana Sato","Medium","75000.00","COL-06","Sam Horowitz","Small Business","2/10NET30","30","2.00","2025-12-30","2026-01-29","522.83","0.00","0.00","0.00","0.00","522.83","0.00","1","0","-29","1","Current","0.00","0",""
"INV-029882","C0195","Redline Manufacturing","OEM Manufacturer","Southwest","Kevin Ames","Medium","360000.00","COL-01","Priya Natarajan","Strategic Accounts","NET60","60","0.00","2025-12-30","2026-02-28","12595.96","0.00","0.00","0.00","0.00","12595.96","0.00","1","0","-59","1","Current","0.00","0",""
"INV-029883","C0200","Harbor Mechanical","Contractor","Southwest","Kevin Ames","High","90000.00","COL-04","Tomas Okafor","Commercial","NET60","60","0.00","2025-12-30","2026-02-28","1310.16","0.00","0.00","0.00","0.00","1310.16","0.00","1","0","-59","1","Current","0.00","0",""
"INV-029884","C0225","Titan Parts & Service","MRO Reseller","Midwest","Ben Kowalczyk","High","50000.00","COL-06","Sam Horowitz","Small Business","2/10NET30","30","2.00","2025-12-30","2026-01-29","582.35","0.00","0.00","0.00","0.00","582.35","0.00","1","0","-29","1","Current","0.00","0",""
"INV-029885","C0232","Titan Builders - Southwest","Contractor","Southwest","Kevin Ames","High","105000.00","COL-04","Tomas Okafor","Commercial","2/10NET30","30","2.00","2025-12-30","2026-01-29","1515.42","0.00","0.00","0.00","0.00","1515.42","0.00","1","0","-29","1","Current","0.00","0",""
"INV-029886","C0238","Oakmont Builders - Midwest","Contractor","Midwest","Ben Kowalczyk","Low","145000.00","COL-04","Tomas Okafor","Commercial","NET30","30","0.00","2025-12-30","2026-01-29","4417.52","0.00","0.00","0.00","0.00","4417.52","0.00","1","0","-29","1","Current","0.00","0",""
"INV-029887","C0240","Summit Contracting","Contractor","West","Maya Brennan","Medium","50000.00","COL-04","Tomas Okafor","Commercial","NET60","60","0.00","2025-12-30","2026-02-28","3298.11","0.00","0.00","0.00","0.00","3298.11","0.00","1","0","-59","1","Current","0.00","0",""
"INV-029888","C0246","Lakeshore Industrial Supply","MRO Reseller","Southeast","Luis Moreno","Low","90000.00","COL-06","Sam Horowitz","Small Business","NET30","30","0.00","2025-12-30","2026-01-29","1515.05","0.00","0.00","0.00","0.00","1515.05","0.00","1","0","-29","1","Current","0.00","0",""
"INV-029889","C0247","Westbrook Contracting","Contractor","Northeast","Adrian Cole","Medium","30000.00","COL-04","Tomas Okafor","Commercial","NET30","30","0.00","2025-12-30","2026-01-29","2344.96","0.00","0.00","0.00","0.00","2344.96","0.00","1","0","-29","1","Current","0.00","0",""
"INV-029890","C0257","Granite Supply Co.","MRO Reseller","West","Owen Price","Medium","40000.00","COL-06","Sam Horowitz","Small Business","NET30","30","0.00","2025-12-30","2026-01-29","565.72","0.00","0.00","0.00","0.00","565.72","0.00","1","0","-29","1","Current","0.00","0",""
"INV-029891","C0260","Harbor Industrial Supply","MRO Reseller","Northeast","Adrian Cole","High","55000.00","COL-05","Grace Lindqvist","Small Business","2/10NET30","30","2.00","2025-12-30","2026-01-29","1892.79","0.00","0.00","0.00","0.00","1892.79","0.00","1","0","-29","1","Current","0.00","0",""
"INV-029892","C0266","Cedar Ridge Construction - West 3","Contractor","West","Owen Price","Low","135000.00","COL-04","Tomas Okafor","Commercial","2/10NET30","30","2.00","2025-12-30","2026-01-29","8447.61","0.00","0.00","0.00","0.00","8447.61","0.00","1","0","-29","1","Current","0.00","0",""
"INV-029893","C0267","Redline Manufacturing - Southwest","OEM Manufacturer","Southwest","Rosa Delgado","Low","420000.00","COL-02","Marcus Bell","Strategic Accounts","NET60","60","0.00","2025-12-30","2026-02-28","17427.83","0.00","0.00","0.00","0.00","17427.83","0.00","1","0","-59","1","Current","0.00","0",""
"INV-029894","C0275","Cedar Ridge Machine Works - Southwest","OEM Manufacturer","Southwest","Rosa Delgado","High","535000.00","COL-01","Priya Natarajan","Strategic Accounts","NET60","60","0.00","2025-12-30","2026-02-28","10666.16","0.00","0.00","0.00","0.00","10666.16","0.00","1","0","-59","1","Current","0.00","0",""
"INV-029895","C0277","Lakeshore Construction - West","Contractor","West","Maya Brennan","High","25000.00","COL-04","Tomas Okafor","Commercial","2/10NET30","30","2.00","2025-12-30","2026-01-29","840.73","0.00","0.00","0.00","0.00","840.73","0.00","1","0","-29","1","Current","0.00","0",""
"INV-029896","C0283","Apex Industries","OEM Manufacturer","Midwest","Hana Sato","Low","390000.00","COL-01","Priya Natarajan","Strategic Accounts","NET60","60","0.00","2025-12-30","2026-02-28","2096.76","0.00","0.00","0.00","0.00","2096.76","0.00","1","0","-59","1","Current","0.00","0",""
"INV-029897","C0284","Apex Manufacturing - Southwest 3","OEM Manufacturer","Southwest","Rosa Delgado","Low","275000.00","COL-02","Marcus Bell","Strategic Accounts","NET60","60","0.00","2025-12-30","2026-02-28","2342.49","0.00","0.00","0.00","0.00","2342.49","0.00","1","0","-59","1","Current","0.00","0",""
"INV-029898","C0292","Cedar Ridge Maintenance Supply","MRO Reseller","Southeast","Luis Moreno","Medium","85000.00","COL-05","Grace Lindqvist","Small Business","NET30","30","0.00","2025-12-30","2026-01-29","1083.53","0.00","0.00","0.00","0.00","1083.53","0.00","1","0","-29","1","Current","0.00","0",""
"INV-029899","C0296","Crestview Manufacturing","OEM Manufacturer","Midwest","Ben Kowalczyk","Medium","590000.00","COL-01","Priya Natarajan","Strategic Accounts","NET45","45","0.00","2025-12-30","2026-02-13","4666.07","0.00","0.00","0.00","0.00","4666.07","0.00","1","0","-44","1","Current","0.00","0",""
"INV-029900","C0315","Lakeshore Parts & Service - Northeast","MRO Reseller","Northeast","Nadia Farouk","Medium","40000.00","COL-05","Grace Lindqvist","Small Business","2/10NET30","30","2.00","2025-12-30","2026-01-29","3353.88","0.00","0.00","0.00","0.00","3353.88","0.00","1","0","-29","1","Current","0.00","0",""
"INV-029901","C0316","Bluewater Parts & Service - Midwest 3","MRO Reseller","Midwest","Hana Sato","Medium","75000.00","COL-06","Sam Horowitz","Small Business","NET30","30","0.00","2025-12-30","2026-01-29","1992.15","0.00","0.00","0.00","0.00","1992.15","0.00","1","0","-29","1","Current","0.00","0",""
"INV-029902","C0326","Pioneer Manufacturing","OEM Manufacturer","Northeast","Adrian Cole","Low","315000.00","COL-01","Priya Natarajan","Strategic Accounts","NET45","45","0.00","2025-12-30","2026-02-13","6019.27","0.00","0.00","0.00","0.00","6019.27","0.00","1","0","-44","1","Current","0.00","0",""
"INV-029903","C0336","Summit Contracting - Southwest 3","Contractor","Southwest","Rosa Delgado","Low","95000.00","COL-03","Elena Ruiz","Commercial","NET60","60","0.00","2025-12-30","2026-02-28","7739.57","0.00","0.00","0.00","0.00","7739.57","0.00","1","0","-59","1","Current","0.00","0",""
"INV-029904","C0337","Keystone Manufacturing","OEM Manufacturer","Northeast","Nadia Farouk","Low","540000.00","COL-01","Priya Natarajan","Strategic Accounts","NET45","45","0.00","2025-12-30","2026-02-13","5017.77","0.00","0.00","0.00","0.00","5017.77","0.00","1","0","-44","1","Current","0.00","0",""
"INV-029905","C0339","Summit Components","OEM Manufacturer","Southwest","Rosa Delgado","Low","445000.00","COL-02","Marcus Bell","Strategic Accounts","NET45","45","0.00","2025-12-30","2026-02-13","4926.07","0.00","0.00","0.00","0.00","4926.07","0.00","1","0","-44","1","Current","0.00","0",""
"INV-029906","C0342","Titan Medical Center","Institutional","Midwest","Ben Kowalczyk","Medium","160000.00","COL-01","Priya Natarajan","Strategic Accounts","NET60","60","0.00","2025-12-30","2026-02-28","6299.49","0.00","0.00","0.00","0.00","6299.49","0.00","1","0","-59","1","Current","0.00","0",""
"INV-029907","C0346","Frontier Supply Co.","MRO Reseller","Northeast","Nadia Farouk","Low","55000.00","COL-05","Grace Lindqvist","Small Business","2/10NET30","30","2.00","2025-12-30","2026-01-29","3440.49","0.00","0.00","0.00","0.00","3440.49","0.00","1","0","-29","1","Current","0.00","0",""
"INV-029908","C0351","Ironbridge Components","OEM Manufacturer","Midwest","Hana Sato","High","450000.00","COL-01","Priya Natarajan","Strategic Accounts","NET45","45","0.00","2025-12-30","2026-02-13","2904.81","0.00","0.00","0.00","0.00","2904.81","0.00","1","0","-44","1","Current","0.00","0",""
"INV-029909","C0364","Redline Industries - Northeast","OEM Manufacturer","Northeast","Adrian Cole","Low","335000.00","COL-02","Marcus Bell","Strategic Accounts","NET45","45","0.00","2025-12-30","2026-02-13","13724.62","0.00","0.00","0.00","0.00","13724.62","0.00","1","0","-44","1","Current","0.00","0",""
"INV-029910","C0368","Stonegate Machine Works - West","OEM Manufacturer","West","Owen Price","Low","205000.00","COL-01","Priya Natarajan","Strategic Accounts","NET60","60","0.00","2025-12-30","2026-02-28","7929.47","0.00","0.00","0.00","0.00","7929.47","0.00","1","0","-59","1","Current","0.00","0",""
"INV-029911","C0369","Lakeshore Components","OEM Manufacturer","Midwest","Hana Sato","High","545000.00","COL-02","Marcus Bell","Strategic Accounts","NET60","60","0.00","2025-12-30","2026-02-28","11845.61","0.00","0.00","0.00","0.00","11845.61","0.00","1","0","-59","1","Current","0.00","0",""
"INV-029912","C0378","Silverline Fabrication - Southwest","OEM Manufacturer","Southwest","Rosa Delgado","Medium","585000.00","COL-01","Priya Natarajan","Strategic Accounts","NET45","45","0.00","2025-12-30","2026-02-13","8015.46","0.00","0.00","0.00","0.00","8015.46","0.00","1","0","-44","1","Current","0.00","0",""
"INV-029913","C0384","Riverbend Industries - Southeast","OEM Manufacturer","Southeast","Luis Moreno","Low","370000.00","COL-01","Priya Natarajan","Strategic Accounts","NET60","60","0.00","2025-12-30","2026-02-28","4604.81","0.00","0.00","0.00","0.00","4604.81","0.00","1","0","-59","1","Current","0.00","0",""
"INV-029914","C0393","Silverline Components - West 3","OEM Manufacturer","West","Owen Price","Low","415000.00","COL-01","Priya Natarajan","Strategic Accounts","NET45","45","0.00","2025-12-30","2026-02-13","2357.30","0.00","0.00","0.00","0.00","2357.30","0.00","1","0","-44","1","Current","0.00","0",""
"INV-029915","C0394","Silverline Construction - Northeast","Contractor","Northeast","Nadia Farouk","Low","35000.00","COL-04","Tomas Okafor","Commercial","NET30","30","0.00","2025-12-30","2026-01-29","1122.21","0.00","0.00","0.00","0.00","1122.21","0.00","1","0","-29","1","Current","0.00","0",""
"INV-029916","C0007","Cedar Ridge Industrial Supply","MRO Reseller","West","Owen Price","High","105000.00","COL-06","Sam Horowitz","Small Business","NET30","30","0.00","2025-12-31","2026-01-30","608.62","0.00","0.00","0.00","0.00","608.62","0.00","1","0","-30","1","Current","0.00","0",""
"INV-029917","C0008","Silverline Maintenance Supply","MRO Reseller","Southwest","Kevin Ames","Low","105000.00","COL-06","Sam Horowitz","Small Business","NET30","30","0.00","2025-12-31","2026-01-30","1071.73","0.00","0.00","0.00","0.00","1071.73","0.00","1","0","-30","1","Current","0.00","0",""
"INV-029918","C0017","Silverline Fabrication","OEM Manufacturer","Southwest","Kevin Ames","Low","500000.00","COL-01","Priya Natarajan","Strategic Accounts","NET45","45","0.00","2025-12-31","2026-02-14","8171.96","0.00","0.00","0.00","0.00","8171.96","0.00","1","0","-45","1","Current","0.00","0",""
"INV-029919","C0020","Cedar Ridge MRO Services","MRO Reseller","Northeast","Adrian Cole","Medium","45000.00","COL-05","Grace Lindqvist","Small Business","NET30","30","0.00","2025-12-31","2026-01-30","561.50","0.00","0.00","0.00","0.00","561.50","0.00","1","0","-30","1","Current","0.00","0",""
"INV-029920","C0025","Oakmont County Facilities","Institutional","West","Owen Price","Low","65000.00","COL-03","Elena Ruiz","Commercial","NET90","90","0.00","2025-12-31","2026-03-31","1895.36","0.00","0.00","0.00","0.00","1895.36","0.00","1","0","-90","1","Current","0.00","0",""
"INV-029921","C0038","Summit Fabrication","OEM Manufacturer","Northeast","Adrian Cole","High","430000.00","COL-01","Priya Natarajan","Strategic Accounts","NET45","45","0.00","2025-12-31","2026-02-14","10721.58","0.00","0.00","0.00","0.00","10721.58","0.00","1","0","-45","1","Current","0.00","0",""
"INV-029922","C0040","Apex MRO Services","MRO Reseller","Northeast","Nadia Farouk","Medium","45000.00","COL-05","Grace Lindqvist","Small Business","NET30","30","0.00","2025-12-31","2026-01-30","531.23","0.00","0.00","0.00","0.00","531.23","0.00","1","0","-30","1","Current","0.00","0",""
"INV-029923","C0047","Titan Supply Co.","MRO Reseller","Midwest","Ben Kowalczyk","Low","105000.00","COL-05","Grace Lindqvist","Small Business","2/10NET30","30","2.00","2025-12-31","2026-01-30","3373.76","0.00","0.00","0.00","0.00","3373.76","0.00","1","0","-30","1","Current","0.00","0",""
"INV-029924","C0053","Stonegate University Facilities","Institutional","Northeast","Nadia Farouk","Low","130000.00","COL-04","Tomas Okafor","Commercial","NET90","90","0.00","2025-12-31","2026-03-31","8627.27","0.00","0.00","0.00","0.00","8627.27","0.00","1","0","-90","1","Current","0.00","0",""
"INV-029925","C0056","Northfield Components - Southwest","OEM Manufacturer","Southwest","Kevin Ames","Medium","240000.00","COL-01","Priya Natarajan","Strategic Accounts","NET60","60","0.00","2025-12-31","2026-03-01","12945.40","0.00","0.00","0.00","0.00","12945.40","0.00","1","0","-60","1","Current","0.00","0",""
"INV-029926","C0066","Summit Industries","OEM Manufacturer","Midwest","Ben Kowalczyk","Medium","385000.00","COL-02","Marcus Bell","Strategic Accounts","NET60","60","0.00","2025-12-31","2026-03-01","9225.02","0.00","0.00","0.00","0.00","9225.02","0.00","1","0","-60","1","Current","0.00","0",""
"INV-029927","C0072","Crestview Mechanical","Contractor","West","Maya Brennan","Low","95000.00","COL-04","Tomas Okafor","Commercial","2/10NET30","30","2.00","2025-12-31","2026-01-30","1289.16","0.00","0.00","0.00","0.00","1289.16","0.00","1","0","-30","1","Current","0.00","0",""
"INV-029928","C0080","Frontier Maintenance Supply","MRO Reseller","Northeast","Adrian Cole","Medium","50000.00","COL-05","Grace Lindqvist","Small Business","NET30","30","0.00","2025-12-31","2026-01-30","3565.03","0.00","0.00","0.00","0.00","3565.03","0.00","1","0","-30","1","Current","0.00","0",""
"INV-029929","C0084","Granite Construction","Contractor","Southwest","Rosa Delgado","Medium","145000.00","COL-03","Elena Ruiz","Commercial","2/10NET30","30","2.00","2025-12-31","2026-01-30","1105.43","0.00","0.00","0.00","0.00","1105.43","0.00","1","0","-30","1","Current","0.00","0",""
"INV-029930","C0085","Keystone Maintenance Supply","MRO Reseller","Southwest","Rosa Delgado","Low","75000.00","COL-05","Grace Lindqvist","Small Business","2/10NET30","30","2.00","2025-12-31","2026-01-30","1849.68","0.00","0.00","0.00","0.00","1849.68","0.00","1","0","-30","1","Current","0.00","0",""
"INV-029931","C0088","Westbrook Builders - West","Contractor","West","Maya Brennan","High","145000.00","COL-03","Elena Ruiz","Commercial","NET60","60","0.00","2025-12-31","2026-03-01","8174.87","0.00","0.00","0.00","0.00","8174.87","0.00","1","0","-60","1","Current","0.00","0",""
"INV-029932","C0092","Stonegate Electric - Northeast","Contractor","Northeast","Nadia Farouk","Low","105000.00","COL-04","Tomas Okafor","Commercial","2/10NET30","30","2.00","2025-12-31","2026-01-30","5228.56","0.00","0.00","0.00","0.00","5228.56","0.00","1","0","-30","1","Current","0.00","0",""
"INV-029933","C0097","Pioneer MRO Services","MRO Reseller","Southeast","Luis Moreno","Low","85000.00","COL-05","Grace Lindqvist","Small Business","2/10NET30","30","2.00","2025-12-31","2026-01-30","503.40","0.00","0.00","0.00","0.00","503.40","0.00","1","0","-30","1","Current","0.00","0",""
"INV-029934","C0099","Northfield Water Authority","Institutional","Northeast","Nadia Farouk","Low","165000.00","COL-01","Priya Natarajan","Strategic Accounts","NET60","60","0.00","2025-12-31","2026-03-01","1114.52","0.00","0.00","0.00","0.00","1114.52","0.00","1","0","-60","1","Current","0.00","0",""
"INV-029935","C0119","Titan Builders","Contractor","Northeast","Nadia Farouk","Medium","105000.00","COL-04","Tomas Okafor","Commercial","2/10NET30","30","2.00","2025-12-31","2026-01-30","2058.54","0.00","0.00","0.00","0.00","2058.54","0.00","1","0","-30","1","Current","0.00","0",""
"INV-029936","C0120","Ironbridge Medical Center","Institutional","Southeast","Dana Whitfield","Low","175000.00","COL-02","Marcus Bell","Strategic Accounts","NET60","60","0.00","2025-12-31","2026-03-01","7626.28","0.00","0.00","0.00","0.00","7626.28","0.00","1","0","-60","1","Current","0.00","0",""
"INV-029937","C0122","Frontier Fabrication - Northeast","OEM Manufacturer","Northeast","Adrian Cole","Low","435000.00","COL-01","Priya Natarajan","Strategic Accounts","NET45","45","0.00","2025-12-31","2026-02-14","8119.06","0.00","0.00","0.00","0.00","8119.06","0.00","1","0","-45","1","Current","0.00","0",""
"INV-029938","C0124","Riverbend MRO Services - West","MRO Reseller","West","Owen Price","High","110000.00","COL-05","Grace Lindqvist","Small Business","NET30","30","0.00","2025-12-31","2026-01-30","2830.42","0.00","0.00","0.00","0.00","2830.42","0.00","1","0","-30","1","Current","0.00","0",""
"INV-029939","C0125","Summit MRO Services","MRO Reseller","West","Maya Brennan","High","45000.00","COL-05","Grace Lindqvist","Small Business","NET30","30","0.00","2025-12-31","2026-01-30","1701.67","0.00","0.00","0.00","0.00","1701.67","0.00","1","0","-30","1","Current","0.00","0",""
"INV-029940","C0140","Apex Parts & Service","MRO Reseller","Southeast","Luis Moreno","Medium","90000.00","COL-05","Grace Lindqvist","Small Business","NET30","30","0.00","2025-12-31","2026-01-30","478.58","0.00","0.00","0.00","0.00","478.58","0.00","1","0","-30","1","Current","0.00","0",""
"INV-029941","C0143","Northfield Parts & Service","MRO Reseller","Southwest","Kevin Ames","Medium","105000.00","COL-06","Sam Horowitz","Small Business","NET30","30","0.00","2025-12-31","2026-01-30","1222.60","0.00","0.00","0.00","0.00","1222.60","0.00","1","0","-30","1","Current","0.00","0",""
"INV-029942","C0167","Lakeshore MRO Services","MRO Reseller","Northeast","Adrian Cole","Medium","85000.00","COL-05","Grace Lindqvist","Small Business","NET30","30","0.00","2025-12-31","2026-01-30","1633.14","0.00","0.00","0.00","0.00","1633.14","0.00","1","0","-30","1","Current","0.00","0",""
"INV-029943","C0183","Oakmont Maintenance Supply","MRO Reseller","West","Maya Brennan","High","100000.00","COL-05","Grace Lindqvist","Small Business","NET30","30","0.00","2025-12-31","2026-01-30","675.52","0.00","0.00","0.00","0.00","675.52","0.00","1","0","-30","1","Current","0.00","0",""
"INV-029944","C0185","Harbor Supply Co.","MRO Reseller","Southwest","Rosa Delgado","Low","60000.00","COL-06","Sam Horowitz","Small Business","NET30","30","0.00","2025-12-31","2026-01-30","518.17","0.00","0.00","0.00","0.00","518.17","0.00","1","0","-30","1","Current","0.00","0",""
"INV-029945","C0192","Keystone MRO Services","MRO Reseller","Midwest","Hana Sato","Medium","65000.00","COL-05","Grace Lindqvist","Small Business","NET30","30","0.00","2025-12-31","2026-01-30","450.06","0.00","0.00","0.00","0.00","450.06","0.00","1","0","-30","1","Current","0.00","0",""
"INV-029946","C0198","Titan Maintenance Supply - Northeast","MRO Reseller","Northeast","Adrian Cole","Low","60000.00","COL-05","Grace Lindqvist","Small Business","NET30","30","0.00","2025-12-31","2026-01-30","875.41","0.00","0.00","0.00","0.00","875.41","0.00","1","0","-30","1","Current","0.00","0",""
"INV-029947","C0201","Titan Machine Works","OEM Manufacturer","Southwest","Kevin Ames","Low","525000.00","COL-02","Marcus Bell","Strategic Accounts","NET45","45","0.00","2025-12-31","2026-02-14","9088.01","0.00","0.00","0.00","0.00","9088.01","0.00","1","0","-45","1","Current","0.00","0",""
"INV-029948","C0202","Harbor MRO Services","MRO Reseller","Southeast","Dana Whitfield","Low","110000.00","COL-06","Sam Horowitz","Small Business","NET30","30","0.00","2025-12-31","2026-01-30","2404.82","0.00","0.00","0.00","0.00","2404.82","0.00","1","0","-30","1","Current","0.00","0",""
"INV-029949","C0206","Oakmont Manufacturing","OEM Manufacturer","Southeast","Dana Whitfield","Medium","590000.00","COL-01","Priya Natarajan","Strategic Accounts","NET60","60","0.00","2025-12-31","2026-03-01","1920.20","0.00","0.00","0.00","0.00","1920.20","0.00","1","0","-60","1","Current","0.00","0",""
"INV-029950","C0207","Stonegate Mechanical","Contractor","Southwest","Kevin Ames","Medium","75000.00","COL-04","Tomas Okafor","Commercial","2/10NET30","30","2.00","2025-12-31","2026-01-30","2320.51","0.00","0.00","0.00","0.00","2320.51","0.00","1","0","-30","1","Current","0.00","0",""
"INV-029951","C0210","Harbor Construction - Southwest","Contractor","Southwest","Rosa Delgado","Low","80000.00","COL-04","Tomas Okafor","Commercial","NET60","60","0.00","2025-12-31","2026-03-01","3454.45","0.00","0.00","0.00","0.00","3454.45","0.00","1","0","-60","1","Current","0.00","0",""
"INV-029952","C0212","Westbrook Mechanical - Northeast","Contractor","Northeast","Adrian Cole","Medium","110000.00","COL-03","Elena Ruiz","Commercial","2/10NET30","30","2.00","2025-12-31","2026-01-30","5729.23","0.00","0.00","0.00","0.00","5729.23","0.00","1","0","-30","1","Current","0.00","0",""
"INV-029953","C0232","Titan Builders - Southwest","Contractor","Southwest","Kevin Ames","High","105000.00","COL-04","Tomas Okafor","Commercial","2/10NET30","30","2.00","2025-12-31","2026-01-30","2115.38","0.00","0.00","0.00","0.00","2115.38","0.00","1","0","-30","1","Current","0.00","0",""
"INV-029954","C0236","Northfield Maintenance Supply","MRO Reseller","Midwest","Ben Kowalczyk","Medium","70000.00","COL-05","Grace Lindqvist","Small Business","NET30","30","0.00","2025-12-31","2026-01-30","3848.76","0.00","0.00","0.00","0.00","3848.76","0.00","1","0","-30","1","Current","0.00","0",""
"INV-029955","C0238","Oakmont Builders - Midwest","Contractor","Midwest","Ben Kowalczyk","Low","145000.00","COL-04","Tomas Okafor","Commercial","NET30","30","0.00","2025-12-31","2026-01-30","4093.90","0.00","0.00","0.00","0.00","4093.90","0.00","1","0","-30","1","Current","0.00","0",""
"INV-029956","C0242","Silverline Parts & Service","MRO Reseller","Southeast","Luis Moreno","Low","120000.00","COL-06","Sam Horowitz","Small Business","NET30","30","0.00","2025-12-31","2026-01-30","489.53","0.00","0.00","0.00","0.00","489.53","0.00","1","0","-30","1","Current","0.00","0",""
"INV-029957","C0257","Granite Supply Co.","MRO Reseller","West","Owen Price","Medium","40000.00","COL-06","Sam Horowitz","Small Business","NET30","30","0.00","2025-12-31","2026-01-30","2319.00","0.00","0.00","0.00","0.00","2319.00","0.00","1","0","-30","1","Current","0.00","0",""
"INV-029958","C0259","Titan Builders - Southwest 3","Contractor","Southwest","Kevin Ames","Medium","95000.00","COL-03","Elena Ruiz","Commercial","2/10NET30","30","2.00","2025-12-31","2026-01-30","4145.97","0.00","0.00","0.00","0.00","4145.97","0.00","1","0","-30","1","Current","0.00","0",""
"INV-029959","C0262","Titan Industrial Supply","MRO Reseller","Midwest","Hana Sato","Medium","110000.00","COL-05","Grace Lindqvist","Small Business","NET30","30","0.00","2025-12-31","2026-01-30","4359.45","0.00","0.00","0.00","0.00","4359.45","0.00","1","0","-30","1","Current","0.00","0",""
"INV-029960","C0265","Westbrook Mechanical - Southwest 3","Contractor","Southwest","Kevin Ames","Medium","85000.00","COL-04","Tomas Okafor","Commercial","NET60","60","0.00","2025-12-31","2026-03-01","1439.09","0.00","0.00","0.00","0.00","1439.09","0.00","1","0","-60","1","Current","0.00","0",""
"INV-029961","C0268","Titan Electric","Contractor","Southeast","Luis Moreno","High","60000.00","COL-03","Elena Ruiz","Commercial","NET30","30","0.00","2025-12-31","2026-01-30","829.73","0.00","0.00","0.00","0.00","829.73","0.00","1","0","-30","1","Current","0.00","0",""
"INV-029962","C0281","Westbrook Fabrication","OEM Manufacturer","Midwest","Hana Sato","Low","510000.00","COL-02","Marcus Bell","Strategic Accounts","NET60","60","0.00","2025-12-31","2026-03-01","16112.92","0.00","0.00","0.00","0.00","16112.92","0.00","1","0","-60","1","Current","0.00","0",""
"INV-029963","C0292","Cedar Ridge Maintenance Supply","MRO Reseller","Southeast","Luis Moreno","Medium","85000.00","COL-05","Grace Lindqvist","Small Business","NET30","30","0.00","2025-12-31","2026-01-30","2188.82","0.00","0.00","0.00","0.00","2188.82","0.00","1","0","-30","1","Current","0.00","0",""
"INV-029964","C0305","Titan Fabrication","OEM Manufacturer","Northeast","Nadia Farouk","Low","340000.00","COL-02","Marcus Bell","Strategic Accounts","NET45","45","0.00","2025-12-31","2026-02-14","1626.31","0.00","0.00","0.00","0.00","1626.31","0.00","1","0","-45","1","Current","0.00","0",""
"INV-029965","C0321","Granite Parts & Service","MRO Reseller","West","Owen Price","Low","55000.00","COL-06","Sam Horowitz","Small Business","2/10NET30","30","2.00","2025-12-31","2026-01-30","1022.70","0.00","0.00","0.00","0.00","1022.70","0.00","1","0","-30","1","Current","0.00","0",""
"INV-029966","C0335","Riverbend Supply Co. - Northeast","MRO Reseller","Northeast","Nadia Farouk","Medium","40000.00","COL-06","Sam Horowitz","Small Business","2/10NET30","30","2.00","2025-12-31","2026-01-30","3782.98","0.00","0.00","0.00","0.00","3782.98","0.00","1","0","-30","1","Current","0.00","0",""
"INV-029967","C0341","Summit Supply Co. - Southeast","MRO Reseller","Southeast","Dana Whitfield","Medium","110000.00","COL-05","Grace Lindqvist","Small Business","NET30","30","0.00","2025-12-31","2026-01-30","2129.56","0.00","0.00","0.00","0.00","2129.56","0.00","1","0","-30","1","Current","0.00","0",""
"INV-029968","C0350","Crestview Industries","OEM Manufacturer","West","Owen Price","Low","335000.00","COL-02","Marcus Bell","Strategic Accounts","NET45","45","0.00","2025-12-31","2026-02-14","8281.73","0.00","0.00","0.00","0.00","8281.73","0.00","1","0","-45","1","Current","0.00","0",""
"INV-029969","C0360","Bluewater Medical Center - Northeast","Institutional","Northeast","Nadia Farouk","Medium","160000.00","COL-02","Marcus Bell","Strategic Accounts","NET90","90","0.00","2025-12-31","2026-03-31","3814.30","0.00","0.00","0.00","0.00","3814.30","0.00","1","0","-90","1","Current","0.00","0",""
"INV-029970","C0367","Bluewater Parts & Service - Southeast 5","MRO Reseller","Southeast","Dana Whitfield","Medium","105000.00","COL-06","Sam Horowitz","Small Business","2/10NET30","30","2.00","2025-12-31","2026-01-30","513.22","0.00","0.00","0.00","0.00","513.22","0.00","1","0","-30","1","Current","0.00","0",""
"INV-029971","C0392","Apex Industrial Supply - Southwest 3","MRO Reseller","Southwest","Rosa Delgado","High","95000.00","COL-05","Grace Lindqvist","Small Business","NET30","30","0.00","2025-12-31","2026-01-30","1770.51","0.00","0.00","0.00","0.00","1770.51","0.00","1","0","-30","1","Current","0.00","0",""
