"PromiseNo","CustomerID","CustomerName","RiskTier","Segment","CollectorName","PromiseMadeDate","PromisedPayDate","PromisedAmount","CashInWindow","PctOfPromise","DaysSincePromised","PromiseStatus"
"PTP-000001","C0283","Apex Industries","Low","OEM Manufacturer","Priya Natarajan","2024-12-19","2024-12-30","2690.92","2949.84","109.62","366","Kept"
"PTP-000002","C0361","Titan University Facilities - Midwest","Low","Institutional","Priya Natarajan","2024-12-19","2024-12-31","4226.28","4444.45","105.16","365","Kept"
"PTP-000005","C0298","Cedar Ridge Contracting - Northeast","Low","Contractor","Priya Natarajan","2024-12-19","2025-01-01","6023.50","8479.05","140.77","364","Kept"
"PTP-000006","C0304","Ironbridge Industrial Supply - Midwest 3","Medium","MRO Reseller","Grace Lindqvist","2024-12-26","2025-01-01","2651.47","2788.42","105.17","364","Kept"
"PTP-000007","C0305","Titan Fabrication","Low","OEM Manufacturer","Marcus Bell","2024-12-27","2025-01-01","5566.96","19043.81","342.09","364","Kept"
"PTP-000003","C0236","Northfield Maintenance Supply","Medium","MRO Reseller","Grace Lindqvist","2024-12-22","2025-01-01","3312.25","4028.50","121.62","364","Kept"
"PTP-000004","C0240","Summit Contracting","Medium","Contractor","Tomas Okafor","2024-12-28","2025-01-01","536.54","585.64","109.15","364","Kept"
"PTP-000010","C0316","Bluewater Parts & Service - Midwest 3","Medium","MRO Reseller","Sam Horowitz","2024-12-21","2025-01-02","1779.21","7224.06","406.03","363","Kept"
"PTP-000008","C0017","Silverline Fabrication","Low","OEM Manufacturer","Priya Natarajan","2024-12-29","2025-01-02","2494.72","4910.94","196.85","363","Kept"
"PTP-000009","C0129","Northfield Builders","Medium","Contractor","Elena Ruiz","2024-12-26","2025-01-02","2605.37","3971.67","152.44","363","Kept"
"PTP-000011","C0393","Silverline Components - West 3","Low","OEM Manufacturer","Priya Natarajan","2024-12-26","2025-01-02","3964.06","4270.70","107.74","363","Kept"
"PTP-000014","C0378","Silverline Fabrication - Southwest","Medium","OEM Manufacturer","Priya Natarajan","2024-12-29","2025-01-03","8980.69","9719.34","108.22","362","Kept"
"PTP-000012","C0009","Ironbridge Fabrication","Medium","OEM Manufacturer","Marcus Bell","2024-12-23","2025-01-03","1860.14","1961.09","105.43","362","Kept"
"PTP-000013","C0054","Titan Manufacturing","Medium","OEM Manufacturer","Priya Natarajan","2024-12-30","2025-01-03","3715.91","13505.39","363.45","362","Kept"
"PTP-000015","C0151","Riverbend MRO Services - Northeast 3","Low","MRO Reseller","Grace Lindqvist","2024-12-28","2025-01-04","2589.98","2730.61","105.43","361","Kept"
"PTP-000016","C0206","Oakmont Manufacturing","Medium","OEM Manufacturer","Priya Natarajan","2024-12-28","2025-01-04","1692.05","10950.29","647.16","361","Kept"
"PTP-000017","C0206","Oakmont Manufacturing","Medium","OEM Manufacturer","Priya Natarajan","2024-12-24","2025-01-04","6972.10","10950.29","157.06","361","Kept"
"PTP-000019","C0334","Titan Fabrication - Southeast","Low","OEM Manufacturer","Priya Natarajan","2025-01-01","2025-01-05","7583.87","10378.07","136.84","360","Kept"
"PTP-000018","C0161","Titan Construction - Northeast","Low","Contractor","Elena Ruiz","2025-01-01","2025-01-05","2787.46","3003.32","107.74","360","Kept"
"PTP-000020","C0138","Ironbridge Mechanical - Midwest 4","Low","Contractor","Tomas Okafor","2024-12-30","2025-01-06","948.30","953.85","100.59","359","Kept"
"PTP-000021","C0341","Summit Supply Co. - Southeast","Medium","MRO Reseller","Grace Lindqvist","2024-12-29","2025-01-07","917.68","1444.32","157.39","358","Kept"
"PTP-000025","C0319","Ironbridge Medical Center - Southwest 3","Low","Institutional","Tomas Okafor","2024-12-28","2025-01-08","1256.27","2629.26","209.29","357","Kept"
"PTP-000023","C0244","Apex Maintenance Supply - Midwest","Low","MRO Reseller","Grace Lindqvist","2025-01-02","2025-01-08","2100.18","2657.39","126.53","357","Kept"
"PTP-000024","C0264","Crestview Electric - Midwest","Low","Contractor","Elena Ruiz","2025-01-04","2025-01-08","5648.84","5763.67","102.03","357","Kept"
"PTP-000022","C0095","Stonegate Fabrication","Low","OEM Manufacturer","Marcus Bell","2025-01-01","2025-01-08","3092.23","21112.27","682.75","357","Kept"
"PTP-000027","C0128","Summit Builders","Low","Contractor","Elena Ruiz","2024-12-28","2025-01-09","867.88","2388.16","275.17","356","Kept"
"PTP-000028","C0167","Lakeshore MRO Services","Medium","MRO Reseller","Grace Lindqvist","2024-12-26","2025-01-09","986.08","1880.88","190.74","356","Kept"
"PTP-000026","C0061","Riverbend Industries","Low","OEM Manufacturer","Marcus Bell","2025-01-04","2025-01-09","1560.19","1667.15","106.86","356","Kept"
"PTP-000029","C0334","Titan Fabrication - Southeast","Low","OEM Manufacturer","Priya Natarajan","2025-01-01","2025-01-09","6274.01","6474.49","103.20","356","Kept"
"PTP-000030","C0357","Redline Construction","High","Contractor","Elena Ruiz","2025-01-01","2025-01-09","1283.85","1321.56","102.94","356","Kept"
"PTP-000031","C0240","Summit Contracting","Medium","Contractor","Tomas Okafor","2025-01-08","2025-01-10","2014.00","7463.60","370.59","355","Kept"
"PTP-000032","C0234","Redline University Facilities - Midwest 3","Low","Institutional","Tomas Okafor","2025-01-06","2025-01-11","1113.38","3214.07","288.68","354","Kept"
"PTP-000033","C0389","Ironbridge Components - Southeast","Medium","OEM Manufacturer","Marcus Bell","2025-01-05","2025-01-11","13313.11","16869.23","126.71","354","Kept"
"PTP-000038","C0378","Silverline Fabrication - Southwest","Medium","OEM Manufacturer","Priya Natarajan","2025-01-01","2025-01-12","2506.77","3856.68","153.85","353","Kept"
"PTP-000037","C0228","Granite School District","Low","Institutional","Tomas Okafor","2025-01-08","2025-01-12","6947.98","7118.29","102.45","353","Kept"
"PTP-000036","C0163","Keystone Fabrication","Medium","OEM Manufacturer","Priya Natarajan","2025-01-03","2025-01-12","16161.83","16395.09","101.44","353","Kept"
"PTP-000035","C0125","Summit MRO Services","High","MRO Reseller","Grace Lindqvist","2025-01-06","2025-01-12","1896.20","1955.74","103.14","353","Kept"
"PTP-000034","C0099","Northfield Water Authority","Low","Institutional","Priya Natarajan","2024-12-30","2025-01-12","1088.23","1134.75","104.27","353","Kept"
"PTP-000039","C0143","Northfield Parts & Service","Medium","MRO Reseller","Sam Horowitz","2025-01-04","2025-01-13","4608.33","4716.17","102.34","352","Kept"
"PTP-000040","C0281","Westbrook Fabrication","Low","OEM Manufacturer","Marcus Bell","2025-01-02","2025-01-13","11887.51","19261.21","162.03","352","Kept"
"PTP-000041","C0292","Cedar Ridge Maintenance Supply","Medium","MRO Reseller","Grace Lindqvist","2025-01-03","2025-01-13","3851.84","8432.67","218.93","352","Kept"
"PTP-000042","C0214","Bluewater Industries - Midwest 3","Low","OEM Manufacturer","Marcus Bell","2025-01-10","2025-01-14","3211.41","3566.64","111.06","351","Kept"
"PTP-000044","C0292","Cedar Ridge Maintenance Supply","Medium","MRO Reseller","Grace Lindqvist","2025-01-07","2025-01-15","3954.66","8432.67","213.23","350","Kept"
"PTP-000043","C0074","Frontier Fabrication","Medium","OEM Manufacturer","Priya Natarajan","2025-01-07","2025-01-15","10721.12","28776.70","268.41","350","Kept"
"PTP-000046","C0067","Cedar Ridge Parts & Service","Medium","MRO Reseller","Sam Horowitz","2025-01-07","2025-01-16","1543.33","2148.13","139.19","349","Kept"
"PTP-000045","C0026","Northfield Components","Low","OEM Manufacturer","Priya Natarajan","2025-01-13","2025-01-16","1723.84","1741.37","101.02","349","Kept"
"PTP-000047","C0374","Bluewater University Facilities - West","Low","Institutional","Elena Ruiz","2025-01-08","2025-01-16","3918.97","3946.43","100.70","349","Kept"
"PTP-000051","C0359","Stonegate Fabrication - West","High","OEM Manufacturer","Marcus Bell","2025-01-07","2025-01-17","3139.29","10439.82","332.55","348","Kept"
"PTP-000048","C0031","Stonegate Machine Works","Low","OEM Manufacturer","Marcus Bell","2025-01-07","2025-01-17","2703.49","2817.67","104.22","348","Kept"
"PTP-000049","C0192","Keystone MRO Services","Medium","MRO Reseller","Grace Lindqvist","2025-01-06","2025-01-17","4020.55","4176.59","103.88","348","Kept"
"PTP-000050","C0273","Oakmont Fabrication","Medium","OEM Manufacturer","Priya Natarajan","2025-01-06","2025-01-17","1648.93","14725.60","893.04","348","Kept"
"PTP-000052","C0190","Harbor Fabrication","Medium","OEM Manufacturer","Priya Natarajan","2025-01-09","2025-01-18","1475.70","15035.71","1018.89","347","Kept"
"PTP-000053","C0362","Ironbridge Construction","Medium","Contractor","Tomas Okafor","2025-01-06","2025-01-18","819.58","908.64","110.87","347","Kept"
"PTP-000055","C0227","Cedar Ridge County Facilities","Low","Institutional","Elena Ruiz","2025-01-13","2025-01-19","8632.26","9278.49","107.49","346","Kept"
"PTP-000057","C0316","Bluewater Parts & Service - Midwest 3","Medium","MRO Reseller","Sam Horowitz","2025-01-11","2025-01-19","2377.19","2464.51","103.67","346","Kept"
"PTP-000056","C0312","Pioneer University Facilities - Southeast","Low","Institutional","Marcus Bell","2025-01-15","2025-01-19","4597.27","4770.04","103.76","346","Kept"
"PTP-000058","C0326","Pioneer Manufacturing","Low","OEM Manufacturer","Priya Natarajan","2025-01-16","2025-01-19","1909.53","2007.75","105.14","346","Kept"
"PTP-000054","C0182","Lakeshore Parts & Service","Medium","MRO Reseller","Sam Horowitz","2025-01-10","2025-01-19","671.66","681.62","101.48","346","Kept"
"PTP-000059","C0062","Keystone Electric","Medium","Contractor","Elena Ruiz","2025-01-08","2025-01-20","6087.22","6619.47","108.74","345","Kept"
"PTP-000060","C0352","Pioneer Construction - Midwest","Low","Contractor","Tomas Okafor","2025-01-11","2025-01-20","734.54","800.16","108.93","345","Kept"
"PTP-000061","C0124","Riverbend MRO Services - West","High","MRO Reseller","Grace Lindqvist","2025-01-14","2025-01-21","4520.24","4738.14","104.82","344","Kept"
"PTP-000063","C0112","Ironbridge Fabrication - Midwest","Low","OEM Manufacturer","Marcus Bell","2025-01-20","2025-01-22","5024.55","12200.92","242.83","343","Kept"
"PTP-000062","C0018","Redline Industries","Low","OEM Manufacturer","Marcus Bell","2025-01-18","2025-01-22","3842.49","14671.21","381.82","343","Kept"
"PTP-000065","C0337","Keystone Manufacturing","Low","OEM Manufacturer","Priya Natarajan","2025-01-11","2025-01-22","16151.09","40693.12","251.95","343","Kept"
"PTP-000066","C0351","Ironbridge Components","High","OEM Manufacturer","Priya Natarajan","2025-01-14","2025-01-22","16337.60","16768.90","102.64","343","Kept"
"PTP-000064","C0283","Apex Industries","Low","OEM Manufacturer","Priya Natarajan","2025-01-16","2025-01-22","10221.83","10607.22","103.77","343","Kept"
"PTP-000067","C0396","Ironbridge Manufacturing","Medium","OEM Manufacturer","Priya Natarajan","2025-01-17","2025-01-22","13090.87","13253.99","101.25","343","Kept"
"PTP-000069","C0191","Bluewater Builders - Midwest","High","Contractor","Tomas Okafor","2025-01-19","2025-01-23","4831.04","6269.96","129.78","342","Kept"
"PTP-000068","C0107","Silverline Mechanical","Low","Contractor","Elena Ruiz","2025-01-11","2025-01-23","6926.50","7397.52","106.80","342","Kept"
"PTP-000070","C0042","Bluewater Industries","High","OEM Manufacturer","Priya Natarajan","2025-01-18","2025-01-24","2005.65","2009.78","100.21","341","Kept"
"PTP-000071","C0053","Stonegate University Facilities","Low","Institutional","Tomas Okafor","2025-01-19","2025-01-24","1248.97","1306.32","104.59","341","Kept"
"PTP-000072","C0206","Oakmont Manufacturing","Medium","OEM Manufacturer","Priya Natarajan","2025-01-11","2025-01-24","4644.34","39002.33","839.78","341","Kept"
"PTP-000074","C0267","Redline Manufacturing - Southwest","Low","OEM Manufacturer","Marcus Bell","2025-01-17","2025-01-25","576.37","604.51","104.88","340","Kept"
"PTP-000073","C0019","Northfield Supply Co.","Medium","MRO Reseller","Sam Horowitz","2025-01-16","2025-01-25","2448.32","6545.88","267.36","340","Kept"
"PTP-000075","C0086","Crestview Contracting - Southeast","Medium","Contractor","Tomas Okafor","2025-01-20","2025-01-26","7432.19","7982.69","107.41","339","Kept"
"PTP-000076","C0068","Harbor Industries","High","OEM Manufacturer","Priya Natarajan","2025-01-14","2025-01-27","5444.68","9295.82","170.73","338","Kept"
"PTP-000077","C0267","Redline Manufacturing - Southwest","Low","OEM Manufacturer","Marcus Bell","2025-01-20","2025-01-27","1573.76","1628.76","103.49","338","Kept"
"PTP-000079","C0054","Titan Manufacturing","Medium","OEM Manufacturer","Priya Natarajan","2025-01-25","2025-01-28","2612.33","6735.93","257.85","337","Kept"
"PTP-000078","C0042","Bluewater Industries","High","OEM Manufacturer","Priya Natarajan","2025-01-21","2025-01-28","1659.00","1717.78","103.54","337","Kept"
"PTP-000080","C0399","Riverbend Electric - West 5","Medium","Contractor","Elena Ruiz","2025-01-25","2025-01-28","2975.77","3302.40","110.98","337","Kept"
"PTP-000085","C0392","Apex Industrial Supply - Southwest 3","High","MRO Reseller","Grace Lindqvist","2025-01-21","2025-01-29","1129.39","4700.89","416.23","336","Kept"
"PTP-000081","C0038","Summit Fabrication","High","OEM Manufacturer","Priya Natarajan","2025-01-27","2025-01-29","9546.52","14445.92","151.32","336","Kept"
"PTP-000082","C0094","Bluewater Industries - Southeast","Low","OEM Manufacturer","Marcus Bell","2025-01-20","2025-01-29","1627.05","25442.29","1563.71","336","Kept"
"PTP-000084","C0185","Harbor Supply Co.","Low","MRO Reseller","Sam Horowitz","2025-01-18","2025-01-29","1890.39","1987.42","105.13","336","Kept"
"PTP-000083","C0152","Summit Supply Co.","Medium","MRO Reseller","Grace Lindqvist","2025-01-16","2025-01-29","1814.27","1917.15","105.67","336","Kept"
"PTP-000086","C0040","Apex MRO Services","Medium","MRO Reseller","Grace Lindqvist","2025-01-25","2025-01-30","2372.95","2433.72","102.56","335","Kept"
"PTP-000087","C0313","Oakmont Industrial Supply","Low","MRO Reseller","Grace Lindqvist","2025-01-25","2025-01-30","873.10","887.20","101.61","335","Kept"
"PTP-000089","C0262","Titan Industrial Supply","Medium","MRO Reseller","Grace Lindqvist","2025-01-23","2025-01-31","1847.11","2014.95","109.09","334","Kept"
"PTP-000088","C0227","Cedar Ridge County Facilities","Low","Institutional","Elena Ruiz","2025-01-20","2025-01-31","1336.30","1467.07","109.79","334","Kept"
"PTP-000092","C0231","Silverline Components - Northeast","Medium","OEM Manufacturer","Priya Natarajan","2025-01-29","2025-02-01","12933.22","13300.97","102.84","333","Kept"
"PTP-000090","C0032","Cedar Ridge Components","Low","OEM Manufacturer","Marcus Bell","2025-01-27","2025-02-01","1829.09","6167.70","337.20","333","Kept"
"PTP-000091","C0163","Keystone Fabrication","Medium","OEM Manufacturer","Priya Natarajan","2025-01-22","2025-02-01","742.52","2828.83","380.98","333","Kept"
"PTP-000094","C0124","Riverbend MRO Services - West","High","MRO Reseller","Grace Lindqvist","2025-01-30","2025-02-02","821.59","867.22","105.55","332","Kept"
"PTP-000093","C0067","Cedar Ridge Parts & Service","Medium","MRO Reseller","Sam Horowitz","2025-01-26","2025-02-02","4622.96","5220.04","112.92","332","Kept"
"PTP-000095","C0007","Cedar Ridge Industrial Supply","High","MRO Reseller","Sam Horowitz","2025-01-23","2025-02-03","1691.80","1845.41","109.08","331","Kept"
"PTP-000096","C0274","Summit Contracting - Midwest","Medium","Contractor","Tomas Okafor","2025-01-20","2025-02-03","7366.73","10975.49","148.99","331","Kept"
"PTP-000099","C0267","Redline Manufacturing - Southwest","Low","OEM Manufacturer","Marcus Bell","2025-01-31","2025-02-04","16462.46","16472.68","100.06","330","Kept"
"PTP-000100","C0306","Apex Builders - Southwest 3","Low","Contractor","Tomas Okafor","2025-01-31","2025-02-04","1274.21","1386.61","108.82","330","Kept"
"PTP-000097","C0031","Stonegate Machine Works","Low","OEM Manufacturer","Marcus Bell","2025-01-28","2025-02-04","3691.77","30210.94","818.33","330","Kept"
"PTP-000098","C0068","Harbor Industries","High","OEM Manufacturer","Priya Natarajan","2025-01-24","2025-02-04","9903.57","15278.13","154.27","330","Kept"
"PTP-000101","C0387","Apex Industrial Supply - Southeast","Medium","MRO Reseller","Sam Horowitz","2025-01-30","2025-02-04","1217.51","3238.36","265.98","330","Kept"
"PTP-000104","C0376","Summit Components - Midwest","High","OEM Manufacturer","Priya Natarajan","2025-01-31","2025-02-05","3910.69","18352.62","469.29","329","Kept"
"PTP-000102","C0125","Summit MRO Services","High","MRO Reseller","Grace Lindqvist","2025-02-02","2025-02-05","1149.88","2628.18","228.56","329","Kept"
"PTP-000103","C0226","Lakeshore Industries","Medium","OEM Manufacturer","Priya Natarajan","2025-01-27","2025-02-05","1754.12","1771.17","100.97","329","Kept"
"PTP-000107","C0121","Apex Manufacturing","Low","OEM Manufacturer","Marcus Bell","2025-01-26","2025-02-06","5109.20","12094.18","236.71","328","Kept"
"PTP-000106","C0049","Westbrook Mechanical","Medium","Contractor","Elena Ruiz","2025-02-04","2025-02-06","5063.91","5583.59","110.26","328","Kept"
"PTP-000105","C0031","Stonegate Machine Works","Low","OEM Manufacturer","Marcus Bell","2025-01-28","2025-02-06","4294.36","23695.68","551.79","328","Kept"
"PTP-000108","C0396","Ironbridge Manufacturing","Medium","OEM Manufacturer","Priya Natarajan","2025-01-29","2025-02-06","2704.98","10841.47","400.80","328","Kept"
"PTP-000109","C0035","Summit Mechanical","Low","Contractor","Tomas Okafor","2025-02-03","2025-02-07","783.56","800.60","102.17","327","Kept"
"PTP-000110","C0053","Stonegate University Facilities","Low","Institutional","Tomas Okafor","2025-01-31","2025-02-07","4738.54","4772.33","100.71","327","Kept"
"PTP-000111","C0068","Harbor Industries","High","OEM Manufacturer","Priya Natarajan","2025-01-24","2025-02-07","4212.95","6581.35","156.22","327","Kept"
"PTP-000112","C0139","Harbor Machine Works","Medium","OEM Manufacturer","Priya Natarajan","2025-01-26","2025-02-07","13198.59","16178.43","122.58","327","Kept"
"PTP-000113","C0279","Ironbridge Medical Center - Northeast","Low","Institutional","Marcus Bell","2025-01-29","2025-02-07","1048.22","1152.57","109.95","327","Kept"
"PTP-000116","C0349","Granite Manufacturing","High","OEM Manufacturer","Marcus Bell","2025-02-01","2025-02-08","2361.92","16067.71","680.28","326","Kept"
"PTP-000115","C0272","Frontier Industrial Supply","Low","MRO Reseller","Grace Lindqvist","2025-01-30","2025-02-08","497.26","1124.08","226.05","326","Kept"
"PTP-000114","C0037","Westbrook Builders","High","Contractor","Tomas Okafor","2025-01-28","2025-02-08","4827.34","4891.07","101.32","326","Kept"
"PTP-000118","C0073","Lakeshore Manufacturing","High","OEM Manufacturer","Priya Natarajan","2025-02-01","2025-02-09","9710.10","13241.80","136.37","325","Kept"
"PTP-000117","C0068","Harbor Industries","High","OEM Manufacturer","Priya Natarajan","2025-02-01","2025-02-09","1881.48","4582.62","243.56","325","Kept"
"PTP-000120","C0131","Bluewater Mechanical","High","Contractor","Tomas Okafor","2025-01-29","2025-02-09","3049.82","3359.07","110.14","325","Kept"
"PTP-000119","C0087","Riverbend Maintenance Supply","Medium","MRO Reseller","Grace Lindqvist","2025-01-30","2025-02-09","893.79","1946.85","217.82","325","Kept"
"PTP-000121","C0194","Riverbend Mechanical - Southeast","Medium","Contractor","Priya Natarajan","2025-02-01","2025-02-09","5030.09","6597.34","131.16","325","Kept"
"PTP-000122","C0311","Bluewater University Facilities","Low","Institutional","Tomas Okafor","2025-02-02","2025-02-09","5124.35","6561.92","128.05","325","Kept"
"PTP-000123","C0370","Cedar Ridge Construction - West 4","Low","Contractor","Tomas Okafor","2025-02-04","2025-02-09","862.78","902.01","104.55","325","Kept"
"PTP-000127","C0217","Apex Contracting - Southeast","Low","Contractor","Tomas Okafor","2025-02-06","2025-02-10","753.46","806.81","107.08","324","Kept"
"PTP-000124","C0100","Stonegate University Facilities - Southeast","Low","Institutional","Marcus Bell","2025-01-30","2025-02-10","3604.98","3709.11","102.89","324","Kept"
"PTP-000125","C0142","Riverbend Mechanical","Low","Contractor","Tomas Okafor","2025-02-04","2025-02-10","5153.86","5675.40","110.12","324","Kept"
"PTP-000126","C0163","Keystone Fabrication","Medium","OEM Manufacturer","Priya Natarajan","2025-02-07","2025-02-10","4017.68","12124.32","301.77","324","Kept"
"PTP-000128","C0275","Cedar Ridge Machine Works - Southwest","High","OEM Manufacturer","Priya Natarajan","2025-01-29","2025-02-11","8052.51","9389.65","116.61","323","Kept"
"PTP-000129","C0384","Riverbend Industries - Southeast","Low","OEM Manufacturer","Priya Natarajan","2025-01-29","2025-02-11","6651.74","9280.05","139.51","323","Kept"
"PTP-000132","C0334","Titan Fabrication - Southeast","Low","OEM Manufacturer","Priya Natarajan","2025-02-08","2025-02-12","2868.12","5127.83","178.79","322","Kept"
"PTP-000131","C0139","Harbor Machine Works","Medium","OEM Manufacturer","Priya Natarajan","2025-01-29","2025-02-12","4801.17","35127.46","731.64","322","Kept"
"PTP-000130","C0067","Cedar Ridge Parts & Service","Medium","MRO Reseller","Sam Horowitz","2025-02-02","2025-02-12","1575.78","1671.34","106.06","322","Kept"
"PTP-000133","C0001","Silverline MRO Services","Medium","MRO Reseller","Grace Lindqvist","2025-02-02","2025-02-13","607.03","636.42","104.84","321","Kept"
"PTP-000134","C0225","Titan Parts & Service","High","MRO Reseller","Sam Horowitz","2025-02-09","2025-02-13","489.81","2244.59","458.26","321","Kept"
"PTP-000135","C0355","Oakmont University Facilities","Low","Institutional","Elena Ruiz","2025-02-04","2025-02-13","1196.96","1275.88","106.59","321","Kept"
"PTP-000138","C0236","Northfield Maintenance Supply","Medium","MRO Reseller","Grace Lindqvist","2025-02-05","2025-02-14","3567.88","3589.92","100.62","320","Kept"
"PTP-000136","C0086","Crestview Contracting - Southeast","Medium","Contractor","Tomas Okafor","2025-02-07","2025-02-14","943.34","2613.43","277.04","320","Kept"
"PTP-000137","C0132","Keystone Contracting","High","Contractor","Tomas Okafor","2025-02-06","2025-02-14","422.14","0.00","0.00","320","Broken"
"PTP-000139","C0018","Redline Industries","Low","OEM Manufacturer","Marcus Bell","2025-02-04","2025-02-15","4257.03","10691.43","251.15","319","Kept"
"PTP-000140","C0026","Northfield Components","Low","OEM Manufacturer","Priya Natarajan","2025-02-12","2025-02-15","6314.76","25392.84","402.12","319","Kept"
"PTP-000141","C0032","Cedar Ridge Components","Low","OEM Manufacturer","Marcus Bell","2025-02-07","2025-02-15","4233.15","4654.03","109.94","319","Kept"
"PTP-000142","C0382","Summit Machine Works","Low","OEM Manufacturer","Marcus Bell","2025-02-04","2025-02-15","11777.67","12516.90","106.28","319","Kept"
"PTP-000145","C0385","Cedar Ridge Maintenance Supply - Southeast","Medium","MRO Reseller","Grace Lindqvist","2025-02-06","2025-02-16","730.89","745.31","101.97","318","Kept"
"PTP-000143","C0136","Crestview Industrial Supply - West","High","MRO Reseller","Grace Lindqvist","2025-02-09","2025-02-16","1599.03","1772.25","110.83","318","Kept"
"PTP-000144","C0271","Riverbend Electric - Midwest 3","High","Contractor","Elena Ruiz","2025-02-02","2025-02-16","3073.77","0.00","0.00","318","Broken"
"PTP-000147","C0038","Summit Fabrication","High","OEM Manufacturer","Priya Natarajan","2025-02-04","2025-02-17","2941.10","3164.76","107.60","317","Kept"
"PTP-000146","C0025","Oakmont County Facilities","Low","Institutional","Elena Ruiz","2025-02-11","2025-02-17","7702.97","8388.14","108.89","317","Kept"
"PTP-000149","C0381","Redline Electric","Medium","Contractor","Elena Ruiz","2025-02-04","2025-02-17","1233.16","1356.35","109.99","317","Kept"
"PTP-000148","C0360","Bluewater Medical Center - Northeast","Medium","Institutional","Marcus Bell","2025-02-09","2025-02-17","5361.82","6950.15","129.62","317","Kept"
"PTP-000152","C0356","Stonegate University Facilities - Midwest 3","Low","Institutional","Elena Ruiz","2025-02-13","2025-02-18","3388.32","5127.53","151.33","316","Kept"
"PTP-000153","C0384","Riverbend Industries - Southeast","Low","OEM Manufacturer","Priya Natarajan","2025-02-06","2025-02-18","10574.76","10936.58","103.42","316","Kept"
"PTP-000154","C0387","Apex Industrial Supply - Southeast","Medium","MRO Reseller","Sam Horowitz","2025-02-13","2025-02-18","764.38","1437.59","188.07","316","Kept"
"PTP-000150","C0061","Riverbend Industries","Low","OEM Manufacturer","Marcus Bell","2025-02-13","2025-02-18","12021.53","18540.57","154.23","316","Kept"
"PTP-000151","C0109","Frontier Builders","Medium","Contractor","Tomas Okafor","2025-02-14","2025-02-18","3891.68","4222.68","108.51","316","Kept"
"PTP-000155","C0111","Harbor Manufacturing","Medium","OEM Manufacturer","Marcus Bell","2025-02-15","2025-02-19","1653.06","1740.37","105.28","315","Kept"
"PTP-000156","C0232","Titan Builders - Southwest","High","Contractor","Tomas Okafor","2025-01-31","2025-02-20","2761.78","0.00","0.00","314","Broken"
"PTP-000159","C0106","Cedar Ridge Industrial Supply - Midwest","Low","MRO Reseller","Grace Lindqvist","2025-02-16","2025-02-22","2350.45","2385.06","101.47","312","Kept"
"PTP-000158","C0088","Westbrook Builders - West","High","Contractor","Elena Ruiz","2025-02-11","2025-02-22","2826.64","2955.62","104.56","312","Kept"
"PTP-000160","C0169","Apex Components","Medium","OEM Manufacturer","Marcus Bell","2025-02-09","2025-02-22","7516.49","9291.63","123.62","312","Kept"
"PTP-000157","C0006","Pioneer Maintenance Supply","Medium","MRO Reseller","Grace Lindqvist","2025-02-14","2025-02-22","1444.17","5014.46","347.22","312","Kept"
"PTP-000161","C0389","Ironbridge Components - Southeast","Medium","OEM Manufacturer","Marcus Bell","2025-02-12","2025-02-22","6922.70","19908.72","287.59","312","Kept"
"PTP-000162","C0400","Titan Supply Co. - Southeast 3","Low","MRO Reseller","Sam Horowitz","2025-02-20","2025-02-22","3654.63","3995.87","109.34","312","Kept"
"PTP-000163","C0073","Lakeshore Manufacturing","High","OEM Manufacturer","Priya Natarajan","2025-02-11","2025-02-23","5293.65","5773.61","109.07","311","Kept"
"PTP-000164","C0100","Stonegate University Facilities - Southeast","Low","Institutional","Marcus Bell","2025-02-14","2025-02-23","3428.99","3536.39","103.13","311","Kept"
"PTP-000166","C0200","Harbor Mechanical","High","Contractor","Tomas Okafor","2025-02-14","2025-02-23","6906.31","7335.79","106.22","311","Kept"
"PTP-000165","C0186","Redline Parts & Service - Northeast","Low","MRO Reseller","Grace Lindqvist","2025-02-17","2025-02-23","3182.60","3243.66","101.92","311","Kept"
"PTP-000167","C0351","Ironbridge Components","High","OEM Manufacturer","Priya Natarajan","2025-02-10","2025-02-23","13675.44","13853.65","101.30","311","Kept"
"PTP-000173","C0302","Crestview Contracting - Northeast 3","High","Contractor","Tomas Okafor","2025-02-04","2025-02-24","688.31","0.00","0.00","310","Broken"
"PTP-000172","C0261","Stonegate Maintenance Supply","Low","MRO Reseller","Sam Horowitz","2025-02-20","2025-02-24","2061.07","5905.14","286.51","310","Kept"
"PTP-000170","C0248","Lakeshore Contracting - Midwest","Medium","Contractor","Tomas Okafor","2025-02-20","2025-02-24","3613.87","3696.82","102.30","310","Kept"
"PTP-000171","C0253","Summit Industrial Supply","High","MRO Reseller","Sam Horowitz","2025-02-13","2025-02-24","1520.06","6397.56","420.88","310","Kept"
"PTP-000169","C0087","Riverbend Maintenance Supply","Medium","MRO Reseller","Grace Lindqvist","2025-02-19","2025-02-24","4352.20","4380.28","100.65","310","Kept"
"PTP-000168","C0031","Stonegate Machine Works","Low","OEM Manufacturer","Marcus Bell","2025-02-18","2025-02-24","2652.68","14815.89","558.53","310","Kept"
"PTP-000174","C0132","Keystone Contracting","High","Contractor","Tomas Okafor","2025-01-31","2025-02-25","2062.13","0.00","0.00","309","Broken"
"PTP-000175","C0199","Granite Builders","Low","Contractor","Tomas Okafor","2025-02-21","2025-02-25","4029.98","7688.48","190.78","309","Kept"
"PTP-000176","C0324","Pioneer Construction","High","Contractor","Elena Ruiz","2025-02-17","2025-02-25","690.88","0.00","0.00","309","Broken"
"PTP-000177","C0356","Stonegate University Facilities - Midwest 3","Low","Institutional","Elena Ruiz","2025-02-13","2025-02-25","5899.64","6031.90","102.24","309","Kept"
"PTP-000179","C0333","Oakmont Maintenance Supply - Southwest","Medium","MRO Reseller","Grace Lindqvist","2025-02-20","2025-02-27","1320.78","1385.23","104.88","307","Kept"
"PTP-000178","C0176","Harbor Machine Works - Southeast","Low","OEM Manufacturer","Priya Natarajan","2025-02-17","2025-02-27","7723.96","20412.55","264.28","307","Kept"
"PTP-000180","C0031","Stonegate Machine Works","Low","OEM Manufacturer","Marcus Bell","2025-02-23","2025-02-28","7920.17","10458.09","132.04","306","Kept"
"PTP-000183","C0163","Keystone Fabrication","Medium","OEM Manufacturer","Priya Natarajan","2025-02-23","2025-03-01","2418.61","2455.22","101.51","305","Kept"
"PTP-000182","C0134","Frontier MRO Services","Medium","MRO Reseller","Grace Lindqvist","2025-02-26","2025-03-01","576.84","3954.52","685.55","305","Kept"
"PTP-000181","C0079","Cedar Ridge Machine Works","Low","OEM Manufacturer","Priya Natarajan","2025-02-21","2025-03-01","7524.02","20766.66","276.00","305","Kept"
"PTP-000185","C0225","Titan Parts & Service","High","MRO Reseller","Sam Horowitz","2025-02-18","2025-03-01","947.50","997.35","105.26","305","Kept"
"PTP-000184","C0215","Silverline Medical Center","Low","Institutional","Marcus Bell","2025-02-19","2025-03-01","867.82","4299.24","495.41","305","Kept"
"PTP-000186","C0352","Pioneer Construction - Midwest","Low","Contractor","Tomas Okafor","2025-02-15","2025-03-01","1581.10","0.00","0.00","305","Broken"
"PTP-000190","C0386","Bluewater Electric","High","Contractor","Elena Ruiz","2025-02-20","2025-03-02","3275.77","0.00","0.00","304","Broken"
"PTP-000189","C0271","Riverbend Electric - Midwest 3","High","Contractor","Elena Ruiz","2025-02-08","2025-03-02","2934.30","0.00","0.00","304","Broken"
"PTP-000187","C0028","Keystone Parts & Service","Medium","MRO Reseller","Sam Horowitz","2025-02-17","2025-03-02","2826.39","3997.39","141.43","304","Kept"
"PTP-000188","C0057","Frontier School District","Low","Institutional","Priya Natarajan","2025-02-25","2025-03-02","6959.87","7217.47","103.70","304","Kept"
"PTP-000192","C0059","Apex Mechanical","High","Contractor","Marcus Bell","2025-02-18","2025-03-03","4019.82","0.00","0.00","303","Broken"
"PTP-000193","C0064","Frontier University Facilities","Low","Institutional","Elena Ruiz","2025-02-19","2025-03-03","5290.34","5769.23","109.05","303","Kept"
"PTP-000191","C0013","Riverbend Contracting","Medium","Contractor","Tomas Okafor","2025-03-01","2025-03-03","787.72","814.44","103.39","303","Kept"
"PTP-000194","C0054","Titan Manufacturing","Medium","OEM Manufacturer","Priya Natarajan","2025-03-02","2025-03-04","1789.57","1796.19","100.37","302","Kept"
"PTP-000195","C0195","Redline Manufacturing","Medium","OEM Manufacturer","Priya Natarajan","2025-02-20","2025-03-04","2771.65","2910.60","105.01","302","Kept"
"PTP-000196","C0302","Crestview Contracting - Northeast 3","High","Contractor","Tomas Okafor","2025-02-18","2025-03-04","6098.52","0.00","0.00","302","Broken"
"PTP-000200","C0279","Ironbridge Medical Center - Northeast","Low","Institutional","Marcus Bell","2025-02-24","2025-03-05","1718.50","1875.13","109.11","301","Kept"
"PTP-000199","C0277","Lakeshore Construction - West","High","Contractor","Tomas Okafor","2025-02-08","2025-03-05","2398.92","0.00","0.00","301","Broken"
"PTP-000202","C0331","Stonegate School District","Low","Institutional","Priya Natarajan","2025-03-02","2025-03-05","3038.10","3348.37","110.21","301","Kept"
"PTP-000201","C0314","Cedar Ridge Fabrication","Low","OEM Manufacturer","Marcus Bell","2025-02-20","2025-03-05","1224.72","1251.43","102.18","301","Kept"
"PTP-000197","C0232","Titan Builders - Southwest","High","Contractor","Tomas Okafor","2025-02-12","2025-03-05","720.07","0.00","0.00","301","Broken"
"PTP-000198","C0271","Riverbend Electric - Midwest 3","High","Contractor","Elena Ruiz","2025-02-10","2025-03-05","4044.05","0.00","0.00","301","Broken"
"PTP-000203","C0280","Apex Mechanical - West","Medium","Contractor","Elena Ruiz","2025-02-26","2025-03-06","6085.79","6146.19","100.99","300","Kept"
"PTP-000205","C0297","Apex Mechanical - Southeast 3","High","Contractor","Tomas Okafor","2025-02-15","2025-03-07","427.19","0.00","0.00","299","Broken"
"PTP-000204","C0169","Apex Components","Medium","OEM Manufacturer","Marcus Bell","2025-02-25","2025-03-07","4002.19","5953.02","148.74","299","Kept"
"PTP-000206","C0359","Stonegate Fabrication - West","High","OEM Manufacturer","Marcus Bell","2025-02-18","2025-03-07","3790.47","0.00","0.00","299","Broken"
"PTP-000208","C0392","Apex Industrial Supply - Southwest 3","High","MRO Reseller","Grace Lindqvist","2025-02-25","2025-03-08","786.52","2773.78","352.66","298","Kept"
"PTP-000207","C0134","Frontier MRO Services","Medium","MRO Reseller","Grace Lindqvist","2025-02-25","2025-03-08","2319.07","2430.51","104.81","298","Kept"
"PTP-000209","C0087","Riverbend Maintenance Supply","Medium","MRO Reseller","Grace Lindqvist","2025-03-01","2025-03-09","632.19","641.70","101.50","297","Kept"
"PTP-000210","C0111","Harbor Manufacturing","Medium","OEM Manufacturer","Marcus Bell","2025-02-27","2025-03-09","1954.01","2045.90","104.70","297","Kept"
"PTP-000211","C0008","Silverline Maintenance Supply","Low","MRO Reseller","Sam Horowitz","2025-03-03","2025-03-11","341.82","0.00","0.00","295","Broken"
"PTP-000212","C0344","Granite Supply Co. - West","Low","MRO Reseller","Sam Horowitz","2025-03-06","2025-03-12","1645.29","1777.38","108.03","294","Kept"
"PTP-000214","C0397","Silverline Mechanical - Southwest 3","Low","Contractor","Elena Ruiz","2025-03-06","2025-03-13","8189.71","8760.60","106.97","293","Kept"
"PTP-000213","C0378","Silverline Fabrication - Southwest","Medium","OEM Manufacturer","Priya Natarajan","2025-03-09","2025-03-13","8423.82","9305.53","110.47","293","Kept"
"PTP-000217","C0325","Apex Medical Center","Low","Institutional","Tomas Okafor","2025-03-03","2025-03-14","1796.93","1851.32","103.03","292","Kept"
"PTP-000216","C0296","Crestview Manufacturing","Medium","OEM Manufacturer","Priya Natarajan","2025-03-03","2025-03-14","3890.15","27714.15","712.42","292","Kept"
"PTP-000215","C0234","Redline University Facilities - Midwest 3","Low","Institutional","Tomas Okafor","2025-03-07","2025-03-14","8163.11","8329.87","102.04","292","Kept"
"PTP-000222","C0202","Harbor MRO Services","Low","MRO Reseller","Sam Horowitz","2025-03-02","2025-03-15","570.34","11914.75","2089.06","291","Kept"
"PTP-000223","C0309","Frontier Machine Works","Low","OEM Manufacturer","Marcus Bell","2025-03-11","2025-03-15","4485.58","11421.62","254.63","291","Kept"
"PTP-000224","C0341","Summit Supply Co. - Southeast","Medium","MRO Reseller","Grace Lindqvist","2025-03-12","2025-03-15","669.23","2174.79","324.97","291","Kept"
"PTP-000218","C0008","Silverline Maintenance Supply","Low","MRO Reseller","Sam Horowitz","2025-03-08","2025-03-15","557.24","6197.04","1112.10","291","Kept"
"PTP-000219","C0059","Apex Mechanical","High","Contractor","Marcus Bell","2025-02-26","2025-03-15","3098.62","0.00","0.00","291","Broken"
"PTP-000220","C0112","Ironbridge Fabrication - Midwest","Low","OEM Manufacturer","Marcus Bell","2025-03-04","2025-03-15","15300.40","16348.78","106.85","291","Kept"
"PTP-000221","C0152","Summit Supply Co.","Medium","MRO Reseller","Grace Lindqvist","2025-03-07","2025-03-15","4314.80","4759.03","110.30","291","Kept"
"PTP-000225","C0132","Keystone Contracting","High","Contractor","Tomas Okafor","2025-03-04","2025-03-16","1902.67","0.00","0.00","290","Broken"
"PTP-000229","C0341","Summit Supply Co. - Southeast","Medium","MRO Reseller","Grace Lindqvist","2025-03-06","2025-03-16","1343.18","2174.79","161.91","290","Kept"
"PTP-000228","C0328","Westbrook Industries","Low","OEM Manufacturer","Priya Natarajan","2025-03-07","2025-03-16","5979.12","14349.88","240.00","290","Kept"
"PTP-000227","C0297","Apex Mechanical - Southeast 3","High","Contractor","Tomas Okafor","2025-03-05","2025-03-16","906.23","0.00","0.00","290","Broken"
"PTP-000226","C0183","Oakmont Maintenance Supply","High","MRO Reseller","Grace Lindqvist","2025-03-09","2025-03-16","1518.50","2354.69","155.07","290","Kept"
"PTP-000230","C0389","Ironbridge Components - Southeast","Medium","OEM Manufacturer","Marcus Bell","2025-03-10","2025-03-16","6128.62","16747.76","273.27","290","Kept"
"PTP-000234","C0361","Titan University Facilities - Midwest","Low","Institutional","Priya Natarajan","2025-03-06","2025-03-17","2642.66","2725.23","103.12","289","Kept"
"PTP-000232","C0116","Lakeshore University Facilities","Low","Institutional","Tomas Okafor","2025-03-14","2025-03-17","5535.01","5840.11","105.51","289","Kept"
"PTP-000231","C0080","Frontier Maintenance Supply","Medium","MRO Reseller","Grace Lindqvist","2025-03-07","2025-03-17","2259.19","2381.48","105.41","289","Kept"
"PTP-000233","C0164","Lakeshore Fabrication","Medium","OEM Manufacturer","Priya Natarajan","2025-03-08","2025-03-17","2020.51","15693.26","776.70","289","Kept"
"PTP-000235","C0082","Apex Supply Co.","Low","MRO Reseller","Grace Lindqvist","2025-03-08","2025-03-18","1013.61","1084.84","107.03","288","Kept"
"PTP-000236","C0124","Riverbend MRO Services - West","High","MRO Reseller","Grace Lindqvist","2025-03-06","2025-03-18","1780.88","1872.99","105.17","288","Kept"
"PTP-000237","C0215","Silverline Medical Center","Low","Institutional","Marcus Bell","2025-03-10","2025-03-18","7960.22","8624.10","108.34","288","Kept"
"PTP-000238","C0271","Riverbend Electric - Midwest 3","High","Contractor","Elena Ruiz","2025-02-24","2025-03-18","395.43","0.00","0.00","288","Broken"
"PTP-000239","C0376","Summit Components - Midwest","High","OEM Manufacturer","Priya Natarajan","2025-03-07","2025-03-18","1963.29","4297.58","218.90","288","Kept"
"PTP-000240","C0386","Bluewater Electric","High","Contractor","Elena Ruiz","2025-03-04","2025-03-18","655.72","0.00","0.00","288","Broken"
"PTP-000244","C0163","Keystone Fabrication","Medium","OEM Manufacturer","Priya Natarajan","2025-03-08","2025-03-19","12826.02","28068.67","218.84","287","Kept"
"PTP-000241","C0026","Northfield Components","Low","OEM Manufacturer","Priya Natarajan","2025-03-06","2025-03-19","10220.85","12883.60","126.05","287","Kept"
"PTP-000242","C0038","Summit Fabrication","High","OEM Manufacturer","Priya Natarajan","2025-03-12","2025-03-19","3675.82","3968.14","107.95","287","Kept"
"PTP-000243","C0045","Lakeshore Machine Works","Low","OEM Manufacturer","Marcus Bell","2025-03-10","2025-03-19","6515.43","15987.19","245.37","287","Kept"
"PTP-000245","C0036","Harbor Builders - West","Low","Contractor","Elena Ruiz","2025-03-16","2025-03-20","865.71","884.91","102.22","286","Kept"
"PTP-000246","C0059","Apex Mechanical","High","Contractor","Marcus Bell","2025-02-24","2025-03-20","2568.73","0.00","0.00","286","Broken"
"PTP-000247","C0275","Cedar Ridge Machine Works - Southwest","High","OEM Manufacturer","Priya Natarajan","2025-03-11","2025-03-20","6314.80","12513.41","198.16","286","Kept"
"PTP-000248","C0316","Bluewater Parts & Service - Midwest 3","Medium","MRO Reseller","Sam Horowitz","2025-03-08","2025-03-20","3255.77","6790.02","208.55","286","Kept"
"PTP-000249","C0341","Summit Supply Co. - Southeast","Medium","MRO Reseller","Grace Lindqvist","2025-03-09","2025-03-20","3540.14","3913.42","110.54","286","Kept"
"PTP-000251","C0201","Titan Machine Works","Low","OEM Manufacturer","Marcus Bell","2025-03-17","2025-03-21","1930.50","50294.99","2605.28","285","Kept"
"PTP-000250","C0165","Northfield School District","Low","Institutional","Marcus Bell","2025-03-07","2025-03-21","10377.83","21870.06","210.74","285","Kept"
"PTP-000252","C0032","Cedar Ridge Components","Low","OEM Manufacturer","Marcus Bell","2025-03-10","2025-03-22","2493.01","2627.42","105.39","284","Kept"
"PTP-000253","C0324","Pioneer Construction","High","Contractor","Elena Ruiz","2025-03-06","2025-03-22","2001.51","0.00","0.00","284","Broken"
"PTP-000255","C0377","Northfield Machine Works","High","OEM Manufacturer","Marcus Bell","2025-03-09","2025-03-22","6359.52","6581.36","103.49","284","Kept"
"PTP-000254","C0369","Lakeshore Components","High","OEM Manufacturer","Marcus Bell","2025-03-17","2025-03-22","3102.29","12325.21","397.29","284","Kept"
"PTP-000258","C0366","Westbrook Industries - West","Medium","OEM Manufacturer","Marcus Bell","2025-03-21","2025-03-23","6514.29","16330.54","250.69","283","Kept"
"PTP-000257","C0186","Redline Parts & Service - Northeast","Low","MRO Reseller","Grace Lindqvist","2025-03-20","2025-03-23","3861.94","6604.22","171.01","283","Kept"
"PTP-000256","C0082","Apex Supply Co.","Low","MRO Reseller","Grace Lindqvist","2025-03-13","2025-03-23","1115.91","1136.14","101.81","283","Kept"
"PTP-000259","C0324","Pioneer Construction","High","Contractor","Elena Ruiz","2025-03-15","2025-03-24","460.51","0.00","0.00","282","Broken"
"PTP-000260","C0365","Bluewater Mechanical - Southeast","Low","Contractor","Tomas Okafor","2025-03-10","2025-03-24","2051.39","2074.00","101.10","282","Kept"
"PTP-000262","C0324","Pioneer Construction","High","Contractor","Elena Ruiz","2025-03-05","2025-03-25","1059.28","0.00","0.00","281","Broken"
"PTP-000263","C0337","Keystone Manufacturing","Low","OEM Manufacturer","Priya Natarajan","2025-03-19","2025-03-25","16193.60","27524.13","169.97","281","Kept"
"PTP-000261","C0271","Riverbend Electric - Midwest 3","High","Contractor","Elena Ruiz","2025-03-17","2025-03-25","485.44","0.00","0.00","281","Broken"
"PTP-000264","C0271","Riverbend Electric - Midwest 3","High","Contractor","Elena Ruiz","2025-03-11","2025-03-26","4150.26","0.00","0.00","280","Broken"
"PTP-000265","C0068","Harbor Industries","High","OEM Manufacturer","Priya Natarajan","2025-03-12","2025-03-27","1843.05","4187.52","227.21","279","Kept"
"PTP-000266","C0061","Riverbend Industries","Low","OEM Manufacturer","Marcus Bell","2025-03-22","2025-03-28","4016.89","20296.69","505.28","278","Kept"
"PTP-000267","C0132","Keystone Contracting","High","Contractor","Tomas Okafor","2025-03-14","2025-03-28","1942.77","0.00","0.00","278","Broken"
"PTP-000268","C0150","Northfield Industries","Low","OEM Manufacturer","Priya Natarajan","2025-03-16","2025-03-28","5970.72","10902.88","182.61","278","Kept"
"PTP-000269","C0190","Harbor Fabrication","Medium","OEM Manufacturer","Priya Natarajan","2025-03-20","2025-03-28","1785.11","3633.11","203.52","278","Kept"
"PTP-000274","C0203","Redline Industrial Supply - Southwest","Low","MRO Reseller","Sam Horowitz","2025-03-21","2025-03-29","1325.01","1454.95","109.81","277","Kept"
"PTP-000275","C0351","Ironbridge Components","High","OEM Manufacturer","Priya Natarajan","2025-03-19","2025-03-29","1108.02","13144.59","1186.31","277","Kept"
"PTP-000271","C0059","Apex Mechanical","High","Contractor","Marcus Bell","2025-03-08","2025-03-29","1905.54","0.00","0.00","277","Broken"
"PTP-000272","C0066","Summit Industries","Medium","OEM Manufacturer","Marcus Bell","2025-03-21","2025-03-29","3385.52","3736.46","110.37","277","Kept"
"PTP-000273","C0074","Frontier Fabrication","Medium","OEM Manufacturer","Priya Natarajan","2025-03-18","2025-03-29","2956.94","3067.61","103.74","277","Kept"
"PTP-000270","C0043","Bluewater Construction","Low","Contractor","Elena Ruiz","2025-03-25","2025-03-29","3058.10","3067.66","100.31","277","Kept"
"PTP-000276","C0135","Oakmont Medical Center - Midwest","Low","Institutional","Marcus Bell","2025-03-18","2025-03-30","3922.97","4032.58","102.79","276","Kept"
"PTP-000277","C0246","Lakeshore Industrial Supply","Low","MRO Reseller","Sam Horowitz","2025-03-21","2025-03-30","1030.03","1063.67","103.27","276","Kept"
"PTP-000280","C0284","Apex Manufacturing - Southwest 3","Low","OEM Manufacturer","Marcus Bell","2025-03-17","2025-03-31","1712.41","3884.95","226.87","275","Kept"
"PTP-000279","C0111","Harbor Manufacturing","Medium","OEM Manufacturer","Marcus Bell","2025-03-25","2025-03-31","1735.49","2429.85","140.01","275","Kept"
"PTP-000278","C0061","Riverbend Industries","Low","OEM Manufacturer","Marcus Bell","2025-03-22","2025-03-31","2902.43","20296.69","699.30","275","Kept"
"PTP-000281","C0386","Bluewater Electric","High","Contractor","Elena Ruiz","2025-03-20","2025-03-31","2443.06","0.00","0.00","275","Broken"
"PTP-000282","C0232","Titan Builders - Southwest","High","Contractor","Tomas Okafor","2025-03-08","2025-04-02","2171.09","0.00","0.00","273","Broken"
"PTP-000285","C0324","Pioneer Construction","High","Contractor","Elena Ruiz","2025-03-20","2025-04-03","1687.59","0.00","0.00","272","Broken"
"PTP-000283","C0075","Ironbridge Mechanical - Southeast 3","Medium","Contractor","Elena Ruiz","2025-04-01","2025-04-03","7697.04","8236.14","107.00","272","Kept"
"PTP-000284","C0171","Silverline Maintenance Supply - Southwest","Medium","MRO Reseller","Sam Horowitz","2025-03-26","2025-04-03","726.75","1217.14","167.48","272","Kept"
"PTP-000286","C0359","Stonegate Fabrication - West","High","OEM Manufacturer","Marcus Bell","2025-03-26","2025-04-03","6486.47","20129.57","310.33","272","Kept"
"PTP-000292","C0386","Bluewater Electric","High","Contractor","Elena Ruiz","2025-03-13","2025-04-04","1760.96","0.00","0.00","271","Broken"
"PTP-000288","C0168","Northfield Mechanical","Medium","Contractor","Elena Ruiz","2025-03-22","2025-04-04","896.33","917.41","102.35","271","Kept"
"PTP-000287","C0126","Oakmont Parts & Service","Medium","MRO Reseller","Sam Horowitz","2025-03-26","2025-04-04","1022.23","1645.30","160.95","271","Kept"
"PTP-000290","C0324","Pioneer Construction","High","Contractor","Elena Ruiz","2025-03-25","2025-04-04","2952.69","0.00","0.00","271","Broken"
"PTP-000289","C0321","Granite Parts & Service","Low","MRO Reseller","Sam Horowitz","2025-03-27","2025-04-04","3951.56","7242.58","183.28","271","Kept"
"PTP-000291","C0350","Crestview Industries","Low","OEM Manufacturer","Marcus Bell","2025-03-25","2025-04-04","14283.61","15677.31","109.76","271","Kept"
"PTP-000294","C0143","Northfield Parts & Service","Medium","MRO Reseller","Sam Horowitz","2025-04-01","2025-04-05","1594.32","2888.38","181.17","270","Kept"
"PTP-000293","C0059","Apex Mechanical","High","Contractor","Marcus Bell","2025-03-28","2025-04-05","4013.88","0.00","0.00","270","Broken"
"PTP-000296","C0315","Lakeshore Parts & Service - Northeast","Medium","MRO Reseller","Grace Lindqvist","2025-03-30","2025-04-06","922.96","6019.70","652.22","269","Kept"
"PTP-000295","C0236","Northfield Maintenance Supply","Medium","MRO Reseller","Grace Lindqvist","2025-04-02","2025-04-06","684.39","705.64","103.10","269","Kept"
"PTP-000297","C0251","Silverline Mechanical - Southwest","Low","Contractor","Tomas Okafor","2025-03-27","2025-04-07","1994.11","2906.62","145.76","268","Kept"
"PTP-000298","C0378","Silverline Fabrication - Southwest","Medium","OEM Manufacturer","Priya Natarajan","2025-03-25","2025-04-07","9229.93","11738.92","127.18","268","Kept"
"PTP-000299","C0232","Titan Builders - Southwest","High","Contractor","Tomas Okafor","2025-03-17","2025-04-08","4397.07","0.00","0.00","267","Broken"
"PTP-000300","C0312","Pioneer University Facilities - Southeast","Low","Institutional","Marcus Bell","2025-04-04","2025-04-08","6733.07","6735.08","100.03","267","Kept"
"PTP-000301","C0284","Apex Manufacturing - Southwest 3","Low","OEM Manufacturer","Marcus Bell","2025-04-04","2025-04-09","12569.50","19380.69","154.19","266","Kept"
"PTP-000302","C0195","Redline Manufacturing","Medium","OEM Manufacturer","Priya Natarajan","2025-03-29","2025-04-10","1604.69","1645.50","102.54","265","Kept"
"PTP-000304","C0054","Titan Manufacturing","Medium","OEM Manufacturer","Priya Natarajan","2025-04-02","2025-04-11","4479.48","18339.29","409.41","264","Kept"
"PTP-000303","C0032","Cedar Ridge Components","Low","OEM Manufacturer","Marcus Bell","2025-04-07","2025-04-11","14395.28","15454.67","107.36","264","Kept"
"PTP-000305","C0095","Stonegate Fabrication","Low","OEM Manufacturer","Marcus Bell","2025-04-03","2025-04-11","6839.18","20527.90","300.15","264","Kept"
"PTP-000306","C0062","Keystone Electric","Medium","Contractor","Elena Ruiz","2025-04-01","2025-04-12","5524.08","5758.87","104.25","263","Kept"
"PTP-000307","C0067","Cedar Ridge Parts & Service","Medium","MRO Reseller","Sam Horowitz","2025-03-31","2025-04-12","1429.70","1488.45","104.11","263","Kept"
"PTP-000308","C0238","Oakmont Builders - Midwest","Low","Contractor","Tomas Okafor","2025-04-01","2025-04-12","1208.45","9890.49","818.44","263","Kept"
"PTP-000309","C0324","Pioneer Construction","High","Contractor","Elena Ruiz","2025-04-03","2025-04-12","967.85","0.00","0.00","263","Broken"
"PTP-000310","C0348","Bluewater Manufacturing","Low","OEM Manufacturer","Marcus Bell","2025-04-05","2025-04-12","3129.38","5694.28","181.96","263","Kept"
"PTP-000311","C0359","Stonegate Fabrication - West","High","OEM Manufacturer","Marcus Bell","2025-04-03","2025-04-13","5083.09","26868.62","528.59","262","Kept"
"PTP-000312","C0169","Apex Components","Medium","OEM Manufacturer","Marcus Bell","2025-04-08","2025-04-14","3903.18","4240.60","108.64","261","Kept"
"PTP-000314","C0170","Titan Industries","Low","OEM Manufacturer","Priya Natarajan","2025-04-06","2025-04-15","1631.42","9798.59","600.62","260","Kept"
"PTP-000313","C0024","Keystone Construction","Medium","Contractor","Tomas Okafor","2025-04-05","2025-04-15","2743.69","2909.70","106.05","260","Kept"
"PTP-000316","C0275","Cedar Ridge Machine Works - Southwest","High","OEM Manufacturer","Priya Natarajan","2025-04-05","2025-04-15","9404.70","7507.15","79.82","260","PartiallyKept"
"PTP-000315","C0205","Northfield Builders - Northeast","Medium","Contractor","Elena Ruiz","2025-04-11","2025-04-15","3680.07","9831.50","267.16","260","Kept"
"PTP-000318","C0197","Harbor Machine Works - Southwest 3","Low","OEM Manufacturer","Priya Natarajan","2025-04-02","2025-04-16","8298.68","23400.96","281.98","259","Kept"
"PTP-000317","C0166","Apex School District","Low","Institutional","Marcus Bell","2025-04-13","2025-04-16","2600.61","2675.01","102.86","259","Kept"
"PTP-000319","C0395","Northfield MRO Services","Low","MRO Reseller","Sam Horowitz","2025-04-12","2025-04-16","590.43","605.29","102.52","259","Kept"
"PTP-000320","C0172","Crestview Electric","Medium","Contractor","Tomas Okafor","2025-04-03","2025-04-17","4240.35","4710.29","111.08","258","Kept"
"PTP-000321","C0183","Oakmont Maintenance Supply","High","MRO Reseller","Grace Lindqvist","2025-04-15","2025-04-17","620.48","5702.77","919.09","258","Kept"
"PTP-000322","C0339","Summit Components","Low","OEM Manufacturer","Marcus Bell","2025-04-06","2025-04-17","9206.79","13509.33","146.73","258","Kept"
"PTP-000324","C0302","Crestview Contracting - Northeast 3","High","Contractor","Tomas Okafor","2025-04-03","2025-04-18","4021.97","0.00","0.00","257","Broken"
"PTP-000325","C0302","Crestview Contracting - Northeast 3","High","Contractor","Tomas Okafor","2025-03-25","2025-04-18","5068.89","0.00","0.00","257","Broken"
"PTP-000323","C0182","Lakeshore Parts & Service","Medium","MRO Reseller","Sam Horowitz","2025-04-12","2025-04-18","662.03","729.71","110.22","257","Kept"
"PTP-000326","C0381","Redline Electric","Medium","Contractor","Elena Ruiz","2025-04-14","2025-04-18","5932.94","5962.00","100.49","257","Kept"
"PTP-000327","C0101","Redline University Facilities - Northeast","Low","Institutional","Marcus Bell","2025-04-14","2025-04-19","7860.65","7946.51","101.09","256","Kept"
"PTP-000330","C0302","Crestview Contracting - Northeast 3","High","Contractor","Tomas Okafor","2025-04-06","2025-04-19","1137.11","0.00","0.00","256","Broken"
"PTP-000328","C0204","Cedar Ridge Builders","Low","Contractor","Tomas Okafor","2025-04-05","2025-04-19","784.78","823.51","104.94","256","Kept"
"PTP-000329","C0263","Ironbridge Mechanical - Northeast 5","Medium","Contractor","Elena Ruiz","2025-04-08","2025-04-19","795.24","828.95","104.24","256","Kept"
"PTP-000331","C0190","Harbor Fabrication","Medium","OEM Manufacturer","Priya Natarajan","2025-04-07","2025-04-20","1602.10","1635.46","102.08","255","Kept"
"PTP-000332","C0299","Silverline Industries","Low","OEM Manufacturer","Marcus Bell","2025-04-02","2025-04-20","1593.19","8481.03","532.33","255","Kept"
"PTP-000334","C0232","Titan Builders - Southwest","High","Contractor","Tomas Okafor","2025-03-29","2025-04-21","3232.23","0.00","0.00","254","Broken"
"PTP-000333","C0017","Silverline Fabrication","Low","OEM Manufacturer","Priya Natarajan","2025-04-08","2025-04-21","5575.55","13306.48","238.66","254","Kept"
"PTP-000335","C0366","Westbrook Industries - West","Medium","OEM Manufacturer","Marcus Bell","2025-04-11","2025-04-21","4062.44","6887.26","169.54","254","Kept"
"PTP-000336","C0395","Northfield MRO Services","Low","MRO Reseller","Sam Horowitz","2025-04-14","2025-04-21","1026.92","6779.51","660.18","254","Kept"
"PTP-000341","C0384","Riverbend Industries - Southeast","Low","OEM Manufacturer","Priya Natarajan","2025-04-13","2025-04-22","3611.87","9901.25","274.13","253","Kept"
"PTP-000337","C0073","Lakeshore Manufacturing","High","OEM Manufacturer","Priya Natarajan","2025-04-10","2025-04-22","8203.32","21668.64","264.14","253","Kept"
"PTP-000338","C0260","Harbor Industrial Supply","High","MRO Reseller","Grace Lindqvist","2025-04-15","2025-04-22","2266.98","2345.82","103.48","253","Kept"
"PTP-000339","C0267","Redline Manufacturing - Southwest","Low","OEM Manufacturer","Marcus Bell","2025-04-13","2025-04-22","5547.29","6069.26","109.41","253","Kept"
"PTP-000340","C0289","Apex Builders - West","Low","Contractor","Tomas Okafor","2025-04-11","2025-04-22","1535.47","1614.44","105.14","253","Kept"
"PTP-000343","C0227","Cedar Ridge County Facilities","Low","Institutional","Elena Ruiz","2025-04-09","2025-04-23","8309.33","10001.41","120.36","252","Kept"
"PTP-000342","C0032","Cedar Ridge Components","Low","OEM Manufacturer","Marcus Bell","2025-04-10","2025-04-23","16938.87","17028.46","100.53","252","Kept"
"PTP-000344","C0026","Northfield Components","Low","OEM Manufacturer","Priya Natarajan","2025-04-15","2025-04-24","2008.39","27418.88","1365.22","251","Kept"
"PTP-000345","C0232","Titan Builders - Southwest","High","Contractor","Tomas Okafor","2025-04-07","2025-04-24","3590.23","0.00","0.00","251","Broken"
"PTP-000346","C0292","Cedar Ridge Maintenance Supply","Medium","MRO Reseller","Grace Lindqvist","2025-04-13","2025-04-24","495.21","507.44","102.47","251","Kept"
"PTP-000351","C0312","Pioneer University Facilities - Southeast","Low","Institutional","Marcus Bell","2025-04-12","2025-04-26","935.27","8279.70","885.27","249","Kept"
"PTP-000349","C0214","Bluewater Industries - Midwest 3","Low","OEM Manufacturer","Marcus Bell","2025-04-20","2025-04-26","2050.23","7964.08","388.45","249","Kept"
"PTP-000350","C0275","Cedar Ridge Machine Works - Southwest","High","OEM Manufacturer","Priya Natarajan","2025-04-09","2025-04-26","9478.71","21399.06","225.76","249","Kept"
"PTP-000347","C0171","Silverline Maintenance Supply - Southwest","Medium","MRO Reseller","Sam Horowitz","2025-04-23","2025-04-26","484.76","2593.86","535.08","249","Kept"
"PTP-000348","C0171","Silverline Maintenance Supply - Southwest","Medium","MRO Reseller","Sam Horowitz","2025-04-24","2025-04-26","1976.51","2593.86","131.23","249","Kept"
"PTP-000352","C0140","Apex Parts & Service","Medium","MRO Reseller","Grace Lindqvist","2025-04-15","2025-04-27","951.43","1493.41","156.96","248","Kept"
"PTP-000353","C0243","Cedar Ridge MRO Services - Southeast","Low","MRO Reseller","Grace Lindqvist","2025-04-23","2025-04-27","4528.85","6936.43","153.16","248","Kept"
"PTP-000354","C0392","Apex Industrial Supply - Southwest 3","High","MRO Reseller","Grace Lindqvist","2025-04-20","2025-04-27","1906.55","2030.13","106.48","248","Kept"
"PTP-000356","C0309","Frontier Machine Works","Low","OEM Manufacturer","Marcus Bell","2025-04-15","2025-04-28","5623.16","5858.18","104.18","247","Kept"
"PTP-000355","C0006","Pioneer Maintenance Supply","Medium","MRO Reseller","Grace Lindqvist","2025-04-17","2025-04-28","499.98","505.62","101.13","247","Kept"
"PTP-000357","C0012","Lakeshore Mechanical","Low","Contractor","Elena Ruiz","2025-04-23","2025-04-29","967.51","977.49","101.03","246","Kept"
"PTP-000358","C0168","Northfield Mechanical","Medium","Contractor","Elena Ruiz","2025-04-17","2025-04-29","1751.58","1921.63","109.71","246","Kept"
"PTP-000359","C0314","Cedar Ridge Fabrication","Low","OEM Manufacturer","Marcus Bell","2025-04-21","2025-04-29","14721.23","22760.16","154.61","246","Kept"
"PTP-000360","C0324","Pioneer Construction","High","Contractor","Elena Ruiz","2025-04-21","2025-04-29","2998.19","0.00","0.00","246","Broken"
"PTP-000361","C0393","Silverline Components - West 3","Low","OEM Manufacturer","Priya Natarajan","2025-04-14","2025-04-29","3364.87","4125.52","122.61","246","Kept"
"PTP-000367","C0351","Ironbridge Components","High","OEM Manufacturer","Priya Natarajan","2025-04-18","2025-04-30","1601.41","1664.15","103.92","245","Kept"
"PTP-000366","C0205","Northfield Builders - Northeast","Medium","Contractor","Elena Ruiz","2025-04-22","2025-04-30","658.29","728.12","110.61","245","Kept"
"PTP-000365","C0163","Keystone Fabrication","Medium","OEM Manufacturer","Priya Natarajan","2025-04-19","2025-04-30","14235.06","15464.34","108.64","245","Kept"
"PTP-000364","C0103","Northfield Electric","Medium","Contractor","Tomas Okafor","2025-04-18","2025-04-30","7755.06","16332.14","210.60","245","Kept"
"PTP-000362","C0015","Granite Contracting","Low","Contractor","Tomas Okafor","2025-04-27","2025-04-30","793.76","4064.11","512.01","245","Kept"
"PTP-000363","C0040","Apex MRO Services","Medium","MRO Reseller","Grace Lindqvist","2025-04-19","2025-04-30","1757.41","1822.16","103.68","245","Kept"
"PTP-000368","C0255","Riverbend Fabrication","Low","OEM Manufacturer","Marcus Bell","2025-04-19","2025-05-01","5432.16","5901.85","108.65","244","Kept"
"PTP-000369","C0273","Oakmont Fabrication","Medium","OEM Manufacturer","Priya Natarajan","2025-04-20","2025-05-01","1359.53","1492.85","109.81","244","Kept"
"PTP-000371","C0301","Titan Builders - Midwest 4","Medium","Contractor","Elena Ruiz","2025-04-26","2025-05-02","1141.09","1221.03","107.01","243","Kept"
"PTP-000370","C0067","Cedar Ridge Parts & Service","Medium","MRO Reseller","Sam Horowitz","2025-04-28","2025-05-02","3751.31","3860.28","102.90","243","Kept"
"PTP-000372","C0370","Cedar Ridge Construction - West 4","Low","Contractor","Tomas Okafor","2025-04-27","2025-05-02","2456.18","2478.14","100.89","243","Kept"
"PTP-000374","C0059","Apex Mechanical","High","Contractor","Marcus Bell","2025-04-13","2025-05-03","1003.55","0.00","0.00","242","Broken"
"PTP-000373","C0026","Northfield Components","Low","OEM Manufacturer","Priya Natarajan","2025-04-22","2025-05-03","2787.96","4098.76","147.02","242","Kept"
"PTP-000375","C0032","Cedar Ridge Components","Low","OEM Manufacturer","Marcus Bell","2025-04-21","2025-05-04","12882.14","29045.65","225.47","241","Kept"
"PTP-000376","C0195","Redline Manufacturing","Medium","OEM Manufacturer","Priya Natarajan","2025-04-23","2025-05-04","1500.36","35421.72","2360.88","241","Kept"
"PTP-000382","C0195","Redline Manufacturing","Medium","OEM Manufacturer","Priya Natarajan","2025-04-24","2025-05-05","15600.46","35421.72","227.06","240","Kept"
"PTP-000381","C0186","Redline Parts & Service - Northeast","Low","MRO Reseller","Grace Lindqvist","2025-04-30","2025-05-05","3145.19","3229.46","102.68","240","Kept"
"PTP-000377","C0033","Lakeshore Construction","Medium","Contractor","Elena Ruiz","2025-04-22","2025-05-05","4333.42","5266.67","121.54","240","Kept"
"PTP-000378","C0077","Riverbend Industrial Supply","Low","MRO Reseller","Sam Horowitz","2025-05-02","2025-05-05","591.30","600.61","101.57","240","Kept"
"PTP-000379","C0128","Summit Builders","Low","Contractor","Elena Ruiz","2025-04-23","2025-05-05","7754.12","8238.89","106.25","240","Kept"
"PTP-000380","C0159","Apex Builders","Medium","Contractor","Marcus Bell","2025-04-29","2025-05-05","752.43","809.33","107.56","240","Kept"
"PTP-000385","C0165","Northfield School District","Low","Institutional","Marcus Bell","2025-04-30","2025-05-06","3403.50","3500.26","102.84","239","Kept"
"PTP-000383","C0015","Granite Contracting","Low","Contractor","Tomas Okafor","2025-04-30","2025-05-06","1014.17","1345.09","132.63","239","Kept"
"PTP-000384","C0019","Northfield Supply Co.","Medium","MRO Reseller","Sam Horowitz","2025-05-02","2025-05-06","3958.63","8843.62","223.40","239","Kept"
"PTP-000386","C0273","Oakmont Fabrication","Medium","OEM Manufacturer","Priya Natarajan","2025-04-23","2025-05-06","1516.08","1639.75","108.16","239","Kept"
"PTP-000387","C0354","Westbrook Supply Co. - Southeast","High","MRO Reseller","Grace Lindqvist","2025-04-22","2025-05-06","1787.61","2580.81","144.37","239","Kept"
"PTP-000391","C0386","Bluewater Electric","High","Contractor","Elena Ruiz","2025-04-23","2025-05-07","5919.83","0.00","0.00","238","Broken"
"PTP-000390","C0211","Ironbridge Builders","Low","Contractor","Tomas Okafor","2025-04-26","2025-05-07","4908.88","7327.90","149.28","238","Kept"
"PTP-000388","C0046","Keystone Builders","Low","Contractor","Elena Ruiz","2025-05-01","2025-05-07","1975.41","3763.65","190.53","238","Kept"
"PTP-000389","C0147","Apex Manufacturing - Northeast","Low","OEM Manufacturer","Marcus Bell","2025-04-28","2025-05-07","1985.97","2078.58","104.66","238","Kept"
"PTP-000392","C0139","Harbor Machine Works","Medium","OEM Manufacturer","Priya Natarajan","2025-04-28","2025-05-08","3062.72","5919.68","193.28","237","Kept"
"PTP-000393","C0303","Northfield Contracting","Medium","Contractor","Tomas Okafor","2025-04-27","2025-05-08","796.93","803.12","100.78","237","Kept"
"PTP-000394","C0305","Titan Fabrication","Low","OEM Manufacturer","Marcus Bell","2025-04-29","2025-05-08","704.44","10598.77","1504.57","237","Kept"
"PTP-000395","C0314","Cedar Ridge Fabrication","Low","OEM Manufacturer","Marcus Bell","2025-04-30","2025-05-08","3817.31","4084.63","107.00","237","Kept"
"PTP-000396","C0320","Riverbend Fabrication - West","Medium","OEM Manufacturer","Marcus Bell","2025-04-30","2025-05-09","16460.30","20871.15","126.80","236","Kept"
"PTP-000397","C0334","Titan Fabrication - Southeast","Low","OEM Manufacturer","Priya Natarajan","2025-04-26","2025-05-09","11899.47","29362.13","246.75","236","Kept"
"PTP-000401","C0337","Keystone Manufacturing","Low","OEM Manufacturer","Priya Natarajan","2025-05-06","2025-05-10","990.82","14596.69","1473.19","235","Kept"
"PTP-000400","C0275","Cedar Ridge Machine Works - Southwest","High","OEM Manufacturer","Priya Natarajan","2025-05-04","2025-05-10","15277.94","19363.83","126.74","235","Kept"
"PTP-000399","C0271","Riverbend Electric - Midwest 3","High","Contractor","Elena Ruiz","2025-04-19","2025-05-10","2448.44","0.00","0.00","235","Broken"
"PTP-000398","C0003","Westbrook Electric","Low","Contractor","Elena Ruiz","2025-04-28","2025-05-10","4480.76","21373.86","477.01","235","Kept"
"PTP-000403","C0073","Lakeshore Manufacturing","High","OEM Manufacturer","Priya Natarajan","2025-04-28","2025-05-11","9559.43","0.00","0.00","234","Broken"
"PTP-000402","C0068","Harbor Industries","High","OEM Manufacturer","Priya Natarajan","2025-05-02","2025-05-11","3836.49","17636.14","459.69","234","Kept"
"PTP-000404","C0228","Granite School District","Low","Institutional","Tomas Okafor","2025-05-02","2025-05-11","3623.18","3868.73","106.78","234","Kept"
"PTP-000407","C0315","Lakeshore Parts & Service - Northeast","Medium","MRO Reseller","Grace Lindqvist","2025-05-07","2025-05-12","2596.37","4715.45","181.62","233","Kept"
"PTP-000406","C0139","Harbor Machine Works","Medium","OEM Manufacturer","Priya Natarajan","2025-04-19","2025-05-12","2476.24","0.00","0.00","233","Broken"
"PTP-000405","C0080","Frontier Maintenance Supply","Medium","MRO Reseller","Grace Lindqvist","2025-05-04","2025-05-12","811.99","3705.35","456.33","233","Kept"
"PTP-000409","C0086","Crestview Contracting - Southeast","Medium","Contractor","Tomas Okafor","2025-05-06","2025-05-13","763.70","8222.17","1076.62","232","Kept"
"PTP-000408","C0061","Riverbend Industries","Low","OEM Manufacturer","Marcus Bell","2025-05-03","2025-05-13","1743.60","4795.36","275.03","232","Kept"
"PTP-000410","C0140","Apex Parts & Service","Medium","MRO Reseller","Grace Lindqvist","2025-05-06","2025-05-14","2164.68","3955.85","182.75","231","Kept"
"PTP-000411","C0275","Cedar Ridge Machine Works - Southwest","High","OEM Manufacturer","Priya Natarajan","2025-04-21","2025-05-14","3894.26","903.77","23.21","231","Broken"
"PTP-000412","C0381","Redline Electric","Medium","Contractor","Elena Ruiz","2025-05-10","2025-05-14","1276.86","1402.18","109.81","231","Kept"
"PTP-000414","C0296","Crestview Manufacturing","Medium","OEM Manufacturer","Priya Natarajan","2025-05-08","2025-05-15","4163.34","6134.38","147.34","230","Kept"
"PTP-000413","C0059","Apex Mechanical","High","Contractor","Marcus Bell","2025-05-03","2025-05-15","723.05","0.00","0.00","230","Broken"
"PTP-000415","C0066","Summit Industries","Medium","OEM Manufacturer","Marcus Bell","2025-05-03","2025-05-16","3407.38","3601.79","105.71","229","Kept"
"PTP-000416","C0297","Apex Mechanical - Southeast 3","High","Contractor","Tomas Okafor","2025-04-23","2025-05-16","3930.66","0.00","0.00","229","Broken"
"PTP-000417","C0006","Pioneer Maintenance Supply","Medium","MRO Reseller","Grace Lindqvist","2025-05-09","2025-05-17","4735.50","4863.55","102.70","228","Kept"
"PTP-000418","C0040","Apex MRO Services","Medium","MRO Reseller","Grace Lindqvist","2025-05-12","2025-05-18","1374.30","1456.55","105.98","227","Kept"
"PTP-000419","C0055","Silverline Components","Low","OEM Manufacturer","Priya Natarajan","2025-05-08","2025-05-18","4780.39","10645.36","222.69","227","Kept"
"PTP-000420","C0087","Riverbend Maintenance Supply","Medium","MRO Reseller","Grace Lindqvist","2025-05-10","2025-05-18","4006.55","5671.53","141.56","227","Kept"
"PTP-000422","C0376","Summit Components - Midwest","High","OEM Manufacturer","Priya Natarajan","2025-05-08","2025-05-18","3048.69","8761.25","287.38","227","Kept"
"PTP-000421","C0369","Lakeshore Components","High","OEM Manufacturer","Marcus Bell","2025-05-15","2025-05-18","10275.22","10797.12","105.08","227","Kept"
"PTP-000430","C0392","Apex Industrial Supply - Southwest 3","High","MRO Reseller","Grace Lindqvist","2025-05-10","2025-05-19","483.71","9968.68","2060.88","226","Kept"
"PTP-000425","C0101","Redline University Facilities - Northeast","Low","Institutional","Marcus Bell","2025-05-10","2025-05-19","1281.69","1360.19","106.12","226","Kept"
"PTP-000426","C0134","Frontier MRO Services","Medium","MRO Reseller","Grace Lindqvist","2025-05-13","2025-05-19","492.19","945.94","192.19","226","Kept"
"PTP-000423","C0009","Ironbridge Fabrication","Medium","OEM Manufacturer","Marcus Bell","2025-05-08","2025-05-19","826.74","16451.13","1989.88","226","Kept"
"PTP-000424","C0017","Silverline Fabrication","Low","OEM Manufacturer","Priya Natarajan","2025-05-09","2025-05-19","2417.97","33409.22","1381.71","226","Kept"
"PTP-000429","C0277","Lakeshore Construction - West","High","Contractor","Tomas Okafor","2025-05-01","2025-05-19","1086.60","0.00","0.00","226","Broken"
"PTP-000428","C0271","Riverbend Electric - Midwest 3","High","Contractor","Elena Ruiz","2025-05-02","2025-05-19","3493.18","0.00","0.00","226","Broken"
"PTP-000427","C0257","Granite Supply Co.","Medium","MRO Reseller","Sam Horowitz","2025-05-11","2025-05-19","2619.36","2764.41","105.54","226","Kept"
"PTP-000434","C0271","Riverbend Electric - Midwest 3","High","Contractor","Elena Ruiz","2025-04-28","2025-05-20","2116.63","0.00","0.00","225","Broken"
"PTP-000433","C0226","Lakeshore Industries","Medium","OEM Manufacturer","Priya Natarajan","2025-04-26","2025-05-20","3762.23","2006.61","53.34","225","PartiallyKept"
"PTP-000432","C0206","Oakmont Manufacturing","Medium","OEM Manufacturer","Priya Natarajan","2025-05-16","2025-05-20","3050.45","3135.52","102.79","225","Kept"
"PTP-000435","C0340","Bluewater Contracting","Low","Contractor","Tomas Okafor","2025-05-08","2025-05-20","8322.76","8326.20","100.04","225","Kept"
"PTP-000431","C0026","Northfield Components","Low","OEM Manufacturer","Priya Natarajan","2025-05-12","2025-05-20","5093.24","7936.72","155.83","225","Kept"
"PTP-000436","C0009","Ironbridge Fabrication","Medium","OEM Manufacturer","Marcus Bell","2025-05-08","2025-05-21","4139.48","10274.95","248.22","224","Kept"
"PTP-000437","C0162","Stonegate Builders","Medium","Contractor","Elena Ruiz","2025-05-18","2025-05-21","5401.17","5571.04","103.15","224","Kept"
"PTP-000438","C0191","Bluewater Builders - Midwest","High","Contractor","Tomas Okafor","2025-05-18","2025-05-21","778.02","814.15","104.64","224","Kept"
"PTP-000439","C0193","Silverline Industrial Supply - Northeast","Medium","MRO Reseller","Grace Lindqvist","2025-05-08","2025-05-21","2878.41","2985.47","103.72","224","Kept"
"PTP-000440","C0201","Titan Machine Works","Low","OEM Manufacturer","Marcus Bell","2025-05-14","2025-05-21","1905.65","14316.44","751.26","224","Kept"
"PTP-000441","C0271","Riverbend Electric - Midwest 3","High","Contractor","Elena Ruiz","2025-04-27","2025-05-21","757.97","0.00","0.00","224","Broken"
"PTP-000442","C0371","Pioneer Water Authority","Low","Institutional","Marcus Bell","2025-05-17","2025-05-21","1790.79","1793.12","100.13","224","Kept"
"PTP-000443","C0126","Oakmont Parts & Service","Medium","MRO Reseller","Sam Horowitz","2025-05-11","2025-05-22","639.40","679.74","106.31","223","Kept"
"PTP-000445","C0140","Apex Parts & Service","Medium","MRO Reseller","Grace Lindqvist","2025-05-15","2025-05-23","2871.86","8457.27","294.49","222","Kept"
"PTP-000444","C0067","Cedar Ridge Parts & Service","Medium","MRO Reseller","Sam Horowitz","2025-05-13","2025-05-23","2827.57","2931.09","103.66","222","Kept"
"PTP-000446","C0232","Titan Builders - Southwest","High","Contractor","Tomas Okafor","2025-04-28","2025-05-23","711.74","0.00","0.00","222","Broken"
"PTP-000447","C0386","Bluewater Electric","High","Contractor","Elena Ruiz","2025-05-03","2025-05-23","6312.41","0.00","0.00","222","Broken"
"PTP-000453","C0386","Bluewater Electric","High","Contractor","Elena Ruiz","2025-05-14","2025-05-24","1817.05","0.00","0.00","221","Broken"
"PTP-000450","C0247","Westbrook Contracting","Medium","Contractor","Tomas Okafor","2025-05-15","2025-05-24","816.59","833.31","102.05","221","Kept"
"PTP-000451","C0291","Redline Contracting","Low","Contractor","Tomas Okafor","2025-05-20","2025-05-24","1518.86","1659.56","109.26","221","Kept"
"PTP-000452","C0292","Cedar Ridge Maintenance Supply","Medium","MRO Reseller","Grace Lindqvist","2025-05-11","2025-05-24","2221.84","2305.43","103.76","221","Kept"
"PTP-000449","C0065","Bluewater Maintenance Supply","Low","MRO Reseller","Grace Lindqvist","2025-05-18","2025-05-24","1909.74","2115.31","110.76","221","Kept"
"PTP-000448","C0048","Stonegate Industries","Medium","OEM Manufacturer","Priya Natarajan","2025-05-18","2025-05-24","10580.77","11024.45","104.19","221","Kept"
"PTP-000454","C0006","Pioneer Maintenance Supply","Medium","MRO Reseller","Grace Lindqvist","2025-05-12","2025-05-25","1213.04","1276.62","105.24","220","Kept"
"PTP-000455","C0015","Granite Contracting","Low","Contractor","Tomas Okafor","2025-05-15","2025-05-25","6066.43","6456.07","106.42","220","Kept"
"PTP-000456","C0094","Bluewater Industries - Southeast","Low","OEM Manufacturer","Marcus Bell","2025-05-23","2025-05-25","17174.96","17336.23","100.94","220","Kept"
"PTP-000457","C0395","Northfield MRO Services","Low","MRO Reseller","Sam Horowitz","2025-05-18","2025-05-25","2372.63","6996.17","294.87","220","Kept"
"PTP-000460","C0171","Silverline Maintenance Supply - Southwest","Medium","MRO Reseller","Sam Horowitz","2025-05-17","2025-05-26","1571.22","8188.87","521.18","219","Kept"
"PTP-000458","C0043","Bluewater Construction","Low","Contractor","Elena Ruiz","2025-05-24","2025-05-26","3757.22","4146.60","110.36","219","Kept"
"PTP-000459","C0052","Westbrook Parts & Service","Medium","MRO Reseller","Grace Lindqvist","2025-05-22","2025-05-26","921.97","937.96","101.73","219","Kept"
"PTP-000462","C0282","Ironbridge Electric - Southeast","Low","Contractor","Elena Ruiz","2025-05-20","2025-05-26","1596.44","5597.26","350.61","219","Kept"
"PTP-000461","C0234","Redline University Facilities - Midwest 3","Low","Institutional","Tomas Okafor","2025-05-19","2025-05-26","2953.10","3261.01","110.43","219","Kept"
"PTP-000465","C0346","Frontier Supply Co.","Low","MRO Reseller","Grace Lindqvist","2025-05-24","2025-05-27","3716.34","3938.40","105.98","218","Kept"
"PTP-000463","C0038","Summit Fabrication","High","OEM Manufacturer","Priya Natarajan","2025-05-13","2025-05-27","4086.89","1763.48","43.15","218","PartiallyKept"
"PTP-000464","C0175","Redline Mechanical - Southwest","Low","Contractor","Elena Ruiz","2025-05-16","2025-05-27","645.92","1901.53","294.39","218","Kept"
"PTP-000466","C0059","Apex Mechanical","High","Contractor","Marcus Bell","2025-05-20","2025-05-28","5611.11","0.00","0.00","217","Broken"
"PTP-000467","C0066","Summit Industries","Medium","OEM Manufacturer","Marcus Bell","2025-05-23","2025-05-28","4155.39","4215.84","101.45","217","Kept"
"PTP-000468","C0068","Harbor Industries","High","OEM Manufacturer","Priya Natarajan","2025-05-23","2025-05-28","5626.69","20842.62","370.42","217","Kept"
"PTP-000471","C0351","Ironbridge Components","High","OEM Manufacturer","Priya Natarajan","2025-05-16","2025-05-28","2525.87","2748.59","108.82","217","Kept"
"PTP-000470","C0306","Apex Builders - Southwest 3","Low","Contractor","Tomas Okafor","2025-05-24","2025-05-28","4379.09","4671.24","106.67","217","Kept"
"PTP-000469","C0198","Titan Maintenance Supply - Northeast","Low","MRO Reseller","Grace Lindqvist","2025-05-19","2025-05-28","4309.16","6460.82","149.93","217","Kept"
"PTP-000474","C0202","Harbor MRO Services","Low","MRO Reseller","Sam Horowitz","2025-05-22","2025-05-29","562.20","585.53","104.15","216","Kept"
"PTP-000475","C0275","Cedar Ridge Machine Works - Southwest","High","OEM Manufacturer","Priya Natarajan","2025-05-19","2025-05-29","8016.15","8783.87","109.58","216","Kept"
"PTP-000472","C0054","Titan Manufacturing","Medium","OEM Manufacturer","Priya Natarajan","2025-05-22","2025-05-29","2041.02","4534.77","222.18","216","Kept"
"PTP-000473","C0129","Northfield Builders","Medium","Contractor","Elena Ruiz","2025-05-23","2025-05-29","7348.90","8164.71","111.10","216","Kept"
"PTP-000479","C0111","Harbor Manufacturing","Medium","OEM Manufacturer","Marcus Bell","2025-05-19","2025-05-30","1855.67","3139.02","169.16","215","Kept"
"PTP-000477","C0049","Westbrook Mechanical","Medium","Contractor","Elena Ruiz","2025-05-18","2025-05-30","6929.04","13595.96","196.22","215","Kept"
"PTP-000478","C0073","Lakeshore Manufacturing","High","OEM Manufacturer","Priya Natarajan","2025-05-19","2025-05-30","7425.28","7797.43","105.01","215","Kept"
"PTP-000476","C0012","Lakeshore Mechanical","Low","Contractor","Elena Ruiz","2025-05-26","2025-05-30","4977.41","13604.06","273.32","215","Kept"
"PTP-000480","C0302","Crestview Contracting - Northeast 3","High","Contractor","Tomas Okafor","2025-05-19","2025-05-30","542.91","0.00","0.00","215","Broken"
"PTP-000481","C0349","Granite Manufacturing","High","OEM Manufacturer","Marcus Bell","2025-05-13","2025-05-30","7045.21","0.00","0.00","215","Broken"
"PTP-000482","C0358","Ironbridge Builders - West","Low","Contractor","Elena Ruiz","2025-05-24","2025-05-30","3232.81","5929.62","183.42","215","Kept"
"PTP-000490","C0360","Bluewater Medical Center - Northeast","Medium","Institutional","Marcus Bell","2025-05-21","2025-05-31","8858.01","9128.51","103.05","214","Kept"
"PTP-000491","C0368","Stonegate Machine Works - West","Low","OEM Manufacturer","Priya Natarajan","2025-05-24","2025-05-31","13742.49","14207.35","103.38","214","Kept"
"PTP-000489","C0288","Summit University Facilities","Low","Institutional","Priya Natarajan","2025-05-24","2025-05-31","858.50","890.93","103.78","214","Kept"
"PTP-000483","C0011","Redline Supply Co.","Medium","MRO Reseller","Sam Horowitz","2025-05-21","2025-05-31","2272.48","2310.55","101.68","214","Kept"
"PTP-000485","C0059","Apex Mechanical","High","Contractor","Marcus Bell","2025-05-08","2025-05-31","2385.48","0.00","0.00","214","Broken"
"PTP-000484","C0058","Lakeshore Builders","Low","Contractor","Elena Ruiz","2025-05-21","2025-05-31","1343.39","1434.07","106.75","214","Kept"
"PTP-000486","C0091","Redline School District","Low","Institutional","Elena Ruiz","2025-05-24","2025-05-31","10116.71","11186.44","110.57","214","Kept"
"PTP-000488","C0158","Frontier Mechanical","High","Contractor","Elena Ruiz","2025-05-20","2025-05-31","6794.48","6999.46","103.02","214","Kept"
"PTP-000487","C0154","Frontier University Facilities - Southeast","Medium","Institutional","Priya Natarajan","2025-05-20","2025-05-31","4480.03","6990.59","156.04","214","Kept"
"PTP-000493","C0139","Harbor Machine Works","Medium","OEM Manufacturer","Priya Natarajan","2025-05-26","2025-06-01","10535.41","19878.27","188.68","213","Kept"
"PTP-000492","C0046","Keystone Builders","Low","Contractor","Elena Ruiz","2025-05-28","2025-06-01","5320.30","5344.27","100.45","213","Kept"
"PTP-000494","C0241","Lakeshore Industries - Southeast","Low","OEM Manufacturer","Priya Natarajan","2025-05-21","2025-06-01","14011.92","14861.00","106.06","213","Kept"
"PTP-000495","C0378","Silverline Fabrication - Southwest","Medium","OEM Manufacturer","Priya Natarajan","2025-05-26","2025-06-01","5267.74","21631.17","410.63","213","Kept"
"PTP-000498","C0323","Titan Parts & Service - Southwest 3","Low","MRO Reseller","Grace Lindqvist","2025-05-20","2025-06-02","567.76","624.47","109.99","212","Kept"
"PTP-000496","C0059","Apex Mechanical","High","Contractor","Marcus Bell","2025-05-11","2025-06-02","4564.36","0.00","0.00","212","Broken"
"PTP-000497","C0081","Crestview Builders","Low","Contractor","Tomas Okafor","2025-05-24","2025-06-02","996.83","1025.58","102.88","212","Kept"
"PTP-000499","C0099","Northfield Water Authority","Low","Institutional","Priya Natarajan","2025-05-28","2025-06-03","1123.28","1166.38","103.84","211","Kept"
"PTP-000500","C0143","Northfield Parts & Service","Medium","MRO Reseller","Sam Horowitz","2025-05-22","2025-06-03","752.76","811.69","107.83","211","Kept"
"PTP-000501","C0183","Oakmont Maintenance Supply","High","MRO Reseller","Grace Lindqvist","2025-05-28","2025-06-03","503.74","519.66","103.16","211","Kept"
"PTP-000502","C0199","Granite Builders","Low","Contractor","Tomas Okafor","2025-05-26","2025-06-03","6678.83","16179.63","242.25","211","Kept"
"PTP-000503","C0393","Silverline Components - West 3","Low","OEM Manufacturer","Priya Natarajan","2025-05-30","2025-06-03","13509.63","17587.33","130.18","211","Kept"
"PTP-000506","C0396","Ironbridge Manufacturing","Medium","OEM Manufacturer","Priya Natarajan","2025-05-24","2025-06-04","13062.10","14864.46","113.80","210","Kept"
"PTP-000504","C0251","Silverline Mechanical - Southwest","Low","Contractor","Tomas Okafor","2025-05-25","2025-06-04","1276.69","1347.80","105.57","210","Kept"
"PTP-000505","C0262","Titan Industrial Supply","Medium","MRO Reseller","Grace Lindqvist","2025-05-29","2025-06-04","498.30","984.12","197.50","210","Kept"
"PTP-000507","C0232","Titan Builders - Southwest","High","Contractor","Tomas Okafor","2025-05-21","2025-06-05","1618.08","0.00","0.00","209","Broken"
"PTP-000508","C0353","Summit Mechanical - Southwest 3","High","Contractor","Priya Natarajan","2025-05-29","2025-06-05","733.76","1836.50","250.29","209","Kept"
"PTP-000509","C0248","Lakeshore Contracting - Midwest","Medium","Contractor","Tomas Okafor","2025-05-29","2025-06-06","3697.50","9178.89","248.25","208","Kept"
"PTP-000510","C0301","Titan Builders - Midwest 4","Medium","Contractor","Elena Ruiz","2025-05-26","2025-06-06","1514.52","11190.65","738.89","208","Kept"
"PTP-000511","C0302","Crestview Contracting - Northeast 3","High","Contractor","Tomas Okafor","2025-05-27","2025-06-06","5173.55","0.00","0.00","208","Broken"
"PTP-000517","C0340","Bluewater Contracting","Low","Contractor","Tomas Okafor","2025-06-03","2025-06-07","2888.96","2993.56","103.62","207","Kept"
"PTP-000516","C0224","Westbrook Industrial Supply - Northeast 3","Low","MRO Reseller","Sam Horowitz","2025-05-30","2025-06-07","482.49","505.27","104.72","207","Kept"
"PTP-000515","C0199","Granite Builders","Low","Contractor","Tomas Okafor","2025-06-01","2025-06-07","4525.93","4766.98","105.33","207","Kept"
"PTP-000513","C0096","Redline Parts & Service","Low","MRO Reseller","Grace Lindqvist","2025-06-03","2025-06-07","1819.62","1979.38","108.78","207","Kept"
"PTP-000512","C0088","Westbrook Builders - West","High","Contractor","Elena Ruiz","2025-05-31","2025-06-07","3837.97","4191.13","109.20","207","Kept"
"PTP-000514","C0132","Keystone Contracting","High","Contractor","Tomas Okafor","2025-05-16","2025-06-07","2304.52","0.00","0.00","207","Broken"
"PTP-000518","C0055","Silverline Components","Low","OEM Manufacturer","Priya Natarajan","2025-05-30","2025-06-08","2649.17","40311.48","1521.66","206","Kept"
"PTP-000519","C0212","Westbrook Mechanical - Northeast","Medium","Contractor","Elena Ruiz","2025-06-03","2025-06-08","1218.90","2676.68","219.60","206","Kept"
"PTP-000520","C0310","Harbor Water Authority","Low","Institutional","Priya Natarajan","2025-05-31","2025-06-08","8887.92","14877.00","167.38","206","Kept"
"PTP-000524","C0292","Cedar Ridge Maintenance Supply","Medium","MRO Reseller","Grace Lindqvist","2025-05-28","2025-06-09","4566.59","4939.97","108.18","205","Kept"
"PTP-000525","C0316","Bluewater Parts & Service - Midwest 3","Medium","MRO Reseller","Sam Horowitz","2025-06-04","2025-06-09","1205.56","3519.43","291.93","205","Kept"
"PTP-000523","C0201","Titan Machine Works","Low","OEM Manufacturer","Marcus Bell","2025-06-02","2025-06-09","4428.97","4458.64","100.67","205","Kept"
"PTP-000521","C0146","Harbor Components","Low","OEM Manufacturer","Marcus Bell","2025-05-31","2025-06-09","4315.96","4698.72","108.87","205","Kept"
"PTP-000522","C0153","Redline Water Authority","Low","Institutional","Marcus Bell","2025-05-30","2025-06-09","794.25","815.66","102.70","205","Kept"
"PTP-000526","C0075","Ironbridge Mechanical - Southeast 3","Medium","Contractor","Elena Ruiz","2025-06-06","2025-06-10","5605.76","5956.91","106.26","204","Kept"
"PTP-000527","C0275","Cedar Ridge Machine Works - Southwest","High","OEM Manufacturer","Priya Natarajan","2025-06-01","2025-06-10","15288.02","28853.37","188.73","204","Kept"
"PTP-000528","C0309","Frontier Machine Works","Low","OEM Manufacturer","Marcus Bell","2025-05-30","2025-06-10","673.19","4410.58","655.18","204","Kept"
"PTP-000530","C0277","Lakeshore Construction - West","High","Contractor","Tomas Okafor","2025-05-18","2025-06-11","3345.01","0.00","0.00","203","Broken"
"PTP-000529","C0172","Crestview Electric","Medium","Contractor","Tomas Okafor","2025-06-05","2025-06-11","2468.79","2480.41","100.47","203","Kept"
"PTP-000531","C0369","Lakeshore Components","High","OEM Manufacturer","Marcus Bell","2025-06-05","2025-06-11","15884.52","16015.31","100.82","203","Kept"
"PTP-000534","C0376","Summit Components - Midwest","High","OEM Manufacturer","Priya Natarajan","2025-06-10","2025-06-13","6329.49","22071.80","348.71","201","Kept"
"PTP-000535","C0389","Ironbridge Components - Southeast","Medium","OEM Manufacturer","Marcus Bell","2025-06-02","2025-06-13","3457.26","7955.53","230.11","201","Kept"
"PTP-000533","C0264","Crestview Electric - Midwest","Low","Contractor","Elena Ruiz","2025-06-08","2025-06-13","5360.53","5710.98","106.54","201","Kept"
"PTP-000532","C0195","Redline Manufacturing","Medium","OEM Manufacturer","Priya Natarajan","2025-06-06","2025-06-13","17016.03","17739.19","104.25","201","Kept"
"PTP-000537","C0110","Riverbend Maintenance Supply - Northeast","Low","MRO Reseller","Grace Lindqvist","2025-06-04","2025-06-14","2051.72","2172.42","105.88","200","Kept"
"PTP-000536","C0079","Cedar Ridge Machine Works","Low","OEM Manufacturer","Priya Natarajan","2025-06-03","2025-06-14","1500.71","11362.96","757.17","200","Kept"
"PTP-000538","C0366","Westbrook Industries - West","Medium","OEM Manufacturer","Marcus Bell","2025-06-10","2025-06-14","5317.11","5355.64","100.72","200","Kept"
"PTP-000540","C0376","Summit Components - Midwest","High","OEM Manufacturer","Priya Natarajan","2025-06-01","2025-06-15","12552.17","21210.74","168.98","199","Kept"
"PTP-000541","C0382","Summit Machine Works","Low","OEM Manufacturer","Marcus Bell","2025-06-06","2025-06-15","4308.28","4456.96","103.45","199","Kept"
"PTP-000542","C0392","Apex Industrial Supply - Southwest 3","High","MRO Reseller","Grace Lindqvist","2025-06-03","2025-06-15","493.56","527.31","106.84","199","Kept"
"PTP-000539","C0324","Pioneer Construction","High","Contractor","Elena Ruiz","2025-05-30","2025-06-15","6172.54","0.00","0.00","199","Broken"
"PTP-000547","C0302","Crestview Contracting - Northeast 3","High","Contractor","Tomas Okafor","2025-05-29","2025-06-16","5057.49","0.00","0.00","198","Broken"
"PTP-000546","C0265","Westbrook Mechanical - Southwest 3","Medium","Contractor","Tomas Okafor","2025-06-05","2025-06-16","6218.36","6282.14","101.03","198","Kept"
"PTP-000545","C0077","Riverbend Industrial Supply","Low","MRO Reseller","Sam Horowitz","2025-06-04","2025-06-16","1417.93","1990.49","140.38","198","Kept"
"PTP-000544","C0054","Titan Manufacturing","Medium","OEM Manufacturer","Priya Natarajan","2025-06-07","2025-06-16","1791.65","15593.48","870.34","198","Kept"
"PTP-000543","C0038","Summit Fabrication","High","OEM Manufacturer","Priya Natarajan","2025-06-02","2025-06-16","7939.82","8433.13","106.21","198","Kept"
"PTP-000548","C0066","Summit Industries","Medium","OEM Manufacturer","Marcus Bell","2025-06-12","2025-06-17","1587.93","1634.12","102.91","197","Kept"
"PTP-000549","C0086","Crestview Contracting - Southeast","Medium","Contractor","Tomas Okafor","2025-06-07","2025-06-17","2909.57","3188.44","109.58","197","Kept"
"PTP-000550","C0283","Apex Industries","Low","OEM Manufacturer","Priya Natarajan","2025-06-14","2025-06-17","4368.84","16366.44","374.62","197","Kept"
"PTP-000551","C0297","Apex Mechanical - Southeast 3","High","Contractor","Tomas Okafor","2025-05-25","2025-06-17","666.16","0.00","0.00","197","Broken"
"PTP-000552","C0324","Pioneer Construction","High","Contractor","Elena Ruiz","2025-05-27","2025-06-17","4513.50","0.00","0.00","197","Broken"
"PTP-000555","C0337","Keystone Manufacturing","Low","OEM Manufacturer","Priya Natarajan","2025-06-08","2025-06-18","3979.38","4346.43","109.22","196","Kept"
"PTP-000554","C0210","Harbor Construction - Southwest","Low","Contractor","Tomas Okafor","2025-06-07","2025-06-18","4065.37","4253.57","104.63","196","Kept"
"PTP-000553","C0206","Oakmont Manufacturing","Medium","OEM Manufacturer","Priya Natarajan","2025-06-11","2025-06-18","634.98","20649.55","3252.00","196","Kept"
"PTP-000556","C0386","Bluewater Electric","High","Contractor","Elena Ruiz","2025-06-05","2025-06-18","2374.77","0.00","0.00","196","Broken"
"PTP-000562","C0393","Silverline Components - West 3","Low","OEM Manufacturer","Priya Natarajan","2025-06-15","2025-06-19","10535.28","10869.67","103.17","195","Kept"
"PTP-000561","C0347","Stonegate Construction","Medium","Contractor","Elena Ruiz","2025-06-12","2025-06-19","3461.36","3503.03","101.20","195","Kept"
"PTP-000560","C0325","Apex Medical Center","Low","Institutional","Tomas Okafor","2025-06-12","2025-06-19","1058.51","1058.74","100.02","195","Kept"
"PTP-000559","C0143","Northfield Parts & Service","Medium","MRO Reseller","Sam Horowitz","2025-06-13","2025-06-19","3536.17","3702.69","104.71","195","Kept"
"PTP-000558","C0068","Harbor Industries","High","OEM Manufacturer","Priya Natarajan","2025-06-14","2025-06-19","2079.81","2108.73","101.39","195","Kept"
"PTP-000557","C0024","Keystone Construction","Medium","Contractor","Tomas Okafor","2025-06-13","2025-06-19","2692.54","2821.95","104.81","195","Kept"
"PTP-000563","C0048","Stonegate Industries","Medium","OEM Manufacturer","Priya Natarajan","2025-06-15","2025-06-20","2241.01","19392.23","865.33","194","Kept"
"PTP-000565","C0302","Crestview Contracting - Northeast 3","High","Contractor","Tomas Okafor","2025-06-06","2025-06-20","1077.67","0.00","0.00","194","Broken"
"PTP-000564","C0271","Riverbend Electric - Midwest 3","High","Contractor","Elena Ruiz","2025-05-27","2025-06-20","1972.86","0.00","0.00","194","Broken"
"PTP-000566","C0200","Harbor Mechanical","High","Contractor","Tomas Okafor","2025-06-10","2025-06-21","5075.97","5182.25","102.09","193","Kept"
"PTP-000567","C0351","Ironbridge Components","High","OEM Manufacturer","Priya Natarajan","2025-06-12","2025-06-21","15749.36","16335.20","103.72","193","Kept"
"PTP-000569","C0387","Apex Industrial Supply - Southeast","Medium","MRO Reseller","Sam Horowitz","2025-06-10","2025-06-21","1862.21","4993.21","268.13","193","Kept"
"PTP-000570","C0387","Apex Industrial Supply - Southeast","Medium","MRO Reseller","Sam Horowitz","2025-06-12","2025-06-21","2677.05","4993.21","186.52","193","Kept"
"PTP-000568","C0378","Silverline Fabrication - Southwest","Medium","OEM Manufacturer","Priya Natarajan","2025-06-06","2025-06-21","5970.72","7944.70","133.06","193","Kept"
"PTP-000576","C0326","Pioneer Manufacturing","Low","OEM Manufacturer","Priya Natarajan","2025-06-19","2025-06-22","1946.94","2019.09","103.71","192","Kept"
"PTP-000572","C0059","Apex Mechanical","High","Contractor","Marcus Bell","2025-06-03","2025-06-22","1060.30","0.00","0.00","192","Broken"
"PTP-000573","C0059","Apex Mechanical","High","Contractor","Marcus Bell","2025-06-11","2025-06-22","2508.12","0.00","0.00","192","Broken"
"PTP-000574","C0076","Cedar Ridge Construction","Low","Contractor","Tomas Okafor","2025-06-11","2025-06-22","1136.60","2565.13","225.68","192","Kept"
"PTP-000571","C0003","Westbrook Electric","Low","Contractor","Elena Ruiz","2025-06-19","2025-06-22","3112.78","3139.73","100.87","192","Kept"
"PTP-000575","C0119","Titan Builders","Medium","Contractor","Tomas Okafor","2025-06-18","2025-06-22","3282.82","7807.20","237.82","192","Kept"
"PTP-000578","C0176","Harbor Machine Works - Southeast","Low","OEM Manufacturer","Priya Natarajan","2025-06-11","2025-06-23","2525.79","2686.70","106.37","191","Kept"
"PTP-000577","C0017","Silverline Fabrication","Low","OEM Manufacturer","Priya Natarajan","2025-06-17","2025-06-23","1644.15","24235.70","1474.06","191","Kept"
"PTP-000579","C0221","Cedar Ridge Contracting","Medium","Contractor","Tomas Okafor","2025-06-10","2025-06-23","6931.71","7606.09","109.73","191","Kept"
"PTP-000580","C0260","Harbor Industrial Supply","High","MRO Reseller","Grace Lindqvist","2025-06-15","2025-06-23","476.80","526.85","110.50","191","Kept"
"PTP-000583","C0381","Redline Electric","Medium","Contractor","Elena Ruiz","2025-06-01","2025-06-23","1296.42","1375.95","106.13","191","Kept"
"PTP-000582","C0364","Redline Industries - Northeast","Low","OEM Manufacturer","Marcus Bell","2025-06-18","2025-06-23","1662.27","1729.57","104.05","191","Kept"
"PTP-000581","C0363","Granite Parts & Service - Midwest","High","MRO Reseller","Grace Lindqvist","2025-06-18","2025-06-23","1692.21","1874.94","110.80","191","Kept"
"PTP-000591","C0368","Stonegate Machine Works - West","Low","OEM Manufacturer","Priya Natarajan","2025-06-13","2025-06-24","2406.93","2598.39","107.95","190","Kept"
"PTP-000589","C0337","Keystone Manufacturing","Low","OEM Manufacturer","Priya Natarajan","2025-06-14","2025-06-24","720.70","7596.52","1054.05","190","Kept"
"PTP-000590","C0337","Keystone Manufacturing","Low","OEM Manufacturer","Priya Natarajan","2025-06-11","2025-06-24","4860.14","7596.52","156.30","190","Kept"
"PTP-000587","C0301","Titan Builders - Midwest 4","Medium","Contractor","Elena Ruiz","2025-06-16","2025-06-24","3546.64","3924.83","110.66","190","Kept"
"PTP-000588","C0310","Harbor Water Authority","Low","Institutional","Priya Natarajan","2025-06-17","2025-06-24","5023.68","5503.30","109.55","190","Kept"
"PTP-000586","C0183","Oakmont Maintenance Supply","High","MRO Reseller","Grace Lindqvist","2025-06-18","2025-06-24","554.28","1684.34","303.88","190","Kept"
"PTP-000585","C0162","Stonegate Builders","Medium","Contractor","Elena Ruiz","2025-06-20","2025-06-24","1237.08","5983.46","483.68","190","Kept"
"PTP-000584","C0138","Ironbridge Mechanical - Midwest 4","Low","Contractor","Tomas Okafor","2025-06-17","2025-06-24","6592.84","8849.12","134.22","190","Kept"
"PTP-000594","C0141","Lakeshore Contracting","Low","Contractor","Elena Ruiz","2025-06-11","2025-06-25","1915.45","4312.81","225.16","189","Kept"
"PTP-000592","C0120","Ironbridge Medical Center","Low","Institutional","Marcus Bell","2025-06-17","2025-06-25","6213.79","6732.81","108.35","189","Kept"
"PTP-000593","C0132","Keystone Contracting","High","Contractor","Tomas Okafor","2025-05-31","2025-06-25","487.38","0.00","0.00","189","Broken"
"PTP-000595","C0318","Riverbend Contracting - Midwest 3","Medium","Contractor","Elena Ruiz","2025-06-14","2025-06-25","1256.03","1314.61","104.66","189","Kept"
"PTP-000598","C0297","Apex Mechanical - Southeast 3","High","Contractor","Tomas Okafor","2025-06-01","2025-06-26","718.20","0.00","0.00","188","Broken"
"PTP-000597","C0272","Frontier Industrial Supply","Low","MRO Reseller","Grace Lindqvist","2025-06-23","2025-06-26","598.47","602.82","100.73","188","Kept"
"PTP-000596","C0218","Riverbend Parts & Service - Midwest","Low","MRO Reseller","Sam Horowitz","2025-06-22","2025-06-26","4436.69","8302.51","187.13","188","Kept"
"PTP-000601","C0232","Titan Builders - Southwest","High","Contractor","Tomas Okafor","2025-06-05","2025-06-27","1319.45","0.00","0.00","187","Broken"
"PTP-000599","C0126","Oakmont Parts & Service","Medium","MRO Reseller","Sam Horowitz","2025-06-15","2025-06-27","963.15","980.06","101.76","187","Kept"
"PTP-000600","C0182","Lakeshore Parts & Service","Medium","MRO Reseller","Sam Horowitz","2025-06-24","2025-06-27","2683.15","4155.16","154.86","187","Kept"
"PTP-000602","C0059","Apex Mechanical","High","Contractor","Marcus Bell","2025-06-14","2025-06-28","462.08","0.00","0.00","186","Broken"
"PTP-000604","C0205","Northfield Builders - Northeast","Medium","Contractor","Elena Ruiz","2025-06-19","2025-06-28","4588.04","12494.67","272.33","186","Kept"
"PTP-000603","C0186","Redline Parts & Service - Northeast","Low","MRO Reseller","Grace Lindqvist","2025-06-11","2025-06-28","889.32","3505.83","394.21","186","Kept"
"PTP-000605","C0271","Riverbend Electric - Midwest 3","High","Contractor","Elena Ruiz","2025-06-06","2025-06-28","4882.58","0.00","0.00","186","Broken"
"PTP-000606","C0302","Crestview Contracting - Northeast 3","High","Contractor","Tomas Okafor","2025-06-15","2025-06-28","5454.32","0.00","0.00","186","Broken"
"PTP-000607","C0333","Oakmont Maintenance Supply - Southwest","Medium","MRO Reseller","Grace Lindqvist","2025-06-18","2025-06-28","732.01","791.24","108.09","186","Kept"
"PTP-000608","C0359","Stonegate Fabrication - West","High","OEM Manufacturer","Marcus Bell","2025-06-21","2025-06-28","14612.30","15203.47","104.05","186","Kept"
"PTP-000614","C0299","Silverline Industries","Low","OEM Manufacturer","Marcus Bell","2025-06-18","2025-06-29","1606.89","13946.97","867.95","185","Kept"
"PTP-000612","C0186","Redline Parts & Service - Northeast","Low","MRO Reseller","Grace Lindqvist","2025-06-18","2025-06-29","1569.80","3505.83","223.33","185","Kept"
"PTP-000613","C0195","Redline Manufacturing","Medium","OEM Manufacturer","Priya Natarajan","2025-06-23","2025-06-29","2577.43","2856.37","110.82","185","Kept"
"PTP-000609","C0017","Silverline Fabrication","Low","OEM Manufacturer","Priya Natarajan","2025-06-16","2025-06-29","3161.28","4963.31","157.00","185","Kept"
"PTP-000610","C0033","Lakeshore Construction","Medium","Contractor","Elena Ruiz","2025-06-19","2025-06-29","2044.56","11183.29","546.98","185","Kept"
"PTP-000611","C0115","Ironbridge Contracting","Low","Contractor","Elena Ruiz","2025-06-19","2025-06-29","1470.78","4243.24","288.50","185","Kept"
"PTP-000615","C0238","Oakmont Builders - Midwest","Low","Contractor","Tomas Okafor","2025-06-25","2025-06-30","7425.07","7844.29","105.65","184","Kept"
"PTP-000616","C0288","Summit University Facilities","Low","Institutional","Priya Natarajan","2025-06-25","2025-06-30","535.44","1187.90","221.85","184","Kept"
"PTP-000617","C0302","Crestview Contracting - Northeast 3","High","Contractor","Tomas Okafor","2025-06-09","2025-07-01","5967.37","0.00","0.00","183","Broken"
"PTP-000619","C0337","Keystone Manufacturing","Low","OEM Manufacturer","Priya Natarajan","2025-06-22","2025-07-01","9028.86","9848.12","109.07","183","Kept"
"PTP-000618","C0324","Pioneer Construction","High","Contractor","Elena Ruiz","2025-06-20","2025-07-01","1605.63","0.00","0.00","183","Broken"
"PTP-000623","C0311","Bluewater University Facilities","Low","Institutional","Tomas Okafor","2025-06-23","2025-07-02","1374.05","1451.59","105.64","182","Kept"
"PTP-000622","C0299","Silverline Industries","Low","OEM Manufacturer","Marcus Bell","2025-06-19","2025-07-02","12115.53","12242.09","101.04","182","Kept"
"PTP-000621","C0240","Summit Contracting","Medium","Contractor","Tomas Okafor","2025-06-19","2025-07-02","3674.27","3922.29","106.75","182","Kept"
"PTP-000620","C0017","Silverline Fabrication","Low","OEM Manufacturer","Priya Natarajan","2025-06-26","2025-07-02","1608.24","1661.54","103.31","182","Kept"
"PTP-000624","C0378","Silverline Fabrication - Southwest","Medium","OEM Manufacturer","Priya Natarajan","2025-06-23","2025-07-02","6172.64","10343.53","167.57","182","Kept"
"PTP-000625","C0012","Lakeshore Mechanical","Low","Contractor","Elena Ruiz","2025-06-29","2025-07-03","3710.08","9416.72","253.81","181","Kept"
"PTP-000626","C0028","Keystone Parts & Service","Medium","MRO Reseller","Sam Horowitz","2025-06-22","2025-07-03","2984.09","3309.03","110.89","181","Kept"
"PTP-000627","C0132","Keystone Contracting","High","Contractor","Tomas Okafor","2025-06-23","2025-07-03","3852.33","0.00","0.00","181","Broken"
"PTP-000628","C0344","Granite Supply Co. - West","Low","MRO Reseller","Sam Horowitz","2025-06-27","2025-07-03","3429.80","3458.80","100.85","181","Kept"
"PTP-000631","C0346","Frontier Supply Co.","Low","MRO Reseller","Grace Lindqvist","2025-06-23","2025-07-04","1931.13","2084.99","107.97","180","Kept"
"PTP-000630","C0302","Crestview Contracting - Northeast 3","High","Contractor","Tomas Okafor","2025-06-11","2025-07-04","3437.61","0.00","0.00","180","Broken"
"PTP-000629","C0222","Cedar Ridge Mechanical - Midwest","Medium","Contractor","Elena Ruiz","2025-06-26","2025-07-04","3117.75","3122.99","100.17","180","Kept"
"PTP-000632","C0390","Titan Mechanical","Low","Contractor","Elena Ruiz","2025-06-23","2025-07-04","1131.11","11240.07","993.72","180","Kept"
"PTP-000636","C0376","Summit Components - Midwest","High","OEM Manufacturer","Priya Natarajan","2025-06-27","2025-07-05","2155.85","0.00","0.00","179","Broken"
"PTP-000635","C0209","Northfield Construction","Low","Contractor","Elena Ruiz","2025-06-22","2025-07-05","3624.94","4257.36","117.45","179","Kept"
"PTP-000633","C0132","Keystone Contracting","High","Contractor","Tomas Okafor","2025-06-18","2025-07-05","4568.44","0.00","0.00","179","Broken"
"PTP-000634","C0140","Apex Parts & Service","Medium","MRO Reseller","Grace Lindqvist","2025-07-01","2025-07-05","3399.73","4276.46","125.79","179","Kept"
"PTP-000639","C0126","Oakmont Parts & Service","Medium","MRO Reseller","Sam Horowitz","2025-06-18","2025-07-06","1524.28","0.00","0.00","178","Broken"
"PTP-000638","C0096","Redline Parts & Service","Low","MRO Reseller","Grace Lindqvist","2025-06-29","2025-07-06","744.05","789.29","106.08","178","Kept"
"PTP-000637","C0059","Apex Mechanical","High","Contractor","Marcus Bell","2025-06-22","2025-07-06","2512.44","0.00","0.00","178","Broken"
"PTP-000640","C0212","Westbrook Mechanical - Northeast","Medium","Contractor","Elena Ruiz","2025-06-30","2025-07-06","6992.56","7669.05","109.67","178","Kept"
"PTP-000641","C0253","Summit Industrial Supply","High","MRO Reseller","Sam Horowitz","2025-07-01","2025-07-06","3646.93","3945.42","108.18","178","Kept"
"PTP-000642","C0257","Granite Supply Co.","Medium","MRO Reseller","Sam Horowitz","2025-06-26","2025-07-06","4486.81","4909.34","109.42","178","Kept"
"PTP-000643","C0352","Pioneer Construction - Midwest","Low","Contractor","Tomas Okafor","2025-07-02","2025-07-06","476.96","514.09","107.78","178","Kept"
"PTP-000644","C0337","Keystone Manufacturing","Low","OEM Manufacturer","Priya Natarajan","2025-06-12","2025-07-07","4922.03","29205.51","593.36","177","Kept"
"PTP-000645","C0379","Ironbridge Electric - Midwest 3","Medium","Contractor","Elena Ruiz","2025-06-30","2025-07-07","4951.72","9410.83","190.05","177","Kept"
"PTP-000648","C0386","Bluewater Electric","High","Contractor","Elena Ruiz","2025-06-28","2025-07-08","5472.59","0.00","0.00","176","Broken"
"PTP-000647","C0353","Summit Mechanical - Southwest 3","High","Contractor","Priya Natarajan","2025-07-03","2025-07-08","3155.90","10405.91","329.73","176","Kept"
"PTP-000646","C0059","Apex Mechanical","High","Contractor","Marcus Bell","2025-06-14","2025-07-08","5765.43","0.00","0.00","176","Broken"
"PTP-000650","C0048","Stonegate Industries","Medium","OEM Manufacturer","Priya Natarajan","2025-07-02","2025-07-09","12333.36","18916.83","153.38","175","Kept"
"PTP-000649","C0036","Harbor Builders - West","Low","Contractor","Elena Ruiz","2025-06-28","2025-07-09","912.32","2144.56","235.07","175","Kept"
"PTP-000652","C0043","Bluewater Construction","Low","Contractor","Elena Ruiz","2025-06-28","2025-07-10","3424.39","10201.09","297.90","174","Kept"
"PTP-000653","C0043","Bluewater Construction","Low","Contractor","Elena Ruiz","2025-06-30","2025-07-10","6198.61","10201.09","164.57","174","Kept"
"PTP-000651","C0005","Lakeshore Medical Center","Low","Institutional","Priya Natarajan","2025-06-27","2025-07-10","4343.87","4594.84","105.78","174","Kept"
"PTP-000654","C0143","Northfield Parts & Service","Medium","MRO Reseller","Sam Horowitz","2025-07-06","2025-07-10","4344.59","4437.76","102.14","174","Kept"
"PTP-000656","C0386","Bluewater Electric","High","Contractor","Elena Ruiz","2025-06-29","2025-07-10","533.62","0.00","0.00","174","Broken"
"PTP-000655","C0384","Riverbend Industries - Southeast","Low","OEM Manufacturer","Priya Natarajan","2025-07-06","2025-07-10","1485.03","5081.85","342.21","174","Kept"
"PTP-000661","C0386","Bluewater Electric","High","Contractor","Elena Ruiz","2025-06-22","2025-07-11","4528.89","0.00","0.00","173","Broken"
"PTP-000657","C0166","Apex School District","Low","Institutional","Marcus Bell","2025-06-19","2025-07-11","2322.47","0.00","0.00","173","Broken"
"PTP-000660","C0277","Lakeshore Construction - West","High","Contractor","Tomas Okafor","2025-07-01","2025-07-11","1719.31","0.00","0.00","173","Broken"
"PTP-000659","C0271","Riverbend Electric - Midwest 3","High","Contractor","Elena Ruiz","2025-06-24","2025-07-11","1616.21","0.00","0.00","173","Broken"
"PTP-000658","C0243","Cedar Ridge MRO Services - Southeast","Low","MRO Reseller","Grace Lindqvist","2025-07-01","2025-07-11","863.38","892.92","103.42","173","Kept"
"PTP-000663","C0206","Oakmont Manufacturing","Medium","OEM Manufacturer","Priya Natarajan","2025-07-08","2025-07-12","13253.46","25981.73","196.04","172","Kept"
"PTP-000664","C0305","Titan Fabrication","Low","OEM Manufacturer","Marcus Bell","2025-07-03","2025-07-12","1676.40","3940.71","235.07","172","Kept"
"PTP-000665","C0317","Apex Industrial Supply","Low","MRO Reseller","Sam Horowitz","2025-07-07","2025-07-12","4458.34","4952.08","111.07","172","Kept"
"PTP-000666","C0324","Pioneer Construction","High","Contractor","Elena Ruiz","2025-07-01","2025-07-12","1928.56","0.00","0.00","172","Broken"
"PTP-000662","C0071","Redline Industrial Supply","Medium","MRO Reseller","Sam Horowitz","2025-07-07","2025-07-12","2974.37","5046.22","169.66","172","Kept"
"PTP-000667","C0185","Harbor Supply Co.","Low","MRO Reseller","Sam Horowitz","2025-07-06","2025-07-13","3886.18","4418.12","113.69","171","Kept"
"PTP-000670","C0319","Ironbridge Medical Center - Southwest 3","Low","Institutional","Tomas Okafor","2025-07-06","2025-07-13","5484.56","5566.37","101.49","171","Kept"
"PTP-000669","C0316","Bluewater Parts & Service - Midwest 3","Medium","MRO Reseller","Sam Horowitz","2025-07-11","2025-07-13","1318.23","1369.57","103.89","171","Kept"
"PTP-000668","C0277","Lakeshore Construction - West","High","Contractor","Tomas Okafor","2025-06-24","2025-07-13","1640.86","0.00","0.00","171","Broken"
"PTP-000675","C0206","Oakmont Manufacturing","Medium","OEM Manufacturer","Priya Natarajan","2025-07-10","2025-07-14","1831.62","23339.56","1274.26","170","Kept"
"PTP-000676","C0271","Riverbend Electric - Midwest 3","High","Contractor","Elena Ruiz","2025-07-04","2025-07-14","1062.35","0.00","0.00","170","Broken"
"PTP-000674","C0156","Frontier County Facilities","Low","Institutional","Elena Ruiz","2025-07-03","2025-07-14","4042.82","5450.54","134.82","170","Kept"
"PTP-000673","C0138","Ironbridge Mechanical - Midwest 4","Low","Contractor","Tomas Okafor","2025-07-07","2025-07-14","7945.20","8646.48","108.83","170","Kept"
"PTP-000672","C0075","Ironbridge Mechanical - Southeast 3","Medium","Contractor","Elena Ruiz","2025-07-05","2025-07-14","1933.49","2095.51","108.38","170","Kept"
"PTP-000671","C0006","Pioneer Maintenance Supply","Medium","MRO Reseller","Grace Lindqvist","2025-07-07","2025-07-14","2131.30","2315.19","108.63","170","Kept"
"PTP-000679","C0070","Riverbend Parts & Service","Low","MRO Reseller","Grace Lindqvist","2025-07-09","2025-07-15","1396.89","3391.45","242.79","169","Kept"
"PTP-000677","C0055","Silverline Components","Low","OEM Manufacturer","Priya Natarajan","2025-07-11","2025-07-15","1963.42","2056.06","104.72","169","Kept"
"PTP-000678","C0059","Apex Mechanical","High","Contractor","Marcus Bell","2025-06-20","2025-07-15","2010.88","0.00","0.00","169","Broken"
"PTP-000680","C0329","Northfield School District - Midwest","Low","Institutional","Priya Natarajan","2025-07-07","2025-07-15","1358.00","1484.78","109.34","169","Kept"
"PTP-000681","C0386","Bluewater Electric","High","Contractor","Elena Ruiz","2025-06-21","2025-07-15","3385.82","0.00","0.00","169","Broken"
"PTP-000685","C0236","Northfield Maintenance Supply","Medium","MRO Reseller","Grace Lindqvist","2025-07-08","2025-07-16","586.54","1066.41","181.81","168","Kept"
"PTP-000683","C0074","Frontier Fabrication","Medium","OEM Manufacturer","Priya Natarajan","2025-07-11","2025-07-16","2439.77","4737.55","194.18","168","Kept"
"PTP-000682","C0038","Summit Fabrication","High","OEM Manufacturer","Priya Natarajan","2025-07-12","2025-07-16","2362.23","24407.73","1033.25","168","Kept"
"PTP-000684","C0166","Apex School District","Low","Institutional","Marcus Bell","2025-07-06","2025-07-16","5586.19","5873.88","105.15","168","Kept"
"PTP-000686","C0132","Keystone Contracting","High","Contractor","Tomas Okafor","2025-07-02","2025-07-17","2903.12","0.00","0.00","167","Broken"
"PTP-000687","C0296","Crestview Manufacturing","Medium","OEM Manufacturer","Priya Natarajan","2025-07-12","2025-07-17","3345.67","11431.20","341.67","167","Kept"
"PTP-000691","C0296","Crestview Manufacturing","Medium","OEM Manufacturer","Priya Natarajan","2025-07-10","2025-07-18","4390.88","11431.20","260.34","166","Kept"
"PTP-000690","C0230","Frontier University Facilities - Southwest 3","Low","Institutional","Elena Ruiz","2025-07-14","2025-07-18","3694.78","4099.69","110.96","166","Kept"
"PTP-000689","C0134","Frontier MRO Services","Medium","MRO Reseller","Grace Lindqvist","2025-07-11","2025-07-18","1040.86","1100.26","105.71","166","Kept"
"PTP-000688","C0015","Granite Contracting","Low","Contractor","Tomas Okafor","2025-07-16","2025-07-18","6031.54","9727.66","161.28","166","Kept"
"PTP-000692","C0374","Bluewater University Facilities - West","Low","Institutional","Elena Ruiz","2025-07-10","2025-07-18","10030.39","10175.56","101.45","166","Kept"
"PTP-000697","C0386","Bluewater Electric","High","Contractor","Elena Ruiz","2025-06-29","2025-07-19","1175.50","0.00","0.00","165","Broken"
"PTP-000693","C0059","Apex Mechanical","High","Contractor","Marcus Bell","2025-07-05","2025-07-19","758.29","0.00","0.00","165","Broken"
"PTP-000694","C0201","Titan Machine Works","Low","OEM Manufacturer","Marcus Bell","2025-07-10","2025-07-19","9644.23","12005.64","124.49","165","Kept"
"PTP-000695","C0232","Titan Builders - Southwest","High","Contractor","Tomas Okafor","2025-07-05","2025-07-19","4368.23","0.00","0.00","165","Broken"
"PTP-000696","C0299","Silverline Industries","Low","OEM Manufacturer","Marcus Bell","2025-07-07","2025-07-19","1501.83","6986.97","465.23","165","Kept"
"PTP-000701","C0342","Titan Medical Center","Medium","Institutional","Priya Natarajan","2025-07-15","2025-07-20","5855.01","6069.15","103.66","164","Kept"
"PTP-000698","C0006","Pioneer Maintenance Supply","Medium","MRO Reseller","Grace Lindqvist","2025-07-15","2025-07-20","2588.87","2726.91","105.33","164","Kept"
"PTP-000699","C0042","Bluewater Industries","High","OEM Manufacturer","Priya Natarajan","2025-07-13","2025-07-20","8496.41","16754.27","197.19","164","Kept"
"PTP-000700","C0079","Cedar Ridge Machine Works","Low","OEM Manufacturer","Priya Natarajan","2025-07-12","2025-07-20","4149.30","12977.77","312.77","164","Kept"
"PTP-000703","C0275","Cedar Ridge Machine Works - Southwest","High","OEM Manufacturer","Priya Natarajan","2025-07-11","2025-07-21","1509.69","11564.24","766.00","163","Kept"
"PTP-000702","C0255","Riverbend Fabrication","Low","OEM Manufacturer","Marcus Bell","2025-07-13","2025-07-21","720.50","786.02","109.09","163","Kept"
"PTP-000706","C0232","Titan Builders - Southwest","High","Contractor","Tomas Okafor","2025-07-03","2025-07-22","3387.71","0.00","0.00","162","Broken"
"PTP-000705","C0192","Keystone MRO Services","Medium","MRO Reseller","Grace Lindqvist","2025-07-13","2025-07-22","1063.95","1167.91","109.77","162","Kept"
"PTP-000707","C0306","Apex Builders - Southwest 3","Low","Contractor","Tomas Okafor","2025-07-09","2025-07-22","2216.15","2333.72","105.31","162","Kept"
"PTP-000704","C0171","Silverline Maintenance Supply - Southwest","Medium","MRO Reseller","Sam Horowitz","2025-07-10","2025-07-22","4064.42","4499.17","110.70","162","Kept"
"PTP-000710","C0139","Harbor Machine Works","Medium","OEM Manufacturer","Priya Natarajan","2025-07-11","2025-07-23","2169.53","23889.43","1101.13","161","Kept"
"PTP-000711","C0139","Harbor Machine Works","Medium","OEM Manufacturer","Priya Natarajan","2025-07-05","2025-07-23","2896.36","23889.43","824.81","161","Kept"
"PTP-000709","C0095","Stonegate Fabrication","Low","OEM Manufacturer","Marcus Bell","2025-07-01","2025-07-23","3037.84","26367.40","867.97","161","Kept"
"PTP-000708","C0040","Apex MRO Services","Medium","MRO Reseller","Grace Lindqvist","2025-07-10","2025-07-23","292.66","0.00","0.00","161","Broken"
"PTP-000715","C0302","Crestview Contracting - Northeast 3","High","Contractor","Tomas Okafor","2025-07-15","2025-07-23","881.45","0.00","0.00","161","Broken"
"PTP-000714","C0300","Cedar Ridge Contracting - West 3","Medium","Contractor","Tomas Okafor","2025-07-14","2025-07-23","1058.32","1132.24","106.98","161","Kept"
"PTP-000712","C0276","Oakmont Builders - West 3","Medium","Contractor","Elena Ruiz","2025-07-19","2025-07-23","5129.45","10269.07","200.20","161","Kept"
"PTP-000713","C0293","Stonegate Mechanical - Northeast","Medium","Contractor","Tomas Okafor","2025-07-16","2025-07-23","2790.91","2948.46","105.65","161","Kept"
"PTP-000717","C0259","Titan Builders - Southwest 3","Medium","Contractor","Elena Ruiz","2025-07-19","2025-07-24","802.25","1800.16","224.39","160","Kept"
"PTP-000716","C0124","Riverbend MRO Services - West","High","MRO Reseller","Grace Lindqvist","2025-07-21","2025-07-24","3586.75","4819.11","134.36","160","Kept"
"PTP-000718","C0353","Summit Mechanical - Southwest 3","High","Contractor","Priya Natarajan","2025-07-12","2025-07-24","5903.68","7817.88","132.42","160","Kept"
"PTP-000720","C0112","Ironbridge Fabrication - Midwest","Low","OEM Manufacturer","Marcus Bell","2025-07-09","2025-07-25","5369.47","6982.38","130.04","159","Kept"
"PTP-000719","C0094","Bluewater Industries - Southeast","Low","OEM Manufacturer","Marcus Bell","2025-07-16","2025-07-25","13959.03","14805.13","106.06","159","Kept"
"PTP-000721","C0271","Riverbend Electric - Midwest 3","High","Contractor","Elena Ruiz","2025-07-09","2025-07-25","2180.81","0.00","0.00","159","Broken"
"PTP-000722","C0277","Lakeshore Construction - West","High","Contractor","Tomas Okafor","2025-07-05","2025-07-25","2579.18","0.00","0.00","159","Broken"
"PTP-000723","C0302","Crestview Contracting - Northeast 3","High","Contractor","Tomas Okafor","2025-07-13","2025-07-25","2590.94","0.00","0.00","159","Broken"
"PTP-000724","C0324","Pioneer Construction","High","Contractor","Elena Ruiz","2025-07-13","2025-07-25","5500.55","0.00","0.00","159","Broken"
"PTP-000726","C0318","Riverbend Contracting - Midwest 3","Medium","Contractor","Elena Ruiz","2025-07-15","2025-07-26","800.24","805.56","100.66","158","Kept"
"PTP-000725","C0158","Frontier Mechanical","High","Contractor","Elena Ruiz","2025-07-14","2025-07-26","864.50","940.11","108.75","158","Kept"
"PTP-000727","C0376","Summit Components - Midwest","High","OEM Manufacturer","Priya Natarajan","2025-07-21","2025-07-26","9933.03","21635.31","217.81","158","Kept"
"PTP-000730","C0376","Summit Components - Midwest","High","OEM Manufacturer","Priya Natarajan","2025-07-25","2025-07-27","7154.29","18204.04","254.45","157","Kept"
"PTP-000731","C0386","Bluewater Electric","High","Contractor","Elena Ruiz","2025-07-03","2025-07-27","1351.25","0.00","0.00","157","Broken"
"PTP-000728","C0049","Westbrook Mechanical","Medium","Contractor","Elena Ruiz","2025-07-21","2025-07-27","833.35","2246.84","269.62","157","Kept"
"PTP-000729","C0324","Pioneer Construction","High","Contractor","Elena Ruiz","2025-07-07","2025-07-27","435.53","0.00","0.00","157","Broken"
"PTP-000738","C0351","Ironbridge Components","High","OEM Manufacturer","Priya Natarajan","2025-07-22","2025-07-28","1798.31","4070.89","226.37","156","Kept"
"PTP-000737","C0302","Crestview Contracting - Northeast 3","High","Contractor","Tomas Okafor","2025-07-15","2025-07-28","643.35","0.00","0.00","156","Broken"
"PTP-000736","C0275","Cedar Ridge Machine Works - Southwest","High","OEM Manufacturer","Priya Natarajan","2025-07-18","2025-07-28","4042.11","4189.77","103.65","156","Kept"
"PTP-000734","C0262","Titan Industrial Supply","Medium","MRO Reseller","Grace Lindqvist","2025-07-24","2025-07-28","2864.90","5003.23","174.64","156","Kept"
"PTP-000735","C0265","Westbrook Mechanical - Southwest 3","Medium","Contractor","Tomas Okafor","2025-07-26","2025-07-28","2634.13","3859.05","146.50","156","Kept"
"PTP-000733","C0253","Summit Industrial Supply","High","MRO Reseller","Sam Horowitz","2025-07-16","2025-07-28","644.06","697.89","108.36","156","Kept"
"PTP-000732","C0008","Silverline Maintenance Supply","Low","MRO Reseller","Sam Horowitz","2025-07-16","2025-07-28","1748.36","3437.21","196.60","156","Kept"
"PTP-000739","C0088","Westbrook Builders - West","High","Contractor","Elena Ruiz","2025-07-20","2025-07-29","756.05","5222.68","690.79","155","Kept"
"PTP-000740","C0201","Titan Machine Works","Low","OEM Manufacturer","Marcus Bell","2025-07-26","2025-07-29","13626.69","29894.45","219.38","155","Kept"
"PTP-000741","C0277","Lakeshore Construction - West","High","Contractor","Tomas Okafor","2025-07-20","2025-07-29","944.09","0.00","0.00","155","Broken"
"PTP-000747","C0302","Crestview Contracting - Northeast 3","High","Contractor","Tomas Okafor","2025-07-14","2025-07-31","6960.59","0.00","0.00","153","Broken"
"PTP-000745","C0206","Oakmont Manufacturing","Medium","OEM Manufacturer","Priya Natarajan","2025-07-19","2025-07-31","4603.58","6451.43","140.14","153","Kept"
"PTP-000746","C0265","Westbrook Mechanical - Southwest 3","Medium","Contractor","Tomas Okafor","2025-07-08","2025-07-31","780.34","2773.88","355.47","153","Kept"
"PTP-000744","C0143","Northfield Parts & Service","Medium","MRO Reseller","Sam Horowitz","2025-07-24","2025-07-31","2256.60","2268.26","100.52","153","Kept"
"PTP-000742","C0009","Ironbridge Fabrication","Medium","OEM Manufacturer","Marcus Bell","2025-07-22","2025-07-31","4273.20","6034.59","141.22","153","Kept"
"PTP-000743","C0074","Frontier Fabrication","Medium","OEM Manufacturer","Priya Natarajan","2025-07-24","2025-07-31","6804.86","26437.70","388.51","153","Kept"
"PTP-000748","C0006","Pioneer Maintenance Supply","Medium","MRO Reseller","Grace Lindqvist","2025-07-22","2025-08-01","1693.17","1743.69","102.98","152","Kept"
"PTP-000750","C0144","Frontier Electric","Medium","Contractor","Tomas Okafor","2025-07-26","2025-08-01","733.77","800.46","109.09","152","Kept"
"PTP-000749","C0077","Riverbend Industrial Supply","Low","MRO Reseller","Sam Horowitz","2025-07-25","2025-08-01","3658.81","6036.63","164.99","152","Kept"
"PTP-000751","C0316","Bluewater Parts & Service - Midwest 3","Medium","MRO Reseller","Sam Horowitz","2025-07-28","2025-08-01","2498.18","4938.24","197.67","152","Kept"
"PTP-000752","C0370","Cedar Ridge Construction - West 4","Low","Contractor","Tomas Okafor","2025-07-25","2025-08-01","1495.98","1528.86","102.20","152","Kept"
"PTP-000759","C0376","Summit Components - Midwest","High","OEM Manufacturer","Priya Natarajan","2025-07-24","2025-08-02","5105.52","8545.27","167.37","151","Kept"
"PTP-000758","C0308","Frontier Contracting - Midwest","Medium","Contractor","Tomas Okafor","2025-07-26","2025-08-02","6115.63","6500.94","106.30","151","Kept"
"PTP-000757","C0232","Titan Builders - Southwest","High","Contractor","Tomas Okafor","2025-07-19","2025-08-02","1042.37","0.00","0.00","151","Broken"
"PTP-000756","C0077","Riverbend Industrial Supply","Low","MRO Reseller","Sam Horowitz","2025-07-29","2025-08-02","2040.83","6036.63","295.79","151","Kept"
"PTP-000753","C0031","Stonegate Machine Works","Low","OEM Manufacturer","Marcus Bell","2025-07-26","2025-08-02","3557.04","7691.57","216.24","151","Kept"
"PTP-000755","C0069","Ironbridge Electric","High","Contractor","Elena Ruiz","2025-07-23","2025-08-02","3268.23","3368.13","103.06","151","Kept"
"PTP-000754","C0047","Titan Supply Co.","Low","MRO Reseller","Grace Lindqvist","2025-07-22","2025-08-02","562.83","6303.79","1120.02","151","Kept"
"PTP-000760","C0045","Lakeshore Machine Works","Low","OEM Manufacturer","Marcus Bell","2025-07-28","2025-08-03","9037.13","11050.21","122.28","150","Kept"
"PTP-000761","C0108","Cedar Ridge Construction - Southeast","Medium","Contractor","Elena Ruiz","2025-07-26","2025-08-03","998.89","1085.91","108.71","150","Kept"
"PTP-000762","C0158","Frontier Mechanical","High","Contractor","Elena Ruiz","2025-07-23","2025-08-03","5315.60","5621.45","105.75","150","Kept"
"PTP-000764","C0232","Titan Builders - Southwest","High","Contractor","Tomas Okafor","2025-07-11","2025-08-03","5755.96","0.00","0.00","150","Broken"
"PTP-000763","C0192","Keystone MRO Services","Medium","MRO Reseller","Grace Lindqvist","2025-07-30","2025-08-03","3782.67","3956.06","104.58","150","Kept"
"PTP-000765","C0297","Apex Mechanical - Southeast 3","High","Contractor","Tomas Okafor","2025-07-24","2025-08-03","1498.09","0.00","0.00","150","Broken"
"PTP-000770","C0304","Ironbridge Industrial Supply - Midwest 3","Medium","MRO Reseller","Grace Lindqvist","2025-07-30","2025-08-04","495.38","535.69","108.14","149","Kept"
"PTP-000769","C0300","Cedar Ridge Contracting - West 3","Medium","Contractor","Tomas Okafor","2025-07-26","2025-08-04","6790.98","7428.83","109.39","149","Kept"
"PTP-000772","C0350","Crestview Industries","Low","OEM Manufacturer","Marcus Bell","2025-07-29","2025-08-04","4933.70","5080.35","102.97","149","Kept"
"PTP-000771","C0341","Summit Supply Co. - Southeast","Medium","MRO Reseller","Grace Lindqvist","2025-07-23","2025-08-04","3207.16","3426.15","106.83","149","Kept"
"PTP-000768","C0167","Lakeshore MRO Services","Medium","MRO Reseller","Grace Lindqvist","2025-07-29","2025-08-04","3613.74","3822.50","105.78","149","Kept"
"PTP-000767","C0059","Apex Mechanical","High","Contractor","Marcus Bell","2025-07-13","2025-08-04","4024.00","0.00","0.00","149","Broken"
"PTP-000766","C0008","Silverline Maintenance Supply","Low","MRO Reseller","Sam Horowitz","2025-07-27","2025-08-04","2911.15","3570.74","122.66","149","Kept"
"PTP-000773","C0372","Cedar Ridge Mechanical - Southeast 3","Low","Contractor","Tomas Okafor","2025-07-26","2025-08-04","999.59","1088.54","108.90","149","Kept"
"PTP-000774","C0386","Bluewater Electric","High","Contractor","Elena Ruiz","2025-07-17","2025-08-04","1022.37","0.00","0.00","149","Broken"
"PTP-000776","C0305","Titan Fabrication","Low","OEM Manufacturer","Marcus Bell","2025-08-02","2025-08-05","4292.08","6694.94","155.98","148","Kept"
"PTP-000775","C0238","Oakmont Builders - Midwest","Low","Contractor","Tomas Okafor","2025-07-25","2025-08-05","1554.11","1620.92","104.30","148","Kept"
"PTP-000778","C0067","Cedar Ridge Parts & Service","Medium","MRO Reseller","Sam Horowitz","2025-07-29","2025-08-06","664.43","681.01","102.50","147","Kept"
"PTP-000777","C0065","Bluewater Maintenance Supply","Low","MRO Reseller","Grace Lindqvist","2025-08-02","2025-08-06","1484.87","4652.93","313.36","147","Kept"
"PTP-000779","C0094","Bluewater Industries - Southeast","Low","OEM Manufacturer","Marcus Bell","2025-07-29","2025-08-06","2740.60","20060.02","731.96","147","Kept"
"PTP-000780","C0094","Bluewater Industries - Southeast","Low","OEM Manufacturer","Marcus Bell","2025-08-02","2025-08-06","16135.40","20060.02","124.32","147","Kept"
"PTP-000783","C0121","Apex Manufacturing","Low","OEM Manufacturer","Marcus Bell","2025-08-02","2025-08-07","1655.10","1709.66","103.30","146","Kept"
"PTP-000782","C0068","Harbor Industries","High","OEM Manufacturer","Priya Natarajan","2025-08-03","2025-08-07","13231.06","21829.22","164.98","146","Kept"
"PTP-000781","C0045","Lakeshore Machine Works","Low","OEM Manufacturer","Marcus Bell","2025-07-25","2025-08-07","1495.53","14811.42","990.38","146","Kept"
"PTP-000784","C0059","Apex Mechanical","High","Contractor","Marcus Bell","2025-07-16","2025-08-08","4112.06","0.00","0.00","145","Broken"
"PTP-000785","C0082","Apex Supply Co.","Low","MRO Reseller","Grace Lindqvist","2025-07-28","2025-08-08","3455.61","4323.61","125.12","145","Kept"
"PTP-000786","C0287","Redline University Facilities - Southwest 4","Low","Institutional","Marcus Bell","2025-07-30","2025-08-08","3797.81","4032.12","106.17","145","Kept"
"PTP-000787","C0374","Bluewater University Facilities - West","Low","Institutional","Elena Ruiz","2025-08-01","2025-08-08","4092.42","4514.03","110.30","145","Kept"
"PTP-000790","C0297","Apex Mechanical - Southeast 3","High","Contractor","Tomas Okafor","2025-07-29","2025-08-09","2233.27","0.00","0.00","144","Broken"
"PTP-000791","C0324","Pioneer Construction","High","Contractor","Elena Ruiz","2025-07-30","2025-08-09","2644.27","0.00","0.00","144","Broken"
"PTP-000789","C0255","Riverbend Fabrication","Low","OEM Manufacturer","Marcus Bell","2025-08-05","2025-08-09","4860.60","10258.74","211.06","144","Kept"
"PTP-000788","C0026","Northfield Components","Low","OEM Manufacturer","Priya Natarajan","2025-07-28","2025-08-09","1523.81","9045.68","593.62","144","Kept"
"PTP-000792","C0056","Northfield Components - Southwest","Medium","OEM Manufacturer","Priya Natarajan","2025-08-06","2025-08-10","6738.27","23473.25","348.36","143","Kept"
"PTP-000793","C0256","Oakmont School District","Medium","Institutional","Elena Ruiz","2025-08-07","2025-08-10","8353.34","14253.25","170.63","143","Kept"
"PTP-000794","C0271","Riverbend Electric - Midwest 3","High","Contractor","Elena Ruiz","2025-07-24","2025-08-10","556.65","0.00","0.00","143","Broken"
"PTP-000795","C0284","Apex Manufacturing - Southwest 3","Low","OEM Manufacturer","Marcus Bell","2025-08-05","2025-08-10","6163.52","6502.20","105.49","143","Kept"
"PTP-000798","C0275","Cedar Ridge Machine Works - Southwest","High","OEM Manufacturer","Priya Natarajan","2025-07-29","2025-08-11","3553.48","28721.06","808.25","142","Kept"
"PTP-000797","C0190","Harbor Fabrication","Medium","OEM Manufacturer","Priya Natarajan","2025-07-31","2025-08-11","7501.90","8261.67","110.13","142","Kept"
"PTP-000796","C0133","Oakmont Construction","Medium","Contractor","Elena Ruiz","2025-08-03","2025-08-11","4681.41","4854.37","103.69","142","Kept"
"PTP-000800","C0111","Harbor Manufacturing","Medium","OEM Manufacturer","Marcus Bell","2025-08-04","2025-08-12","13073.79","20215.66","154.63","141","Kept"
"PTP-000801","C0127","Bluewater Parts & Service","Low","MRO Reseller","Sam Horowitz","2025-07-23","2025-08-12","1188.79","0.00","0.00","141","Broken"
"PTP-000799","C0073","Lakeshore Manufacturing","High","OEM Manufacturer","Priya Natarajan","2025-08-03","2025-08-12","1737.98","9622.72","553.67","141","Kept"
"PTP-000802","C0235","Riverbend Electric - Southeast","Medium","Contractor","Tomas Okafor","2025-08-08","2025-08-12","3377.77","8860.99","262.33","141","Kept"
"PTP-000803","C0235","Riverbend Electric - Southeast","Medium","Contractor","Tomas Okafor","2025-08-01","2025-08-12","5182.96","8860.99","170.96","141","Kept"
"PTP-000804","C0279","Ironbridge Medical Center - Northeast","Low","Institutional","Marcus Bell","2025-08-09","2025-08-12","1830.65","5213.65","284.80","141","Kept"
"PTP-000805","C0302","Crestview Contracting - Northeast 3","High","Contractor","Tomas Okafor","2025-07-25","2025-08-12","2659.14","0.00","0.00","141","Broken"
"PTP-000807","C0386","Bluewater Electric","High","Contractor","Elena Ruiz","2025-07-30","2025-08-12","1338.13","0.00","0.00","141","Broken"
"PTP-000806","C0369","Lakeshore Components","High","OEM Manufacturer","Marcus Bell","2025-08-08","2025-08-12","3994.79","4344.32","108.75","141","Kept"
"PTP-000809","C0296","Crestview Manufacturing","Medium","OEM Manufacturer","Priya Natarajan","2025-08-01","2025-08-13","12386.96","13370.01","107.94","140","Kept"
"PTP-000808","C0255","Riverbend Fabrication","Low","OEM Manufacturer","Marcus Bell","2025-08-07","2025-08-13","1632.73","1632.88","100.01","140","Kept"
"PTP-000812","C0282","Ironbridge Electric - Southeast","Low","Contractor","Elena Ruiz","2025-08-06","2025-08-14","2932.64","10254.99","349.68","139","Kept"
"PTP-000813","C0302","Crestview Contracting - Northeast 3","High","Contractor","Tomas Okafor","2025-08-02","2025-08-14","4181.92","0.00","0.00","139","Broken"
"PTP-000814","C0302","Crestview Contracting - Northeast 3","High","Contractor","Tomas Okafor","2025-07-25","2025-08-14","5339.01","0.00","0.00","139","Broken"
"PTP-000810","C0038","Summit Fabrication","High","OEM Manufacturer","Priya Natarajan","2025-08-02","2025-08-14","15349.58","17007.67","110.80","139","Kept"
"PTP-000811","C0094","Bluewater Industries - Southeast","Low","OEM Manufacturer","Marcus Bell","2025-08-06","2025-08-14","4322.20","8198.75","189.69","139","Kept"
"PTP-000816","C0138","Ironbridge Mechanical - Midwest 4","Low","Contractor","Tomas Okafor","2025-08-02","2025-08-15","2902.27","4771.81","164.42","138","Kept"
"PTP-000815","C0068","Harbor Industries","High","OEM Manufacturer","Priya Natarajan","2025-08-04","2025-08-15","615.98","4902.76","795.93","138","Kept"
"PTP-000817","C0386","Bluewater Electric","High","Contractor","Elena Ruiz","2025-07-29","2025-08-15","2122.70","0.00","0.00","138","Broken"
"PTP-000818","C0132","Keystone Contracting","High","Contractor","Tomas Okafor","2025-07-29","2025-08-16","1752.40","0.00","0.00","137","Broken"
"PTP-000820","C0271","Riverbend Electric - Midwest 3","High","Contractor","Elena Ruiz","2025-07-23","2025-08-16","3376.93","0.00","0.00","137","Broken"
"PTP-000819","C0187","Stonegate Parts & Service","Medium","MRO Reseller","Grace Lindqvist","2025-08-08","2025-08-16","529.95","570.91","107.73","137","Kept"
"PTP-000823","C0277","Lakeshore Construction - West","High","Contractor","Tomas Okafor","2025-08-02","2025-08-17","819.97","0.00","0.00","136","Broken"
"PTP-000824","C0341","Summit Supply Co. - Southeast","Medium","MRO Reseller","Grace Lindqvist","2025-08-07","2025-08-17","626.97","688.32","109.79","136","Kept"
"PTP-000822","C0107","Silverline Mechanical","Low","Contractor","Elena Ruiz","2025-08-03","2025-08-17","7173.69","7794.01","108.65","136","Kept"
"PTP-000821","C0017","Silverline Fabrication","Low","OEM Manufacturer","Priya Natarajan","2025-08-15","2025-08-17","5232.17","5331.57","101.90","136","Kept"
"PTP-000825","C0386","Bluewater Electric","High","Contractor","Elena Ruiz","2025-08-01","2025-08-17","3625.26","0.00","0.00","136","Broken"
"PTP-000830","C0352","Pioneer Construction - Midwest","Low","Contractor","Tomas Okafor","2025-08-06","2025-08-18","5014.26","5451.16","108.71","135","Kept"
"PTP-000826","C0080","Frontier Maintenance Supply","Medium","MRO Reseller","Grace Lindqvist","2025-08-07","2025-08-18","3103.41","3502.02","112.84","135","Kept"
"PTP-000829","C0310","Harbor Water Authority","Low","Institutional","Priya Natarajan","2025-08-11","2025-08-18","2960.90","3177.50","107.32","135","Kept"
"PTP-000828","C0246","Lakeshore Industrial Supply","Low","MRO Reseller","Sam Horowitz","2025-08-12","2025-08-18","2855.41","6075.80","212.78","135","Kept"
"PTP-000827","C0241","Lakeshore Industries - Southeast","Low","OEM Manufacturer","Priya Natarajan","2025-08-10","2025-08-18","12740.58","16077.89","126.19","135","Kept"
"PTP-000834","C0232","Titan Builders - Southwest","High","Contractor","Tomas Okafor","2025-07-30","2025-08-19","821.50","0.00","0.00","134","Broken"
"PTP-000832","C0139","Harbor Machine Works","Medium","OEM Manufacturer","Priya Natarajan","2025-08-16","2025-08-19","2310.47","2325.91","100.67","134","Kept"
"PTP-000833","C0165","Northfield School District","Low","Institutional","Marcus Bell","2025-08-12","2025-08-19","993.31","1052.92","106.00","134","Kept"
"PTP-000831","C0001","Silverline MRO Services","Medium","MRO Reseller","Grace Lindqvist","2025-08-11","2025-08-19","3199.85","4215.13","131.73","134","Kept"
"PTP-000835","C0359","Stonegate Fabrication - West","High","OEM Manufacturer","Marcus Bell","2025-08-11","2025-08-19","1783.27","7150.69","400.99","134","Kept"
"PTP-000836","C0068","Harbor Industries","High","OEM Manufacturer","Priya Natarajan","2025-08-08","2025-08-20","10801.57","13589.54","125.81","133","Kept"
"PTP-000837","C0350","Crestview Industries","Low","OEM Manufacturer","Marcus Bell","2025-08-11","2025-08-20","1838.15","3859.59","209.97","133","Kept"
"PTP-000838","C0074","Frontier Fabrication","Medium","OEM Manufacturer","Priya Natarajan","2025-08-16","2025-08-21","8683.96","15666.26","180.40","132","Kept"
"PTP-000839","C0133","Oakmont Construction","Medium","Contractor","Elena Ruiz","2025-08-11","2025-08-21","876.95","1401.78","159.85","132","Kept"
"PTP-000840","C0127","Bluewater Parts & Service","Low","MRO Reseller","Sam Horowitz","2025-08-18","2025-08-22","835.51","907.70","108.64","131","Kept"
"PTP-000841","C0228","Granite School District","Low","Institutional","Tomas Okafor","2025-08-16","2025-08-22","1736.58","1750.18","100.78","131","Kept"
"PTP-000843","C0218","Riverbend Parts & Service - Midwest","Low","MRO Reseller","Sam Horowitz","2025-08-12","2025-08-23","699.46","711.78","101.76","130","Kept"
"PTP-000844","C0297","Apex Mechanical - Southeast 3","High","Contractor","Tomas Okafor","2025-08-15","2025-08-23","1786.71","0.00","0.00","130","Broken"
"PTP-000842","C0035","Summit Mechanical","Low","Contractor","Tomas Okafor","2025-08-20","2025-08-23","5435.29","5678.84","104.48","130","Kept"
"PTP-000845","C0055","Silverline Components","Low","OEM Manufacturer","Priya Natarajan","2025-08-16","2025-08-24","10604.38","14688.83","138.52","129","Kept"
"PTP-000846","C0132","Keystone Contracting","High","Contractor","Tomas Okafor","2025-08-10","2025-08-24","2034.43","0.00","0.00","129","Broken"
"PTP-000847","C0201","Titan Machine Works","Low","OEM Manufacturer","Marcus Bell","2025-08-12","2025-08-24","5291.90","23110.66","436.72","129","Kept"
"PTP-000848","C0232","Titan Builders - Southwest","High","Contractor","Tomas Okafor","2025-08-06","2025-08-24","485.86","0.00","0.00","129","Broken"
"PTP-000849","C0366","Westbrook Industries - West","Medium","OEM Manufacturer","Marcus Bell","2025-08-15","2025-08-24","2805.61","2817.20","100.41","129","Kept"
"PTP-000854","C0237","Lakeshore School District","Low","Institutional","Tomas Okafor","2025-08-16","2025-08-25","8092.38","8198.39","101.31","128","Kept"
"PTP-000852","C0194","Riverbend Mechanical - Southeast","Medium","Contractor","Priya Natarajan","2025-08-18","2025-08-25","3709.78","3717.72","100.21","128","Kept"
"PTP-000853","C0225","Titan Parts & Service","High","MRO Reseller","Sam Horowitz","2025-08-15","2025-08-25","798.12","1636.55","205.05","128","Kept"
"PTP-000855","C0287","Redline University Facilities - Southwest 4","Low","Institutional","Marcus Bell","2025-08-15","2025-08-25","3042.73","6548.00","215.20","128","Kept"
"PTP-000851","C0136","Crestview Industrial Supply - West","High","MRO Reseller","Grace Lindqvist","2025-08-14","2025-08-25","2421.40","4462.20","184.28","128","Kept"
"PTP-000850","C0059","Apex Mechanical","High","Contractor","Marcus Bell","2025-08-11","2025-08-25","1557.26","0.00","0.00","128","Broken"
"PTP-000856","C0020","Cedar Ridge MRO Services","Medium","MRO Reseller","Grace Lindqvist","2025-08-16","2025-08-26","977.70","982.47","100.49","127","Kept"
"PTP-000857","C0257","Granite Supply Co.","Medium","MRO Reseller","Sam Horowitz","2025-08-17","2025-08-26","2509.52","2609.31","103.98","127","Kept"
"PTP-000858","C0364","Redline Industries - Northeast","Low","OEM Manufacturer","Marcus Bell","2025-08-15","2025-08-26","2320.89","2442.99","105.26","127","Kept"
"PTP-000861","C0324","Pioneer Construction","High","Contractor","Elena Ruiz","2025-08-09","2025-08-27","4889.56","0.00","0.00","126","Broken"
"PTP-000859","C0059","Apex Mechanical","High","Contractor","Marcus Bell","2025-08-03","2025-08-27","767.46","0.00","0.00","126","Broken"
"PTP-000860","C0112","Ironbridge Fabrication - Midwest","Low","OEM Manufacturer","Marcus Bell","2025-08-21","2025-08-27","1734.94","1766.80","101.84","126","Kept"
"PTP-000863","C0140","Apex Parts & Service","Medium","MRO Reseller","Grace Lindqvist","2025-08-17","2025-08-28","701.18","4308.80","614.51","125","Kept"
"PTP-000862","C0012","Lakeshore Mechanical","Low","Contractor","Elena Ruiz","2025-08-16","2025-08-28","6604.85","10246.29","155.13","125","Kept"
"PTP-000864","C0297","Apex Mechanical - Southeast 3","High","Contractor","Tomas Okafor","2025-08-18","2025-08-28","837.45","0.00","0.00","125","Broken"
"PTP-000865","C0297","Apex Mechanical - Southeast 3","High","Contractor","Tomas Okafor","2025-08-05","2025-08-28","3073.08","0.00","0.00","125","Broken"
"PTP-000866","C0300","Cedar Ridge Contracting - West 3","Medium","Contractor","Tomas Okafor","2025-08-15","2025-08-28","7312.78","8114.27","110.96","125","Kept"
"PTP-000872","C0256","Oakmont School District","Medium","Institutional","Elena Ruiz","2025-08-23","2025-08-29","1231.02","11971.64","972.50","124","Kept"
"PTP-000871","C0232","Titan Builders - Southwest","High","Contractor","Tomas Okafor","2025-08-11","2025-08-29","4526.96","0.00","0.00","124","Broken"
"PTP-000867","C0012","Lakeshore Mechanical","Low","Contractor","Elena Ruiz","2025-08-19","2025-08-29","1773.78","10246.29","577.65","124","Kept"
"PTP-000868","C0033","Lakeshore Construction","Medium","Contractor","Elena Ruiz","2025-08-17","2025-08-29","1167.44","1292.60","110.72","124","Kept"
"PTP-000870","C0176","Harbor Machine Works - Southeast","Low","OEM Manufacturer","Priya Natarajan","2025-08-26","2025-08-29","3817.81","8150.19","213.48","124","Kept"
"PTP-000869","C0125","Summit MRO Services","High","MRO Reseller","Grace Lindqvist","2025-08-25","2025-08-29","1049.52","3360.86","320.23","124","Kept"
"PTP-000875","C0176","Harbor Machine Works - Southeast","Low","OEM Manufacturer","Priya Natarajan","2025-08-23","2025-08-30","2010.01","8150.19","405.48","123","Kept"
"PTP-000873","C0007","Cedar Ridge Industrial Supply","High","MRO Reseller","Sam Horowitz","2025-08-25","2025-08-30","3387.45","4403.57","130.00","123","Kept"
"PTP-000874","C0067","Cedar Ridge Parts & Service","Medium","MRO Reseller","Sam Horowitz","2025-08-19","2025-08-30","2150.67","5909.12","274.76","123","Kept"
"PTP-000878","C0270","Stonegate Maintenance Supply - Southeast","Medium","MRO Reseller","Sam Horowitz","2025-08-17","2025-08-30","2969.98","3127.42","105.30","123","Kept"
"PTP-000879","C0271","Riverbend Electric - Midwest 3","High","Contractor","Elena Ruiz","2025-08-15","2025-08-30","974.07","0.00","0.00","123","Broken"
"PTP-000877","C0225","Titan Parts & Service","High","MRO Reseller","Sam Horowitz","2025-08-25","2025-08-30","1384.00","2050.33","148.15","123","Kept"
"PTP-000876","C0222","Cedar Ridge Mechanical - Midwest","Medium","Contractor","Elena Ruiz","2025-08-28","2025-08-30","875.34","14467.70","1652.81","123","Kept"
"PTP-000881","C0232","Titan Builders - Southwest","High","Contractor","Tomas Okafor","2025-08-11","2025-08-31","589.52","0.00","0.00","122","Broken"
"PTP-000882","C0254","Pioneer Medical Center - West","Low","Institutional","Elena Ruiz","2025-08-23","2025-08-31","1300.13","1327.03","102.07","122","Kept"
"PTP-000883","C0297","Apex Mechanical - Southeast 3","High","Contractor","Tomas Okafor","2025-08-18","2025-08-31","5914.20","0.00","0.00","122","Broken"
"PTP-000884","C0302","Crestview Contracting - Northeast 3","High","Contractor","Tomas Okafor","2025-08-07","2025-08-31","3387.97","0.00","0.00","122","Broken"
"PTP-000885","C0324","Pioneer Construction","High","Contractor","Elena Ruiz","2025-08-18","2025-08-31","3847.00","0.00","0.00","122","Broken"
"PTP-000880","C0088","Westbrook Builders - West","High","Contractor","Elena Ruiz","2025-08-28","2025-08-31","2780.30","2922.24","105.11","122","Kept"
"PTP-000886","C0386","Bluewater Electric","High","Contractor","Elena Ruiz","2025-08-07","2025-08-31","3839.10","0.00","0.00","122","Broken"
"PTP-000889","C0392","Apex Industrial Supply - Southwest 3","High","MRO Reseller","Grace Lindqvist","2025-08-28","2025-09-01","796.35","5890.96","739.75","121","Kept"
"PTP-000888","C0185","Harbor Supply Co.","Low","MRO Reseller","Sam Horowitz","2025-08-28","2025-09-01","2836.38","3602.52","127.01","121","Kept"
"PTP-000887","C0054","Titan Manufacturing","Medium","OEM Manufacturer","Priya Natarajan","2025-08-22","2025-09-01","7050.10","7745.36","109.86","121","Kept"
"PTP-000890","C0082","Apex Supply Co.","Low","MRO Reseller","Grace Lindqvist","2025-08-21","2025-09-02","1390.92","3319.45","238.65","120","Kept"
"PTP-000891","C0132","Keystone Contracting","High","Contractor","Tomas Okafor","2025-08-08","2025-09-02","2780.45","0.00","0.00","120","Broken"
"PTP-000892","C0369","Lakeshore Components","High","OEM Manufacturer","Marcus Bell","2025-08-24","2025-09-02","2097.69","11859.58","565.36","120","Kept"
"PTP-000896","C0376","Summit Components - Midwest","High","OEM Manufacturer","Priya Natarajan","2025-09-01","2025-09-03","12390.45","15614.53","126.02","119","Kept"
"PTP-000895","C0120","Ironbridge Medical Center","Low","Institutional","Marcus Bell","2025-08-31","2025-09-03","10023.22","10608.42","105.84","119","Kept"
"PTP-000894","C0059","Apex Mechanical","High","Contractor","Marcus Bell","2025-08-18","2025-09-03","1224.61","0.00","0.00","119","Broken"
"PTP-000893","C0038","Summit Fabrication","High","OEM Manufacturer","Priya Natarajan","2025-08-21","2025-09-03","1514.15","6113.92","403.79","119","Kept"
"PTP-000897","C0058","Lakeshore Builders","Low","Contractor","Elena Ruiz","2025-08-25","2025-09-05","7529.63","7681.78","102.02","117","Kept"
"PTP-000898","C0122","Frontier Fabrication - Northeast","Low","OEM Manufacturer","Priya Natarajan","2025-08-31","2025-09-05","5352.67","5597.73","104.58","117","Kept"
"PTP-000900","C0170","Titan Industries","Low","OEM Manufacturer","Priya Natarajan","2025-08-30","2025-09-05","6701.97","7072.24","105.52","117","Kept"
"PTP-000899","C0139","Harbor Machine Works","Medium","OEM Manufacturer","Priya Natarajan","2025-08-26","2025-09-05","4480.65","9625.96","214.83","117","Kept"
"PTP-000902","C0368","Stonegate Machine Works - West","Low","OEM Manufacturer","Priya Natarajan","2025-08-22","2025-09-05","8320.36","8648.86","103.95","117","Kept"
"PTP-000901","C0354","Westbrook Supply Co. - Southeast","High","MRO Reseller","Grace Lindqvist","2025-08-25","2025-09-05","1144.86","1151.97","100.62","117","Kept"
"PTP-000903","C0087","Riverbend Maintenance Supply","Medium","MRO Reseller","Grace Lindqvist","2025-08-30","2025-09-06","2403.40","2456.37","102.20","116","Kept"
"PTP-000904","C0343","Bluewater Builders - Midwest 3","Low","Contractor","Elena Ruiz","2025-08-24","2025-09-06","4603.88","4658.96","101.20","116","Kept"
"PTP-000906","C0271","Riverbend Electric - Midwest 3","High","Contractor","Elena Ruiz","2025-08-22","2025-09-07","4583.39","0.00","0.00","115","Broken"
"PTP-000907","C0275","Cedar Ridge Machine Works - Southwest","High","OEM Manufacturer","Priya Natarajan","2025-08-30","2025-09-07","2323.15","19790.49","851.88","115","Kept"
"PTP-000905","C0017","Silverline Fabrication","Low","OEM Manufacturer","Priya Natarajan","2025-08-30","2025-09-07","4757.88","12241.93","257.30","115","Kept"
"PTP-000908","C0059","Apex Mechanical","High","Contractor","Marcus Bell","2025-08-25","2025-09-08","1110.37","0.00","0.00","114","Broken"
"PTP-000909","C0132","Keystone Contracting","High","Contractor","Tomas Okafor","2025-08-21","2025-09-08","4747.89","0.00","0.00","114","Broken"
"PTP-000910","C0271","Riverbend Electric - Midwest 3","High","Contractor","Elena Ruiz","2025-08-23","2025-09-09","1352.43","0.00","0.00","113","Broken"
"PTP-000911","C0271","Riverbend Electric - Midwest 3","High","Contractor","Elena Ruiz","2025-08-16","2025-09-10","764.61","0.00","0.00","112","Broken"
"PTP-000914","C0349","Granite Manufacturing","High","OEM Manufacturer","Marcus Bell","2025-09-04","2025-09-10","7502.48","32544.13","433.78","112","Kept"
"PTP-000913","C0324","Pioneer Construction","High","Contractor","Elena Ruiz","2025-08-16","2025-09-10","699.61","0.00","0.00","112","Broken"
"PTP-000912","C0308","Frontier Contracting - Midwest","Medium","Contractor","Tomas Okafor","2025-09-03","2025-09-10","5521.29","5625.35","101.88","112","Kept"
"PTP-000915","C0372","Cedar Ridge Mechanical - Southeast 3","Low","Contractor","Tomas Okafor","2025-09-06","2025-09-10","3459.00","3611.86","104.42","112","Kept"
"PTP-000918","C0359","Stonegate Fabrication - West","High","OEM Manufacturer","Marcus Bell","2025-09-05","2025-09-11","2177.29","2342.58","107.59","111","Kept"
"PTP-000917","C0324","Pioneer Construction","High","Contractor","Elena Ruiz","2025-08-19","2025-09-11","3911.59","0.00","0.00","111","Broken"
"PTP-000916","C0273","Oakmont Fabrication","Medium","OEM Manufacturer","Priya Natarajan","2025-09-01","2025-09-11","6325.77","6351.13","100.40","111","Kept"
"PTP-000921","C0200","Harbor Mechanical","High","Contractor","Tomas Okafor","2025-09-07","2025-09-12","4011.26","4131.46","103.00","110","Kept"
"PTP-000919","C0048","Stonegate Industries","Medium","OEM Manufacturer","Priya Natarajan","2025-08-30","2025-09-12","800.37","13405.08","1674.86","110","Kept"
"PTP-000920","C0052","Westbrook Parts & Service","Medium","MRO Reseller","Grace Lindqvist","2025-09-08","2025-09-12","3138.24","5169.52","164.73","110","Kept"
"PTP-000923","C0059","Apex Mechanical","High","Contractor","Marcus Bell","2025-09-03","2025-09-13","745.46","0.00","0.00","109","Broken"
"PTP-000922","C0015","Granite Contracting","Low","Contractor","Tomas Okafor","2025-09-01","2025-09-13","5058.55","7116.30","140.68","109","Kept"
"PTP-000924","C0236","Northfield Maintenance Supply","Medium","MRO Reseller","Grace Lindqvist","2025-09-05","2025-09-13","1852.60","1882.33","101.60","109","Kept"
"PTP-000925","C0386","Bluewater Electric","High","Contractor","Elena Ruiz","2025-08-28","2025-09-13","736.02","0.00","0.00","109","Broken"
"PTP-000926","C0389","Ironbridge Components - Southeast","Medium","OEM Manufacturer","Marcus Bell","2025-08-30","2025-09-13","5905.04","53676.38","908.99","109","Kept"
"PTP-000927","C0389","Ironbridge Components - Southeast","Medium","OEM Manufacturer","Marcus Bell","2025-09-03","2025-09-13","10813.07","53676.38","496.40","109","Kept"
"PTP-000934","C0389","Ironbridge Components - Southeast","Medium","OEM Manufacturer","Marcus Bell","2025-09-05","2025-09-14","9230.25","49461.18","535.86","108","Kept"
"PTP-000933","C0386","Bluewater Electric","High","Contractor","Elena Ruiz","2025-08-28","2025-09-14","1876.55","0.00","0.00","108","Broken"
"PTP-000932","C0378","Silverline Fabrication - Southwest","Medium","OEM Manufacturer","Priya Natarajan","2025-09-07","2025-09-14","1540.26","10853.18","704.63","108","Kept"
"PTP-000931","C0302","Crestview Contracting - Northeast 3","High","Contractor","Tomas Okafor","2025-08-31","2025-09-14","3279.09","0.00","0.00","108","Broken"
"PTP-000928","C0039","Stonegate Contracting","Medium","Contractor","Tomas Okafor","2025-09-12","2025-09-14","3772.41","3796.96","100.65","108","Kept"
"PTP-000929","C0136","Crestview Industrial Supply - West","High","MRO Reseller","Grace Lindqvist","2025-09-03","2025-09-14","1146.23","1252.96","109.31","108","Kept"
"PTP-000930","C0147","Apex Manufacturing - Northeast","Low","OEM Manufacturer","Marcus Bell","2025-09-03","2025-09-14","11518.95","12673.40","110.02","108","Kept"
"PTP-000935","C0068","Harbor Industries","High","OEM Manufacturer","Priya Natarajan","2025-09-06","2025-09-16","4804.50","14936.67","310.89","106","Kept"
"PTP-000936","C0277","Lakeshore Construction - West","High","Contractor","Tomas Okafor","2025-08-31","2025-09-16","4575.00","0.00","0.00","106","Broken"
"PTP-000937","C0364","Redline Industries - Northeast","Low","OEM Manufacturer","Marcus Bell","2025-09-08","2025-09-16","3233.76","3307.39","102.28","106","Kept"
"PTP-000939","C0294","Titan Components","Low","OEM Manufacturer","Priya Natarajan","2025-08-27","2025-09-17","10643.72","0.00","0.00","105","Broken"
"PTP-000938","C0095","Stonegate Fabrication","Low","OEM Manufacturer","Marcus Bell","2025-09-13","2025-09-17","1036.64","6966.07","671.99","105","Kept"
"PTP-000941","C0180","Titan Contracting","Low","Contractor","Elena Ruiz","2025-09-15","2025-09-18","970.35","1028.00","105.94","104","Kept"
"PTP-000940","C0059","Apex Mechanical","High","Contractor","Marcus Bell","2025-09-02","2025-09-18","3362.45","0.00","0.00","104","Broken"
"PTP-000942","C0054","Titan Manufacturing","Medium","OEM Manufacturer","Priya Natarajan","2025-09-10","2025-09-20","15734.16","21006.27","133.51","102","Kept"
"PTP-000943","C0066","Summit Industries","Medium","OEM Manufacturer","Marcus Bell","2025-09-06","2025-09-20","3041.75","18995.48","624.49","102","Kept"
"PTP-000945","C0176","Harbor Machine Works - Southeast","Low","OEM Manufacturer","Priya Natarajan","2025-09-17","2025-09-20","2604.87","17774.72","682.36","102","Kept"
"PTP-000946","C0176","Harbor Machine Works - Southeast","Low","OEM Manufacturer","Priya Natarajan","2025-09-11","2025-09-20","14279.14","17774.72","124.48","102","Kept"
"PTP-000944","C0161","Titan Construction - Northeast","Low","Contractor","Elena Ruiz","2025-09-18","2025-09-20","5226.40","7655.08","146.47","102","Kept"
"PTP-000948","C0329","Northfield School District - Midwest","Low","Institutional","Priya Natarajan","2025-09-06","2025-09-20","8820.57","9684.07","109.79","102","Kept"
"PTP-000947","C0191","Bluewater Builders - Midwest","High","Contractor","Tomas Okafor","2025-09-15","2025-09-20","775.06","803.53","103.67","102","Kept"
"PTP-000950","C0297","Apex Mechanical - Southeast 3","High","Contractor","Tomas Okafor","2025-09-11","2025-09-21","3143.01","0.00","0.00","101","Broken"
"PTP-000951","C0301","Titan Builders - Midwest 4","Medium","Contractor","Elena Ruiz","2025-09-17","2025-09-21","1634.94","1704.46","104.25","101","Kept"
"PTP-000949","C0103","Northfield Electric","Medium","Contractor","Tomas Okafor","2025-09-17","2025-09-21","942.47","994.99","105.57","101","Kept"
"PTP-000952","C0368","Stonegate Machine Works - West","Low","OEM Manufacturer","Priya Natarajan","2025-09-09","2025-09-21","1666.60","1783.84","107.03","101","Kept"
"PTP-000955","C0362","Ironbridge Construction","Medium","Contractor","Tomas Okafor","2025-09-17","2025-09-22","806.60","893.02","110.71","100","Kept"
"PTP-000953","C0297","Apex Mechanical - Southeast 3","High","Contractor","Tomas Okafor","2025-09-04","2025-09-22","622.09","0.00","0.00","100","Broken"
"PTP-000954","C0324","Pioneer Construction","High","Contractor","Elena Ruiz","2025-09-06","2025-09-22","3647.71","0.00","0.00","100","Broken"
"PTP-000959","C0271","Riverbend Electric - Midwest 3","High","Contractor","Elena Ruiz","2025-09-02","2025-09-23","4066.06","0.00","0.00","99","Broken"
"PTP-000958","C0132","Keystone Contracting","High","Contractor","Tomas Okafor","2025-09-02","2025-09-23","454.21","0.00","0.00","99","Broken"
"PTP-000957","C0066","Summit Industries","Medium","OEM Manufacturer","Marcus Bell","2025-09-08","2025-09-23","3195.76","0.00","0.00","99","Broken"
"PTP-000956","C0033","Lakeshore Construction","Medium","Contractor","Elena Ruiz","2025-09-13","2025-09-23","4980.39","5005.30","100.50","99","Kept"
"PTP-000960","C0023","Harbor Builders","High","Contractor","Tomas Okafor","2025-09-02","2025-09-24","825.06","0.00","0.00","98","Broken"
"PTP-000962","C0163","Keystone Fabrication","Medium","OEM Manufacturer","Priya Natarajan","2025-09-16","2025-09-24","5735.83","5841.29","101.84","98","Kept"
"PTP-000961","C0150","Northfield Industries","Low","OEM Manufacturer","Priya Natarajan","2025-09-14","2025-09-24","2826.04","3046.99","107.82","98","Kept"
"PTP-000964","C0351","Ironbridge Components","High","OEM Manufacturer","Priya Natarajan","2025-09-18","2025-09-24","1756.31","10726.97","610.77","98","Kept"
"PTP-000963","C0302","Crestview Contracting - Northeast 3","High","Contractor","Tomas Okafor","2025-09-08","2025-09-24","1946.87","0.00","0.00","98","Broken"
"PTP-000973","C0337","Keystone Manufacturing","Low","OEM Manufacturer","Priya Natarajan","2025-09-15","2025-09-25","4755.81","5014.78","105.45","97","Kept"
"PTP-000974","C0340","Bluewater Contracting","Low","Contractor","Tomas Okafor","2025-09-16","2025-09-25","1268.26","3230.14","254.69","97","Kept"
"PTP-000971","C0235","Riverbend Electric - Southeast","Medium","Contractor","Tomas Okafor","2025-09-22","2025-09-25","2811.17","6849.17","243.64","97","Kept"
"PTP-000972","C0254","Pioneer Medical Center - West","Low","Institutional","Elena Ruiz","2025-09-21","2025-09-25","686.59","712.47","103.77","97","Kept"
"PTP-000968","C0194","Riverbend Mechanical - Southeast","Medium","Contractor","Priya Natarajan","2025-09-13","2025-09-25","818.91","873.62","106.68","97","Kept"
"PTP-000969","C0202","Harbor MRO Services","Low","MRO Reseller","Sam Horowitz","2025-09-17","2025-09-25","3973.05","4137.48","104.14","97","Kept"
"PTP-000970","C0224","Westbrook Industrial Supply - Northeast 3","Low","MRO Reseller","Sam Horowitz","2025-09-19","2025-09-25","3494.85","4863.96","139.18","97","Kept"
"PTP-000967","C0112","Ironbridge Fabrication - Midwest","Low","OEM Manufacturer","Marcus Bell","2025-09-19","2025-09-25","2972.20","3057.93","102.88","97","Kept"
"PTP-000965","C0014","Riverbend MRO Services","Medium","MRO Reseller","Sam Horowitz","2025-09-15","2025-09-25","954.73","980.69","102.72","97","Kept"
"PTP-000966","C0032","Cedar Ridge Components","Low","OEM Manufacturer","Marcus Bell","2025-09-17","2025-09-25","10093.23","11167.00","110.64","97","Kept"
"PTP-000975","C0042","Bluewater Industries","High","OEM Manufacturer","Priya Natarajan","2025-09-15","2025-09-26","15156.43","19492.09","128.61","96","Kept"
"PTP-000976","C0203","Redline Industrial Supply - Southwest","Low","MRO Reseller","Sam Horowitz","2025-09-15","2025-09-26","871.59","927.99","106.47","96","Kept"
"PTP-000977","C0324","Pioneer Construction","High","Contractor","Elena Ruiz","2025-09-02","2025-09-26","6638.28","0.00","0.00","96","Broken"
"PTP-000981","C0340","Bluewater Contracting","Low","Contractor","Tomas Okafor","2025-09-21","2025-09-27","1715.02","3230.14","188.34","95","Kept"
"PTP-000980","C0303","Northfield Contracting","Medium","Contractor","Tomas Okafor","2025-09-16","2025-09-27","5745.49","10469.87","182.23","95","Kept"
"PTP-000979","C0226","Lakeshore Industries","Medium","OEM Manufacturer","Priya Natarajan","2025-09-19","2025-09-27","2683.17","8359.48","311.55","95","Kept"
"PTP-000978","C0136","Crestview Industrial Supply - West","High","MRO Reseller","Grace Lindqvist","2025-09-18","2025-09-27","1021.25","1126.92","110.35","95","Kept"
"PTP-000982","C0008","Silverline Maintenance Supply","Low","MRO Reseller","Sam Horowitz","2025-09-22","2025-09-28","2711.41","6149.76","226.81","94","Kept"
"PTP-000983","C0052","Westbrook Parts & Service","Medium","MRO Reseller","Grace Lindqvist","2025-09-16","2025-09-28","1442.13","1572.72","109.06","94","Kept"
"PTP-000985","C0210","Harbor Construction - Southwest","Low","Contractor","Tomas Okafor","2025-09-18","2025-09-28","3431.48","3743.48","109.09","94","Kept"
"PTP-000984","C0196","Lakeshore MRO Services - Midwest","Low","MRO Reseller","Sam Horowitz","2025-09-14","2025-09-28","1494.96","1645.88","110.10","94","Kept"
"PTP-000986","C0248","Lakeshore Contracting - Midwest","Medium","Contractor","Tomas Okafor","2025-09-25","2025-09-28","3190.54","6653.56","208.54","94","Kept"
"PTP-000987","C0320","Riverbend Fabrication - West","Medium","OEM Manufacturer","Marcus Bell","2025-09-22","2025-09-28","4114.36","4504.54","109.48","94","Kept"
"PTP-000989","C0360","Bluewater Medical Center - Northeast","Medium","Institutional","Marcus Bell","2025-09-19","2025-09-28","4419.43","4565.37","103.30","94","Kept"
"PTP-000988","C0357","Redline Construction","High","Contractor","Elena Ruiz","2025-09-26","2025-09-28","2410.44","2648.43","109.87","94","Kept"
"PTP-000990","C0387","Apex Industrial Supply - Southeast","Medium","MRO Reseller","Sam Horowitz","2025-09-22","2025-09-28","3208.83","6994.57","217.98","94","Kept"
"PTP-000995","C0283","Apex Industries","Low","OEM Manufacturer","Priya Natarajan","2025-09-23","2025-09-29","1587.14","1750.73","110.31","93","Kept"
"PTP-000993","C0206","Oakmont Manufacturing","Medium","OEM Manufacturer","Priya Natarajan","2025-09-19","2025-09-29","11193.33","11389.77","101.75","93","Kept"
"PTP-000994","C0215","Silverline Medical Center","Low","Institutional","Marcus Bell","2025-09-25","2025-09-29","7816.09","15069.87","192.81","93","Kept"
"PTP-000991","C0016","Pioneer Parts & Service","Low","MRO Reseller","Sam Horowitz","2025-09-17","2025-09-29","772.23","2299.43","297.76","93","Kept"
"PTP-000992","C0185","Harbor Supply Co.","Low","MRO Reseller","Sam Horowitz","2025-09-22","2025-09-29","1232.14","2955.55","239.87","93","Kept"
"PTP-000998","C0094","Bluewater Industries - Southeast","Low","OEM Manufacturer","Marcus Bell","2025-09-20","2025-09-30","2875.31","2948.69","102.55","92","Kept"
"PTP-000997","C0014","Riverbend MRO Services","Medium","MRO Reseller","Sam Horowitz","2025-09-20","2025-09-30","3775.60","3824.25","101.29","92","Kept"
"PTP-000996","C0009","Ironbridge Fabrication","Medium","OEM Manufacturer","Marcus Bell","2025-09-06","2025-09-30","1915.00","4786.96","249.97","92","Kept"
"PTP-000999","C0296","Crestview Manufacturing","Medium","OEM Manufacturer","Priya Natarajan","2025-09-19","2025-09-30","6433.47","27456.97","426.78","92","Kept"
"PTP-001003","C0324","Pioneer Construction","High","Contractor","Elena Ruiz","2025-09-09","2025-10-01","574.81","0.00","0.00","91","Broken"
"PTP-001004","C0324","Pioneer Construction","High","Contractor","Elena Ruiz","2025-09-20","2025-10-01","640.74","0.00","0.00","91","Broken"
"PTP-001002","C0186","Redline Parts & Service - Northeast","Low","MRO Reseller","Grace Lindqvist","2025-09-26","2025-10-01","2496.08","2985.44","119.61","91","Kept"
"PTP-001000","C0045","Lakeshore Machine Works","Low","OEM Manufacturer","Marcus Bell","2025-09-25","2025-10-01","1092.15","13251.80","1213.37","91","Kept"
"PTP-001001","C0058","Lakeshore Builders","Low","Contractor","Elena Ruiz","2025-09-23","2025-10-01","2900.21","3214.12","110.82","91","Kept"
"PTP-001006","C0059","Apex Mechanical","High","Contractor","Marcus Bell","2025-09-23","2025-10-02","574.98","0.00","0.00","90","Broken"
"PTP-001005","C0016","Pioneer Parts & Service","Low","MRO Reseller","Sam Horowitz","2025-09-28","2025-10-02","2074.20","2299.43","110.86","90","Kept"
"PTP-001007","C0138","Ironbridge Mechanical - Midwest 4","Low","Contractor","Tomas Okafor","2025-09-23","2025-10-02","2702.30","7782.06","287.98","90","Kept"
"PTP-001008","C0148","Silverline Industrial Supply","Low","MRO Reseller","Grace Lindqvist","2025-09-22","2025-10-02","1180.00","5926.24","502.22","90","Kept"
"PTP-001009","C0154","Frontier University Facilities - Southeast","Medium","Institutional","Priya Natarajan","2025-09-22","2025-10-03","2269.02","2482.51","109.41","89","Kept"
"PTP-001010","C0256","Oakmont School District","Medium","Institutional","Elena Ruiz","2025-09-19","2025-10-03","1908.13","0.00","0.00","89","Broken"
"PTP-001012","C0150","Northfield Industries","Low","OEM Manufacturer","Priya Natarajan","2025-10-01","2025-10-04","15551.24","15971.62","102.70","88","Kept"
"PTP-001011","C0059","Apex Mechanical","High","Contractor","Marcus Bell","2025-09-23","2025-10-04","448.01","0.00","0.00","88","Broken"
"PTP-001013","C0390","Titan Mechanical","Low","Contractor","Elena Ruiz","2025-09-26","2025-10-04","5512.44","5725.26","103.86","88","Kept"
"PTP-001014","C0042","Bluewater Industries","High","OEM Manufacturer","Priya Natarajan","2025-09-23","2025-10-05","16883.26","17704.89","104.87","87","Kept"
"PTP-001016","C0166","Apex School District","Low","Institutional","Marcus Bell","2025-09-25","2025-10-05","1049.20","3338.26","318.17","87","Kept"
"PTP-001015","C0095","Stonegate Fabrication","Low","OEM Manufacturer","Marcus Bell","2025-10-01","2025-10-05","13361.34","13991.37","104.72","87","Kept"
"PTP-001017","C0329","Northfield School District - Midwest","Low","Institutional","Priya Natarajan","2025-09-30","2025-10-05","1184.62","1259.23","106.30","87","Kept"
"PTP-001021","C0323","Titan Parts & Service - Southwest 3","Low","MRO Reseller","Grace Lindqvist","2025-09-29","2025-10-06","564.79","1994.16","353.08","86","Kept"
"PTP-001020","C0199","Granite Builders","Low","Contractor","Tomas Okafor","2025-10-02","2025-10-06","1302.21","1414.75","108.64","86","Kept"
"PTP-001019","C0098","Summit Mechanical - Southeast","Medium","Contractor","Tomas Okafor","2025-10-04","2025-10-06","1410.94","9183.32","650.87","86","Kept"
"PTP-001018","C0059","Apex Mechanical","High","Contractor","Marcus Bell","2025-09-19","2025-10-06","5489.67","0.00","0.00","86","Broken"
"PTP-001022","C0050","Redline University Facilities","Low","Institutional","Marcus Bell","2025-09-28","2025-10-07","10722.40","10877.88","101.45","85","Kept"
"PTP-001023","C0090","Riverbend Electric","Medium","Contractor","Tomas Okafor","2025-10-03","2025-10-07","836.28","905.12","108.23","85","Kept"
"PTP-001024","C0147","Apex Manufacturing - Northeast","Low","OEM Manufacturer","Marcus Bell","2025-10-02","2025-10-07","17094.77","28373.21","165.98","85","Kept"
"PTP-001025","C0203","Redline Industrial Supply - Southwest","Low","MRO Reseller","Sam Horowitz","2025-09-24","2025-10-07","2499.94","2775.52","111.02","85","Kept"
"PTP-001026","C0317","Apex Industrial Supply","Low","MRO Reseller","Sam Horowitz","2025-09-29","2025-10-07","2295.22","2937.04","127.96","85","Kept"
"PTP-001027","C0332","Bluewater Parts & Service - Southwest 4","Medium","MRO Reseller","Sam Horowitz","2025-10-04","2025-10-07","1648.18","2764.04","167.70","85","Kept"
"PTP-001035","C0284","Apex Manufacturing - Southwest 3","Low","OEM Manufacturer","Marcus Bell","2025-09-27","2025-10-08","11806.15","17897.74","151.60","84","Kept"
"PTP-001036","C0302","Crestview Contracting - Northeast 3","High","Contractor","Tomas Okafor","2025-09-17","2025-10-08","2048.10","0.00","0.00","84","Broken"
"PTP-001030","C0192","Keystone MRO Services","Medium","MRO Reseller","Grace Lindqvist","2025-10-03","2025-10-08","4653.36","5272.02","113.29","84","Kept"
"PTP-001034","C0255","Riverbend Fabrication","Low","OEM Manufacturer","Marcus Bell","2025-10-03","2025-10-08","5658.30","11322.83","200.11","84","Kept"
"PTP-001032","C0248","Lakeshore Contracting - Midwest","Medium","Contractor","Tomas Okafor","2025-10-02","2025-10-08","4805.75","4933.14","102.65","84","Kept"
"PTP-001033","C0251","Silverline Mechanical - Southwest","Low","Contractor","Tomas Okafor","2025-10-01","2025-10-08","908.73","9361.23","1030.14","84","Kept"
"PTP-001031","C0232","Titan Builders - Southwest","High","Contractor","Tomas Okafor","2025-09-21","2025-10-08","3634.90","0.00","0.00","84","Broken"
"PTP-001028","C0054","Titan Manufacturing","Medium","OEM Manufacturer","Priya Natarajan","2025-09-29","2025-10-08","10562.71","11404.88","107.97","84","Kept"
"PTP-001029","C0068","Harbor Industries","High","OEM Manufacturer","Priya Natarajan","2025-10-03","2025-10-08","820.76","14700.36","1791.07","84","Kept"
"PTP-001038","C0357","Redline Construction","High","Contractor","Elena Ruiz","2025-10-01","2025-10-08","6303.76","10261.84","162.79","84","Kept"
"PTP-001037","C0352","Pioneer Construction - Midwest","Low","Contractor","Tomas Okafor","2025-10-03","2025-10-08","791.30","837.55","105.84","84","Kept"
"PTP-001040","C0150","Northfield Industries","Low","OEM Manufacturer","Priya Natarajan","2025-10-04","2025-10-09","13516.45","20497.00","151.64","83","Kept"
"PTP-001039","C0132","Keystone Contracting","High","Contractor","Tomas Okafor","2025-09-22","2025-10-09","4327.52","0.00","0.00","83","Broken"
"PTP-001041","C0232","Titan Builders - Southwest","High","Contractor","Tomas Okafor","2025-09-17","2025-10-09","2084.57","0.00","0.00","83","Broken"
"PTP-001043","C0162","Stonegate Builders","Medium","Contractor","Elena Ruiz","2025-10-03","2025-10-10","912.50","6809.87","746.29","82","Kept"
"PTP-001042","C0040","Apex MRO Services","Medium","MRO Reseller","Grace Lindqvist","2025-10-07","2025-10-10","4068.28","4348.28","106.88","82","Kept"
"PTP-001044","C0015","Granite Contracting","Low","Contractor","Tomas Okafor","2025-10-08","2025-10-11","771.73","812.55","105.29","81","Kept"
"PTP-001045","C0255","Riverbend Fabrication","Low","OEM Manufacturer","Marcus Bell","2025-10-01","2025-10-11","16208.00","27540.87","169.92","81","Kept"
"PTP-001046","C0271","Riverbend Electric - Midwest 3","High","Contractor","Elena Ruiz","2025-09-23","2025-10-11","404.83","0.00","0.00","81","Broken"
"PTP-001047","C0359","Stonegate Fabrication - West","High","OEM Manufacturer","Marcus Bell","2025-10-06","2025-10-11","1628.99","1745.48","107.15","81","Kept"
"PTP-001048","C0361","Titan University Facilities - Midwest","Low","Institutional","Priya Natarajan","2025-10-02","2025-10-11","4028.52","6007.41","149.12","81","Kept"
"PTP-001051","C0284","Apex Manufacturing - Southwest 3","Low","OEM Manufacturer","Marcus Bell","2025-10-05","2025-10-12","3362.31","3636.12","108.14","80","Kept"
"PTP-001050","C0163","Keystone Fabrication","Medium","OEM Manufacturer","Priya Natarajan","2025-10-01","2025-10-12","6228.51","6412.04","102.95","80","Kept"
"PTP-001049","C0088","Westbrook Builders - West","High","Contractor","Elena Ruiz","2025-10-06","2025-10-12","6844.78","10913.14","159.44","80","Kept"
"PTP-001053","C0302","Crestview Contracting - Northeast 3","High","Contractor","Tomas Okafor","2025-09-20","2025-10-13","1820.31","0.00","0.00","79","Broken"
"PTP-001052","C0218","Riverbend Parts & Service - Midwest","Low","MRO Reseller","Sam Horowitz","2025-10-01","2025-10-13","878.06","1968.54","224.19","79","Kept"
"PTP-001055","C0190","Harbor Fabrication","Medium","OEM Manufacturer","Priya Natarajan","2025-09-30","2025-10-14","1788.48","1905.93","106.57","78","Kept"
"PTP-001056","C0332","Bluewater Parts & Service - Southwest 4","Medium","MRO Reseller","Sam Horowitz","2025-10-03","2025-10-14","2794.40","3505.90","125.46","78","Kept"
"PTP-001054","C0139","Harbor Machine Works","Medium","OEM Manufacturer","Priya Natarajan","2025-10-02","2025-10-14","2595.74","2673.71","103.00","78","Kept"
"PTP-001057","C0188","Westbrook Industrial Supply - Southwest","High","MRO Reseller","Sam Horowitz","2025-10-02","2025-10-15","881.62","930.61","105.56","77","Kept"
"PTP-001058","C0210","Harbor Construction - Southwest","Low","Contractor","Tomas Okafor","2025-10-07","2025-10-15","6676.65","6783.33","101.60","77","Kept"
"PTP-001059","C0238","Oakmont Builders - Midwest","Low","Contractor","Tomas Okafor","2025-10-13","2025-10-15","4748.83","4958.65","104.42","77","Kept"
"PTP-001060","C0361","Titan University Facilities - Midwest","Low","Institutional","Priya Natarajan","2025-10-06","2025-10-15","3782.46","6006.87","158.81","77","Kept"
"PTP-001061","C0371","Pioneer Water Authority","Low","Institutional","Marcus Bell","2025-10-06","2025-10-15","4722.38","5110.46","108.22","77","Kept"
"PTP-001064","C0319","Ironbridge Medical Center - Southwest 3","Low","Institutional","Tomas Okafor","2025-10-11","2025-10-16","4501.10","4739.99","105.31","76","Kept"
"PTP-001063","C0157","Crestview School District - Southwest","Low","Institutional","Tomas Okafor","2025-10-11","2025-10-16","6827.53","7219.29","105.74","76","Kept"
"PTP-001062","C0097","Pioneer MRO Services","Low","MRO Reseller","Grace Lindqvist","2025-10-09","2025-10-16","1234.39","1369.96","110.98","76","Kept"
"PTP-001066","C0122","Frontier Fabrication - Northeast","Low","OEM Manufacturer","Priya Natarajan","2025-10-04","2025-10-17","2067.14","7009.11","339.07","75","Kept"
"PTP-001067","C0133","Oakmont Construction","Medium","Contractor","Elena Ruiz","2025-10-12","2025-10-17","2401.34","2483.30","103.41","75","Kept"
"PTP-001065","C0059","Apex Mechanical","High","Contractor","Marcus Bell","2025-10-06","2025-10-17","1675.67","0.00","0.00","75","Broken"
"PTP-001068","C0353","Summit Mechanical - Southwest 3","High","Contractor","Priya Natarajan","2025-10-06","2025-10-17","6334.36","6592.25","104.07","75","Kept"
"PTP-001074","C0387","Apex Industrial Supply - Southeast","Medium","MRO Reseller","Sam Horowitz","2025-10-09","2025-10-18","3300.24","3345.95","101.39","74","Kept"
"PTP-001069","C0042","Bluewater Industries","High","OEM Manufacturer","Priya Natarajan","2025-10-14","2025-10-18","3654.04","3849.83","105.36","74","Kept"
"PTP-001071","C0142","Riverbend Mechanical","Low","Contractor","Tomas Okafor","2025-10-06","2025-10-18","6452.45","7135.17","110.58","74","Kept"
"PTP-001070","C0087","Riverbend Maintenance Supply","Medium","MRO Reseller","Grace Lindqvist","2025-10-09","2025-10-18","510.00","4358.81","854.67","74","Kept"
"PTP-001073","C0302","Crestview Contracting - Northeast 3","High","Contractor","Tomas Okafor","2025-10-09","2025-10-18","4877.24","0.00","0.00","74","Broken"
"PTP-001072","C0236","Northfield Maintenance Supply","Medium","MRO Reseller","Grace Lindqvist","2025-10-08","2025-10-18","3167.67","3447.67","108.84","74","Kept"
"PTP-001075","C0271","Riverbend Electric - Midwest 3","High","Contractor","Elena Ruiz","2025-10-04","2025-10-19","1007.11","0.00","0.00","73","Broken"
"PTP-001076","C0297","Apex Mechanical - Southeast 3","High","Contractor","Tomas Okafor","2025-10-06","2025-10-19","2198.56","0.00","0.00","73","Broken"
"PTP-001077","C0384","Riverbend Industries - Southeast","Low","OEM Manufacturer","Priya Natarajan","2025-10-15","2025-10-19","1788.44","1852.80","103.60","73","Kept"
"PTP-001081","C0369","Lakeshore Components","High","OEM Manufacturer","Marcus Bell","2025-10-11","2025-10-20","4244.14","4263.42","100.45","72","Kept"
"PTP-001082","C0393","Silverline Components - West 3","Low","OEM Manufacturer","Priya Natarajan","2025-10-09","2025-10-20","3938.86","12523.90","317.96","72","Kept"
"PTP-001080","C0190","Harbor Fabrication","Medium","OEM Manufacturer","Priya Natarajan","2025-10-07","2025-10-20","2055.38","32401.22","1576.41","72","Kept"
"PTP-001078","C0086","Crestview Contracting - Southeast","Medium","Contractor","Tomas Okafor","2025-10-07","2025-10-20","3610.68","3840.86","106.37","72","Kept"
"PTP-001079","C0159","Apex Builders","Medium","Contractor","Marcus Bell","2025-10-08","2025-10-20","3095.09","3215.03","103.88","72","Kept"
"PTP-001084","C0026","Northfield Components","Low","OEM Manufacturer","Priya Natarajan","2025-10-12","2025-10-21","1606.03","12333.90","767.97","71","Kept"
"PTP-001083","C0001","Silverline MRO Services","Medium","MRO Reseller","Grace Lindqvist","2025-10-13","2025-10-21","2573.18","3249.30","126.28","71","Kept"
"PTP-001085","C0271","Riverbend Electric - Midwest 3","High","Contractor","Elena Ruiz","2025-10-09","2025-10-21","1537.14","0.00","0.00","71","Broken"
"PTP-001086","C0297","Apex Mechanical - Southeast 3","High","Contractor","Tomas Okafor","2025-10-08","2025-10-21","824.83","0.00","0.00","71","Broken"
"PTP-001087","C0306","Apex Builders - Southwest 3","Low","Contractor","Tomas Okafor","2025-10-08","2025-10-21","1136.86","1239.98","109.07","71","Kept"
"PTP-001089","C0219","Titan Construction - Southwest 3","Low","Contractor","Elena Ruiz","2025-10-18","2025-10-22","806.79","829.85","102.86","70","Kept"
"PTP-001088","C0101","Redline University Facilities - Northeast","Low","Institutional","Marcus Bell","2025-10-12","2025-10-22","3104.85","6822.98","219.75","70","Kept"
"PTP-001090","C0359","Stonegate Fabrication - West","High","OEM Manufacturer","Marcus Bell","2025-10-16","2025-10-22","1763.18","4533.41","257.12","70","Kept"
"PTP-001092","C0372","Cedar Ridge Mechanical - Southeast 3","Low","Contractor","Tomas Okafor","2025-10-10","2025-10-22","3632.05","3824.71","105.30","70","Kept"
"PTP-001091","C0363","Granite Parts & Service - Midwest","High","MRO Reseller","Grace Lindqvist","2025-10-14","2025-10-22","1799.14","2436.41","135.42","70","Kept"
"PTP-001094","C0354","Westbrook Supply Co. - Southeast","High","MRO Reseller","Grace Lindqvist","2025-10-19","2025-10-23","4228.16","5960.62","140.97","69","Kept"
"PTP-001093","C0324","Pioneer Construction","High","Contractor","Elena Ruiz","2025-09-28","2025-10-23","695.82","0.00","0.00","69","Broken"
"PTP-001099","C0278","Westbrook Medical Center","Low","Institutional","Tomas Okafor","2025-10-10","2025-10-24","7945.88","8764.76","110.31","68","Kept"
"PTP-001098","C0260","Harbor Industrial Supply","High","MRO Reseller","Grace Lindqvist","2025-10-20","2025-10-24","3857.47","4160.86","107.86","68","Kept"
"PTP-001096","C0232","Titan Builders - Southwest","High","Contractor","Tomas Okafor","2025-10-04","2025-10-24","5959.28","0.00","0.00","68","Broken"
"PTP-001097","C0234","Redline University Facilities - Midwest 3","Low","Institutional","Tomas Okafor","2025-10-12","2025-10-24","1931.81","2021.18","104.63","68","Kept"
"PTP-001095","C0132","Keystone Contracting","High","Contractor","Tomas Okafor","2025-10-12","2025-10-24","1165.95","0.00","0.00","68","Broken"
"PTP-001100","C0386","Bluewater Electric","High","Contractor","Elena Ruiz","2025-10-02","2025-10-24","2824.36","0.00","0.00","68","Broken"
"PTP-001101","C0398","Pioneer Parts & Service - Southwest","High","MRO Reseller","Grace Lindqvist","2025-10-11","2025-10-24","727.86","745.27","102.39","68","Kept"
"PTP-001104","C0393","Silverline Components - West 3","Low","OEM Manufacturer","Priya Natarajan","2025-10-16","2025-10-25","1491.95","18533.66","1242.24","67","Kept"
"PTP-001103","C0163","Keystone Fabrication","Medium","OEM Manufacturer","Priya Natarajan","2025-10-18","2025-10-25","1591.40","1639.49","103.02","67","Kept"
"PTP-001102","C0035","Summit Mechanical","Low","Contractor","Tomas Okafor","2025-10-12","2025-10-25","5067.98","12470.75","246.07","67","Kept"
"PTP-001105","C0297","Apex Mechanical - Southeast 3","High","Contractor","Tomas Okafor","2025-10-04","2025-10-26","4900.65","0.00","0.00","66","Broken"
"PTP-001106","C0389","Ironbridge Components - Southeast","Medium","OEM Manufacturer","Marcus Bell","2025-10-20","2025-10-26","10418.23","11126.70","106.80","66","Kept"
"PTP-001112","C0373","Riverbend Electric - West 4","High","Contractor","Elena Ruiz","2025-10-22","2025-10-27","6037.72","6542.47","108.36","65","Kept"
"PTP-001110","C0302","Crestview Contracting - Northeast 3","High","Contractor","Tomas Okafor","2025-10-15","2025-10-27","5379.15","0.00","0.00","65","Broken"
"PTP-001109","C0283","Apex Industries","Low","OEM Manufacturer","Priya Natarajan","2025-10-12","2025-10-27","1975.57","17664.19","894.13","65","Kept"
"PTP-001111","C0340","Bluewater Contracting","Low","Contractor","Tomas Okafor","2025-10-15","2025-10-27","3215.29","8370.51","260.33","65","Kept"
"PTP-001108","C0223","Stonegate MRO Services","Low","MRO Reseller","Sam Horowitz","2025-10-21","2025-10-27","1638.38","1796.46","109.65","65","Kept"
"PTP-001107","C0080","Frontier Maintenance Supply","Medium","MRO Reseller","Grace Lindqvist","2025-10-17","2025-10-27","1176.79","1695.04","144.04","65","Kept"
"PTP-001114","C0163","Keystone Fabrication","Medium","OEM Manufacturer","Priya Natarajan","2025-10-18","2025-10-28","3919.19","0.00","0.00","64","Broken"
"PTP-001113","C0068","Harbor Industries","High","OEM Manufacturer","Priya Natarajan","2025-10-16","2025-10-28","2092.28","6057.77","289.53","64","Kept"
"PTP-001115","C0195","Redline Manufacturing","Medium","OEM Manufacturer","Priya Natarajan","2025-10-18","2025-10-28","11494.53","11873.60","103.30","64","Kept"
"PTP-001116","C0232","Titan Builders - Southwest","High","Contractor","Tomas Okafor","2025-10-10","2025-10-28","591.12","0.00","0.00","64","Broken"
"PTP-001117","C0255","Riverbend Fabrication","Low","OEM Manufacturer","Marcus Bell","2025-10-20","2025-10-28","1732.76","5247.10","302.82","64","Kept"
"PTP-001118","C0271","Riverbend Electric - Midwest 3","High","Contractor","Elena Ruiz","2025-10-09","2025-10-28","4159.09","0.00","0.00","64","Broken"
"PTP-001121","C0328","Westbrook Industries","Low","OEM Manufacturer","Priya Natarajan","2025-10-17","2025-10-28","1582.45","7251.36","458.24","64","Kept"
"PTP-001119","C0296","Crestview Manufacturing","Medium","OEM Manufacturer","Priya Natarajan","2025-10-23","2025-10-28","8834.81","10151.90","114.91","64","Kept"
"PTP-001120","C0297","Apex Mechanical - Southeast 3","High","Contractor","Tomas Okafor","2025-10-20","2025-10-28","3617.51","0.00","0.00","64","Broken"
"PTP-001122","C0369","Lakeshore Components","High","OEM Manufacturer","Marcus Bell","2025-10-20","2025-10-28","7400.85","7940.49","107.29","64","Kept"
"PTP-001127","C0335","Riverbend Supply Co. - Northeast","Medium","MRO Reseller","Sam Horowitz","2025-10-19","2025-10-29","866.15","899.04","103.80","63","Kept"
"PTP-001128","C0350","Crestview Industries","Low","OEM Manufacturer","Marcus Bell","2025-10-27","2025-10-29","6238.44","22395.53","358.99","63","Kept"
"PTP-001123","C0043","Bluewater Construction","Low","Contractor","Elena Ruiz","2025-10-17","2025-10-29","2600.69","23876.30","918.08","63","Kept"
"PTP-001124","C0043","Bluewater Construction","Low","Contractor","Elena Ruiz","2025-10-21","2025-10-29","7713.17","23876.30","309.55","63","Kept"
"PTP-001126","C0175","Redline Mechanical - Southwest","Low","Contractor","Elena Ruiz","2025-10-18","2025-10-29","8195.54","8207.50","100.15","63","Kept"
"PTP-001125","C0099","Northfield Water Authority","Low","Institutional","Priya Natarajan","2025-10-24","2025-10-29","1752.65","1782.69","101.71","63","Kept"
"PTP-001129","C0165","Northfield School District","Low","Institutional","Marcus Bell","2025-10-28","2025-10-30","8414.08","8971.22","106.62","62","Kept"
"PTP-001131","C0317","Apex Industrial Supply","Low","MRO Reseller","Sam Horowitz","2025-10-24","2025-10-30","484.80","2632.28","542.96","62","Kept"
"PTP-001130","C0271","Riverbend Electric - Midwest 3","High","Contractor","Elena Ruiz","2025-10-19","2025-10-30","1106.59","0.00","0.00","62","Broken"
"PTP-001133","C0193","Silverline Industrial Supply - Northeast","Medium","MRO Reseller","Grace Lindqvist","2025-10-27","2025-10-31","629.75","655.65","104.11","61","Kept"
"PTP-001134","C0215","Silverline Medical Center","Low","Institutional","Marcus Bell","2025-10-23","2025-10-31","5506.51","5786.62","105.09","61","Kept"
"PTP-001137","C0321","Granite Parts & Service","Low","MRO Reseller","Sam Horowitz","2025-10-20","2025-10-31","570.84","600.37","105.17","61","Kept"
"PTP-001136","C0301","Titan Builders - Midwest 4","Medium","Contractor","Elena Ruiz","2025-10-28","2025-10-31","4454.76","6038.43","135.55","61","Kept"
"PTP-001135","C0294","Titan Components","Low","OEM Manufacturer","Priya Natarajan","2025-10-21","2025-10-31","10114.68","10301.29","101.84","61","Kept"
"PTP-001132","C0143","Northfield Parts & Service","Medium","MRO Reseller","Sam Horowitz","2025-10-20","2025-10-31","4010.85","7928.92","197.69","61","Kept"
"PTP-001138","C0399","Riverbend Electric - West 5","Medium","Contractor","Elena Ruiz","2025-10-17","2025-10-31","3624.09","5662.72","156.25","61","Kept"
"PTP-001140","C0291","Redline Contracting","Low","Contractor","Tomas Okafor","2025-10-25","2025-11-01","3493.76","3663.81","104.87","60","Kept"
"PTP-001139","C0231","Silverline Components - Northeast","Medium","OEM Manufacturer","Priya Natarajan","2025-10-29","2025-11-01","1774.56","4990.76","281.24","60","Kept"
"PTP-001143","C0289","Apex Builders - West","Low","Contractor","Tomas Okafor","2025-10-24","2025-11-02","1012.95","5787.27","571.33","59","Kept"
"PTP-001142","C0139","Harbor Machine Works","Medium","OEM Manufacturer","Priya Natarajan","2025-10-24","2025-11-02","12196.51","25970.57","212.93","59","Kept"
"PTP-001141","C0122","Frontier Fabrication - Northeast","Low","OEM Manufacturer","Priya Natarajan","2025-10-27","2025-11-02","11318.42","14588.13","128.89","59","Kept"
"PTP-001144","C0386","Bluewater Electric","High","Contractor","Elena Ruiz","2025-10-21","2025-11-02","1417.78","0.00","0.00","59","Broken"
"PTP-001151","C0386","Bluewater Electric","High","Contractor","Elena Ruiz","2025-10-17","2025-11-03","734.53","0.00","0.00","58","Broken"
"PTP-001147","C0132","Keystone Contracting","High","Contractor","Tomas Okafor","2025-10-24","2025-11-03","3831.08","0.00","0.00","58","Broken"
"PTP-001146","C0130","Keystone Mechanical","Low","Contractor","Tomas Okafor","2025-10-22","2025-11-03","7720.95","9276.54","120.15","58","Kept"
"PTP-001145","C0088","Westbrook Builders - West","High","Contractor","Elena Ruiz","2025-11-01","2025-11-03","6679.96","6881.03","103.01","58","Kept"
"PTP-001150","C0297","Apex Mechanical - Southeast 3","High","Contractor","Tomas Okafor","2025-10-16","2025-11-03","4520.83","0.00","0.00","58","Broken"
"PTP-001149","C0226","Lakeshore Industries","Medium","OEM Manufacturer","Priya Natarajan","2025-10-24","2025-11-03","1490.27","1634.69","109.69","58","Kept"
"PTP-001148","C0204","Cedar Ridge Builders","Low","Contractor","Tomas Okafor","2025-10-31","2025-11-03","778.21","809.87","104.07","58","Kept"
"PTP-001152","C0218","Riverbend Parts & Service - Midwest","Low","MRO Reseller","Sam Horowitz","2025-10-26","2025-11-04","965.33","3934.41","407.57","57","Kept"
"PTP-001153","C0240","Summit Contracting","Medium","Contractor","Tomas Okafor","2025-10-26","2025-11-04","738.97","7890.81","1067.81","57","Kept"
"PTP-001154","C0295","Ironbridge Maintenance Supply","Low","MRO Reseller","Sam Horowitz","2025-10-23","2025-11-05","1849.78","1875.10","101.37","56","Kept"
"PTP-001155","C0355","Oakmont University Facilities","Low","Institutional","Elena Ruiz","2025-10-27","2025-11-05","1780.36","1821.92","102.33","56","Kept"
"PTP-001156","C0302","Crestview Contracting - Northeast 3","High","Contractor","Tomas Okafor","2025-10-23","2025-11-06","861.99","0.00","0.00","55","Broken"
"PTP-001160","C0292","Cedar Ridge Maintenance Supply","Medium","MRO Reseller","Grace Lindqvist","2025-10-29","2025-11-07","2918.23","5729.97","196.35","54","Kept"
"PTP-001159","C0191","Bluewater Builders - Midwest","High","Contractor","Tomas Okafor","2025-10-27","2025-11-07","970.20","1015.37","104.66","54","Kept"
"PTP-001158","C0130","Keystone Mechanical","Low","Contractor","Tomas Okafor","2025-11-01","2025-11-07","2190.61","2324.89","106.13","54","Kept"
"PTP-001157","C0108","Cedar Ridge Construction - Southeast","Medium","Contractor","Elena Ruiz","2025-10-26","2025-11-07","3808.67","3816.19","100.20","54","Kept"
"PTP-001161","C0027","Oakmont Machine Works","Low","OEM Manufacturer","Marcus Bell","2025-11-02","2025-11-08","4919.12","5412.74","110.03","53","Kept"
"PTP-001163","C0074","Frontier Fabrication","Medium","OEM Manufacturer","Priya Natarajan","2025-11-04","2025-11-08","8295.52","8717.20","105.08","53","Kept"
"PTP-001162","C0059","Apex Mechanical","High","Contractor","Marcus Bell","2025-10-27","2025-11-08","3551.49","0.00","0.00","53","Broken"
"PTP-001164","C0212","Westbrook Mechanical - Northeast","Medium","Contractor","Elena Ruiz","2025-10-28","2025-11-08","584.44","0.00","0.00","53","Broken"
"PTP-001166","C0292","Cedar Ridge Maintenance Supply","Medium","MRO Reseller","Grace Lindqvist","2025-11-05","2025-11-08","2351.06","6839.14","290.90","53","Kept"
"PTP-001165","C0275","Cedar Ridge Machine Works - Southwest","High","OEM Manufacturer","Priya Natarajan","2025-11-04","2025-11-08","2986.04","3030.28","101.48","53","Kept"
"PTP-001167","C0324","Pioneer Construction","High","Contractor","Elena Ruiz","2025-10-15","2025-11-08","1704.73","0.00","0.00","53","Broken"
"PTP-001172","C0324","Pioneer Construction","High","Contractor","Elena Ruiz","2025-10-19","2025-11-09","4227.76","0.00","0.00","52","Broken"
"PTP-001171","C0316","Bluewater Parts & Service - Midwest 3","Medium","MRO Reseller","Sam Horowitz","2025-11-04","2025-11-09","541.57","595.05","109.87","52","Kept"
"PTP-001174","C0349","Granite Manufacturing","High","OEM Manufacturer","Marcus Bell","2025-10-18","2025-11-09","1186.01","9106.38","767.82","52","Kept"
"PTP-001173","C0344","Granite Supply Co. - West","Low","MRO Reseller","Sam Horowitz","2025-10-31","2025-11-09","2238.81","3493.93","156.06","52","Kept"
"PTP-001169","C0192","Keystone MRO Services","Medium","MRO Reseller","Grace Lindqvist","2025-10-30","2025-11-09","1084.14","1168.55","107.79","52","Kept"
"PTP-001170","C0201","Titan Machine Works","Low","OEM Manufacturer","Marcus Bell","2025-10-16","2025-11-09","11396.05","2622.61","23.01","52","Broken"
"PTP-001168","C0023","Harbor Builders","High","Contractor","Tomas Okafor","2025-10-26","2025-11-09","7706.02","8480.10","110.05","52","Kept"
"PTP-001175","C0043","Bluewater Construction","Low","Contractor","Elena Ruiz","2025-11-06","2025-11-10","1092.01","1140.62","104.45","51","Kept"
"PTP-001177","C0080","Frontier Maintenance Supply","Medium","MRO Reseller","Grace Lindqvist","2025-10-29","2025-11-10","753.72","3014.50","399.95","51","Kept"
"PTP-001176","C0077","Riverbend Industrial Supply","Low","MRO Reseller","Sam Horowitz","2025-10-30","2025-11-10","668.75","718.39","107.42","51","Kept"
"PTP-001178","C0173","Lakeshore Builders - Midwest","Low","Contractor","Elena Ruiz","2025-11-04","2025-11-10","6902.04","7156.74","103.69","51","Kept"
"PTP-001179","C0193","Silverline Industrial Supply - Northeast","Medium","MRO Reseller","Grace Lindqvist","2025-11-02","2025-11-10","886.00","2295.18","259.05","51","Kept"
"PTP-001180","C0238","Oakmont Builders - Midwest","Low","Contractor","Tomas Okafor","2025-10-23","2025-11-10","745.00","0.00","0.00","51","Broken"
"PTP-001181","C0277","Lakeshore Construction - West","High","Contractor","Tomas Okafor","2025-10-20","2025-11-10","2574.13","0.00","0.00","51","Broken"
"PTP-001182","C0354","Westbrook Supply Co. - Southeast","High","MRO Reseller","Grace Lindqvist","2025-10-29","2025-11-10","4377.81","4578.47","104.58","51","Kept"
"PTP-001189","C0372","Cedar Ridge Mechanical - Southeast 3","Low","Contractor","Tomas Okafor","2025-10-30","2025-11-11","7765.85","8206.30","105.67","50","Kept"
"PTP-001187","C0317","Apex Industrial Supply","Low","MRO Reseller","Sam Horowitz","2025-11-02","2025-11-11","1716.52","2086.00","121.52","50","Kept"
"PTP-001188","C0324","Pioneer Construction","High","Contractor","Elena Ruiz","2025-10-19","2025-11-11","1594.53","0.00","0.00","50","Broken"
"PTP-001186","C0156","Frontier County Facilities","Low","Institutional","Elena Ruiz","2025-10-28","2025-11-11","657.79","682.51","103.76","50","Kept"
"PTP-001184","C0120","Ironbridge Medical Center","Low","Institutional","Marcus Bell","2025-11-05","2025-11-11","1732.69","1915.84","110.57","50","Kept"
"PTP-001185","C0132","Keystone Contracting","High","Contractor","Tomas Okafor","2025-10-28","2025-11-11","1560.33","0.00","0.00","50","Broken"
"PTP-001183","C0057","Frontier School District","Low","Institutional","Priya Natarajan","2025-10-31","2025-11-11","1494.01","1513.63","101.31","50","Kept"
"PTP-001190","C0031","Stonegate Machine Works","Low","OEM Manufacturer","Marcus Bell","2025-10-30","2025-11-12","13143.06","28363.91","215.81","49","Kept"
"PTP-001191","C0167","Lakeshore MRO Services","Medium","MRO Reseller","Grace Lindqvist","2025-10-30","2025-11-12","3690.86","10282.99","278.61","49","Kept"
"PTP-001192","C0151","Riverbend MRO Services - Northeast 3","Low","MRO Reseller","Grace Lindqvist","2025-11-02","2025-11-13","1248.49","4553.33","364.71","48","Kept"
"PTP-001193","C0353","Summit Mechanical - Southwest 3","High","Contractor","Priya Natarajan","2025-10-30","2025-11-13","1066.37","6424.16","602.43","48","Kept"
"PTP-001195","C0305","Titan Fabrication","Low","OEM Manufacturer","Marcus Bell","2025-11-11","2025-11-14","5962.06","25917.54","434.71","47","Kept"
"PTP-001194","C0199","Granite Builders","Low","Contractor","Tomas Okafor","2025-11-03","2025-11-14","4632.74","4674.93","100.91","47","Kept"
"PTP-001198","C0229","Pioneer Medical Center","Low","Institutional","Elena Ruiz","2025-11-07","2025-11-15","7534.30","7816.70","103.75","46","Kept"
"PTP-001199","C0351","Ironbridge Components","High","OEM Manufacturer","Priya Natarajan","2025-11-02","2025-11-15","10664.95","10404.97","97.56","46","Kept"
"PTP-001197","C0170","Titan Industries","Low","OEM Manufacturer","Priya Natarajan","2025-11-07","2025-11-15","9287.57","18853.98","203.00","46","Kept"
"PTP-001196","C0004","Ironbridge Mechanical","Medium","Contractor","Elena Ruiz","2025-11-12","2025-11-15","2014.87","2208.71","109.62","46","Kept"
"PTP-001200","C0369","Lakeshore Components","High","OEM Manufacturer","Marcus Bell","2025-11-10","2025-11-15","11313.62","12336.71","109.04","46","Kept"
"PTP-001201","C0376","Summit Components - Midwest","High","OEM Manufacturer","Priya Natarajan","2025-10-27","2025-11-15","2195.82","20254.64","922.42","46","Kept"
"PTP-001202","C0066","Summit Industries","Medium","OEM Manufacturer","Marcus Bell","2025-11-11","2025-11-16","8661.99","12964.59","149.67","45","Kept"
"PTP-001203","C0086","Crestview Contracting - Southeast","Medium","Contractor","Tomas Okafor","2025-11-10","2025-11-16","626.71","630.14","100.55","45","Kept"
"PTP-001204","C0036","Harbor Builders - West","Low","Contractor","Elena Ruiz","2025-11-07","2025-11-17","1059.92","1084.38","102.31","44","Kept"
"PTP-001207","C0352","Pioneer Construction - Midwest","Low","Contractor","Tomas Okafor","2025-11-07","2025-11-17","1943.83","4238.22","218.03","44","Kept"
"PTP-001205","C0199","Granite Builders","Low","Contractor","Tomas Okafor","2025-11-08","2025-11-17","757.97","5481.45","723.18","44","Kept"
"PTP-001206","C0245","Ironbridge Industrial Supply - West","High","MRO Reseller","Grace Lindqvist","2025-11-12","2025-11-17","4054.00","8976.93","221.43","44","Kept"
"PTP-001209","C0232","Titan Builders - Southwest","High","Contractor","Tomas Okafor","2025-11-09","2025-11-18","4507.75","0.00","0.00","43","Broken"
"PTP-001210","C0303","Northfield Contracting","Medium","Contractor","Tomas Okafor","2025-11-16","2025-11-18","1248.27","4023.57","322.33","43","Kept"
"PTP-001208","C0140","Apex Parts & Service","Medium","MRO Reseller","Grace Lindqvist","2025-11-06","2025-11-18","671.72","1481.67","220.58","43","Kept"
"PTP-001211","C0132","Keystone Contracting","High","Contractor","Tomas Okafor","2025-10-27","2025-11-19","1179.59","0.00","0.00","42","Broken"
"PTP-001212","C0219","Titan Construction - Southwest 3","Low","Contractor","Elena Ruiz","2025-11-05","2025-11-19","4007.97","13096.49","326.76","42","Kept"
"PTP-001213","C0390","Titan Mechanical","Low","Contractor","Elena Ruiz","2025-11-16","2025-11-19","2878.90","3164.40","109.92","42","Kept"
"PTP-001217","C0267","Redline Manufacturing - Southwest","Low","OEM Manufacturer","Marcus Bell","2025-11-17","2025-11-20","618.55","669.60","108.25","41","Kept"
"PTP-001218","C0302","Crestview Contracting - Northeast 3","High","Contractor","Tomas Okafor","2025-11-04","2025-11-20","845.00","0.00","0.00","41","Broken"
"PTP-001219","C0324","Pioneer Construction","High","Contractor","Elena Ruiz","2025-10-28","2025-11-20","2972.80","0.00","0.00","41","Broken"
"PTP-001215","C0122","Frontier Fabrication - Northeast","Low","OEM Manufacturer","Priya Natarajan","2025-11-15","2025-11-20","5386.49","12117.47","224.96","41","Kept"
"PTP-001216","C0163","Keystone Fabrication","Medium","OEM Manufacturer","Priya Natarajan","2025-11-10","2025-11-20","4667.00","29270.67","627.18","41","Kept"
"PTP-001214","C0059","Apex Mechanical","High","Contractor","Marcus Bell","2025-11-02","2025-11-20","1623.19","0.00","0.00","41","Broken"
"PTP-001220","C0009","Ironbridge Fabrication","Medium","OEM Manufacturer","Marcus Bell","2025-11-10","2025-11-21","11266.49","15510.57","137.67","40","Kept"
"PTP-001222","C0341","Summit Supply Co. - Southeast","Medium","MRO Reseller","Grace Lindqvist","2025-11-14","2025-11-21","3002.90","3128.85","104.19","40","Kept"
"PTP-001221","C0271","Riverbend Electric - Midwest 3","High","Contractor","Elena Ruiz","2025-11-01","2025-11-21","2043.95","0.00","0.00","40","Broken"
"PTP-001223","C0364","Redline Industries - Northeast","Low","OEM Manufacturer","Marcus Bell","2025-11-18","2025-11-21","1623.03","1764.02","108.69","40","Kept"
"PTP-001234","C0378","Silverline Fabrication - Southwest","Medium","OEM Manufacturer","Priya Natarajan","2025-10-30","2025-11-22","8780.89","11495.92","130.92","39","Kept"
"PTP-001232","C0302","Crestview Contracting - Northeast 3","High","Contractor","Tomas Okafor","2025-11-06","2025-11-22","527.02","0.00","0.00","39","Broken"
"PTP-001233","C0302","Crestview Contracting - Northeast 3","High","Contractor","Tomas Okafor","2025-11-01","2025-11-22","1214.09","0.00","0.00","39","Broken"
"PTP-001231","C0294","Titan Components","Low","OEM Manufacturer","Priya Natarajan","2025-11-20","2025-11-22","1673.20","1720.67","102.84","39","Kept"
"PTP-001224","C0068","Harbor Industries","High","OEM Manufacturer","Priya Natarajan","2025-11-11","2025-11-22","2080.88","9778.64","469.93","39","Kept"
"PTP-001230","C0185","Harbor Supply Co.","Low","MRO Reseller","Sam Horowitz","2025-11-12","2025-11-22","4819.78","7106.86","147.45","39","Kept"
"PTP-001229","C0150","Northfield Industries","Low","OEM Manufacturer","Priya Natarajan","2025-11-20","2025-11-22","1881.14","3448.48","183.32","39","Kept"
"PTP-001226","C0123","Redline Mechanical","Low","Contractor","Tomas Okafor","2025-11-15","2025-11-22","1015.02","5515.66","543.40","39","Kept"
"PTP-001228","C0132","Keystone Contracting","High","Contractor","Tomas Okafor","2025-10-31","2025-11-22","1447.15","0.00","0.00","39","Broken"
"PTP-001227","C0125","Summit MRO Services","High","MRO Reseller","Grace Lindqvist","2025-11-12","2025-11-22","2627.27","2676.00","101.85","39","Kept"
"PTP-001225","C0094","Bluewater Industries - Southeast","Low","OEM Manufacturer","Marcus Bell","2025-11-12","2025-11-22","2235.67","4556.07","203.79","39","Kept"
"PTP-001236","C0129","Northfield Builders","Medium","Contractor","Elena Ruiz","2025-11-12","2025-11-23","2351.83","3637.06","154.65","38","Kept"
"PTP-001235","C0032","Cedar Ridge Components","Low","OEM Manufacturer","Marcus Bell","2025-11-17","2025-11-23","645.06","678.45","105.18","38","Kept"
"PTP-001238","C0310","Harbor Water Authority","Low","Institutional","Priya Natarajan","2025-11-17","2025-11-23","6596.59","6617.34","100.31","38","Kept"
"PTP-001240","C0328","Westbrook Industries","Low","OEM Manufacturer","Priya Natarajan","2025-11-15","2025-11-23","9697.13","28039.63","289.15","38","Kept"
"PTP-001239","C0324","Pioneer Construction","High","Contractor","Elena Ruiz","2025-11-04","2025-11-23","1270.62","0.00","0.00","38","Broken"
"PTP-001237","C0251","Silverline Mechanical - Southwest","Low","Contractor","Tomas Okafor","2025-11-10","2025-11-23","8012.12","8045.45","100.42","38","Kept"
"PTP-001244","C0190","Harbor Fabrication","Medium","OEM Manufacturer","Priya Natarajan","2025-11-13","2025-11-24","2981.84","3011.57","101.00","37","Kept"
"PTP-001241","C0031","Stonegate Machine Works","Low","OEM Manufacturer","Marcus Bell","2025-11-21","2025-11-24","1821.66","36004.76","1976.48","37","Kept"
"PTP-001242","C0059","Apex Mechanical","High","Contractor","Marcus Bell","2025-11-10","2025-11-24","658.39","0.00","0.00","37","Broken"
"PTP-001243","C0165","Northfield School District","Low","Institutional","Marcus Bell","2025-11-17","2025-11-24","1037.43","1050.59","101.27","37","Kept"
"PTP-001246","C0099","Northfield Water Authority","Low","Institutional","Priya Natarajan","2025-11-21","2025-11-25","1914.86","6219.62","324.81","36","Kept"
"PTP-001245","C0074","Frontier Fabrication","Medium","OEM Manufacturer","Priya Natarajan","2025-11-14","2025-11-25","9221.99","14960.16","162.22","36","Kept"
"PTP-001247","C0386","Bluewater Electric","High","Contractor","Elena Ruiz","2025-11-08","2025-11-25","3861.45","0.00","0.00","36","Broken"
"PTP-001248","C0399","Riverbend Electric - West 5","Medium","Contractor","Elena Ruiz","2025-11-17","2025-11-25","2438.48","2671.04","109.54","36","Kept"
"PTP-001249","C0074","Frontier Fabrication","Medium","OEM Manufacturer","Priya Natarajan","2025-11-15","2025-11-26","4446.78","26345.41","592.46","35","Kept"
"PTP-001250","C0318","Riverbend Contracting - Midwest 3","Medium","Contractor","Elena Ruiz","2025-11-21","2025-11-26","7751.19","15989.70","206.29","35","Kept"
"PTP-001251","C0086","Crestview Contracting - Southeast","Medium","Contractor","Tomas Okafor","2025-11-17","2025-11-27","5949.99","6193.01","104.08","34","Kept"
"PTP-001252","C0393","Silverline Components - West 3","Low","OEM Manufacturer","Priya Natarajan","2025-11-19","2025-11-27","927.52","25065.28","2702.40","34","Kept"
"PTP-001256","C0354","Westbrook Supply Co. - Southeast","High","MRO Reseller","Grace Lindqvist","2025-11-06","2025-11-28","1335.10","0.00","0.00","33","Broken"
"PTP-001254","C0164","Lakeshore Fabrication","Medium","OEM Manufacturer","Priya Natarajan","2025-11-21","2025-11-28","3280.21","11975.67","365.09","33","Kept"
"PTP-001253","C0036","Harbor Builders - West","Low","Contractor","Elena Ruiz","2025-11-23","2025-11-28","6602.40","7223.96","109.41","33","Kept"
"PTP-001255","C0246","Lakeshore Industrial Supply","Low","MRO Reseller","Sam Horowitz","2025-11-17","2025-11-28","2394.77","2577.47","107.63","33","Kept"
"PTP-001260","C0190","Harbor Fabrication","Medium","OEM Manufacturer","Priya Natarajan","2025-11-26","2025-11-29","4453.97","8803.69","197.66","32","Kept"
"PTP-001258","C0040","Apex MRO Services","Medium","MRO Reseller","Grace Lindqvist","2025-11-21","2025-11-29","1580.69","1728.30","109.34","32","Kept"
"PTP-001257","C0013","Riverbend Contracting","Medium","Contractor","Tomas Okafor","2025-11-25","2025-11-29","4697.76","13755.19","292.80","32","Kept"
"PTP-001259","C0140","Apex Parts & Service","Medium","MRO Reseller","Grace Lindqvist","2025-11-17","2025-11-29","4532.65","8703.06","192.01","32","Kept"
"PTP-001261","C0074","Frontier Fabrication","Medium","OEM Manufacturer","Priya Natarajan","2025-11-20","2025-11-30","2389.34","19148.21","801.40","31","Kept"
"PTP-001262","C0361","Titan University Facilities - Midwest","Low","Institutional","Priya Natarajan","2025-11-23","2025-11-30","3546.84","3771.45","106.33","31","Kept"
"PTP-001263","C0094","Bluewater Industries - Southeast","Low","OEM Manufacturer","Marcus Bell","2025-11-17","2025-12-01","16069.23","27087.95","168.57","30","Kept"
"PTP-001264","C0223","Stonegate MRO Services","Low","MRO Reseller","Sam Horowitz","2025-11-19","2025-12-01","879.31","959.64","109.14","30","Kept"
"PTP-001265","C0238","Oakmont Builders - Midwest","Low","Contractor","Tomas Okafor","2025-11-24","2025-12-01","2324.56","2567.55","110.45","30","Kept"
"PTP-001267","C0271","Riverbend Electric - Midwest 3","High","Contractor","Elena Ruiz","2025-11-08","2025-12-02","1668.94","0.00","0.00","29","Broken"
"PTP-001268","C0300","Cedar Ridge Contracting - West 3","Medium","Contractor","Tomas Okafor","2025-11-27","2025-12-02","1463.61","1569.65","107.25","29","Kept"
"PTP-001266","C0126","Oakmont Parts & Service","Medium","MRO Reseller","Sam Horowitz","2025-11-28","2025-12-02","1840.63","6432.05","349.45","29","Kept"
"PTP-001272","C0143","Northfield Parts & Service","Medium","MRO Reseller","Sam Horowitz","2025-11-28","2025-12-03","999.22","1007.54","100.83","28","Kept"
"PTP-001271","C0074","Frontier Fabrication","Medium","OEM Manufacturer","Priya Natarajan","2025-11-27","2025-12-03","4785.96","7762.96","162.20","28","Kept"
"PTP-001270","C0059","Apex Mechanical","High","Contractor","Marcus Bell","2025-11-24","2025-12-03","5796.17","0.00","0.00","28","Broken"
"PTP-001269","C0019","Northfield Supply Co.","Medium","MRO Reseller","Sam Horowitz","2025-11-20","2025-12-03","3377.75","4215.70","124.81","28","Kept"
"PTP-001273","C0268","Titan Electric","High","Contractor","Elena Ruiz","2025-11-27","2025-12-03","2584.95","2706.37","104.70","28","Kept"
"PTP-001274","C0369","Lakeshore Components","High","OEM Manufacturer","Marcus Bell","2025-11-22","2025-12-03","14746.80","21005.41","142.44","28","Kept"
"PTP-001275","C0386","Bluewater Electric","High","Contractor","Elena Ruiz","2025-11-23","2025-12-03","2176.27","0.00","0.00","28","Broken"
"PTP-001279","C0354","Westbrook Supply Co. - Southeast","High","MRO Reseller","Grace Lindqvist","2025-11-21","2025-12-04","1204.13","1300.67","108.02","27","Kept"
"PTP-001280","C0389","Ironbridge Components - Southeast","Medium","OEM Manufacturer","Marcus Bell","2025-11-27","2025-12-04","4257.27","4547.19","106.81","27","Kept"
"PTP-001278","C0263","Ironbridge Mechanical - Northeast 5","Medium","Contractor","Elena Ruiz","2025-11-24","2025-12-04","2009.38","4388.28","218.39","27","Kept"
"PTP-001276","C0068","Harbor Industries","High","OEM Manufacturer","Priya Natarajan","2025-12-02","2025-12-04","6407.45","24702.31","385.52","27","Kept"
"PTP-001277","C0084","Granite Construction","Medium","Contractor","Elena Ruiz","2025-11-29","2025-12-04","1159.27","1242.60","107.19","27","Kept"
"PTP-001282","C0014","Riverbend MRO Services","Medium","MRO Reseller","Sam Horowitz","2025-11-23","2025-12-05","4208.16","4557.13","108.29","26","Kept"
"PTP-001281","C0009","Ironbridge Fabrication","Medium","OEM Manufacturer","Marcus Bell","2025-12-01","2025-12-05","2565.02","7918.02","308.69","26","Kept"
"PTP-001283","C0306","Apex Builders - Southwest 3","Low","Contractor","Tomas Okafor","2025-11-23","2025-12-05","1368.00","1456.03","106.43","26","Kept"
"PTP-001284","C0326","Pioneer Manufacturing","Low","OEM Manufacturer","Priya Natarajan","2025-11-29","2025-12-05","2724.48","2738.06","100.50","26","Kept"
"PTP-001288","C0291","Redline Contracting","Low","Contractor","Tomas Okafor","2025-11-30","2025-12-06","7446.57","7516.53","100.94","25","Kept"
"PTP-001287","C0273","Oakmont Fabrication","Medium","OEM Manufacturer","Priya Natarajan","2025-12-01","2025-12-06","8013.17","25791.77","321.87","25","Kept"
"PTP-001285","C0132","Keystone Contracting","High","Contractor","Tomas Okafor","2025-11-12","2025-12-06","5103.02","0.00","0.00","25","Broken"
"PTP-001286","C0175","Redline Mechanical - Southwest","Low","Contractor","Elena Ruiz","2025-11-22","2025-12-06","7217.51","20390.74","282.52","25","Kept"
"PTP-001289","C0139","Harbor Machine Works","Medium","OEM Manufacturer","Priya Natarajan","2025-12-03","2025-12-07","1589.26","10931.68","687.85","24","Kept"
"PTP-001290","C0201","Titan Machine Works","Low","OEM Manufacturer","Marcus Bell","2025-12-02","2025-12-07","2151.84","2291.72","106.50","24","Kept"
"PTP-001291","C0340","Bluewater Contracting","Low","Contractor","Tomas Okafor","2025-11-23","2025-12-07","4438.26","4869.96","109.73","24","Kept"
"PTP-001295","C0315","Lakeshore Parts & Service - Northeast","Medium","MRO Reseller","Grace Lindqvist","2025-12-01","2025-12-08","471.01","996.94","211.66","23","Kept"
"PTP-001294","C0310","Harbor Water Authority","Low","Institutional","Priya Natarajan","2025-12-04","2025-12-08","5137.25","5538.12","107.80","23","Kept"
"PTP-001293","C0132","Keystone Contracting","High","Contractor","Tomas Okafor","2025-11-21","2025-12-08","2078.81","0.00","0.00","23","Broken"
"PTP-001292","C0100","Stonegate University Facilities - Southeast","Low","Institutional","Marcus Bell","2025-11-25","2025-12-08","8598.06","10019.03","116.53","23","Kept"
"PTP-001296","C0075","Ironbridge Mechanical - Southeast 3","Medium","Contractor","Elena Ruiz","2025-11-29","2025-12-09","1047.18","9403.88","898.02","22","Kept"
"PTP-001299","C0350","Crestview Industries","Low","OEM Manufacturer","Marcus Bell","2025-12-02","2025-12-09","4666.20","9044.59","193.83","22","Kept"
"PTP-001300","C0351","Ironbridge Components","High","OEM Manufacturer","Priya Natarajan","2025-11-30","2025-12-09","3848.61","0.00","0.00","22","Broken"
"PTP-001297","C0202","Harbor MRO Services","Low","MRO Reseller","Sam Horowitz","2025-11-26","2025-12-09","964.08","2855.27","296.17","22","Kept"
"PTP-001298","C0226","Lakeshore Industries","Medium","OEM Manufacturer","Priya Natarajan","2025-12-04","2025-12-09","2910.69","3984.92","136.91","22","Kept"
"PTP-001301","C0336","Summit Contracting - Southwest 3","Low","Contractor","Elena Ruiz","2025-12-04","2025-12-11","5634.23","5810.89","103.14","20","Kept"
"PTP-001302","C0386","Bluewater Electric","High","Contractor","Elena Ruiz","2025-11-29","2025-12-11","720.12","0.00","0.00","20","Broken"
"PTP-001304","C0378","Silverline Fabrication - Southwest","Medium","OEM Manufacturer","Priya Natarajan","2025-11-28","2025-12-12","16319.94","19206.96","117.69","19","Kept"
"PTP-001303","C0281","Westbrook Fabrication","Low","OEM Manufacturer","Marcus Bell","2025-12-03","2025-12-12","14097.33","28374.20","201.27","19","Kept"
"PTP-001307","C0333","Oakmont Maintenance Supply - Southwest","Medium","MRO Reseller","Grace Lindqvist","2025-12-10","2025-12-13","475.87","512.26","107.65","18","Kept"
"PTP-001305","C0104","Granite Industrial Supply","Low","MRO Reseller","Sam Horowitz","2025-12-05","2025-12-13","860.58","2653.81","308.37","18","Kept"
"PTP-001306","C0170","Titan Industries","Low","OEM Manufacturer","Priya Natarajan","2025-11-30","2025-12-13","6513.63","20080.20","308.28","18","Kept"
"PTP-001308","C0386","Bluewater Electric","High","Contractor","Elena Ruiz","2025-11-28","2025-12-13","449.80","0.00","0.00","18","Broken"
"PTP-001314","C0398","Pioneer Parts & Service - Southwest","High","MRO Reseller","Grace Lindqvist","2025-12-04","2025-12-14","1422.38","4539.05","319.12","17","Kept"
"PTP-001310","C0112","Ironbridge Fabrication - Midwest","Low","OEM Manufacturer","Marcus Bell","2025-12-12","2025-12-14","1540.90","1625.90","105.52","17","Kept"
"PTP-001309","C0073","Lakeshore Manufacturing","High","OEM Manufacturer","Priya Natarajan","2025-12-03","2025-12-14","1927.53","1933.88","100.33","17","Kept"
"PTP-001312","C0236","Northfield Maintenance Supply","Medium","MRO Reseller","Grace Lindqvist","2025-12-04","2025-12-14","799.62","1268.79","158.67","17","Kept"
"PTP-001311","C0232","Titan Builders - Southwest","High","Contractor","Tomas Okafor","2025-11-27","2025-12-14","4699.24","0.00","0.00","17","Broken"
"PTP-001313","C0245","Ironbridge Industrial Supply - West","High","MRO Reseller","Grace Lindqvist","2025-11-30","2025-12-14","2000.05","2008.61","100.43","17","Kept"
"PTP-001315","C0194","Riverbend Mechanical - Southeast","Medium","Contractor","Priya Natarajan","2025-12-02","2025-12-15","2098.59","2211.11","105.36","16","Kept"
"PTP-001316","C0386","Bluewater Electric","High","Contractor","Elena Ruiz","2025-11-20","2025-12-15","878.48","0.00","0.00","16","Broken"
"PTP-001322","C0336","Summit Contracting - Southwest 3","Low","Contractor","Elena Ruiz","2025-12-05","2025-12-16","1142.45","1252.37","109.62","15","Kept"
"PTP-001321","C0324","Pioneer Construction","High","Contractor","Elena Ruiz","2025-12-03","2025-12-16","573.43","0.00","0.00","15","Broken"
"PTP-001317","C0009","Ironbridge Fabrication","Medium","OEM Manufacturer","Marcus Bell","2025-11-21","2025-12-16","7970.13","0.00","0.00","15","Broken"
"PTP-001318","C0025","Oakmont County Facilities","Low","Institutional","Elena Ruiz","2025-12-12","2025-12-16","4886.49","5387.43","110.25","15","Kept"
"PTP-001319","C0105","Westbrook Supply Co.","Medium","MRO Reseller","Grace Lindqvist","2025-12-10","2025-12-16","4288.53","4457.93","103.95","15","Kept"
"PTP-001320","C0159","Apex Builders","Medium","Contractor","Marcus Bell","2025-12-06","2025-12-16","3891.24","4043.46","103.91","15","Kept"
"PTP-001323","C0001","Silverline MRO Services","Medium","MRO Reseller","Grace Lindqvist","2025-12-08","2025-12-17","3983.53","6001.35","150.65","14","Kept"
"PTP-001324","C0260","Harbor Industrial Supply","High","MRO Reseller","Grace Lindqvist","2025-12-10","2025-12-17","3562.68","3611.00","101.36","14","Kept"
"PTP-001325","C0031","Stonegate Machine Works","Low","OEM Manufacturer","Marcus Bell","2025-12-09","2025-12-18","11205.81","31146.90","277.95","13","Kept"
"PTP-001326","C0048","Stonegate Industries","Medium","OEM Manufacturer","Priya Natarajan","2025-12-12","2025-12-18","8185.74","8796.59","107.46","13","Kept"
"PTP-001328","C0132","Keystone Contracting","High","Contractor","Tomas Okafor","2025-11-30","2025-12-18","1009.98","0.00","0.00","13","Broken"
"PTP-001327","C0110","Riverbend Maintenance Supply - Northeast","Low","MRO Reseller","Grace Lindqvist","2025-12-14","2025-12-18","876.91","1398.61","159.49","13","Kept"
"PTP-001330","C0095","Stonegate Fabrication","Low","OEM Manufacturer","Marcus Bell","2025-12-12","2025-12-19","1612.61","27006.23","1674.69","12","Kept"
"PTP-001329","C0050","Redline University Facilities","Low","Institutional","Marcus Bell","2025-12-13","2025-12-19","2507.99","2550.53","101.70","12","Kept"
"PTP-001332","C0059","Apex Mechanical","High","Contractor","Marcus Bell","2025-12-09","2025-12-20","2260.22","0.00","0.00","11","Broken"
"PTP-001331","C0036","Harbor Builders - West","Low","Contractor","Elena Ruiz","2025-11-27","2025-12-20","492.02","7878.38","1601.23","11","Kept"
"PTP-001333","C0132","Keystone Contracting","High","Contractor","Tomas Okafor","2025-12-04","2025-12-20","2868.00","0.00","0.00","11","Broken"
"PTP-001334","C0225","Titan Parts & Service","High","MRO Reseller","Sam Horowitz","2025-12-14","2025-12-20","839.07","7298.70","869.86","11","Kept"
"PTP-001335","C0351","Ironbridge Components","High","OEM Manufacturer","Priya Natarajan","2025-12-04","2025-12-21","6337.15","0.00","0.00","10","Broken"
"PTP-001336","C0376","Summit Components - Midwest","High","OEM Manufacturer","Priya Natarajan","2025-11-28","2025-12-23","1233.07","0.00","0.00","8","Broken"
"PTP-001337","C0376","Summit Components - Midwest","High","OEM Manufacturer","Priya Natarajan","2025-12-03","2025-12-23","1493.60","0.00","0.00","8","Broken"
"PTP-001338","C0294","Titan Components","Low","OEM Manufacturer","Priya Natarajan","2025-12-12","2025-12-24","2655.89","0.00","0.00","7","Broken"
"PTP-001339","C0232","Titan Builders - Southwest","High","Contractor","Tomas Okafor","2025-12-14","2025-12-25","499.50","0.00","0.00","6","Broken"
"PTP-001340","C0351","Ironbridge Components","High","OEM Manufacturer","Priya Natarajan","2025-12-16","2025-12-28","5830.19","10165.69","174.36","3","Kept"
"PTP-001345","C0351","Ironbridge Components","High","OEM Manufacturer","Priya Natarajan","2025-12-14","2025-12-29","7538.55","10165.69","134.85","2","Kept"
"PTP-001343","C0324","Pioneer Construction","High","Contractor","Elena Ruiz","2025-12-10","2025-12-29","677.58","0.00","0.00","2","Broken"
"PTP-001344","C0324","Pioneer Construction","High","Contractor","Elena Ruiz","2025-12-13","2025-12-29","1492.59","0.00","0.00","2","Broken"
"PTP-001342","C0302","Crestview Contracting - Northeast 3","High","Contractor","Tomas Okafor","2025-12-21","2025-12-29","7413.28","0.00","0.00","2","Broken"
"PTP-001341","C0118","Granite MRO Services","Low","MRO Reseller","Grace Lindqvist","2025-12-20","2025-12-29","727.02","1102.26","151.61","2","Kept"
"PTP-001346","C0386","Bluewater Electric","High","Contractor","Elena Ruiz","2025-12-09","2025-12-29","6548.07","0.00","0.00","2","Broken"
"PTP-001347","C0386","Bluewater Electric","High","Contractor","Elena Ruiz","2025-12-15","2025-12-31","1752.10","0.00","0.00","0","Broken"
