"InstallKey","ComponentSerial","ComponentCode","ComponentName","Criticality","LeadTimeFlightHours","TailNumber","ModelCode","BaseCode","BaseName","PositionNo","InstalledDate","Sorties","Landings","FlightHours","StressHours","IntervalFlightHours","IntervalStressHours","PctOfHourInterval","PctOfStressInterval","IsOverdueByHours","IsOverdueByStress","IsHiddenOverdue","StressPerFlightHour","RemainingStressHours","RemainingFlightHours","ProjectedFlightHoursToStressLimit","LastSortieDate"
"392","ROTOR-ASSY-00139","ROTOR-ASSY","Rotor assembly and bearing","FlightCritical","18.0","MU-008","MRD-12H","HIGHLND","Highland Operations","2","2/7/2026 12:00:00 AM","85","167","139.7328","308.1946","150.0","150.0","93.16","205.46","0","1","1","2.3105","-158.1946","10.2672","-68.47","9/28/2026 12:00:00 AM"
"209","BATT-PACK-00049","BATT-PACK","Main battery pack","FlightCritical","8.0","MU-005","MRD-8X","PORT","Port Logistics Hub","1","3/28/2026 12:00:00 AM","71","153","121.5000","246.2652","120.0","120.0","101.25","205.22","1","1","0","1.9127","-126.2652","-1.5000","-66.01","9/29/2026 12:00:00 AM"
"981","BATT-PACK-00213","BATT-PACK","Main battery pack","FlightCritical","8.0","MU-020","MRD-8X","HIGHLND","Highland Operations","1","4/9/2026 12:00:00 AM","67","131","111.8997","244.5730","120.0","120.0","93.25","203.81","0","1","1","2.2582","-124.5730","8.1003","-55.16","9/25/2026 12:00:00 AM"
"99","ROTOR-ASSY-00026","ROTOR-ASSY","Rotor assembly and bearing","FlightCritical","18.0","MU-002","MRD-8X","HIGHLND","Highland Operations","1","3/10/2026 12:00:00 AM","81","139","133.0167","302.8206","150.0","150.0","88.68","201.88","0","1","1","2.2807","-152.8206","16.9833","-67.01","9/29/2026 12:00:00 AM"
"372","MOTOR-ESC-00100","MOTOR-ESC","Motor and speed controller","FlightCritical","12.0","MU-008","MRD-12H","HIGHLND","Highland Operations","2","11/28/2025 12:00:00 AM","111","221","186.2996","402.1619","200.0","200.0","93.15","201.08","0","1","1","2.3105","-202.1619","13.7004","-87.50","9/28/2026 12:00:00 AM"
"1503","ROTOR-ASSY-00545","ROTOR-ASSY","Rotor assembly and bearing","FlightCritical","18.0","MU-030","MRD-8X","PORT","Port Logistics Hub","4","2/27/2026 12:00:00 AM","85","262","147.0335","299.8295","150.0","150.0","98.02","199.89","0","1","1","1.9627","-149.8295","2.9665","-76.34","9/30/2026 12:00:00 AM"
"1336","GIMBAL-00068","GIMBAL","Payload gimbal","MissionCritical","24.0","MU-027","MRD-8X","HIGHLND","Highland Operations","1","9/3/2025 12:00:00 AM","162","287","282.0500","588.2364","300.0","300.0","94.02","196.08","0","1","1","1.9080","-288.2364","17.9500","-151.07","9/30/2026 12:00:00 AM"
"215","BATT-PACK-00055","BATT-PACK","Main battery pack","FlightCritical","8.0","MU-005","MRD-8X","PORT","Port Logistics Hub","2","3/31/2026 12:00:00 AM","69","150","116.6166","235.2122","120.0","120.0","97.18","196.01","0","1","1","1.9127","-115.2122","3.3834","-60.24","9/29/2026 12:00:00 AM"
"352","BATT-PACK-00077","BATT-PACK","Main battery pack","FlightCritical","8.0","MU-008","MRD-12H","HIGHLND","Highland Operations","1","4/7/2026 12:00:00 AM","63","121","104.8330","233.0981","120.0","120.0","87.36","194.25","0","1","1","2.3105","-113.0981","15.1670","-48.95","9/28/2026 12:00:00 AM"
"262","ROTOR-ASSY-00099","ROTOR-ASSY","Rotor assembly and bearing","FlightCritical","18.0","MU-005","MRD-8X","PORT","Port Logistics Hub","4","2/27/2026 12:00:00 AM","82","177","140.7332","284.2317","150.0","150.0","93.82","189.49","0","1","1","1.9127","-134.2317","9.2668","-70.18","9/29/2026 12:00:00 AM"
"903","ROTOR-ASSY-00325","ROTOR-ASSY","Rotor assembly and bearing","FlightCritical","18.0","MU-018","MRD-12H","HIGHLND","Highland Operations","3","2/13/2026 12:00:00 AM","79","146","131.1003","281.8172","150.0","150.0","87.40","187.88","0","1","1","2.1969","-131.8172","18.8997","-60.00","9/30/2026 12:00:00 AM"
"1227","BATT-PACK-00266","BATT-PACK","Main battery pack","FlightCritical","8.0","MU-025","MRD-8X","HIGHLND","Highland Operations","1","4/11/2026 12:00:00 AM","60","114","102.7169","223.4371","120.0","120.0","85.60","186.20","0","1","1","2.1718","-103.4371","17.2831","-47.63","9/26/2026 12:00:00 AM"
"687","ROTOR-ASSY-00246","ROTOR-ASSY","Rotor assembly and bearing","FlightCritical","18.0","MU-014","MRD-6L","PORT","Port Logistics Hub","3","3/4/2026 12:00:00 AM","81","212","139.4500","276.6985","150.0","150.0","92.97","184.47","0","1","1","1.8671","-126.6985","10.5500","-67.86","9/30/2026 12:00:00 AM"
"986","BATT-PACK-00218","BATT-PACK","Main battery pack","FlightCritical","8.0","MU-020","MRD-8X","HIGHLND","Highland Operations","2","5/1/2026 12:00:00 AM","60","115","100.4331","217.0288","120.0","120.0","83.69","180.86","0","1","1","2.2582","-97.0288","19.5669","-42.97","9/25/2026 12:00:00 AM"
"1018","ROTOR-ASSY-00363","ROTOR-ASSY","Rotor assembly and bearing","FlightCritical","18.0","MU-020","MRD-8X","HIGHLND","Highland Operations","2","3/21/2026 12:00:00 AM","74","147","126.0496","267.9824","150.0","150.0","84.03","178.65","0","1","1","2.2582","-117.9824","23.9504","-52.25","9/25/2026 12:00:00 AM"
"1029","AIRDATA-00042","AIRDATA","Air data and pitot module","MissionCritical","6.0","MU-021","MRD-8X","ACADEMY","Training Academy","1","1/8/2024 12:00:00 AM","382","3076","380.1999","712.3306","400.0","400.0","95.05","178.08","0","1","1","1.9149","-312.3306","19.8001","-163.11","9/28/2026 12:00:00 AM"
"358","BATT-PACK-00083","BATT-PACK","Main battery pack","FlightCritical","8.0","MU-008","MRD-12H","HIGHLND","Highland Operations","2","5/2/2026 12:00:00 AM","59","115","96.6497","213.1795","120.0","120.0","80.54","177.65","0","1","1","2.3105","-93.1795","23.3503","-40.33","9/28/2026 12:00:00 AM"
"339","ROTOR-ASSY-00123","ROTOR-ASSY","Rotor assembly and bearing","FlightCritical","18.0","MU-007","MRD-12H","ACADEMY","Training Academy","2","10/2/2025 12:00:00 AM","145","1134","143.2165","266.1467","150.0","150.0","95.48","177.43","0","1","1","1.7137","-116.1467","6.7835","-67.78","9/26/2026 12:00:00 AM"
"722","MOTOR-ESC-00198","MOTOR-ESC","Motor and speed controller","FlightCritical","12.0","MU-015","MRD-12H","PORT","Port Logistics Hub","2","1/21/2026 12:00:00 AM","97","205","177.5832","348.3593","200.0","200.0","88.79","174.18","0","1","1","1.9216","-148.3593","22.4168","-77.21","9/29/2026 12:00:00 AM"
"521","GIMBAL-00028","GIMBAL","Payload gimbal","MissionCritical","24.0","MU-011","MRD-12H","HIGHLND","Highland Operations","1","9/8/2025 12:00:00 AM","142","278","242.0667","516.5486","300.0","300.0","80.69","172.18","0","1","1","2.1761","-216.5486","57.9333","-99.51","9/29/2026 12:00:00 AM"
"23","MOTOR-ESC-00003","MOTOR-ESC","Motor and speed controller","FlightCritical","12.0","MU-001","MRD-8X","PORT","Port Logistics Hub","1","1/20/2026 12:00:00 AM","102","245","171.0173","343.0481","200.0","200.0","85.51","171.52","0","1","1","2.0638","-143.0481","28.9827","-69.31","9/29/2026 12:00:00 AM"
"26","MOTOR-ESC-00006","MOTOR-ESC","Motor and speed controller","FlightCritical","12.0","MU-001","MRD-8X","PORT","Port Logistics Hub","2","1/20/2026 12:00:00 AM","102","245","171.0173","343.0481","200.0","200.0","85.51","171.52","0","1","1","2.0638","-143.0481","28.9827","-69.31","9/29/2026 12:00:00 AM"
"85","MOTOR-ESC-00022","MOTOR-ESC","Motor and speed controller","FlightCritical","12.0","MU-002","MRD-8X","HIGHLND","Highland Operations","2","2/21/2026 12:00:00 AM","90","158","150.2001","341.8081","200.0","200.0","75.10","170.90","0","1","1","2.2807","-141.8081","49.7999","-62.18","9/29/2026 12:00:00 AM"
"1044","MOTOR-ESC-00284","MOTOR-ESC","Motor and speed controller","FlightCritical","12.0","MU-021","MRD-8X","ACADEMY","Training Academy","1","6/27/2025 12:00:00 AM","180","1450","179.7000","336.7168","200.0","200.0","89.85","168.36","0","1","1","1.9149","-136.7168","20.3000","-71.40","9/28/2026 12:00:00 AM"
"1046","MOTOR-ESC-00286","MOTOR-ESC","Motor and speed controller","FlightCritical","12.0","MU-021","MRD-8X","ACADEMY","Training Academy","2","6/27/2025 12:00:00 AM","180","1450","179.7000","336.7168","200.0","200.0","89.85","168.36","0","1","1","1.9149","-136.7168","20.3000","-71.40","9/28/2026 12:00:00 AM"
"1048","MOTOR-ESC-00288","MOTOR-ESC","Motor and speed controller","FlightCritical","12.0","MU-021","MRD-8X","ACADEMY","Training Academy","3","6/27/2025 12:00:00 AM","180","1450","179.7000","336.7168","200.0","200.0","89.85","168.36","0","1","1","1.9149","-136.7168","20.3000","-71.40","9/28/2026 12:00:00 AM"
"1001","MOTOR-ESC-00274","MOTOR-ESC","Motor and speed controller","FlightCritical","12.0","MU-020","MRD-8X","HIGHLND","Highland Operations","2","2/2/2026 12:00:00 AM","91","186","158.3329","336.7002","200.0","200.0","79.17","168.35","0","1","1","2.2582","-136.7002","41.6671","-60.54","9/25/2026 12:00:00 AM"
"1476","MOTOR-ESC-00403","MOTOR-ESC","Motor and speed controller","FlightCritical","12.0","MU-030","MRD-8X","PORT","Port Logistics Hub","1","2/5/2026 12:00:00 AM","94","284","163.8167","335.5017","200.0","200.0","81.91","167.75","0","1","1","1.9627","-135.5017","36.1833","-69.04","9/30/2026 12:00:00 AM"
"657","GIMBAL-00034","GIMBAL","Payload gimbal","MissionCritical","24.0","MU-014","MRD-6L","PORT","Port Logistics Hub","1","9/22/2025 12:00:00 AM","145","372","248.2503","496.0759","300.0","300.0","82.75","165.36","0","1","1","1.8671","-196.0759","51.7497","-105.02","9/30/2026 12:00:00 AM"
"671","MOTOR-ESC-00188","MOTOR-ESC","Motor and speed controller","FlightCritical","12.0","MU-014","MRD-6L","PORT","Port Logistics Hub","3","1/10/2026 12:00:00 AM","96","255","164.9166","325.9035","200.0","200.0","82.46","162.95","0","1","1","1.8671","-125.9035","35.0834","-67.43","9/30/2026 12:00:00 AM"
"799","ROTOR-ASSY-00285","ROTOR-ASSY","Rotor assembly and bearing","FlightCritical","18.0","MU-016","MRD-6L","PORT","Port Logistics Hub","2","3/31/2026 12:00:00 AM","69","169","123.6502","243.9636","150.0","150.0","82.43","162.64","0","1","1","1.9188","-93.9636","26.3498","-48.97","9/30/2026 12:00:00 AM"
"1293","BATT-PACK-00280","BATT-PACK","Main battery pack","FlightCritical","8.0","MU-026","MRD-8X","ACADEMY","Training Academy","2","1/21/2026 12:00:00 AM","101","802","101.7670","189.7509","120.0","120.0","84.81","158.13","0","1","1","1.9301","-69.7509","18.2330","-36.14","9/28/2026 12:00:00 AM"
"312","AIRDATA-00013","AIRDATA","Air data and pitot module","MissionCritical","6.0","MU-007","MRD-12H","ACADEMY","Training Academy","1","5/10/2024 12:00:00 AM","340","2698","337.9662","628.6641","400.0","400.0","84.49","157.17","0","1","1","1.7137","-228.6641","62.0338","-133.43","9/26/2026 12:00:00 AM"
"56","AIRDATA-00004","AIRDATA","Air data and pitot module","MissionCritical","6.0","MU-002","MRD-8X","HIGHLND","Highland Operations","1","7/30/2025 12:00:00 AM","170","309","285.5001","626.4798","400.0","400.0","71.38","156.62","0","1","1","2.2807","-226.4798","114.4999","-99.30","9/29/2026 12:00:00 AM"
"775","MOTOR-ESC-00210","MOTOR-ESC","Motor and speed controller","FlightCritical","12.0","MU-016","MRD-6L","PORT","Port Logistics Hub","1","2/14/2026 12:00:00 AM","88","216","158.4834","312.4206","200.0","200.0","79.24","156.21","0","1","1","1.9188","-112.4206","41.5166","-58.59","9/30/2026 12:00:00 AM"
"861","BATT-PACK-00194","BATT-PACK","Main battery pack","FlightCritical","8.0","MU-018","MRD-12H","HIGHLND","Highland Operations","2","4/18/2026 12:00:00 AM","52","101","85.1502","186.8278","120.0","120.0","70.96","155.69","0","1","1","2.1969","-66.8278","34.8498","-30.42","9/30/2026 12:00:00 AM"
"536","MOTOR-ESC-00151","MOTOR-ESC","Motor and speed controller","FlightCritical","12.0","MU-011","MRD-12H","HIGHLND","Highland Operations","3","2/16/2026 12:00:00 AM","83","154","142.2998","306.1695","200.0","200.0","71.15","153.08","0","1","1","2.1761","-106.1695","57.7002","-48.79","9/29/2026 12:00:00 AM"
"233","MOTOR-ESC-00064","MOTOR-ESC","Motor and speed controller","FlightCritical","12.0","MU-005","MRD-8X","PORT","Port Logistics Hub","3","2/17/2026 12:00:00 AM","88","193","150.5832","304.9320","200.0","200.0","75.29","152.47","0","1","1","1.9127","-104.9320","49.4168","-54.86","9/29/2026 12:00:00 AM"
"403","ROTOR-ASSY-00150","ROTOR-ASSY","Rotor assembly and bearing","FlightCritical","18.0","MU-008","MRD-12H","HIGHLND","Highland Operations","4","4/22/2026 12:00:00 AM","62","120","102.3497","227.5985","150.0","150.0","68.23","151.73","0","1","1","2.3105","-77.5985","47.6503","-33.59","9/28/2026 12:00:00 AM"
"558","ROTOR-ASSY-00204","ROTOR-ASSY","Rotor assembly and bearing","FlightCritical","18.0","MU-011","MRD-12H","HIGHLND","Highland Operations","4","4/3/2026 12:00:00 AM","62","116","105.4332","225.0208","150.0","150.0","70.29","150.01","0","1","1","2.1761","-75.0208","44.5668","-34.47","9/29/2026 12:00:00 AM"
"513","BATT-PACK-00110","BATT-PACK","Main battery pack","FlightCritical","8.0","MU-011","MRD-12H","HIGHLND","Highland Operations","1","5/25/2026 12:00:00 AM","48","91","81.1666","178.9957","120.0","120.0","67.64","149.16","0","1","1","2.1761","-58.9957","38.8334","-27.11","9/29/2026 12:00:00 AM"
"319","BATT-PACK-00072","BATT-PACK","Main battery pack","FlightCritical","8.0","MU-007","MRD-12H","ACADEMY","Training Academy","2","1/19/2026 12:00:00 AM","96","747","96.4998","177.7908","120.0","120.0","80.42","148.16","0","1","1","1.7137","-57.7908","23.5002","-33.72","9/26/2026 12:00:00 AM"
"674","MOTOR-ESC-00191","MOTOR-ESC","Motor and speed controller","FlightCritical","12.0","MU-014","MRD-6L","PORT","Port Logistics Hub","4","2/18/2026 12:00:00 AM","85","218","146.8166","291.7109","200.0","200.0","73.41","145.86","0","1","1","1.8671","-91.7109","53.1834","-49.12","9/30/2026 12:00:00 AM"
"1376","AIRDATA-00056","AIRDATA","Air data and pitot module","MissionCritical","6.0","MU-028","MRD-8X","ACADEMY","Training Academy","1","7/1/2024 12:00:00 AM","312","2450","315.3168","578.9008","400.0","400.0","78.83","144.73","0","1","1","1.7297","-178.9008","84.6832","-103.43","9/26/2026 12:00:00 AM"
"715","LANDGEAR-00046","LANDGEAR","Landing gear assembly","Degraded","4.0","MU-015","MRD-12H","PORT","Port Logistics Hub","1","1/15/2026 12:00:00 AM","100","209","182.7165","360.0029","250.0","250.0","73.09","144.00","0","1","1","1.9216","-110.0029","67.2835","-57.25","9/29/2026 12:00:00 AM"
"771","LANDGEAR-00049","LANDGEAR","Landing gear assembly","Degraded","4.0","MU-016","MRD-6L","PORT","Port Logistics Hub","1","1/20/2026 12:00:00 AM","102","248","182.1000","358.3421","250.0","250.0","72.84","143.34","0","1","1","1.9188","-108.3421","67.9000","-56.46","9/30/2026 12:00:00 AM"
"783","MOTOR-ESC-00218","MOTOR-ESC","Motor and speed controller","FlightCritical","12.0","MU-016","MRD-6L","PORT","Port Logistics Hub","3","3/9/2026 12:00:00 AM","81","199","145.7668","285.8197","200.0","200.0","72.88","142.91","0","1","1","1.9188","-85.8197","54.2332","-44.73","9/30/2026 12:00:00 AM"
"544","ROTOR-ASSY-00190","ROTOR-ASSY","Rotor assembly and bearing","FlightCritical","18.0","MU-011","MRD-12H","HIGHLND","Highland Operations","1","4/27/2026 12:00:00 AM","57","106","98.7499","212.9961","150.0","150.0","65.83","142.00","0","1","1","2.1761","-62.9961","51.2501","-28.95","9/29/2026 12:00:00 AM"
"1302","MOTOR-ESC-00357","MOTOR-ESC","Motor and speed controller","FlightCritical","12.0","MU-026","MRD-8X","ACADEMY","Training Academy","2","9/29/2025 12:00:00 AM","152","1222","149.6839","283.0056","200.0","200.0","74.84","141.50","0","1","1","1.9301","-83.0056","50.3161","-43.01","9/28/2026 12:00:00 AM"
"1370","ROTOR-ASSY-00494","ROTOR-ASSY","Rotor assembly and bearing","FlightCritical","18.0","MU-027","MRD-8X","HIGHLND","Highland Operations","3","4/30/2026 12:00:00 AM","62","104","104.6832","210.9122","150.0","150.0","69.79","140.61","0","1","1","1.9080","-60.9122","45.3168","-31.92","9/30/2026 12:00:00 AM"
"30","MOTOR-ESC-00010","MOTOR-ESC","Motor and speed controller","FlightCritical","12.0","MU-001","MRD-8X","PORT","Port Logistics Hub","3","3/13/2026 12:00:00 AM","80","191","135.4004","279.4877","200.0","200.0","67.70","139.74","0","1","1","2.0638","-79.4877","64.5996","-38.52","9/29/2026 12:00:00 AM"
"1042","LANDGEAR-00066","LANDGEAR","Landing gear assembly","Degraded","4.0","MU-021","MRD-8X","ACADEMY","Training Academy","1","6/12/2025 12:00:00 AM","186","1492","185.1667","346.6550","250.0","250.0","74.07","138.66","0","1","1","1.9149","-96.6550","64.8333","-50.48","9/28/2026 12:00:00 AM"
"7","BATT-PACK-00006","BATT-PACK","Main battery pack","FlightCritical","8.0","MU-001","MRD-8X","PORT","Port Logistics Hub","1","6/2/2026 12:00:00 AM","46","108","78.4668","161.8788","120.0","120.0","65.39","134.90","0","1","1","2.0638","-41.8788","41.5332","-20.29","9/29/2026 12:00:00 AM"
"325","MOTOR-ESC-00085","MOTOR-ESC","Motor and speed controller","FlightCritical","12.0","MU-007","MRD-12H","ACADEMY","Training Academy","1","9/27/2025 12:00:00 AM","147","1141","146.0165","269.6915","200.0","200.0","73.01","134.85","0","1","1","1.7137","-69.6915","53.9835","-40.67","9/26/2026 12:00:00 AM"
"221","LANDGEAR-00016","LANDGEAR","Landing gear assembly","Degraded","4.0","MU-005","MRD-8X","PORT","Port Logistics Hub","1","1/16/2026 12:00:00 AM","96","209","164.7832","335.2502","250.0","250.0","65.91","134.10","0","1","1","1.9127","-85.2502","85.2168","-44.57","9/29/2026 12:00:00 AM"
"540","MOTOR-ESC-00155","MOTOR-ESC","Motor and speed controller","FlightCritical","12.0","MU-011","MRD-12H","HIGHLND","Highland Operations","4","3/11/2026 12:00:00 AM","72","135","123.5665","266.7160","200.0","200.0","61.78","133.36","0","1","1","2.1761","-66.7160","76.4335","-30.66","9/29/2026 12:00:00 AM"
"787","MOTOR-ESC-00222","MOTOR-ESC","Motor and speed controller","FlightCritical","12.0","MU-016","MRD-6L","PORT","Port Logistics Hub","4","3/20/2026 12:00:00 AM","75","183","135.1001","265.7542","200.0","200.0","67.55","132.88","0","1","1","1.9188","-65.7542","64.8999","-34.27","9/30/2026 12:00:00 AM"
"1470","GIMBAL-00075","GIMBAL","Payload gimbal","MissionCritical","24.0","MU-030","MRD-8X","PORT","Port Logistics Hub","1","12/25/2025 12:00:00 AM","110","324","193.3667","395.8284","300.0","300.0","64.46","131.94","0","1","1","1.9627","-95.8284","106.6333","-48.82","9/30/2026 12:00:00 AM"
"1297","LANDGEAR-00082","LANDGEAR","Landing gear assembly","Degraded","4.0","MU-026","MRD-8X","ACADEMY","Training Academy","1","8/8/2025 12:00:00 AM","173","1382","169.5337","319.9060","250.0","250.0","67.81","127.96","0","1","1","1.9301","-69.9060","80.4663","-36.22","9/28/2026 12:00:00 AM"
"327","MOTOR-ESC-00087","MOTOR-ESC","Motor and speed controller","FlightCritical","12.0","MU-007","MRD-12H","ACADEMY","Training Academy","2","10/8/2025 12:00:00 AM","139","1084","137.9166","255.3424","200.0","200.0","68.96","127.67","0","1","1","1.7137","-55.3424","62.0834","-32.29","9/26/2026 12:00:00 AM"
"329","MOTOR-ESC-00089","MOTOR-ESC","Motor and speed controller","FlightCritical","12.0","MU-007","MRD-12H","ACADEMY","Training Academy","3","10/8/2025 12:00:00 AM","139","1084","137.9166","255.3424","200.0","200.0","68.96","127.67","0","1","1","1.7137","-55.3424","62.0834","-32.29","9/26/2026 12:00:00 AM"
"683","ROTOR-ASSY-00242","ROTOR-ASSY","Rotor assembly and bearing","FlightCritical","18.0","MU-014","MRD-6L","PORT","Port Logistics Hub","2","5/18/2026 12:00:00 AM","55","146","95.3167","191.0269","150.0","150.0","63.54","127.35","0","1","1","1.8671","-41.0269","54.6833","-21.97","9/30/2026 12:00:00 AM"
"62","BATT-PACK-00018","BATT-PACK","Main battery pack","FlightCritical","8.0","MU-002","MRD-8X","HIGHLND","Highland Operations","1","6/26/2026 12:00:00 AM","42","66","67.4332","151.3844","120.0","120.0","56.19","126.15","0","1","1","2.2807","-31.3844","52.5668","-13.76","9/29/2026 12:00:00 AM"
"554","ROTOR-ASSY-00200","ROTOR-ASSY","Rotor assembly and bearing","FlightCritical","18.0","MU-011","MRD-12H","HIGHLND","Highland Operations","3","5/13/2026 12:00:00 AM","52","99","87.1999","189.0756","150.0","150.0","58.13","126.05","0","1","1","2.1761","-39.0756","62.8001","-17.96","9/29/2026 12:00:00 AM"
"77","LANDGEAR-00007","LANDGEAR","Landing gear assembly","Degraded","4.0","MU-002","MRD-8X","HIGHLND","Highland Operations","1","3/7/2026 12:00:00 AM","83","142","136.9167","311.4790","250.0","250.0","54.77","124.59","0","1","1","2.2807","-61.4790","113.0833","-26.96","9/29/2026 12:00:00 AM"
"679","ROTOR-ASSY-00238","ROTOR-ASSY","Rotor assembly and bearing","FlightCritical","18.0","MU-014","MRD-6L","PORT","Port Logistics Hub","1","5/28/2026 12:00:00 AM","52","138","92.4167","185.4382","150.0","150.0","61.61","123.63","0","1","1","1.8671","-35.4382","57.5833","-18.98","9/30/2026 12:00:00 AM"
"17","GIMBAL-00004","GIMBAL","Payload gimbal","MissionCritical","24.0","MU-001","MRD-8X","PORT","Port Logistics Hub","1","12/31/2025 12:00:00 AM","110","257","184.0339","369.0321","300.0","300.0","61.34","123.01","0","1","1","2.0638","-69.0321","115.9661","-33.45","9/29/2026 12:00:00 AM"
"1127","GIMBAL-00058","GIMBAL","Payload gimbal","MissionCritical","24.0","MU-023","MRD-6L","COASTAL","Coastal Survey Base","1","5/5/2025 12:00:00 AM","201","463","297.0004","364.5200","300.0","300.0","99.00","121.51","0","1","1","1.2827","-64.5200","2.9996","-50.30","9/29/2026 12:00:00 AM"
"1141","MOTOR-ESC-00315","MOTOR-ESC","Motor and speed controller","FlightCritical","12.0","MU-023","MRD-6L","COASTAL","Coastal Survey Base","3","10/29/2025 12:00:00 AM","132","280","195.4000","237.7907","200.0","200.0","97.70","118.90","0","1","1","1.2827","-37.7907","4.6000","-29.46","9/29/2026 12:00:00 AM"
"1144","MOTOR-ESC-00318","MOTOR-ESC","Motor and speed controller","FlightCritical","12.0","MU-023","MRD-6L","COASTAL","Coastal Survey Base","4","10/29/2025 12:00:00 AM","132","280","195.4000","237.7907","200.0","200.0","97.70","118.90","0","1","1","1.2827","-37.7907","4.6000","-29.46","9/29/2026 12:00:00 AM"
"1486","MOTOR-ESC-00413","MOTOR-ESC","Motor and speed controller","FlightCritical","12.0","MU-030","MRD-8X","PORT","Port Logistics Hub","4","4/24/2026 12:00:00 AM","65","190","115.1500","236.3293","200.0","200.0","57.58","118.16","0","1","1","1.9627","-36.3293","84.8500","-18.51","9/30/2026 12:00:00 AM"
"1307","MOTOR-ESC-00362","MOTOR-ESC","Motor and speed controller","FlightCritical","12.0","MU-026","MRD-8X","ACADEMY","Training Academy","4","11/27/2025 12:00:00 AM","127","1008","126.0338","235.9918","200.0","200.0","63.02","118.00","0","1","1","1.9301","-35.9918","73.9662","-18.65","9/28/2026 12:00:00 AM"
"1086","MOTOR-ESC-00295","MOTOR-ESC","Motor and speed controller","FlightCritical","12.0","MU-022","MRD-6L","COASTAL","Coastal Survey Base","1","11/18/2025 12:00:00 AM","131","310","190.4336","234.8751","200.0","200.0","95.22","117.44","0","1","1","1.2703","-34.8751","9.5664","-27.45","9/30/2026 12:00:00 AM"
"891","ROTOR-ASSY-00313","ROTOR-ASSY","Rotor assembly and bearing","FlightCritical","18.0","MU-018","MRD-12H","HIGHLND","Highland Operations","1","4/28/2026 12:00:00 AM","49","92","80.0502","175.2986","150.0","150.0","53.37","116.87","0","1","1","2.1969","-25.2986","69.9498","-11.52","9/30/2026 12:00:00 AM"
"876","MOTOR-ESC-00239","MOTOR-ESC","Motor and speed controller","FlightCritical","12.0","MU-018","MRD-12H","HIGHLND","Highland Operations","2","3/16/2026 12:00:00 AM","66","125","108.5671","233.2459","200.0","200.0","54.28","116.62","0","1","1","2.1969","-33.2459","91.4329","-15.13","9/30/2026 12:00:00 AM"
"746","ROTOR-ASSY-00268","ROTOR-ASSY","Rotor assembly and bearing","FlightCritical","18.0","MU-015","MRD-12H","PORT","Port Logistics Hub","3","5/27/2026 12:00:00 AM","49","93","89.5333","173.6418","150.0","150.0","59.69","115.76","0","1","1","1.9216","-23.6418","60.4667","-12.30","9/29/2026 12:00:00 AM"
"1148","ROTOR-ASSY-00407","ROTOR-ASSY","Rotor assembly and bearing","FlightCritical","18.0","MU-023","MRD-6L","COASTAL","Coastal Survey Base","1","1/30/2026 12:00:00 AM","98","203","144.9000","173.6421","150.0","150.0","96.60","115.76","0","1","1","1.2827","-23.6421","5.1000","-18.43","9/29/2026 12:00:00 AM"
"1162","ROTOR-ASSY-00421","ROTOR-ASSY","Rotor assembly and bearing","FlightCritical","18.0","MU-023","MRD-6L","COASTAL","Coastal Survey Base","4","1/30/2026 12:00:00 AM","98","203","144.9000","173.6421","150.0","150.0","96.60","115.76","0","1","1","1.2827","-23.6421","5.1000","-18.43","9/29/2026 12:00:00 AM"
"1119","BATT-PACK-00242","BATT-PACK","Main battery pack","FlightCritical","8.0","MU-023","MRD-6L","COASTAL","Coastal Survey Base","1","3/10/2026 12:00:00 AM","77","157","113.8331","138.4921","120.0","120.0","94.86","115.41","0","1","1","1.2827","-18.4921","6.1669","-14.42","9/29/2026 12:00:00 AM"
"1342","MOTOR-ESC-00365","MOTOR-ESC","Motor and speed controller","FlightCritical","12.0","MU-027","MRD-8X","HIGHLND","Highland Operations","1","4/21/2026 12:00:00 AM","66","110","112.7832","229.4611","200.0","200.0","56.39","114.73","0","1","1","1.9080","-29.4611","87.2168","-15.44","9/30/2026 12:00:00 AM"
"1023","ROTOR-ASSY-00368","ROTOR-ASSY","Rotor assembly and bearing","FlightCritical","18.0","MU-020","MRD-8X","HIGHLND","Highland Operations","3","6/6/2026 12:00:00 AM","45","80","77.2831","171.9613","150.0","150.0","51.52","114.64","0","1","1","2.2582","-21.9613","72.7169","-9.73","9/25/2026 12:00:00 AM"
"1099","ROTOR-ASSY-00390","ROTOR-ASSY","Rotor assembly and bearing","FlightCritical","18.0","MU-022","MRD-6L","COASTAL","Coastal Survey Base","1","1/27/2026 12:00:00 AM","95","211","138.9170","171.9201","150.0","150.0","92.61","114.61","0","1","1","1.2703","-21.9201","11.0830","-17.26","9/30/2026 12:00:00 AM"
"218","GIMBAL-00014","GIMBAL","Payload gimbal","MissionCritical","24.0","MU-005","MRD-8X","PORT","Port Logistics Hub","1","1/12/2026 12:00:00 AM","98","211","168.7665","341.6532","300.0","300.0","56.26","113.88","0","1","1","1.9127","-41.6532","131.2335","-21.78","9/29/2026 12:00:00 AM"
"1080","GIMBAL-00056","GIMBAL","Payload gimbal","MissionCritical","24.0","MU-022","MRD-6L","COASTAL","Coastal Survey Base","1","6/12/2025 12:00:00 AM","184","411","282.5834","341.0354","300.0","300.0","94.19","113.68","0","1","1","1.2703","-41.0354","17.4166","-32.30","9/30/2026 12:00:00 AM"
"1383","BATT-PACK-00298","BATT-PACK","Main battery pack","FlightCritical","8.0","MU-028","MRD-8X","ACADEMY","Training Academy","2","3/6/2026 12:00:00 AM","75","573","73.9667","135.1654","120.0","120.0","61.64","112.64","0","1","1","1.7297","-15.1654","46.0333","-8.77","9/26/2026 12:00:00 AM"
"1089","MOTOR-ESC-00298","MOTOR-ESC","Motor and speed controller","FlightCritical","12.0","MU-022","MRD-6L","COASTAL","Coastal Survey Base","2","12/4/2025 12:00:00 AM","125","298","181.9003","224.5887","200.0","200.0","90.95","112.29","0","1","1","1.2703","-24.5887","18.0997","-19.36","9/30/2026 12:00:00 AM"
"1092","MOTOR-ESC-00301","MOTOR-ESC","Motor and speed controller","FlightCritical","12.0","MU-022","MRD-6L","COASTAL","Coastal Survey Base","3","12/4/2025 12:00:00 AM","125","298","181.9003","224.5887","200.0","200.0","90.95","112.29","0","1","1","1.2703","-24.5887","18.0997","-19.36","9/30/2026 12:00:00 AM"
"1095","MOTOR-ESC-00304","MOTOR-ESC","Motor and speed controller","FlightCritical","12.0","MU-022","MRD-6L","COASTAL","Coastal Survey Base","4","12/4/2025 12:00:00 AM","125","298","181.9003","224.5887","200.0","200.0","90.95","112.29","0","1","1","1.2703","-24.5887","18.0997","-19.36","9/30/2026 12:00:00 AM"
"1509","BATT-PACK-00322","BATT-PACK","Main battery pack","FlightCritical","8.0","MU-031","MRD-8X","COASTAL","Coastal Survey Base","1","3/25/2026 12:00:00 AM","79","147","117.0499","134.0764","120.0","120.0","97.54","111.73","0","1","1","1.1562","-14.0764","2.9501","-12.17","9/28/2026 12:00:00 AM"
"1473","LANDGEAR-00093","LANDGEAR","Landing gear assembly","Degraded","4.0","MU-030","MRD-8X","PORT","Port Logistics Hub","1","3/13/2026 12:00:00 AM","78","232","135.2667","275.2786","250.0","250.0","54.11","110.11","0","1","1","1.9627","-25.2786","114.7333","-12.88","9/30/2026 12:00:00 AM"
"13","BATT-PACK-00012","BATT-PACK","Main battery pack","FlightCritical","8.0","MU-001","MRD-8X","PORT","Port Logistics Hub","2","6/19/2026 12:00:00 AM","38","86","63.7670","131.7722","120.0","120.0","53.14","109.81","0","1","1","2.0638","-11.7722","56.2330","-5.70","9/29/2026 12:00:00 AM"
"1062","ROTOR-ASSY-00383","ROTOR-ASSY","Rotor assembly and bearing","FlightCritical","18.0","MU-021","MRD-8X","ACADEMY","Training Academy","3","2/10/2026 12:00:00 AM","89","693","88.8836","164.3986","150.0","150.0","59.26","109.60","0","1","1","1.9149","-14.3986","61.1164","-7.52","9/28/2026 12:00:00 AM"
"881","MOTOR-ESC-00244","MOTOR-ESC","Motor and speed controller","FlightCritical","12.0","MU-018","MRD-12H","HIGHLND","Highland Operations","3","3/27/2026 12:00:00 AM","61","118","100.9170","218.5197","200.0","200.0","50.46","109.26","0","1","1","2.1969","-18.5197","99.0830","-8.43","9/30/2026 12:00:00 AM"
"753","AIRDATA-00031","AIRDATA","Air data and pitot module","MissionCritical","6.0","MU-016","MRD-6L","PORT","Port Logistics Hub","1","11/28/2025 12:00:00 AM","127","307","219.9000","435.8772","400.0","400.0","54.98","108.97","0","1","1","1.9188","-35.8772","180.1000","-18.70","9/30/2026 12:00:00 AM"
"20","LANDGEAR-00003","LANDGEAR","Landing gear assembly","Degraded","4.0","MU-001","MRD-8X","PORT","Port Logistics Hub","1","3/17/2026 12:00:00 AM","77","184","131.1171","271.7515","250.0","250.0","52.45","108.70","0","1","1","2.0638","-21.7515","118.8829","-10.54","9/29/2026 12:00:00 AM"
"1103","ROTOR-ASSY-00394","ROTOR-ASSY","Rotor assembly and bearing","FlightCritical","18.0","MU-022","MRD-6L","COASTAL","Coastal Survey Base","2","2/10/2026 12:00:00 AM","88","199","129.2670","162.0301","150.0","150.0","86.18","108.02","0","1","1","1.2703","-12.0301","20.7330","-9.47","9/30/2026 12:00:00 AM"
"1107","ROTOR-ASSY-00398","ROTOR-ASSY","Rotor assembly and bearing","FlightCritical","18.0","MU-022","MRD-6L","COASTAL","Coastal Survey Base","3","2/10/2026 12:00:00 AM","88","199","129.2670","162.0301","150.0","150.0","86.18","108.02","0","1","1","1.2703","-12.0301","20.7330","-9.47","9/30/2026 12:00:00 AM"
"726","MOTOR-ESC-00202","MOTOR-ESC","Motor and speed controller","FlightCritical","12.0","MU-015","MRD-12H","PORT","Port Logistics Hub","3","5/1/2026 12:00:00 AM","59","112","108.3834","214.7138","200.0","200.0","54.19","107.36","0","1","1","1.9216","-14.7138","91.6166","-7.66","9/29/2026 12:00:00 AM"
"93","MOTOR-ESC-00030","MOTOR-ESC","Motor and speed controller","FlightCritical","12.0","MU-002","MRD-8X","HIGHLND","Highland Operations","4","5/18/2026 12:00:00 AM","58","90","94.6001","213.5546","200.0","200.0","47.30","106.78","0","1","1","2.2807","-13.5546","105.3999","-5.94","9/29/2026 12:00:00 AM"
"946","MOTOR-ESC-00261","MOTOR-ESC","Motor and speed controller","FlightCritical","12.0","MU-019","MRD-8X","PORT","Port Logistics Hub","3","4/8/2026 12:00:00 AM","67","177","111.5665","212.1741","200.0","200.0","55.78","106.09","0","1","1","1.8879","-12.1741","88.4335","-6.45","9/28/2026 12:00:00 AM"
"167","BATT-PACK-00044","BATT-PACK","Main battery pack","FlightCritical","8.0","MU-004","MRD-12H","COASTAL","Coastal Survey Base","2","4/8/2026 12:00:00 AM","73","152","111.2331","126.5973","120.0","120.0","92.69","105.50","0","1","1","1.1001","-6.5973","8.7669","-6.00","9/30/2026 12:00:00 AM"
"765","BATT-PACK-00172","BATT-PACK","Main battery pack","FlightCritical","8.0","MU-016","MRD-6L","PORT","Port Logistics Hub","2","6/19/2026 12:00:00 AM","38","102","65.0666","126.5500","120.0","120.0","54.22","105.46","0","1","1","1.9188","-6.5500","54.9334","-3.41","9/30/2026 12:00:00 AM"
"581","MOTOR-ESC-00161","MOTOR-ESC","Motor and speed controller","FlightCritical","12.0","MU-012","MRD-8X","COASTAL","Coastal Survey Base","2","12/12/2025 12:00:00 AM","113","238","177.5831","210.6598","200.0","200.0","88.79","105.33","0","1","1","1.0819","-10.6598","22.4169","-9.85","9/30/2026 12:00:00 AM"
"1483","MOTOR-ESC-00410","MOTOR-ESC","Motor and speed controller","FlightCritical","12.0","MU-030","MRD-8X","PORT","Port Logistics Hub","3","5/12/2026 12:00:00 AM","57","162","102.5166","209.8052","200.0","200.0","51.26","104.90","0","1","1","1.9627","-9.8052","97.4834","-5.00","9/30/2026 12:00:00 AM"
"387","ROTOR-ASSY-00134","ROTOR-ASSY","Rotor assembly and bearing","FlightCritical","18.0","MU-008","MRD-12H","HIGHLND","Highland Operations","1","6/4/2026 12:00:00 AM","45","90","72.5831","157.1948","150.0","150.0","48.39","104.80","0","1","1","2.3105","-7.1948","77.4169","-3.11","9/28/2026 12:00:00 AM"
"1389","MOTOR-ESC-00380","MOTOR-ESC","Motor and speed controller","FlightCritical","12.0","MU-028","MRD-8X","ACADEMY","Training Academy","1","11/13/2025 12:00:00 AM","113","858","115.1166","207.2329","200.0","200.0","57.56","103.62","0","1","1","1.7297","-7.2329","84.8834","-4.18","9/26/2026 12:00:00 AM"
"1391","MOTOR-ESC-00382","MOTOR-ESC","Motor and speed controller","FlightCritical","12.0","MU-028","MRD-8X","ACADEMY","Training Academy","2","11/13/2025 12:00:00 AM","113","858","115.1166","207.2329","200.0","200.0","57.56","103.62","0","1","1","1.7297","-7.2329","84.8834","-4.18","9/26/2026 12:00:00 AM"
"1393","MOTOR-ESC-00384","MOTOR-ESC","Motor and speed controller","FlightCritical","12.0","MU-028","MRD-8X","ACADEMY","Training Academy","3","11/13/2025 12:00:00 AM","113","858","115.1166","207.2329","200.0","200.0","57.56","103.62","0","1","1","1.7297","-7.2329","84.8834","-4.18","9/26/2026 12:00:00 AM"
"1395","MOTOR-ESC-00386","MOTOR-ESC","Motor and speed controller","FlightCritical","12.0","MU-028","MRD-8X","ACADEMY","Training Academy","4","11/13/2025 12:00:00 AM","113","858","115.1166","207.2329","200.0","200.0","57.56","103.62","0","1","1","1.7297","-7.2329","84.8834","-4.18","9/26/2026 12:00:00 AM"
"204","AIRDATA-00010","AIRDATA","Air data and pitot module","MissionCritical","6.0","MU-005","MRD-8X","PORT","Port Logistics Hub","1","11/19/2025 12:00:00 AM","118","259","204.4998","414.1338","400.0","400.0","51.12","103.53","0","1","1","1.9127","-14.1338","195.5002","-7.39","9/29/2026 12:00:00 AM"
"974","ROTOR-ASSY-00354","ROTOR-ASSY","Rotor assembly and bearing","FlightCritical","18.0","MU-019","MRD-8X","PORT","Port Logistics Hub","4","5/23/2026 12:00:00 AM","50","139","81.0666","154.3881","150.0","150.0","54.04","102.93","0","1","1","1.8879","-4.3881","68.9334","-2.32","9/28/2026 12:00:00 AM"
"276","GIMBAL-00016","GIMBAL","Payload gimbal","MissionCritical","24.0","MU-006","MRD-8X","COASTAL","Coastal Survey Base","1","7/19/2025 12:00:00 AM","168","358","256.4332","305.1845","300.0","300.0","85.48","101.73","0","1","1","1.0800","-5.1845","43.5668","-4.80","9/30/2026 12:00:00 AM"
"169","GIMBAL-00011","GIMBAL","Payload gimbal","MissionCritical","24.0","MU-004","MRD-12H","COASTAL","Coastal Survey Base","1","8/22/2025 12:00:00 AM","175","355","263.7661","302.8475","300.0","300.0","87.92","100.95","0","1","1","1.1001","-2.8475","36.2339","-2.59","9/30/2026 12:00:00 AM"
"347","AIRDATA-00015","AIRDATA","Air data and pitot module","MissionCritical","6.0","MU-008","MRD-12H","HIGHLND","Highland Operations","1","11/28/2025 12:00:00 AM","111","221","186.2996","402.1619","400.0","400.0","46.57","100.54","0","1","1","2.3105","-2.1619","213.7004","-0.94","9/28/2026 12:00:00 AM"
"1432","MOTOR-ESC-00393","MOTOR-ESC","Motor and speed controller","FlightCritical","12.0","MU-029","MRD-12H","COASTAL","Coastal Survey Base","2","11/10/2025 12:00:00 AM","116","237","173.1999","200.5344","200.0","200.0","86.60","100.27","0","1","1","1.1733","-0.5344","26.8001","-0.46","9/30/2026 12:00:00 AM"
"1083","LANDGEAR-00069","LANDGEAR","Landing gear assembly","Degraded","4.0","MU-022","MRD-6L","COASTAL","Coastal Survey Base","1","10/24/2025 12:00:00 AM","138","320","203.3836","248.0251","250.0","250.0","81.35","99.21","0","0","0","1.2703","1.9749","46.6164","1.55","9/30/2026 12:00:00 AM"
"1072","BATT-PACK-00231","BATT-PACK","Main battery pack","FlightCritical","8.0","MU-022","MRD-6L","COASTAL","Coastal Survey Base","1","4/10/2026 12:00:00 AM","67","152","96.7337","118.7168","120.0","120.0","80.61","98.93","0","0","0","1.2703","1.2832","23.2663","1.01","9/30/2026 12:00:00 AM"
"1234","BATT-PACK-00273","BATT-PACK","Main battery pack","FlightCritical","8.0","MU-025","MRD-8X","HIGHLND","Highland Operations","2","6/29/2026 12:00:00 AM","30","57","53.5334","116.2643","120.0","120.0","44.61","96.89","0","0","0","2.1718","3.7357","66.4666","1.72","9/26/2026 12:00:00 AM"
"1065","ROTOR-ASSY-00386","ROTOR-ASSY","Rotor assembly and bearing","FlightCritical","18.0","MU-021","MRD-8X","ACADEMY","Training Academy","4","3/11/2026 12:00:00 AM","79","606","78.6838","144.8719","150.0","150.0","52.46","96.58","0","0","0","1.9149","5.1281","71.3162","2.68","9/28/2026 12:00:00 AM"
"1055","ROTOR-ASSY-00376","ROTOR-ASSY","Rotor assembly and bearing","FlightCritical","18.0","MU-021","MRD-8X","ACADEMY","Training Academy","1","3/11/2026 12:00:00 AM","79","606","78.6838","144.8719","150.0","150.0","52.46","96.58","0","0","0","1.9149","5.1281","71.3162","2.68","9/28/2026 12:00:00 AM"
"810","ROTOR-ASSY-00296","ROTOR-ASSY","Rotor assembly and bearing","FlightCritical","18.0","MU-016","MRD-6L","PORT","Port Logistics Hub","4","6/6/2026 12:00:00 AM","43","110","75.1333","144.7524","150.0","150.0","50.09","96.50","0","0","0","1.9188","5.2476","74.8667","2.73","9/30/2026 12:00:00 AM"
"1334","BATT-PACK-00291","BATT-PACK","Main battery pack","FlightCritical","8.0","MU-027","MRD-8X","HIGHLND","Highland Operations","2","7/9/2026 12:00:00 AM","35","58","58.4668","115.6889","120.0","120.0","48.72","96.41","0","0","0","1.9080","4.3111","61.5332","2.26","9/30/2026 12:00:00 AM"
"1519","LANDGEAR-00095","LANDGEAR","Landing gear assembly","Degraded","4.0","MU-031","MRD-8X","COASTAL","Coastal Survey Base","1","10/23/2025 12:00:00 AM","135","267","203.2167","240.0848","250.0","250.0","81.29","96.03","0","0","0","1.1562","9.9152","46.7833","8.58","9/28/2026 12:00:00 AM"
"1479","MOTOR-ESC-00406","MOTOR-ESC","Motor and speed controller","FlightCritical","12.0","MU-030","MRD-8X","PORT","Port Logistics Hub","2","5/25/2026 12:00:00 AM","52","154","93.2499","190.7085","200.0","200.0","46.62","95.35","0","0","0","1.9627","9.2915","106.7501","4.73","9/30/2026 12:00:00 AM"
"549","ROTOR-ASSY-00195","ROTOR-ASSY","Rotor assembly and bearing","FlightCritical","18.0","MU-011","MRD-12H","HIGHLND","Highland Operations","2","6/24/2026 12:00:00 AM","39","71","65.2332","143.0205","150.0","150.0","43.49","95.35","0","0","0","2.1761","6.9795","84.7668","3.21","9/29/2026 12:00:00 AM"
"336","ROTOR-ASSY-00120","ROTOR-ASSY","Rotor assembly and bearing","FlightCritical","18.0","MU-007","MRD-12H","ACADEMY","Training Academy","1","3/14/2026 12:00:00 AM","77","583","79.1998","142.6207","150.0","150.0","52.80","95.08","0","0","0","1.7137","7.3793","70.8002","4.31","9/26/2026 12:00:00 AM"
"175","MOTOR-ESC-00043","MOTOR-ESC","Motor and speed controller","FlightCritical","12.0","MU-004","MRD-12H","COASTAL","Coastal Survey Base","1","1/6/2026 12:00:00 AM","107","221","164.4330","188.2434","200.0","200.0","82.22","94.12","0","0","0","1.1001","11.7566","35.5670","10.69","9/30/2026 12:00:00 AM"
"178","MOTOR-ESC-00046","MOTOR-ESC","Motor and speed controller","FlightCritical","12.0","MU-004","MRD-12H","COASTAL","Coastal Survey Base","2","1/6/2026 12:00:00 AM","107","221","164.4330","188.2434","200.0","200.0","82.22","94.12","0","0","0","1.1001","11.7566","35.5670","10.69","9/30/2026 12:00:00 AM"
"181","MOTOR-ESC-00049","MOTOR-ESC","Motor and speed controller","FlightCritical","12.0","MU-004","MRD-12H","COASTAL","Coastal Survey Base","3","1/6/2026 12:00:00 AM","107","221","164.4330","188.2434","200.0","200.0","82.22","94.12","0","0","0","1.1001","11.7566","35.5670","10.69","9/30/2026 12:00:00 AM"
"184","MOTOR-ESC-00052","MOTOR-ESC","Motor and speed controller","FlightCritical","12.0","MU-004","MRD-12H","COASTAL","Coastal Survey Base","4","1/6/2026 12:00:00 AM","107","221","164.4330","188.2434","200.0","200.0","82.22","94.12","0","0","0","1.1001","11.7566","35.5670","10.69","9/30/2026 12:00:00 AM"
"708","BATT-PACK-00160","BATT-PACK","Main battery pack","FlightCritical","8.0","MU-015","MRD-12H","PORT","Port Logistics Hub","2","7/7/2026 12:00:00 AM","33","67","57.8334","112.4564","120.0","120.0","48.19","93.71","0","0","0","1.9216","7.5436","62.1666","3.93","9/29/2026 12:00:00 AM"
"302","ROTOR-ASSY-00108","ROTOR-ASSY","Rotor assembly and bearing","FlightCritical","18.0","MU-006","MRD-8X","COASTAL","Coastal Survey Base","2","3/7/2026 12:00:00 AM","77","155","116.9335","139.1851","150.0","150.0","77.96","92.79","0","0","0","1.0800","10.8149","33.0665","10.01","9/30/2026 12:00:00 AM"
"572","GIMBAL-00030","GIMBAL","Payload gimbal","MissionCritical","24.0","MU-012","MRD-8X","COASTAL","Coastal Survey Base","1","9/18/2025 12:00:00 AM","151","317","234.9165","277.4795","300.0","300.0","78.31","92.49","0","0","0","1.0819","22.5205","65.0835","20.82","9/30/2026 12:00:00 AM"
"1494","ROTOR-ASSY-00536","ROTOR-ASSY","Rotor assembly and bearing","FlightCritical","18.0","MU-030","MRD-8X","PORT","Port Logistics Hub","2","7/1/2026 12:00:00 AM","40","128","69.0001","138.2596","150.0","150.0","46.00","92.17","0","0","0","1.9627","11.7404","80.9999","5.98","9/30/2026 12:00:00 AM"
"1033","BATT-PACK-00222","BATT-PACK","Main battery pack","FlightCritical","8.0","MU-021","MRD-8X","ACADEMY","Training Academy","1","5/6/2026 12:00:00 AM","60","467","58.3004","109.3051","120.0","120.0","48.58","91.09","0","0","0","1.9149","10.6949","61.6996","5.59","9/28/2026 12:00:00 AM"
"365","LANDGEAR-00025","LANDGEAR","Landing gear assembly","Degraded","4.0","MU-008","MRD-12H","HIGHLND","Highland Operations","1","4/22/2026 12:00:00 AM","62","120","102.3497","227.5985","250.0","250.0","40.94","91.04","0","0","0","2.3105","22.4015","147.6503","9.70","9/28/2026 12:00:00 AM"
"649","BATT-PACK-00141","BATT-PACK","Main battery pack","FlightCritical","8.0","MU-014","MRD-6L","PORT","Port Logistics Hub","1","6/30/2026 12:00:00 AM","35","100","57.4667","108.9013","120.0","120.0","47.89","90.75","0","0","0","1.8671","11.0987","62.5333","5.94","9/30/2026 12:00:00 AM"
"655","BATT-PACK-00147","BATT-PACK","Main battery pack","FlightCritical","8.0","MU-014","MRD-6L","PORT","Port Logistics Hub","2","6/30/2026 12:00:00 AM","35","100","57.4667","108.9013","120.0","120.0","47.89","90.75","0","0","0","1.8671","11.0987","62.5333","5.94","9/30/2026 12:00:00 AM"
"290","MOTOR-ESC-00080","MOTOR-ESC","Motor and speed controller","FlightCritical","12.0","MU-006","MRD-8X","COASTAL","Coastal Survey Base","3","1/6/2026 12:00:00 AM","101","201","155.8503","180.8085","200.0","200.0","77.93","90.40","0","0","0","1.0800","19.1915","44.1497","17.77","9/30/2026 12:00:00 AM"
"293","MOTOR-ESC-00083","MOTOR-ESC","Motor and speed controller","FlightCritical","12.0","MU-006","MRD-8X","COASTAL","Coastal Survey Base","4","1/6/2026 12:00:00 AM","101","201","155.8503","180.8085","200.0","200.0","77.93","90.40","0","0","0","1.0800","19.1915","44.1497","17.77","9/30/2026 12:00:00 AM"
"848","AIRDATA-00035","AIRDATA","Air data and pitot module","MissionCritical","6.0","MU-018","MRD-12H","HIGHLND","Highland Operations","1","12/26/2025 12:00:00 AM","99","181","165.3671","357.5495","400.0","400.0","41.34","89.39","0","0","0","2.1969","42.4505","234.6329","19.32","9/30/2026 12:00:00 AM"
"1380","BATT-PACK-00295","BATT-PACK","Main battery pack","FlightCritical","8.0","MU-028","MRD-8X","ACADEMY","Training Academy","1","4/15/2026 12:00:00 AM","60","441","59.6000","106.7775","120.0","120.0","49.67","88.98","0","0","0","1.7297","13.2225","60.4000","7.64","9/26/2026 12:00:00 AM"
"695","AIRDATA-00029","AIRDATA","Air data and pitot module","MissionCritical","6.0","MU-015","MRD-12H","PORT","Port Logistics Hub","1","1/17/2026 12:00:00 AM","98","206","178.9165","351.3893","400.0","400.0","44.73","87.85","0","0","0","1.9216","48.6107","221.0835","25.30","9/29/2026 12:00:00 AM"
"1","AIRDATA-00002","AIRDATA","Air data and pitot module","MissionCritical","6.0","MU-001","MRD-8X","PORT","Port Logistics Hub","1","1/19/2026 12:00:00 AM","103","246","173.0506","347.6434","400.0","400.0","43.26","86.91","0","0","0","2.0638","52.3566","226.9494","25.37","9/29/2026 12:00:00 AM"
"188","ROTOR-ASSY-00061","ROTOR-ASSY","Rotor assembly and bearing","FlightCritical","18.0","MU-004","MRD-12H","COASTAL","Coastal Survey Base","1","4/6/2026 12:00:00 AM","74","156","112.2831","128.2541","150.0","150.0","74.86","85.50","0","0","0","1.1001","21.7459","37.7169","19.77","9/30/2026 12:00:00 AM"
"192","ROTOR-ASSY-00065","ROTOR-ASSY","Rotor assembly and bearing","FlightCritical","18.0","MU-004","MRD-12H","COASTAL","Coastal Survey Base","2","4/6/2026 12:00:00 AM","74","156","112.2831","128.2541","150.0","150.0","74.86","85.50","0","0","0","1.1001","21.7459","37.7169","19.77","9/30/2026 12:00:00 AM"
"473","GIMBAL-00026","GIMBAL","Payload gimbal","MissionCritical","24.0","MU-010","MRD-12H","COASTAL","Coastal Survey Base","1","9/11/2025 12:00:00 AM","144","294","227.3503","256.1935","300.0","300.0","75.78","85.40","0","0","0","1.0768","43.8065","72.6497","40.68","9/30/2026 12:00:00 AM"
"976","AIRDATA-00041","AIRDATA","Air data and pitot module","MissionCritical","6.0","MU-020","MRD-8X","HIGHLND","Highland Operations","1","1/29/2026 12:00:00 AM","92","190","159.4829","339.1374","400.0","400.0","39.87","84.78","0","0","0","2.2582","60.8626","240.5171","26.95","9/25/2026 12:00:00 AM"
"162","BATT-PACK-00039","BATT-PACK","Main battery pack","FlightCritical","8.0","MU-004","MRD-12H","COASTAL","Coastal Survey Base","1","5/20/2026 12:00:00 AM","57","116","88.4664","101.1466","120.0","120.0","73.72","84.29","0","0","0","1.1001","18.8534","31.5336","17.14","9/30/2026 12:00:00 AM"
"1014","ROTOR-ASSY-00359","ROTOR-ASSY","Rotor assembly and bearing","FlightCritical","18.0","MU-020","MRD-8X","HIGHLND","Highland Operations","1","7/3/2026 12:00:00 AM","34","58","56.5997","124.6361","150.0","150.0","37.73","83.09","0","0","0","2.2582","25.3639","93.4003","11.23","9/25/2026 12:00:00 AM"
"886","MOTOR-ESC-00249","MOTOR-ESC","Motor and speed controller","FlightCritical","12.0","MU-018","MRD-12H","HIGHLND","Highland Operations","4","5/18/2026 12:00:00 AM","46","85","74.8835","163.2938","200.0","200.0","37.44","81.65","0","0","0","2.1969","36.7062","125.1165","16.71","9/30/2026 12:00:00 AM"
"1447","ROTOR-ASSY-00519","ROTOR-ASSY","Rotor assembly and bearing","FlightCritical","18.0","MU-029","MRD-12H","COASTAL","Coastal Survey Base","2","4/15/2026 12:00:00 AM","68","143","101.3666","121.0620","150.0","150.0","67.58","80.71","0","0","0","1.1733","28.9380","48.6334","24.66","9/30/2026 12:00:00 AM"
"660","LANDGEAR-00043","LANDGEAR","Landing gear assembly","Degraded","4.0","MU-014","MRD-6L","PORT","Port Logistics Hub","1","5/14/2026 12:00:00 AM","58","150","101.2167","201.7365","250.0","250.0","40.49","80.69","0","0","0","1.8671","48.2635","148.7833","25.85","9/30/2026 12:00:00 AM"
"306","ROTOR-ASSY-00112","ROTOR-ASSY","Rotor assembly and bearing","FlightCritical","18.0","MU-006","MRD-8X","COASTAL","Coastal Survey Base","3","4/8/2026 12:00:00 AM","68","131","103.8334","118.8330","150.0","150.0","69.22","79.22","0","0","0","1.0800","31.1670","46.1666","28.86","9/30/2026 12:00:00 AM"
"578","MOTOR-ESC-00158","MOTOR-ESC","Motor and speed controller","FlightCritical","12.0","MU-012","MRD-8X","COASTAL","Coastal Survey Base","1","2/23/2026 12:00:00 AM","87","184","132.7830","157.8001","200.0","200.0","66.39","78.90","0","0","0","1.0819","42.1999","67.2170","39.01","9/30/2026 12:00:00 AM"
"584","MOTOR-ESC-00164","MOTOR-ESC","Motor and speed controller","FlightCritical","12.0","MU-012","MRD-8X","COASTAL","Coastal Survey Base","3","2/23/2026 12:00:00 AM","87","184","132.7830","157.8001","200.0","200.0","66.39","78.90","0","0","0","1.0819","42.1999","67.2170","39.01","9/30/2026 12:00:00 AM"
"587","MOTOR-ESC-00167","MOTOR-ESC","Motor and speed controller","FlightCritical","12.0","MU-012","MRD-8X","COASTAL","Coastal Survey Base","4","2/23/2026 12:00:00 AM","87","184","132.7830","157.8001","200.0","200.0","66.39","78.90","0","0","0","1.0819","42.1999","67.2170","39.01","9/30/2026 12:00:00 AM"
"49","ROTOR-ASSY-00015","ROTOR-ASSY","Rotor assembly and bearing","FlightCritical","18.0","MU-001","MRD-8X","PORT","Port Logistics Hub","3","6/29/2026 12:00:00 AM","34","80","56.6336","117.2555","150.0","150.0","37.76","78.17","0","0","0","2.0638","32.7445","93.3664","15.87","9/29/2026 12:00:00 AM"
"431","MOTOR-ESC-00118","MOTOR-ESC","Motor and speed controller","FlightCritical","12.0","MU-009","MRD-8X","COASTAL","Coastal Survey Base","2","3/14/2026 12:00:00 AM","78","145","127.4502","155.1039","200.0","200.0","63.73","77.55","0","0","0","1.1930","44.8961","72.5498","37.63","9/25/2026 12:00:00 AM"
"938","MOTOR-ESC-00253","MOTOR-ESC","Motor and speed controller","FlightCritical","12.0","MU-019","MRD-8X","PORT","Port Logistics Hub","1","5/23/2026 12:00:00 AM","50","139","81.0666","154.3881","200.0","200.0","40.53","77.19","0","0","0","1.8879","45.6119","118.9334","24.16","9/28/2026 12:00:00 AM"
"942","MOTOR-ESC-00257","MOTOR-ESC","Motor and speed controller","FlightCritical","12.0","MU-019","MRD-8X","PORT","Port Logistics Hub","2","5/23/2026 12:00:00 AM","50","139","81.0666","154.3881","200.0","200.0","40.53","77.19","0","0","0","1.8879","45.6119","118.9334","24.16","9/28/2026 12:00:00 AM"
"1059","ROTOR-ASSY-00380","ROTOR-ASSY","Rotor assembly and bearing","FlightCritical","18.0","MU-021","MRD-8X","ACADEMY","Training Academy","2","4/27/2026 12:00:00 AM","63","481","62.3004","114.8080","150.0","150.0","41.53","76.54","0","0","0","1.9149","35.1920","87.6996","18.38","9/28/2026 12:00:00 AM"
"591","ROTOR-ASSY-00208","ROTOR-ASSY","Rotor assembly and bearing","FlightCritical","18.0","MU-012","MRD-8X","COASTAL","Coastal Survey Base","1","5/13/2026 12:00:00 AM","64","126","97.1664","114.3230","150.0","150.0","64.78","76.22","0","0","0","1.0819","35.6770","52.8336","32.98","9/30/2026 12:00:00 AM"
"595","ROTOR-ASSY-00212","ROTOR-ASSY","Rotor assembly and bearing","FlightCritical","18.0","MU-012","MRD-8X","COASTAL","Coastal Survey Base","2","5/13/2026 12:00:00 AM","64","126","97.1664","114.3230","150.0","150.0","64.78","76.22","0","0","0","1.0819","35.6770","52.8336","32.98","9/30/2026 12:00:00 AM"
"1208","ROTOR-ASSY-00431","ROTOR-ASSY","Rotor assembly and bearing","FlightCritical","18.0","MU-024","MRD-8X","COASTAL","Coastal Survey Base","2","4/8/2026 12:00:00 AM","65","137","102.1502","113.9931","150.0","150.0","68.10","76.00","0","0","0","1.0798","36.0069","47.8498","33.35","9/30/2026 12:00:00 AM"
"333","MOTOR-ESC-00093","MOTOR-ESC","Motor and speed controller","FlightCritical","12.0","MU-007","MRD-12H","ACADEMY","Training Academy","4","2/27/2026 12:00:00 AM","82","624","83.8332","151.4936","200.0","200.0","41.92","75.75","0","0","0","1.7137","48.5064","116.1668","28.31","9/26/2026 12:00:00 AM"
"104","ROTOR-ASSY-00031","ROTOR-ASSY","Rotor assembly and bearing","FlightCritical","18.0","MU-002","MRD-8X","HIGHLND","Highland Operations","2","7/24/2026 12:00:00 AM","32","51","50.1499","113.4683","150.0","150.0","33.43","75.65","0","0","0","2.2807","36.5317","99.8501","16.02","9/29/2026 12:00:00 AM"
"1009","MOTOR-ESC-00282","MOTOR-ESC","Motor and speed controller","FlightCritical","12.0","MU-020","MRD-8X","HIGHLND","Highland Operations","4","6/12/2026 12:00:00 AM","41","73","68.5165","150.9835","200.0","200.0","34.26","75.49","0","0","0","2.2582","49.0165","131.4835","21.71","9/25/2026 12:00:00 AM"
"570","BATT-PACK-00126","BATT-PACK","Main battery pack","FlightCritical","8.0","MU-012","MRD-8X","COASTAL","Coastal Survey Base","2","6/18/2026 12:00:00 AM","50","98","76.2664","89.6408","120.0","120.0","63.56","74.70","0","0","0","1.0819","30.3592","43.7336","28.06","9/30/2026 12:00:00 AM"
"642","AIRDATA-00027","AIRDATA","Air data and pitot module","MissionCritical","6.0","MU-014","MRD-6L","PORT","Port Logistics Hub","1","2/17/2026 12:00:00 AM","86","225","148.1166","293.8707","400.0","400.0","37.03","73.47","0","0","0","1.8671","106.1293","251.8834","56.84","9/30/2026 12:00:00 AM"
"934","LANDGEAR-00059","LANDGEAR","Landing gear assembly","Degraded","4.0","MU-019","MRD-8X","PORT","Port Logistics Hub","1","4/20/2026 12:00:00 AM","59","156","97.4333","183.5789","250.0","250.0","38.97","73.43","0","0","0","1.8879","66.4211","152.5667","35.18","9/28/2026 12:00:00 AM"
"269","BATT-PACK-00060","BATT-PACK","Main battery pack","FlightCritical","8.0","MU-006","MRD-8X","COASTAL","Coastal Survey Base","1","5/27/2026 12:00:00 AM","50","90","76.3669","86.1251","120.0","120.0","63.64","71.77","0","0","0","1.0800","33.8749","43.6331","31.37","9/30/2026 12:00:00 AM"
"489","MOTOR-ESC-00139","MOTOR-ESC","Motor and speed controller","FlightCritical","12.0","MU-010","MRD-12H","COASTAL","Coastal Survey Base","4","3/12/2026 12:00:00 AM","78","160","125.9167","143.1013","200.0","200.0","62.96","71.55","0","0","0","1.0768","56.8987","74.0833","52.84","9/30/2026 12:00:00 AM"
"599","ROTOR-ASSY-00216","ROTOR-ASSY","Rotor assembly and bearing","FlightCritical","18.0","MU-012","MRD-8X","COASTAL","Coastal Survey Base","3","5/23/2026 12:00:00 AM","61","120","92.0997","106.9351","150.0","150.0","61.40","71.29","0","0","0","1.0819","43.0649","57.9003","39.80","9/30/2026 12:00:00 AM"
"405","AIRDATA-00017","AIRDATA","Air data and pitot module","MissionCritical","6.0","MU-009","MRD-8X","COASTAL","Coastal Survey Base","1","9/20/2025 12:00:00 AM","155","321","239.3335","284.7875","400.0","400.0","59.83","71.20","0","0","0","1.1930","115.2125","160.6665","96.57","9/25/2026 12:00:00 AM"
"1256","MOTOR-ESC-00348","MOTOR-ESC","Motor and speed controller","FlightCritical","12.0","MU-025","MRD-8X","HIGHLND","Highland Operations","3","6/2/2026 12:00:00 AM","36","66","65.2001","140.2106","200.0","200.0","32.60","70.11","0","0","0","2.1718","59.7894","134.7999","27.53","9/26/2026 12:00:00 AM"
"274","BATT-PACK-00065","BATT-PACK","Main battery pack","FlightCritical","8.0","MU-006","MRD-8X","COASTAL","Coastal Survey Base","2","5/28/2026 12:00:00 AM","49","89","74.2502","83.9884","120.0","120.0","61.88","69.99","0","0","0","1.0800","36.0116","45.7498","33.34","9/30/2026 12:00:00 AM"
"1237","GIMBAL-00064","GIMBAL","Payload gimbal","MissionCritical","24.0","MU-025","MRD-8X","HIGHLND","Highland Operations","1","4/27/2026 12:00:00 AM","55","101","95.2002","208.2579","300.0","300.0","31.73","69.42","0","0","0","2.1718","91.7421","204.7998","42.24","9/26/2026 12:00:00 AM"
"197","ROTOR-ASSY-00070","ROTOR-ASSY","Rotor assembly and bearing","FlightCritical","18.0","MU-004","MRD-12H","COASTAL","Coastal Survey Base","3","5/19/2026 12:00:00 AM","58","117","90.7831","103.4833","150.0","150.0","60.52","68.99","0","0","0","1.1001","46.5167","59.2169","42.28","9/30/2026 12:00:00 AM"
"116","ROTOR-ASSY-00043","ROTOR-ASSY","Rotor assembly and bearing","FlightCritical","18.0","MU-002","MRD-8X","HIGHLND","Highland Operations","4","7/29/2026 12:00:00 AM","29","47","45.2499","102.6564","150.0","150.0","30.17","68.44","0","0","0","2.2807","47.3436","104.7501","20.76","9/29/2026 12:00:00 AM"
"759","BATT-PACK-00166","BATT-PACK","Main battery pack","FlightCritical","8.0","MU-016","MRD-6L","PORT","Port Logistics Hub","1","7/11/2026 12:00:00 AM","26","70","43.4668","81.7112","120.0","120.0","36.22","68.09","0","0","0","1.9188","38.2888","76.5332","19.95","9/30/2026 12:00:00 AM"
"1404","ROTOR-ASSY-00508","ROTOR-ASSY","Rotor assembly and bearing","FlightCritical","18.0","MU-028","MRD-8X","ACADEMY","Training Academy","3","4/27/2026 12:00:00 AM","56","409","55.9166","99.4043","150.0","150.0","37.28","66.27","0","0","0","1.7297","50.5957","94.0834","29.25","9/26/2026 12:00:00 AM"
"423","LANDGEAR-00028","LANDGEAR","Landing gear assembly","Degraded","4.0","MU-009","MRD-8X","COASTAL","Coastal Survey Base","1","3/3/2026 12:00:00 AM","84","157","137.5337","165.4274","250.0","250.0","55.01","66.17","0","0","0","1.1930","84.5726","112.4663","70.89","9/25/2026 12:00:00 AM"
"1439","MOTOR-ESC-00400","MOTOR-ESC","Motor and speed controller","FlightCritical","12.0","MU-029","MRD-12H","COASTAL","Coastal Survey Base","4","3/28/2026 12:00:00 AM","76","157","111.7332","132.1469","200.0","200.0","55.87","66.07","0","0","0","1.1733","67.8531","88.2668","57.83","9/30/2026 12:00:00 AM"
"957","ROTOR-ASSY-00337","ROTOR-ASSY","Rotor assembly and bearing","FlightCritical","18.0","MU-019","MRD-8X","PORT","Port Logistics Hub","1","7/10/2026 12:00:00 AM","33","90","53.0499","98.9016","150.0","150.0","35.37","65.93","0","0","0","1.8879","51.0984","96.9501","27.07","9/28/2026 12:00:00 AM"
"864","GIMBAL-00046","GIMBAL","Payload gimbal","MissionCritical","24.0","MU-018","MRD-12H","HIGHLND","Highland Operations","1","4/13/2026 12:00:00 AM","54","108","89.3336","195.8584","300.0","300.0","29.78","65.29","0","0","0","2.1969","104.1416","210.6664","47.40","9/30/2026 12:00:00 AM"
"719","MOTOR-ESC-00195","MOTOR-ESC","Motor and speed controller","FlightCritical","12.0","MU-015","MRD-12H","PORT","Port Logistics Hub","1","6/29/2026 12:00:00 AM","37","72","65.3167","127.5546","200.0","200.0","32.66","63.78","0","0","0","1.9216","72.4454","134.6833","37.70","9/29/2026 12:00:00 AM"
"323","LANDGEAR-00021","LANDGEAR","Landing gear assembly","Degraded","4.0","MU-007","MRD-12H","ACADEMY","Training Academy","1","2/16/2026 12:00:00 AM","86","658","87.6998","159.1562","250.0","250.0","35.08","63.66","0","0","0","1.7137","90.8438","162.3002","53.01","9/26/2026 12:00:00 AM"
"1536","ROTOR-ASSY-00549","ROTOR-ASSY","Rotor assembly and bearing","FlightCritical","18.0","MU-031","MRD-8X","COASTAL","Coastal Survey Base","1","5/18/2026 12:00:00 AM","58","108","86.7165","95.4646","150.0","150.0","57.81","63.64","0","0","0","1.1562","54.5354","63.2835","47.17","9/28/2026 12:00:00 AM"
"1213","ROTOR-ASSY-00436","ROTOR-ASSY","Rotor assembly and bearing","FlightCritical","18.0","MU-024","MRD-8X","COASTAL","Coastal Survey Base","3","5/5/2026 12:00:00 AM","54","109","85.4835","95.0369","150.0","150.0","56.99","63.36","0","0","0","1.0798","54.9631","64.5165","50.90","9/30/2026 12:00:00 AM"
"1499","ROTOR-ASSY-00541","ROTOR-ASSY","Rotor assembly and bearing","FlightCritical","18.0","MU-030","MRD-8X","PORT","Port Logistics Hub","3","7/30/2026 12:00:00 AM","28","89","47.6334","94.1488","150.0","150.0","31.76","62.77","0","0","0","1.9627","55.8512","102.3666","28.46","9/30/2026 12:00:00 AM"
"1114","AIRDATA-00046","AIRDATA","Air data and pitot module","MissionCritical","6.0","MU-023","MRD-6L","COASTAL","Coastal Survey Base","1","10/28/2025 12:00:00 AM","133","282","196.6833","239.1140","400.0","400.0","49.17","59.78","0","0","0","1.2827","160.8860","203.3167","125.43","9/29/2026 12:00:00 AM"
"751","ROTOR-ASSY-00273","ROTOR-ASSY","Rotor assembly and bearing","FlightCritical","18.0","MU-015","MRD-12H","PORT","Port Logistics Hub","4","7/24/2026 12:00:00 AM","27","56","45.9001","88.3690","150.0","150.0","30.60","58.91","0","0","0","1.9216","61.6310","104.0999","32.07","9/29/2026 12:00:00 AM"
"483","MOTOR-ESC-00133","MOTOR-ESC","Motor and speed controller","FlightCritical","12.0","MU-010","MRD-12H","COASTAL","Coastal Survey Base","2","4/16/2026 12:00:00 AM","66","123","108.6001","117.7490","200.0","200.0","54.30","58.87","0","0","0","1.0768","82.2510","91.3999","76.38","9/30/2026 12:00:00 AM"
"486","MOTOR-ESC-00136","MOTOR-ESC","Motor and speed controller","FlightCritical","12.0","MU-010","MRD-12H","COASTAL","Coastal Survey Base","3","4/16/2026 12:00:00 AM","66","123","108.6001","117.7490","200.0","200.0","54.30","58.87","0","0","0","1.0768","82.2510","91.3999","76.38","9/30/2026 12:00:00 AM"
"256","ROTOR-ASSY-00093","ROTOR-ASSY","Rotor assembly and bearing","FlightCritical","18.0","MU-005","MRD-8X","PORT","Port Logistics Hub","3","7/14/2026 12:00:00 AM","29","72","46.5332","87.9927","150.0","150.0","31.02","58.66","0","0","0","1.9127","62.0073","103.4668","32.42","9/29/2026 12:00:00 AM"
"1164","AIRDATA-00048","AIRDATA","Air data and pitot module","MissionCritical","6.0","MU-024","MRD-8X","COASTAL","Coastal Survey Base","1","11/6/2025 12:00:00 AM","134","271","204.6839","231.5158","400.0","400.0","51.17","57.88","0","0","0","1.0798","168.4842","195.3161","156.03","9/30/2026 12:00:00 AM"
"1052","MOTOR-ESC-00292","MOTOR-ESC","Motor and speed controller","FlightCritical","12.0","MU-021","MRD-8X","ACADEMY","Training Academy","4","4/27/2026 12:00:00 AM","63","481","62.3004","114.8080","200.0","200.0","31.15","57.40","0","0","0","1.9149","85.1920","137.6996","44.49","9/28/2026 12:00:00 AM"
"1323","AIRDATA-00055","AIRDATA","Air data and pitot module","MissionCritical","6.0","MU-027","MRD-8X","HIGHLND","Highland Operations","1","4/21/2026 12:00:00 AM","66","110","112.7832","229.4611","400.0","400.0","28.20","57.37","0","0","0","1.9080","170.5389","287.2168","89.38","9/30/2026 12:00:00 AM"
"81","MOTOR-ESC-00018","MOTOR-ESC","Motor and speed controller","FlightCritical","12.0","MU-002","MRD-8X","HIGHLND","Highland Operations","1","7/24/2026 12:00:00 AM","32","51","50.1499","113.4683","200.0","200.0","25.07","56.73","0","0","0","2.2807","86.5317","149.8501","37.94","9/29/2026 12:00:00 AM"
"89","MOTOR-ESC-00026","MOTOR-ESC","Motor and speed controller","FlightCritical","12.0","MU-002","MRD-8X","HIGHLND","Highland Operations","3","7/24/2026 12:00:00 AM","32","51","50.1499","113.4683","200.0","200.0","25.07","56.73","0","0","0","2.2807","86.5317","149.8501","37.94","9/29/2026 12:00:00 AM"
"1067","AIRDATA-00044","AIRDATA","Air data and pitot module","MissionCritical","6.0","MU-022","MRD-6L","COASTAL","Coastal Survey Base","1","12/4/2025 12:00:00 AM","125","298","181.9003","224.5887","400.0","400.0","45.48","56.15","0","0","0","1.2703","175.4113","218.0997","138.09","9/30/2026 12:00:00 AM"
"909","ROTOR-ASSY-00331","ROTOR-ASSY","Rotor assembly and bearing","FlightCritical","18.0","MU-018","MRD-12H","HIGHLND","Highland Operations","4","7/23/2026 12:00:00 AM","24","45","37.6333","84.1187","150.0","150.0","25.09","56.08","0","0","0","2.1969","65.8813","112.3667","29.99","9/30/2026 12:00:00 AM"
"1311","ROTOR-ASSY-00469","ROTOR-ASSY","Rotor assembly and bearing","FlightCritical","18.0","MU-026","MRD-8X","ACADEMY","Training Academy","1","5/29/2026 12:00:00 AM","44","383","42.2336","83.9673","150.0","150.0","28.16","55.98","0","0","0","1.9301","66.0327","107.7664","34.21","9/28/2026 12:00:00 AM"
"1218","ROTOR-ASSY-00441","ROTOR-ASSY","Rotor assembly and bearing","FlightCritical","18.0","MU-024","MRD-8X","COASTAL","Coastal Survey Base","4","5/14/2026 12:00:00 AM","48","99","73.9835","83.3369","150.0","150.0","49.32","55.56","0","0","0","1.0798","66.6631","76.0165","61.74","9/30/2026 12:00:00 AM"
"44","ROTOR-ASSY-00010","ROTOR-ASSY","Rotor assembly and bearing","FlightCritical","18.0","MU-001","MRD-8X","PORT","Port Logistics Hub","2","8/1/2026 12:00:00 AM","23","47","39.6002","83.1817","150.0","150.0","26.40","55.45","0","0","0","2.0638","66.8183","110.3998","32.38","9/29/2026 12:00:00 AM"
"110","ROTOR-ASSY-00037","ROTOR-ASSY","Rotor assembly and bearing","FlightCritical","18.0","MU-002","MRD-8X","HIGHLND","Highland Operations","3","8/8/2026 12:00:00 AM","23","38","36.0166","82.8922","150.0","150.0","24.01","55.26","0","0","0","2.2807","67.1078","113.9834","29.42","9/29/2026 12:00:00 AM"
"1529","MOTOR-ESC-00423","MOTOR-ESC","Motor and speed controller","FlightCritical","12.0","MU-031","MRD-8X","COASTAL","Coastal Survey Base","3","4/21/2026 12:00:00 AM","67","126","100.2499","109.8859","200.0","200.0","50.12","54.94","0","0","0","1.1562","90.1141","99.7501","77.94","9/28/2026 12:00:00 AM"
"1130","LANDGEAR-00072","LANDGEAR","Landing gear assembly","Degraded","4.0","MU-023","MRD-6L","COASTAL","Coastal Survey Base","1","3/13/2026 12:00:00 AM","76","155","112.5664","137.1854","250.0","250.0","45.03","54.87","0","0","0","1.2827","112.8146","137.4336","87.95","9/29/2026 12:00:00 AM"
"321","GIMBAL-00018","GIMBAL","Payload gimbal","MissionCritical","24.0","MU-007","MRD-12H","ACADEMY","Training Academy","1","2/11/2026 12:00:00 AM","88","671","89.7665","162.8509","300.0","300.0","29.92","54.28","0","0","0","1.7137","137.1491","210.2335","80.03","9/26/2026 12:00:00 AM"
"342","ROTOR-ASSY-00126","ROTOR-ASSY","Rotor assembly and bearing","FlightCritical","18.0","MU-007","MRD-12H","ACADEMY","Training Academy","3","6/13/2026 12:00:00 AM","43","325","45.2999","81.0685","150.0","150.0","30.20","54.05","0","0","0","1.7137","68.9315","104.7001","40.22","9/26/2026 12:00:00 AM"
"730","MOTOR-ESC-00206","MOTOR-ESC","Motor and speed controller","FlightCritical","12.0","MU-015","MRD-12H","PORT","Port Logistics Hub","4","7/9/2026 12:00:00 AM","32","65","55.1001","106.2168","200.0","200.0","27.55","53.11","0","0","0","1.9216","93.7832","144.8999","48.80","9/29/2026 12:00:00 AM"
"1490","ROTOR-ASSY-00532","ROTOR-ASSY","Rotor assembly and bearing","FlightCritical","18.0","MU-030","MRD-8X","PORT","Port Logistics Hub","1","8/13/2026 12:00:00 AM","23","68","40.1500","79.2297","150.0","150.0","26.77","52.82","0","0","0","1.9627","70.7703","109.8500","36.06","9/30/2026 12:00:00 AM"
"361","GIMBAL-00021","GIMBAL","Payload gimbal","MissionCritical","24.0","MU-008","MRD-12H","HIGHLND","Highland Operations","1","6/4/2026 12:00:00 AM","45","90","72.5831","157.1948","300.0","300.0","24.19","52.40","0","0","0","2.3105","142.8052","227.4169","61.81","9/28/2026 12:00:00 AM"
"930","GIMBAL-00049","GIMBAL","Payload gimbal","MissionCritical","24.0","MU-019","MRD-8X","PORT","Port Logistics Hub","1","5/15/2026 12:00:00 AM","51","140","82.9833","156.3248","300.0","300.0","27.66","52.11","0","0","0","1.8879","143.6752","217.0167","76.10","9/28/2026 12:00:00 AM"
"1286","AIRDATA-00053","AIRDATA","Air data and pitot module","MissionCritical","6.0","MU-026","MRD-8X","ACADEMY","Training Academy","1","12/24/2025 12:00:00 AM","112","892","110.4004","207.9696","400.0","400.0","27.60","51.99","0","0","0","1.9301","192.0304","289.5996","99.49","9/28/2026 12:00:00 AM"
"664","MOTOR-ESC-00181","MOTOR-ESC","Motor and speed controller","FlightCritical","12.0","MU-014","MRD-6L","PORT","Port Logistics Hub","1","7/1/2026 12:00:00 AM","34","99","55.2167","103.8553","200.0","200.0","27.61","51.93","0","0","0","1.8671","96.1447","144.7833","51.49","9/30/2026 12:00:00 AM"
"70","BATT-PACK-00026","BATT-PACK","Main battery pack","FlightCritical","8.0","MU-002","MRD-8X","HIGHLND","Highland Operations","2","8/20/2026 12:00:00 AM","16","26","26.8333","62.2549","120.0","120.0","22.36","51.88","0","0","0","2.2807","57.7451","93.1667","25.32","9/29/2026 12:00:00 AM"
"1517","GIMBAL-00078","GIMBAL","Payload gimbal","MissionCritical","24.0","MU-031","MRD-8X","COASTAL","Coastal Survey Base","1","2/26/2026 12:00:00 AM","88","167","131.4333","153.9164","300.0","300.0","43.81","51.31","0","0","0","1.1562","146.0836","168.5667","126.35","9/28/2026 12:00:00 AM"
"508","AIRDATA-00022","AIRDATA","Air data and pitot module","MissionCritical","6.0","MU-011","MRD-12H","HIGHLND","Highland Operations","1","5/1/2026 12:00:00 AM","55","103","93.8999","204.5203","400.0","400.0","23.47","51.13","0","0","0","2.1761","195.4797","306.1001","89.83","9/29/2026 12:00:00 AM"
"702","BATT-PACK-00154","BATT-PACK","Main battery pack","FlightCritical","8.0","MU-015","MRD-12H","PORT","Port Logistics Hub","1","8/14/2026 12:00:00 AM","19","36","31.2168","60.6107","120.0","120.0","26.01","50.51","0","0","0","1.9216","59.3893","88.7832","30.91","9/29/2026 12:00:00 AM"
"1385","GIMBAL-00070","GIMBAL","Payload gimbal","MissionCritical","24.0","MU-028","MRD-8X","ACADEMY","Training Academy","1","2/9/2026 12:00:00 AM","83","636","81.4333","149.3716","300.0","300.0","27.14","49.79","0","0","0","1.7297","150.6284","218.5667","87.08","9/26/2026 12:00:00 AM"
"1125","BATT-PACK-00248","BATT-PACK","Main battery pack","FlightCritical","8.0","MU-023","MRD-6L","COASTAL","Coastal Survey Base","2","7/8/2026 12:00:00 AM","32","68","47.2666","59.7020","120.0","120.0","39.39","49.75","0","0","0","1.2827","60.2980","72.7334","47.01","9/29/2026 12:00:00 AM"
"459","ROTOR-ASSY-00170","ROTOR-ASSY","Rotor assembly and bearing","FlightCritical","18.0","MU-009","MRD-8X","COASTAL","Coastal Survey Base","4","6/15/2026 12:00:00 AM","38","63","64.2502","74.2229","150.0","150.0","42.83","49.48","0","0","0","1.1930","75.7771","85.7498","63.52","9/25/2026 12:00:00 AM"
"951","MOTOR-ESC-00266","MOTOR-ESC","Motor and speed controller","FlightCritical","12.0","MU-019","MRD-8X","PORT","Port Logistics Hub","4","7/10/2026 12:00:00 AM","33","90","53.0499","98.9016","200.0","200.0","26.52","49.45","0","0","0","1.8879","101.0984","146.9501","53.55","9/28/2026 12:00:00 AM"
"471","BATT-PACK-00105","BATT-PACK","Main battery pack","FlightCritical","8.0","MU-010","MRD-12H","COASTAL","Coastal Survey Base","2","7/10/2026 12:00:00 AM","34","56","55.0667","58.8562","120.0","120.0","45.89","49.05","0","0","0","1.0768","61.1438","64.9333","56.78","9/30/2026 12:00:00 AM"
"1290","BATT-PACK-00277","BATT-PACK","Main battery pack","FlightCritical","8.0","MU-026","MRD-8X","ACADEMY","Training Academy","1","7/2/2026 12:00:00 AM","31","263","30.1503","58.7842","120.0","120.0","25.13","48.99","0","0","0","1.9301","61.2158","89.8497","31.72","9/28/2026 12:00:00 AM"
"1039","GIMBAL-00054","GIMBAL","Payload gimbal","MissionCritical","24.0","MU-021","MRD-8X","ACADEMY","Training Academy","1","3/6/2026 12:00:00 AM","80","618","79.5171","146.9675","300.0","300.0","26.51","48.99","0","0","0","1.9149","153.0325","220.4829","79.92","9/28/2026 12:00:00 AM"
"427","MOTOR-ESC-00114","MOTOR-ESC","Motor and speed controller","FlightCritical","12.0","MU-009","MRD-8X","COASTAL","Coastal Survey Base","1","5/15/2026 12:00:00 AM","50","82","83.9502","97.7941","200.0","200.0","41.98","48.90","0","0","0","1.1930","102.2059","116.0498","85.67","9/25/2026 12:00:00 AM"
"1375","ROTOR-ASSY-00499","ROTOR-ASSY","Rotor assembly and bearing","FlightCritical","18.0","MU-027","MRD-8X","HIGHLND","Highland Operations","4","8/13/2026 12:00:00 AM","22","37","34.6833","73.0850","150.0","150.0","23.12","48.72","0","0","0","1.9080","76.9150","115.3167","40.31","9/30/2026 12:00:00 AM"
"565","BATT-PACK-00121","BATT-PACK","Main battery pack","FlightCritical","8.0","MU-012","MRD-8X","COASTAL","Coastal Survey Base","1","7/27/2026 12:00:00 AM","33","60","52.3163","58.3210","120.0","120.0","43.60","48.60","0","0","0","1.0819","61.6790","67.6837","57.01","9/30/2026 12:00:00 AM"
"1078","BATT-PACK-00237","BATT-PACK","Main battery pack","FlightCritical","8.0","MU-022","MRD-6L","COASTAL","Coastal Survey Base","2","7/1/2026 12:00:00 AM","33","73","46.3670","58.0599","120.0","120.0","38.64","48.38","0","0","0","1.2703","61.9401","73.6330","48.76","9/30/2026 12:00:00 AM"
"1458","AIRDATA-00060","AIRDATA","Air data and pitot module","MissionCritical","6.0","MU-030","MRD-8X","PORT","Port Logistics Hub","1","5/25/2026 12:00:00 AM","52","154","93.2499","190.7085","400.0","400.0","23.31","47.68","0","0","0","1.9627","209.2915","306.7501","106.63","9/30/2026 12:00:00 AM"
"1387","LANDGEAR-00087","LANDGEAR","Landing gear assembly","Degraded","4.0","MU-028","MRD-8X","ACADEMY","Training Academy","1","3/30/2026 12:00:00 AM","66","500","65.0500","118.6729","250.0","250.0","26.02","47.47","0","0","0","1.7297","131.3271","184.9500","75.92","9/26/2026 12:00:00 AM"
"157","AIRDATA-00008","AIRDATA","Air data and pitot module","MissionCritical","6.0","MU-004","MRD-12H","COASTAL","Coastal Survey Base","1","1/6/2026 12:00:00 AM","107","221","164.4330","188.2434","400.0","400.0","41.11","47.06","0","0","0","1.1001","211.7566","235.5670","192.49","9/30/2026 12:00:00 AM"
"1251","MOTOR-ESC-00343","MOTOR-ESC","Motor and speed controller","FlightCritical","12.0","MU-025","MRD-8X","HIGHLND","Highland Operations","2","7/14/2026 12:00:00 AM","24","45","42.5001","93.2501","200.0","200.0","21.25","46.63","0","0","0","2.1718","106.7499","157.4999","49.15","9/26/2026 12:00:00 AM"
"1182","LANDGEAR-00075","LANDGEAR","Landing gear assembly","Degraded","4.0","MU-024","MRD-8X","COASTAL","Coastal Survey Base","1","4/7/2026 12:00:00 AM","66","138","104.2335","116.0964","250.0","250.0","41.69","46.44","0","0","0","1.0798","133.9036","145.7665","124.01","9/30/2026 12:00:00 AM"
"1401","ROTOR-ASSY-00505","ROTOR-ASSY","Rotor assembly and bearing","FlightCritical","18.0","MU-028","MRD-8X","ACADEMY","Training Academy","2","6/16/2026 12:00:00 AM","40","279","38.6999","68.8874","150.0","150.0","25.80","45.92","0","0","0","1.7297","81.1126","111.3001","46.89","9/26/2026 12:00:00 AM"
"501","ROTOR-ASSY-00182","ROTOR-ASSY","Rotor assembly and bearing","FlightCritical","18.0","MU-010","MRD-12H","COASTAL","Coastal Survey Base","3","6/25/2026 12:00:00 AM","40","68","64.3167","68.8716","150.0","150.0","42.88","45.91","0","0","0","1.0768","81.1284","85.6833","75.34","9/30/2026 12:00:00 AM"
"1451","ROTOR-ASSY-00523","ROTOR-ASSY","Rotor assembly and bearing","FlightCritical","18.0","MU-029","MRD-12H","COASTAL","Coastal Survey Base","3","6/20/2026 12:00:00 AM","43","94","59.1834","68.2844","150.0","150.0","39.46","45.52","0","0","0","1.1733","81.7156","90.8166","69.65","9/30/2026 12:00:00 AM"
"1443","ROTOR-ASSY-00515","ROTOR-ASSY","Rotor assembly and bearing","FlightCritical","18.0","MU-029","MRD-12H","COASTAL","Coastal Survey Base","1","6/20/2026 12:00:00 AM","43","94","59.1834","68.2844","150.0","150.0","39.46","45.52","0","0","0","1.1733","81.7156","90.8166","69.65","9/30/2026 12:00:00 AM"
"264","AIRDATA-00012","AIRDATA","Air data and pitot module","MissionCritical","6.0","MU-006","MRD-8X","COASTAL","Coastal Survey Base","1","1/6/2026 12:00:00 AM","101","201","155.8503","180.8085","400.0","400.0","38.96","45.20","0","0","0","1.0800","219.1915","244.1497","202.96","9/30/2026 12:00:00 AM"
"1266","ROTOR-ASSY-00447","ROTOR-ASSY","Rotor assembly and bearing","FlightCritical","18.0","MU-025","MRD-8X","HIGHLND","Highland Operations","1","7/29/2026 12:00:00 AM","17","28","28.9833","66.1686","150.0","150.0","19.32","44.11","0","0","0","2.1718","83.8314","121.0167","38.60","9/26/2026 12:00:00 AM"
"1284","ROTOR-ASSY-00465","ROTOR-ASSY","Rotor assembly and bearing","FlightCritical","18.0","MU-025","MRD-8X","HIGHLND","Highland Operations","4","7/29/2026 12:00:00 AM","17","28","28.9833","66.1686","150.0","150.0","19.32","44.11","0","0","0","2.1718","83.8314","121.0167","38.60","9/26/2026 12:00:00 AM"
"1346","MOTOR-ESC-00369","MOTOR-ESC","Motor and speed controller","FlightCritical","12.0","MU-027","MRD-8X","HIGHLND","Highland Operations","2","8/1/2026 12:00:00 AM","27","45","44.1333","87.5642","200.0","200.0","22.07","43.78","0","0","0","1.9080","112.4358","155.8667","58.93","9/30/2026 12:00:00 AM"
"868","LANDGEAR-00055","LANDGEAR","Landing gear assembly","Degraded","4.0","MU-018","MRD-12H","HIGHLND","Highland Operations","1","7/2/2026 12:00:00 AM","31","54","49.5001","109.4235","250.0","250.0","19.80","43.77","0","0","0","2.1969","140.5765","200.4999","63.99","9/30/2026 12:00:00 AM"
"345","ROTOR-ASSY-00129","ROTOR-ASSY","Rotor assembly and bearing","FlightCritical","18.0","MU-007","MRD-12H","ACADEMY","Training Academy","4","7/4/2026 12:00:00 AM","35","256","37.2500","65.5828","150.0","150.0","24.83","43.72","0","0","0","1.7137","84.4172","112.7500","49.26","9/26/2026 12:00:00 AM"
"712","GIMBAL-00038","GIMBAL","Payload gimbal","MissionCritical","24.0","MU-015","MRD-12H","PORT","Port Logistics Hub","1","6/29/2026 12:00:00 AM","37","72","65.3167","127.5546","300.0","300.0","21.77","42.52","0","0","0","1.9216","172.4454","234.6833","89.74","9/29/2026 12:00:00 AM"
"1134","MOTOR-ESC-00308","MOTOR-ESC","Motor and speed controller","FlightCritical","12.0","MU-023","MRD-6L","COASTAL","Coastal Survey Base","1","5/26/2026 12:00:00 AM","47","107","66.9831","84.4239","200.0","200.0","33.49","42.21","0","0","0","1.2827","115.5761","133.0169","90.10","9/29/2026 12:00:00 AM"
"73","GIMBAL-00007","GIMBAL","Payload gimbal","MissionCritical","24.0","MU-002","MRD-8X","HIGHLND","Highland Operations","1","7/21/2026 12:00:00 AM","34","54","54.4832","123.6101","300.0","300.0","18.16","41.20","0","0","0","2.2807","176.3899","245.5168","77.34","9/29/2026 12:00:00 AM"
"505","ROTOR-ASSY-00186","ROTOR-ASSY","Rotor assembly and bearing","FlightCritical","18.0","MU-010","MRD-12H","COASTAL","Coastal Survey Base","4","7/7/2026 12:00:00 AM","36","60","57.5501","61.4196","150.0","150.0","38.37","40.95","0","0","0","1.0768","88.5804","92.4499","82.26","9/30/2026 12:00:00 AM"
"493","ROTOR-ASSY-00174","ROTOR-ASSY","Rotor assembly and bearing","FlightCritical","18.0","MU-010","MRD-12H","COASTAL","Coastal Survey Base","1","7/7/2026 12:00:00 AM","36","60","57.5501","61.4196","150.0","150.0","38.37","40.95","0","0","0","1.0768","88.5804","92.4499","82.26","9/30/2026 12:00:00 AM"
"497","ROTOR-ASSY-00178","ROTOR-ASSY","Rotor assembly and bearing","FlightCritical","18.0","MU-010","MRD-12H","COASTAL","Coastal Survey Base","2","7/7/2026 12:00:00 AM","36","60","57.5501","61.4196","150.0","150.0","38.37","40.95","0","0","0","1.0768","88.5804","92.4499","82.26","9/30/2026 12:00:00 AM"
"1314","ROTOR-ASSY-00472","ROTOR-ASSY","Rotor assembly and bearing","FlightCritical","18.0","MU-026","MRD-8X","ACADEMY","Training Academy","2","7/1/2026 12:00:00 AM","32","275","31.1503","61.0728","150.0","150.0","20.77","40.72","0","0","0","1.9301","88.9272","118.8497","46.07","9/28/2026 12:00:00 AM"
"1422","GIMBAL-00073","GIMBAL","Payload gimbal","MissionCritical","24.0","MU-029","MRD-12H","COASTAL","Coastal Survey Base","1","4/15/2026 12:00:00 AM","68","143","101.3666","121.0620","300.0","300.0","33.79","40.35","0","0","0","1.1733","178.9380","198.6334","152.51","9/30/2026 12:00:00 AM"
"560","AIRDATA-00024","AIRDATA","Air data and pitot module","MissionCritical","6.0","MU-012","MRD-8X","COASTAL","Coastal Survey Base","1","2/21/2026 12:00:00 AM","88","185","134.0997","159.1368","400.0","400.0","33.52","39.78","0","0","0","1.0819","240.8632","265.9003","222.63","9/30/2026 12:00:00 AM"
"872","MOTOR-ESC-00235","MOTOR-ESC","Motor and speed controller","FlightCritical","12.0","MU-018","MRD-12H","HIGHLND","Highland Operations","1","7/31/2026 12:00:00 AM","22","42","35.0333","77.4563","200.0","200.0","17.52","38.73","0","0","0","2.1969","122.5437","164.9667","55.78","9/30/2026 12:00:00 AM"
"225","MOTOR-ESC-00056","MOTOR-ESC","Motor and speed controller","FlightCritical","12.0","MU-005","MRD-8X","PORT","Port Logistics Hub","1","7/20/2026 12:00:00 AM","26","62","41.7332","77.2695","200.0","200.0","20.87","38.63","0","0","0","1.9127","122.7305","158.2668","64.17","9/29/2026 12:00:00 AM"
"1425","LANDGEAR-00090","LANDGEAR","Landing gear assembly","Degraded","4.0","MU-029","MRD-12H","COASTAL","Coastal Survey Base","1","5/19/2026 12:00:00 AM","54","113","78.8501","96.4395","250.0","250.0","31.54","38.58","0","0","0","1.1733","153.5605","171.1499","130.88","9/30/2026 12:00:00 AM"
"1138","MOTOR-ESC-00312","MOTOR-ESC","Motor and speed controller","FlightCritical","12.0","MU-023","MRD-6L","COASTAL","Coastal Survey Base","2","6/11/2026 12:00:00 AM","42","93","60.7498","76.9121","200.0","200.0","30.37","38.46","0","0","0","1.2827","123.0879","139.2502","95.96","9/29/2026 12:00:00 AM"
"920","BATT-PACK-00201","BATT-PACK","Main battery pack","FlightCritical","8.0","MU-019","MRD-8X","PORT","Port Logistics Hub","1","8/21/2026 12:00:00 AM","16","41","26.2333","44.9234","120.0","120.0","21.86","37.44","0","0","0","1.8879","75.0766","93.7667","39.77","9/28/2026 12:00:00 AM"
"897","ROTOR-ASSY-00319","ROTOR-ASSY","Rotor assembly and bearing","FlightCritical","18.0","MU-018","MRD-12H","HIGHLND","Highland Operations","2","8/22/2026 12:00:00 AM","15","25","24.0667","55.0621","150.0","150.0","16.04","36.71","0","0","0","2.1969","94.9379","125.9333","43.21","9/30/2026 12:00:00 AM"
"454","ROTOR-ASSY-00165","ROTOR-ASSY","Rotor assembly and bearing","FlightCritical","18.0","MU-009","MRD-8X","COASTAL","Coastal Survey Base","3","7/21/2026 12:00:00 AM","28","51","46.7001","54.5517","150.0","150.0","31.13","36.37","0","0","0","1.1930","95.4483","103.2999","80.01","9/25/2026 12:00:00 AM"
"411","BATT-PACK-00089","BATT-PACK","Main battery pack","FlightCritical","8.0","MU-009","MRD-8X","COASTAL","Coastal Survey Base","1","7/27/2026 12:00:00 AM","23","36","38.2000","42.8892","120.0","120.0","31.83","35.74","0","0","0","1.1930","77.1108","81.8000","64.64","9/25/2026 12:00:00 AM"
"417","BATT-PACK-00095","BATT-PACK","Main battery pack","FlightCritical","8.0","MU-009","MRD-8X","COASTAL","Coastal Survey Base","2","7/27/2026 12:00:00 AM","23","36","38.2000","42.8892","120.0","120.0","31.83","35.74","0","0","0","1.1930","77.1108","81.8000","64.64","9/25/2026 12:00:00 AM"
"524","LANDGEAR-00034","LANDGEAR","Landing gear assembly","Degraded","4.0","MU-011","MRD-12H","HIGHLND","Highland Operations","1","7/28/2026 12:00:00 AM","26","46","40.8998","87.9500","250.0","250.0","16.36","35.18","0","0","0","2.1761","162.0500","209.1002","74.47","9/29/2026 12:00:00 AM"
"693","ROTOR-ASSY-00252","ROTOR-ASSY","Rotor assembly and bearing","FlightCritical","18.0","MU-014","MRD-6L","PORT","Port Logistics Hub","4","8/17/2026 12:00:00 AM","18","43","29.2000","50.9268","150.0","150.0","19.47","33.95","0","0","0","1.8671","99.0732","120.8000","53.06","9/30/2026 12:00:00 AM"
"238","MOTOR-ESC-00069","MOTOR-ESC","Motor and speed controller","FlightCritical","12.0","MU-005","MRD-8X","PORT","Port Logistics Hub","4","7/24/2026 12:00:00 AM","24","59","37.4666","67.7097","200.0","200.0","18.73","33.85","0","0","0","1.9127","132.2903","162.5334","69.16","9/29/2026 12:00:00 AM"
"1409","AIRDATA-00058","AIRDATA","Air data and pitot module","MissionCritical","6.0","MU-029","MRD-12H","COASTAL","Coastal Survey Base","1","3/28/2026 12:00:00 AM","76","157","111.7332","132.1469","400.0","400.0","27.93","33.04","0","0","0","1.1733","267.8531","288.2668","228.29","9/30/2026 12:00:00 AM"
"529","MOTOR-ESC-00144","MOTOR-ESC","Motor and speed controller","FlightCritical","12.0","MU-011","MRD-12H","HIGHLND","Highland Operations","1","8/10/2026 12:00:00 AM","20","32","31.4998","65.7081","200.0","200.0","15.75","32.85","0","0","0","2.1761","134.2919","168.5002","61.71","9/29/2026 12:00:00 AM"
"1317","ROTOR-ASSY-00475","ROTOR-ASSY","Rotor assembly and bearing","FlightCritical","18.0","MU-026","MRD-8X","ACADEMY","Training Academy","3","7/16/2026 12:00:00 AM","26","218","25.2336","48.8248","150.0","150.0","16.82","32.55","0","0","0","1.9301","101.1752","124.7664","52.42","9/28/2026 12:00:00 AM"
"369","MOTOR-ESC-00097","MOTOR-ESC","Motor and speed controller","FlightCritical","12.0","MU-008","MRD-12H","HIGHLND","Highland Operations","1","8/19/2026 12:00:00 AM","16","33","27.2166","64.8055","200.0","200.0","13.61","32.40","0","0","0","2.3105","135.1945","172.7834","58.51","9/28/2026 12:00:00 AM"
"1247","MOTOR-ESC-00339","MOTOR-ESC","Motor and speed controller","FlightCritical","12.0","MU-025","MRD-8X","HIGHLND","Highland Operations","1","7/31/2026 12:00:00 AM","16","26","27.8333","63.1996","200.0","200.0","13.92","31.60","0","0","0","2.1718","136.8004","172.1667","62.99","9/26/2026 12:00:00 AM"
"1028","ROTOR-ASSY-00373","ROTOR-ASSY","Rotor assembly and bearing","FlightCritical","18.0","MU-020","MRD-8X","HIGHLND","Highland Operations","4","8/27/2026 12:00:00 AM","13","19","21.5666","46.8772","150.0","150.0","14.38","31.25","0","0","0","2.2582","103.1228","128.4334","45.67","9/25/2026 12:00:00 AM"
"1526","MOTOR-ESC-00420","MOTOR-ESC","Motor and speed controller","FlightCritical","12.0","MU-031","MRD-8X","COASTAL","Coastal Survey Base","2","7/15/2026 12:00:00 AM","36","66","54.5832","61.8175","200.0","200.0","27.29","30.91","0","0","0","1.1562","138.1825","145.4168","119.51","9/28/2026 12:00:00 AM"
"1532","MOTOR-ESC-00426","MOTOR-ESC","Motor and speed controller","FlightCritical","12.0","MU-031","MRD-8X","COASTAL","Coastal Survey Base","4","7/15/2026 12:00:00 AM","36","66","54.5832","61.8175","200.0","200.0","27.29","30.91","0","0","0","1.1562","138.1825","145.4168","119.51","9/28/2026 12:00:00 AM"
"39","ROTOR-ASSY-00005","ROTOR-ASSY","Rotor assembly and bearing","FlightCritical","18.0","MU-001","MRD-8X","PORT","Port Logistics Hub","1","9/3/2026 12:00:00 AM","13","28","22.4334","46.2406","150.0","150.0","14.96","30.83","0","0","0","2.0638","103.7594","127.5666","50.28","9/29/2026 12:00:00 AM"
"1037","BATT-PACK-00226","BATT-PACK","Main battery pack","FlightCritical","8.0","MU-021","MRD-8X","ACADEMY","Training Academy","2","8/18/2026 12:00:00 AM","19","171","17.6501","36.4099","120.0","120.0","14.71","30.34","0","0","0","1.9149","83.5901","102.3499","43.65","9/28/2026 12:00:00 AM"
"377","MOTOR-ESC-00105","MOTOR-ESC","Motor and speed controller","FlightCritical","12.0","MU-008","MRD-12H","HIGHLND","Highland Operations","3","8/21/2026 12:00:00 AM","15","31","25.4166","60.2309","200.0","200.0","12.71","30.12","0","0","0","2.3105","139.7691","174.5834","60.49","9/28/2026 12:00:00 AM"
"461","AIRDATA-00019","AIRDATA","Air data and pitot module","MissionCritical","6.0","MU-010","MRD-12H","COASTAL","Coastal Survey Base","1","4/16/2026 12:00:00 AM","66","123","108.6001","117.7490","400.0","400.0","27.15","29.44","0","0","0","1.0768","282.2510","291.3999","262.12","9/30/2026 12:00:00 AM"
"1272","ROTOR-ASSY-00453","ROTOR-ASSY","Rotor assembly and bearing","FlightCritical","18.0","MU-025","MRD-8X","HIGHLND","Highland Operations","2","8/29/2026 12:00:00 AM","11","20","18.2333","42.9084","150.0","150.0","12.16","28.61","0","0","0","2.1718","107.0916","131.7667","49.31","9/26/2026 12:00:00 AM"
"533","MOTOR-ESC-00148","MOTOR-ESC","Motor and speed controller","FlightCritical","12.0","MU-011","MRD-12H","HIGHLND","Highland Operations","2","8/20/2026 12:00:00 AM","17","28","26.7165","56.8668","200.0","200.0","13.36","28.43","0","0","0","2.1761","143.1332","173.2835","65.78","9/29/2026 12:00:00 AM"
"172","LANDGEAR-00013","LANDGEAR","Landing gear assembly","Degraded","4.0","MU-004","MRD-12H","COASTAL","Coastal Survey Base","1","6/27/2026 12:00:00 AM","42","80","62.7498","69.9767","250.0","250.0","25.10","27.99","0","0","0","1.1001","180.0233","187.2502","163.64","9/30/2026 12:00:00 AM"
"444","ROTOR-ASSY-00155","ROTOR-ASSY","Rotor assembly and bearing","FlightCritical","18.0","MU-009","MRD-8X","COASTAL","Coastal Survey Base","1","7/28/2026 12:00:00 AM","22","34","37.2167","41.8659","150.0","150.0","24.81","27.91","0","0","0","1.1930","108.1341","112.7833","90.64","9/25/2026 12:00:00 AM"
"449","ROTOR-ASSY-00160","ROTOR-ASSY","Rotor assembly and bearing","FlightCritical","18.0","MU-009","MRD-8X","COASTAL","Coastal Survey Base","2","7/28/2026 12:00:00 AM","22","34","37.2167","41.8659","150.0","150.0","24.81","27.91","0","0","0","1.1930","108.1341","112.7833","90.64","9/25/2026 12:00:00 AM"
"1414","BATT-PACK-00303","BATT-PACK","Main battery pack","FlightCritical","8.0","MU-029","MRD-12H","COASTAL","Coastal Survey Base","1","8/14/2026 12:00:00 AM","21","40","30.1333","33.4742","120.0","120.0","25.11","27.90","0","0","0","1.1733","86.5258","89.8667","73.75","9/30/2026 12:00:00 AM"
"1419","BATT-PACK-00308","BATT-PACK","Main battery pack","FlightCritical","8.0","MU-029","MRD-12H","COASTAL","Coastal Survey Base","2","8/14/2026 12:00:00 AM","21","40","30.1333","33.4742","120.0","120.0","25.11","27.90","0","0","0","1.1733","86.5258","89.8667","73.75","9/30/2026 12:00:00 AM"
"34","MOTOR-ESC-00014","MOTOR-ESC","Motor and speed controller","FlightCritical","12.0","MU-001","MRD-8X","PORT","Port Logistics Hub","4","8/26/2026 12:00:00 AM","15","32","26.5001","55.5811","200.0","200.0","13.25","27.79","0","0","0","2.0638","144.4189","173.4999","69.98","9/29/2026 12:00:00 AM"
"793","ROTOR-ASSY-00279","ROTOR-ASSY","Rotor assembly and bearing","FlightCritical","18.0","MU-016","MRD-6L","PORT","Port Logistics Hub","1","8/8/2026 12:00:00 AM","13","37","22.1501","40.1403","150.0","150.0","14.77","26.76","0","0","0","1.9188","109.8597","127.8499","57.25","9/30/2026 12:00:00 AM"
"1355","MOTOR-ESC-00378","MOTOR-ESC","Motor and speed controller","FlightCritical","12.0","MU-027","MRD-8X","HIGHLND","Highland Operations","4","9/1/2026 12:00:00 AM","17","27","25.9333","52.8591","200.0","200.0","12.97","26.43","0","0","0","1.9080","147.1409","174.0667","77.12","9/30/2026 12:00:00 AM"
"279","LANDGEAR-00019","LANDGEAR","Landing gear assembly","Degraded","4.0","MU-006","MRD-8X","COASTAL","Coastal Survey Base","1","6/30/2026 12:00:00 AM","36","60","55.9003","61.7515","250.0","250.0","22.36","24.70","0","0","0","1.0800","188.2485","194.0997","174.30","9/30/2026 12:00:00 AM"
"382","MOTOR-ESC-00110","MOTOR-ESC","Motor and speed controller","FlightCritical","12.0","MU-008","MRD-12H","HIGHLND","Highland Operations","4","8/27/2026 12:00:00 AM","12","22","20.3833","48.9030","200.0","200.0","10.19","24.45","0","0","0","2.3105","151.0970","179.6167","65.40","9/28/2026 12:00:00 AM"
"1112","ROTOR-ASSY-00403","ROTOR-ASSY","Rotor assembly and bearing","FlightCritical","18.0","MU-022","MRD-6L","COASTAL","Coastal Survey Base","4","8/10/2026 12:00:00 AM","21","51","28.7335","36.4643","150.0","150.0","19.16","24.31","0","0","0","1.2703","113.5357","121.2665","89.38","9/30/2026 12:00:00 AM"
"993","LANDGEAR-00063","LANDGEAR","Landing gear assembly","Degraded","4.0","MU-020","MRD-8X","HIGHLND","Highland Operations","1","8/14/2026 12:00:00 AM","18","29","27.6833","60.7308","250.0","250.0","11.07","24.29","0","0","0","2.2582","189.2692","222.3167","83.81","9/25/2026 12:00:00 AM"
"1260","MOTOR-ESC-00352","MOTOR-ESC","Motor and speed controller","FlightCritical","12.0","MU-025","MRD-8X","HIGHLND","Highland Operations","4","8/26/2026 12:00:00 AM","12","21","20.0333","47.4720","200.0","200.0","10.02","23.74","0","0","0","2.1718","152.5280","179.9667","70.23","9/26/2026 12:00:00 AM"
"466","BATT-PACK-00100","BATT-PACK","Main battery pack","FlightCritical","8.0","MU-010","MRD-12H","COASTAL","Coastal Survey Base","1","8/20/2026 12:00:00 AM","17","26","26.6835","27.7901","120.0","120.0","22.24","23.16","0","0","0","1.0768","92.2099","93.3165","85.63","9/30/2026 12:00:00 AM"
"311","ROTOR-ASSY-00117","ROTOR-ASSY","Rotor assembly and bearing","FlightCritical","18.0","MU-006","MRD-8X","COASTAL","Coastal Survey Base","4","8/17/2026 12:00:00 AM","20","36","31.0669","34.4984","150.0","150.0","20.71","23.00","0","0","0","1.0800","115.5016","118.9331","106.95","9/30/2026 12:00:00 AM"
"735","ROTOR-ASSY-00257","ROTOR-ASSY","Rotor assembly and bearing","FlightCritical","18.0","MU-015","MRD-12H","PORT","Port Logistics Hub","1","9/7/2026 12:00:00 AM","11","22","17.2668","33.9072","150.0","150.0","11.51","22.60","0","0","0","1.9216","116.0928","132.7332","60.41","9/29/2026 12:00:00 AM"
"251","ROTOR-ASSY-00088","ROTOR-ASSY","Rotor assembly and bearing","FlightCritical","18.0","MU-005","MRD-8X","PORT","Port Logistics Hub","2","9/3/2026 12:00:00 AM","11","30","18.0334","32.8222","150.0","150.0","12.02","21.88","0","0","0","1.9127","117.1778","131.9666","61.26","9/29/2026 12:00:00 AM"
"435","MOTOR-ESC-00122","MOTOR-ESC","Motor and speed controller","FlightCritical","12.0","MU-009","MRD-8X","COASTAL","Coastal Survey Base","3","7/27/2026 12:00:00 AM","23","36","38.2000","42.8892","200.0","200.0","19.10","21.44","0","0","0","1.1930","157.1108","161.8000","131.69","9/25/2026 12:00:00 AM"
"439","MOTOR-ESC-00126","MOTOR-ESC","Motor and speed controller","FlightCritical","12.0","MU-009","MRD-8X","COASTAL","Coastal Survey Base","4","7/27/2026 12:00:00 AM","23","36","38.2000","42.8892","200.0","200.0","19.10","21.44","0","0","0","1.1930","157.1108","161.8000","131.69","9/25/2026 12:00:00 AM"
"1339","LANDGEAR-00085","LANDGEAR","Landing gear assembly","Degraded","4.0","MU-027","MRD-8X","HIGHLND","Highland Operations","1","9/1/2026 12:00:00 AM","17","27","25.9333","52.8591","250.0","250.0","10.37","21.14","0","0","0","1.9080","197.1409","224.0667","103.32","9/30/2026 12:00:00 AM"
"283","MOTOR-ESC-00073","MOTOR-ESC","Motor and speed controller","FlightCritical","12.0","MU-006","MRD-8X","COASTAL","Coastal Survey Base","1","8/6/2026 12:00:00 AM","25","45","38.4002","42.0117","200.0","200.0","19.20","21.01","0","0","0","1.0800","157.9883","161.5998","146.29","9/30/2026 12:00:00 AM"
"804","ROTOR-ASSY-00290","ROTOR-ASSY","Rotor assembly and bearing","FlightCritical","18.0","MU-016","MRD-6L","PORT","Port Logistics Hub","3","8/31/2026 12:00:00 AM","10","27","17.8001","30.9649","150.0","150.0","11.87","20.64","0","0","0","1.9188","119.0351","132.1999","62.04","9/30/2026 12:00:00 AM"
"1350","MOTOR-ESC-00373","MOTOR-ESC","Motor and speed controller","FlightCritical","12.0","MU-027","MRD-8X","HIGHLND","Highland Operations","3","9/7/2026 12:00:00 AM","12","20","17.4500","38.1363","200.0","200.0","8.73","19.07","0","0","0","1.9080","161.8637","182.5500","84.83","9/30/2026 12:00:00 AM"
"1463","BATT-PACK-00313","BATT-PACK","Main battery pack","FlightCritical","8.0","MU-030","MRD-8X","PORT","Port Logistics Hub","1","9/14/2026 12:00:00 AM","8","26","13.0000","22.3520","120.0","120.0","10.83","18.63","0","0","0","1.9627","97.6480","107.0000","49.75","9/30/2026 12:00:00 AM"
"1468","BATT-PACK-00318","BATT-PACK","Main battery pack","FlightCritical","8.0","MU-030","MRD-8X","PORT","Port Logistics Hub","2","9/14/2026 12:00:00 AM","8","26","13.0000","22.3520","120.0","120.0","10.83","18.63","0","0","0","1.9627","97.6480","107.0000","49.75","9/30/2026 12:00:00 AM"
"1153","ROTOR-ASSY-00412","ROTOR-ASSY","Rotor assembly and bearing","FlightCritical","18.0","MU-023","MRD-6L","COASTAL","Coastal Survey Base","2","8/26/2026 12:00:00 AM","13","24","22.3666","26.9221","150.0","150.0","14.91","17.95","0","0","0","1.2827","123.0779","127.6334","95.95","9/29/2026 12:00:00 AM"
"913","AIRDATA-00039","AIRDATA","Air data and pitot module","MissionCritical","6.0","MU-019","MRD-8X","PORT","Port Logistics Hub","1","7/30/2026 12:00:00 AM","24","64","39.3499","71.5780","400.0","400.0","9.84","17.89","0","0","0","1.8879","328.4220","360.6501","173.96","9/28/2026 12:00:00 AM"
"855","BATT-PACK-00188","BATT-PACK","Main battery pack","FlightCritical","8.0","MU-018","MRD-12H","HIGHLND","Highland Operations","1","9/11/2026 12:00:00 AM","6","11","9.1333","20.0333","120.0","120.0","7.61","16.69","0","0","0","2.1969","99.9667","110.8667","45.50","9/30/2026 12:00:00 AM"
"963","ROTOR-ASSY-00343","ROTOR-ASSY","Rotor assembly and bearing","FlightCritical","18.0","MU-019","MRD-8X","PORT","Port Logistics Hub","2","9/12/2026 12:00:00 AM","8","15","14.0500","25.0203","150.0","150.0","9.37","16.68","0","0","0","1.8879","124.9797","135.9500","66.20","9/28/2026 12:00:00 AM"
"244","ROTOR-ASSY-00081","ROTOR-ASSY","Rotor assembly and bearing","FlightCritical","18.0","MU-005","MRD-8X","PORT","Port Logistics Hub","1","9/8/2026 12:00:00 AM","8","22","13.1167","24.5954","150.0","150.0","8.74","16.40","0","0","0","1.9127","125.4046","136.8833","65.56","9/29/2026 12:00:00 AM"
"1295","GIMBAL-00066","GIMBAL","Payload gimbal","MissionCritical","24.0","MU-026","MRD-8X","ACADEMY","Training Academy","1","7/16/2026 12:00:00 AM","26","218","25.2336","48.8248","300.0","300.0","8.41","16.27","0","0","0","1.9301","251.1752","274.7664","130.14","9/28/2026 12:00:00 AM"
"989","GIMBAL-00052","GIMBAL","Payload gimbal","MissionCritical","24.0","MU-020","MRD-8X","HIGHLND","Highland Operations","1","8/24/2026 12:00:00 AM","14","21","22.7833","48.1339","300.0","300.0","7.59","16.04","0","0","0","2.2582","251.8661","277.2167","111.53","9/25/2026 12:00:00 AM"
"779","MOTOR-ESC-00214","MOTOR-ESC","Motor and speed controller","FlightCritical","12.0","MU-016","MRD-6L","PORT","Port Logistics Hub","2","8/24/2026 12:00:00 AM","11","30","18.3501","31.8801","200.0","200.0","9.18","15.94","0","0","0","1.9188","168.1199","181.6499","87.62","9/30/2026 12:00:00 AM"
"1407","ROTOR-ASSY-00511","ROTOR-ASSY","Rotor assembly and bearing","FlightCritical","18.0","MU-028","MRD-8X","ACADEMY","Training Academy","4","8/24/2026 12:00:00 AM","14","84","13.9333","23.3196","150.0","150.0","9.29","15.55","0","0","0","1.7297","126.6804","136.0667","73.24","9/26/2026 12:00:00 AM"
"1398","ROTOR-ASSY-00502","ROTOR-ASSY","Rotor assembly and bearing","FlightCritical","18.0","MU-028","MRD-8X","ACADEMY","Training Academy","1","8/24/2026 12:00:00 AM","14","84","13.9333","23.3196","150.0","150.0","9.29","15.55","0","0","0","1.7297","126.6804","136.0667","73.24","9/26/2026 12:00:00 AM"
"1505","AIRDATA-00062","AIRDATA","Air data and pitot module","MissionCritical","6.0","MU-031","MRD-8X","COASTAL","Coastal Survey Base","1","7/15/2026 12:00:00 AM","36","66","54.5832","61.8175","400.0","400.0","13.65","15.45","0","0","0","1.1562","338.1825","345.4168","292.49","9/28/2026 12:00:00 AM"
"1278","ROTOR-ASSY-00459","ROTOR-ASSY","Rotor assembly and bearing","FlightCritical","18.0","MU-025","MRD-8X","HIGHLND","Highland Operations","3","9/5/2026 12:00:00 AM","7","16","10.3000","23.0900","150.0","150.0","6.87","15.39","0","0","0","2.1718","126.9100","139.7000","58.44","9/26/2026 12:00:00 AM"
"1544","ROTOR-ASSY-00557","ROTOR-ASSY","Rotor assembly and bearing","FlightCritical","18.0","MU-031","MRD-8X","COASTAL","Coastal Survey Base","3","8/28/2026 12:00:00 AM","13","31","19.7333","22.7705","150.0","150.0","13.16","15.18","0","0","0","1.1562","127.2295","130.2667","110.04","9/28/2026 12:00:00 AM"
"741","ROTOR-ASSY-00263","ROTOR-ASSY","Rotor assembly and bearing","FlightCritical","18.0","MU-015","MRD-12H","PORT","Port Logistics Hub","2","9/11/2026 12:00:00 AM","8","17","11.5335","22.0545","150.0","150.0","7.69","14.70","0","0","0","1.9216","127.9455","138.4665","66.58","9/29/2026 12:00:00 AM"
"420","GIMBAL-00024","GIMBAL","Payload gimbal","MissionCritical","24.0","MU-009","MRD-8X","COASTAL","Coastal Survey Base","1","7/27/2026 12:00:00 AM","23","36","38.2000","42.8892","300.0","300.0","12.73","14.30","0","0","0","1.1930","257.1108","261.8000","215.52","9/25/2026 12:00:00 AM"
"202","ROTOR-ASSY-00075","ROTOR-ASSY","Rotor assembly and bearing","FlightCritical","18.0","MU-004","MRD-12H","COASTAL","Coastal Survey Base","4","9/3/2026 12:00:00 AM","11","17","18.7500","21.3067","150.0","150.0","12.50","14.20","0","0","0","1.1001","128.6933","131.2500","116.98","9/30/2026 12:00:00 AM"
"1321","ROTOR-ASSY-00479","ROTOR-ASSY","Rotor assembly and bearing","FlightCritical","18.0","MU-026","MRD-8X","ACADEMY","Training Academy","4","8/29/2026 12:00:00 AM","11","93","10.5834","20.6678","150.0","150.0","7.06","13.78","0","0","0","1.9301","129.3322","139.4166","67.01","9/28/2026 12:00:00 AM"
"575","LANDGEAR-00037","LANDGEAR","Landing gear assembly","Degraded","4.0","MU-012","MRD-8X","COASTAL","Coastal Survey Base","1","8/25/2026 12:00:00 AM","20","38","31.2163","32.9937","250.0","250.0","12.49","13.20","0","0","0","1.0819","217.0063","218.7837","200.58","9/30/2026 12:00:00 AM"
"1242","LANDGEAR-00080","LANDGEAR","Landing gear assembly","Degraded","4.0","MU-025","MRD-8X","HIGHLND","Highland Operations","1","9/1/2026 12:00:00 AM","9","18","13.6500","31.4864","250.0","250.0","5.46","12.59","0","0","0","2.1718","218.5136","236.3500","100.61","9/26/2026 12:00:00 AM"
"1456","ROTOR-ASSY-00528","ROTOR-ASSY","Rotor assembly and bearing","FlightCritical","18.0","MU-029","MRD-12H","COASTAL","Coastal Survey Base","4","8/31/2026 12:00:00 AM","12","21","16.9166","18.2218","150.0","150.0","11.28","12.15","0","0","0","1.1733","131.7782","133.0834","112.31","9/30/2026 12:00:00 AM"
"1300","MOTOR-ESC-00355","MOTOR-ESC","Motor and speed controller","FlightCritical","12.0","MU-026","MRD-8X","ACADEMY","Training Academy","1","8/26/2026 12:00:00 AM","13","110","12.1501","24.1125","200.0","200.0","6.08","12.06","0","0","0","1.9301","175.8875","187.8499","91.13","9/28/2026 12:00:00 AM"
"768","GIMBAL-00041","GIMBAL","Payload gimbal","MissionCritical","24.0","MU-016","MRD-6L","PORT","Port Logistics Hub","1","8/15/2026 12:00:00 AM","12","35","20.1334","35.5956","300.0","300.0","6.71","11.87","0","0","0","1.9188","264.4044","279.8666","137.80","9/30/2026 12:00:00 AM"
"1005","MOTOR-ESC-00278","MOTOR-ESC","Motor and speed controller","FlightCritical","12.0","MU-020","MRD-8X","HIGHLND","Highland Operations","3","9/11/2026 12:00:00 AM","7","12","11.2167","23.7421","200.0","200.0","5.61","11.87","0","0","0","2.2582","176.2579","188.7833","78.05","9/25/2026 12:00:00 AM"
"1170","BATT-PACK-00254","BATT-PACK","Main battery pack","FlightCritical","8.0","MU-024","MRD-8X","COASTAL","Coastal Survey Base","1","9/3/2026 12:00:00 AM","8","12","12.1000","12.3400","120.0","120.0","10.08","10.28","0","0","0","1.0798","107.6600","107.9000","99.70","9/30/2026 12:00:00 AM"
"54","ROTOR-ASSY-00020","ROTOR-ASSY","Rotor assembly and bearing","FlightCritical","18.0","MU-001","MRD-8X","PORT","Port Logistics Hub","4","9/23/2026 12:00:00 AM","4","7","7.7500","14.9160","150.0","150.0","5.17","9.94","0","0","0","2.0638","135.0840","142.2500","65.45","9/29/2026 12:00:00 AM"
"1523","MOTOR-ESC-00417","MOTOR-ESC","Motor and speed controller","FlightCritical","12.0","MU-031","MRD-8X","COASTAL","Coastal Survey Base","1","9/1/2026 12:00:00 AM","11","29","16.5000","19.4972","200.0","200.0","8.25","9.75","0","0","0","1.1562","180.5028","183.5000","156.12","9/28/2026 12:00:00 AM"
"298","ROTOR-ASSY-00104","ROTOR-ASSY","Rotor assembly and bearing","FlightCritical","18.0","MU-006","MRD-8X","COASTAL","Coastal Survey Base","1","9/8/2026 12:00:00 AM","8","11","12.3167","12.5367","150.0","150.0","8.21","8.36","0","0","0","1.0800","137.4633","137.6833","127.28","9/30/2026 12:00:00 AM"
"1436","MOTOR-ESC-00397","MOTOR-ESC","Motor and speed controller","FlightCritical","12.0","MU-029","MRD-12H","COASTAL","Coastal Survey Base","3","9/5/2026 12:00:00 AM","10","17","14.7999","15.5737","200.0","200.0","7.40","7.79","0","0","0","1.1733","184.4263","185.2001","157.19","9/30/2026 12:00:00 AM"
"604","ROTOR-ASSY-00221","ROTOR-ASSY","Rotor assembly and bearing","FlightCritical","18.0","MU-012","MRD-8X","COASTAL","Coastal Survey Base","4","9/16/2026 12:00:00 AM","6","9","9.3166","9.4966","150.0","150.0","6.21","6.33","0","0","0","1.0819","140.5034","140.6834","129.87","9/30/2026 12:00:00 AM"
"998","MOTOR-ESC-00271","MOTOR-ESC","Motor and speed controller","FlightCritical","12.0","MU-020","MRD-8X","HIGHLND","Highland Operations","1","9/19/2026 12:00:00 AM","4","6","6.5500","11.7431","200.0","200.0","3.28","5.87","0","0","0","2.2582","188.2569","193.4500","83.37","9/25/2026 12:00:00 AM"
"519","BATT-PACK-00116","BATT-PACK","Main battery pack","FlightCritical","8.0","MU-011","MRD-12H","HIGHLND","Highland Operations","2","9/25/2026 12:00:00 AM","2","2","2.8333","6.6105","120.0","120.0","2.36","5.51","0","0","0","2.1761","113.3895","117.1667","52.11","9/29/2026 12:00:00 AM"
"1514","BATT-PACK-00327","BATT-PACK","Main battery pack","FlightCritical","8.0","MU-031","MRD-8X","COASTAL","Coastal Survey Base","2","9/21/2026 12:00:00 AM","3","4","6.2500","6.3300","120.0","120.0","5.21","5.28","0","0","0","1.1562","113.6700","113.7500","98.31","9/28/2026 12:00:00 AM"
"480","MOTOR-ESC-00130","MOTOR-ESC","Motor and speed controller","FlightCritical","12.0","MU-010","MRD-12H","COASTAL","Coastal Survey Base","1","9/8/2026 12:00:00 AM","6","12","9.3834","10.2100","200.0","200.0","4.69","5.11","0","0","0","1.0768","189.7900","190.6166","176.25","9/30/2026 12:00:00 AM"
"1221","AIRDATA-00051","AIRDATA","Air data and pitot module","MissionCritical","6.0","MU-025","MRD-8X","HIGHLND","Highland Operations","1","9/8/2026 12:00:00 AM","6","11","8.9000","20.1046","400.0","400.0","2.23","5.03","0","0","0","2.1718","379.8954","391.1000","174.92","9/26/2026 12:00:00 AM"
"316","BATT-PACK-00069","BATT-PACK","Main battery pack","FlightCritical","8.0","MU-007","MRD-12H","ACADEMY","Training Academy","1","9/19/2026 12:00:00 AM","3","24","2.4833","5.2266","120.0","120.0","2.07","4.36","0","0","0","1.7137","114.7734","117.5167","66.97","9/26/2026 12:00:00 AM"
"476","LANDGEAR-00031","LANDGEAR","Landing gear assembly","Degraded","4.0","MU-010","MRD-12H","COASTAL","Coastal Survey Base","1","9/8/2026 12:00:00 AM","6","12","9.3834","10.2100","250.0","250.0","3.75","4.08","0","0","0","1.0768","239.7900","240.6166","222.69","9/30/2026 12:00:00 AM"
"1158","ROTOR-ASSY-00417","ROTOR-ASSY","Rotor assembly and bearing","FlightCritical","18.0","MU-023","MRD-6L","COASTAL","Coastal Survey Base","3","9/22/2026 12:00:00 AM","3","7","5.2333","5.9826","150.0","150.0","3.49","3.99","0","0","0","1.2827","144.0174","144.7667","112.28","9/29/2026 12:00:00 AM"
"969","ROTOR-ASSY-00349","ROTOR-ASSY","Rotor assembly and bearing","FlightCritical","18.0","MU-019","MRD-8X","PORT","Port Logistics Hub","3","9/26/2026 12:00:00 AM","1","2","2.6333","5.8868","150.0","150.0","1.76","3.92","0","0","0","1.8879","144.1132","147.3667","76.34","9/28/2026 12:00:00 AM"
"287","MOTOR-ESC-00077","MOTOR-ESC","Motor and speed controller","FlightCritical","12.0","MU-006","MRD-8X","COASTAL","Coastal Survey Base","2","9/17/2026 12:00:00 AM","4","6","6.6667","6.7867","200.0","200.0","3.33","3.39","0","0","0","1.0800","193.2133","193.3333","178.90","9/30/2026 12:00:00 AM"
"1305","MOTOR-ESC-00360","MOTOR-ESC","Motor and speed controller","FlightCritical","12.0","MU-026","MRD-8X","ACADEMY","Training Academy","3","9/23/2026 12:00:00 AM","3","27","2.4667","5.3931","200.0","200.0","1.23","2.70","0","0","0","1.9301","194.6069","197.5333","100.83","9/28/2026 12:00:00 AM"
"1360","ROTOR-ASSY-00484","ROTOR-ASSY","Rotor assembly and bearing","FlightCritical","18.0","MU-027","MRD-8X","HIGHLND","Highland Operations","1","9/26/2026 12:00:00 AM","1","2","1.7333","3.9556","150.0","150.0","1.16","2.64","0","0","0","1.9080","146.0444","148.2667","76.54","9/30/2026 12:00:00 AM"
"1365","ROTOR-ASSY-00489","ROTOR-ASSY","Rotor assembly and bearing","FlightCritical","18.0","MU-027","MRD-8X","HIGHLND","Highland Operations","2","9/26/2026 12:00:00 AM","1","2","1.7333","3.9556","150.0","150.0","1.16","2.64","0","0","0","1.9080","146.0444","148.2667","76.54","9/30/2026 12:00:00 AM"
"668","MOTOR-ESC-00185","MOTOR-ESC","Motor and speed controller","FlightCritical","12.0","MU-014","MRD-6L","PORT","Port Logistics Hub","2","9/18/2026 12:00:00 AM","3","7","4.0167","4.5897","200.0","200.0","2.01","2.29","0","0","0","1.8671","195.4103","195.9833","104.66","9/30/2026 12:00:00 AM"
"1429","MOTOR-ESC-00390","MOTOR-ESC","Motor and speed controller","FlightCritical","12.0","MU-029","MRD-12H","COASTAL","Coastal Survey Base","1","9/24/2026 12:00:00 AM","3","4","4.1333","4.2133","200.0","200.0","2.07","2.11","0","0","0","1.1733","195.7867","195.8667","166.87","9/30/2026 12:00:00 AM"
"1548","ROTOR-ASSY-00561","ROTOR-ASSY","Rotor assembly and bearing","FlightCritical","18.0","MU-031","MRD-8X","COASTAL","Coastal Survey Base","4","9/26/2026 12:00:00 AM","1","1","2.0833","2.1033","150.0","150.0","1.39","1.40","0","0","0","1.1562","147.8967","147.9167","127.92","9/28/2026 12:00:00 AM"
"1540","ROTOR-ASSY-00553","ROTOR-ASSY","Rotor assembly and bearing","FlightCritical","18.0","MU-031","MRD-8X","COASTAL","Coastal Survey Base","2","9/26/2026 12:00:00 AM","1","1","2.0833","2.1033","150.0","150.0","1.39","1.40","0","0","0","1.1562","147.8967","147.9167","127.92","9/28/2026 12:00:00 AM"
"1203","ROTOR-ASSY-00426","ROTOR-ASSY","Rotor assembly and bearing","FlightCritical","18.0","MU-024","MRD-8X","COASTAL","Coastal Survey Base","1","9/29/2026 12:00:00 AM","1","2","1.4333","1.4733","150.0","150.0","0.96","0.98","0","0","0","1.0798","148.5267","148.5667","137.55","9/30/2026 12:00:00 AM"
"1186","MOTOR-ESC-00322","MOTOR-ESC","Motor and speed controller","FlightCritical","12.0","MU-024","MRD-8X","COASTAL","Coastal Survey Base","1","9/29/2026 12:00:00 AM","1","2","1.4333","1.4733","200.0","200.0","0.72","0.74","0","0","0","1.0798","198.5267","198.5667","183.86","9/30/2026 12:00:00 AM"
"1190","MOTOR-ESC-00326","MOTOR-ESC","Motor and speed controller","FlightCritical","12.0","MU-024","MRD-8X","COASTAL","Coastal Survey Base","2","9/29/2026 12:00:00 AM","1","2","1.4333","1.4733","200.0","200.0","0.72","0.74","0","0","0","1.0798","198.5267","198.5667","183.86","9/30/2026 12:00:00 AM"
"1194","MOTOR-ESC-00330","MOTOR-ESC","Motor and speed controller","FlightCritical","12.0","MU-024","MRD-8X","COASTAL","Coastal Survey Base","3","9/29/2026 12:00:00 AM","1","2","1.4333","1.4733","200.0","200.0","0.72","0.74","0","0","0","1.0798","198.5267","198.5667","183.86","9/30/2026 12:00:00 AM"
"1198","MOTOR-ESC-00334","MOTOR-ESC","Motor and speed controller","FlightCritical","12.0","MU-024","MRD-8X","COASTAL","Coastal Survey Base","4","9/29/2026 12:00:00 AM","1","2","1.4333","1.4733","200.0","200.0","0.72","0.74","0","0","0","1.0798","198.5267","198.5667","183.86","9/30/2026 12:00:00 AM"
"1179","GIMBAL-00061","GIMBAL","Payload gimbal","MissionCritical","24.0","MU-024","MRD-8X","COASTAL","Coastal Survey Base","1","9/29/2026 12:00:00 AM","1","2","1.4333","1.4733","300.0","300.0","0.48","0.49","0","0","0","1.0798","298.5267","298.5667","276.46","9/30/2026 12:00:00 AM"
"1176","BATT-PACK-00260","BATT-PACK","Main battery pack","FlightCritical","8.0","MU-024","MRD-8X","COASTAL","Coastal Survey Base","2","9/30/2026 12:00:00 AM","0","0","0.0000","0.0000","120.0","120.0","0.00","0.00","0","0","0","1.0798","120.0000","120.0000","111.13",""
"927","BATT-PACK-00208","BATT-PACK","Main battery pack","FlightCritical","8.0","MU-019","MRD-8X","PORT","Port Logistics Hub","2","9/28/2026 12:00:00 AM","0","0","0.0000","0.0000","120.0","120.0","0.00","0.00","0","0","0","1.8879","120.0000","120.0000","63.56",""
"229","MOTOR-ESC-00060","MOTOR-ESC","Motor and speed controller","FlightCritical","12.0","MU-005","MRD-8X","PORT","Port Logistics Hub","2","9/29/2026 12:00:00 AM","0","0","0.0000","0.0000","200.0","200.0","0.00","0.00","0","0","0","1.9127","200.0000","200.0000","104.56",""
"398","ROTOR-ASSY-00145","ROTOR-ASSY","Rotor assembly and bearing","FlightCritical","18.0","MU-008","MRD-12H","HIGHLND","Highland Operations","3","9/28/2026 12:00:00 AM","0","0","0.0000","0.0000","150.0","150.0","0.00","0.00","0","0","0","2.3105","150.0000","150.0000","64.92",""
"1329","BATT-PACK-00286","BATT-PACK","Main battery pack","FlightCritical","8.0","MU-027","MRD-8X","HIGHLND","Highland Operations","1","9/30/2026 12:00:00 AM","0","0","0.0000","0.0000","120.0","120.0","0.00","0.00","0","0","0","1.9080","120.0000","120.0000","62.89",""
