"InstallKey","ComponentSerial","ComponentCode","ComponentName","Criticality","LeadTimeFlightHours","TailNumber","ModelCode","BaseCode","BaseName","PositionNo","InstalledDate","RemovedDate","RemovalReason","DaysFitted","Sorties","Landings","FlightHours","StressHours","StressRatio","IntervalFlightHours","IntervalStressHours","WeibullShape","PctOfHourInterval","PctOfStressInterval","IsFailure","IsCensored","EventType","DowntimeHours"
"0","AIRDATA-00001","AIRDATA","Air data and pitot module","MissionCritical","6.0","MU-001","MRD-8X","PORT","Port Logistics Hub","1","5/16/2024 12:00:00 AM","1/19/2026 12:00:00 AM","Scheduled","613","241","655","400.1827","806.1466","2.0144","400.0","400.0","1.05","100.05","201.54","0","1","Scheduled","4.7"
"55","AIRDATA-00003","AIRDATA","Air data and pitot module","MissionCritical","6.0","MU-002","MRD-8X","HIGHLND","Highland Operations","1","1/12/2024 12:00:00 AM","7/30/2025 12:00:00 AM","Failure","565","215","377","369.7993","798.6010","2.1596","400.0","400.0","1.05","92.45","199.65","1","0","Unscheduled","5.1"
"117","AIRDATA-00005","AIRDATA","Air data and pitot module","MissionCritical","6.0","MU-003","MRD-12H","PORT","Port Logistics Hub","1","3/3/2024 12:00:00 AM","1/28/2025 12:00:00 AM","Failure","331","133","350","220.7830","422.7914","1.9150","400.0","400.0","1.05","55.20","105.70","1","0","Unscheduled","11.6"
"118","AIRDATA-00006","AIRDATA","Air data and pitot module","MissionCritical","6.0","MU-003","MRD-12H","PORT","Port Logistics Hub","1","1/28/2025 12:00:00 AM","9/21/2025 12:00:00 AM","AirframeRetired","236","97","227","171.2994","340.0143","1.9849","400.0","400.0","1.05","42.82","85.00","0","1","Inspection","2.6"
"156","AIRDATA-00007","AIRDATA","Air data and pitot module","MissionCritical","6.0","MU-004","MRD-12H","COASTAL","Coastal Survey Base","1","6/3/2024 12:00:00 AM","1/6/2026 12:00:00 AM","Scheduled","582","265","566","402.7002","467.6941","1.1614","400.0","400.0","1.05","100.68","116.92","0","1","Scheduled","3.6"
"203","AIRDATA-00009","AIRDATA","Air data and pitot module","MissionCritical","6.0","MU-005","MRD-8X","PORT","Port Logistics Hub","1","3/9/2024 12:00:00 AM","11/19/2025 12:00:00 AM","Scheduled","620","240","591","403.1496","797.6916","1.9786","400.0","400.0","1.05","100.79","199.42","0","1","Scheduled","3.8"
"263","AIRDATA-00011","AIRDATA","Air data and pitot module","MissionCritical","6.0","MU-006","MRD-8X","COASTAL","Coastal Survey Base","1","2/10/2024 12:00:00 AM","1/6/2026 12:00:00 AM","Scheduled","696","271","580","404.4330","474.2574","1.1726","400.0","400.0","1.05","101.11","118.56","0","1","Scheduled","2.4"
"346","AIRDATA-00014","AIRDATA","Air data and pitot module","MissionCritical","6.0","MU-008","MRD-12H","HIGHLND","Highland Operations","1","3/16/2024 12:00:00 AM","11/28/2025 12:00:00 AM","Scheduled","622","236","447","400.5501","876.0559","2.1871","400.0","400.0","1.05","100.14","219.01","0","1","Scheduled","3.8"
"404","AIRDATA-00016","AIRDATA","Air data and pitot module","MissionCritical","6.0","MU-009","MRD-8X","COASTAL","Coastal Survey Base","1","1/13/2024 12:00:00 AM","9/20/2025 12:00:00 AM","Scheduled","616","261","524","400.1827","454.1167","1.1348","400.0","400.0","1.05","100.05","113.53","0","1","Scheduled","4.1"
"460","AIRDATA-00018","AIRDATA","Air data and pitot module","MissionCritical","6.0","MU-010","MRD-12H","COASTAL","Coastal Survey Base","1","4/9/2024 12:00:00 AM","4/16/2026 12:00:00 AM","Scheduled","737","259","497","405.1167","457.3522","1.1289","400.0","400.0","1.05","101.28","114.34","0","1","Scheduled","1.8"
"506","AIRDATA-00020","AIRDATA","Air data and pitot module","MissionCritical","6.0","MU-011","MRD-12H","HIGHLND","Highland Operations","1","5/24/2024 12:00:00 AM","8/12/2024 12:00:00 AM","Failure","80","29","54","48.1335","101.1365","2.1012","400.0","400.0","1.05","12.03","25.28","1","0","Unscheduled","11.9"
"507","AIRDATA-00021","AIRDATA","Air data and pitot module","MissionCritical","6.0","MU-011","MRD-12H","HIGHLND","Highland Operations","1","8/12/2024 12:00:00 AM","5/1/2026 12:00:00 AM","Scheduled","627","237","469","401.6005","871.8470","2.1709","400.0","400.0","1.05","100.40","217.96","0","1","Scheduled","1.9"
"559","AIRDATA-00023","AIRDATA","Air data and pitot module","MissionCritical","6.0","MU-012","MRD-8X","COASTAL","Coastal Survey Base","1","3/23/2024 12:00:00 AM","2/21/2026 12:00:00 AM","Scheduled","700","263","556","400.8666","476.1002","1.1877","400.0","400.0","1.05","100.22","119.03","0","1","Scheduled","4.4"
"605","AIRDATA-00025","AIRDATA","Air data and pitot module","MissionCritical","6.0","MU-013","MRD-8X","HIGHLND","Highland Operations","1","7/27/2024 12:00:00 AM","1/14/2026 12:00:00 AM","AirframeRetired","536","204","395","343.9002","734.8054","2.1367","400.0","400.0","1.05","85.98","183.70","0","1","Inspection","3.7"
"641","AIRDATA-00026","AIRDATA","Air data and pitot module","MissionCritical","6.0","MU-014","MRD-6L","PORT","Port Logistics Hub","1","6/5/2024 12:00:00 AM","2/17/2026 12:00:00 AM","Scheduled","622","239","621","400.1674","818.9648","2.0466","400.0","400.0","1.05","100.04","204.74","0","1","Scheduled","2.7"
"694","AIRDATA-00028","AIRDATA","Air data and pitot module","MissionCritical","6.0","MU-015","MRD-12H","PORT","Port Logistics Hub","1","7/21/2024 12:00:00 AM","1/17/2026 12:00:00 AM","Scheduled","545","226","556","401.9502","799.6095","1.9893","400.0","400.0","1.05","100.49","199.90","0","1","Scheduled","4.2"
"752","AIRDATA-00030","AIRDATA","Air data and pitot module","MissionCritical","6.0","MU-016","MRD-6L","PORT","Port Logistics Hub","1","4/17/2024 12:00:00 AM","11/28/2025 12:00:00 AM","Scheduled","590","230","580","401.9171","808.2554","2.0110","400.0","400.0","1.05","100.48","202.06","0","1","Scheduled","3.2"
"811","AIRDATA-00032","AIRDATA","Air data and pitot module","MissionCritical","6.0","MU-017","MRD-12H","COASTAL","Coastal Survey Base","1","7/30/2024 12:00:00 AM","3/30/2026 12:00:00 AM","AirframeRetired","608","243","533","374.5833","420.5154","1.1226","400.0","400.0","1.05","93.65","105.13","0","1","Inspection","4.5"
"846","AIRDATA-00033","AIRDATA","Air data and pitot module","MissionCritical","6.0","MU-018","MRD-12H","HIGHLND","Highland Operations","1","2/13/2024 12:00:00 AM","4/6/2024 12:00:00 AM","Failure","53","26","41","46.8500","96.0243","2.0496","400.0","400.0","1.05","11.71","24.01","1","0","Unscheduled","4.9"
"847","AIRDATA-00034","AIRDATA","Air data and pitot module","MissionCritical","6.0","MU-018","MRD-12H","HIGHLND","Highland Operations","1","4/6/2024 12:00:00 AM","12/26/2025 12:00:00 AM","Scheduled","629","236","438","401.5995","874.1497","2.1767","400.0","400.0","1.05","100.40","218.54","0","1","Scheduled","4.2"
"910","AIRDATA-00036","AIRDATA","Air data and pitot module","MissionCritical","6.0","MU-019","MRD-8X","PORT","Port Logistics Hub","1","1/12/2024 12:00:00 AM","8/26/2025 12:00:00 AM","Scheduled","592","235","644","402.3498","802.7264","1.9951","400.0","400.0","1.05","100.59","200.68","0","1","Scheduled","4.0"
"911","AIRDATA-00037","AIRDATA","Air data and pitot module","MissionCritical","6.0","MU-019","MRD-8X","PORT","Port Logistics Hub","1","8/26/2025 12:00:00 AM","11/10/2025 12:00:00 AM","Failure","76","32","96","54.3667","114.7594","2.1108","400.0","400.0","1.05","13.59","28.69","1","0","Unscheduled","12.6"
"912","AIRDATA-00038","AIRDATA","Air data and pitot module","MissionCritical","6.0","MU-019","MRD-8X","PORT","Port Logistics Hub","1","11/10/2025 12:00:00 AM","7/30/2026 12:00:00 AM","Failure","262","109","284","188.5498","375.2474","1.9902","400.0","400.0","1.05","47.14","93.81","1","0","Unscheduled","5.2"
"975","AIRDATA-00040","AIRDATA","Air data and pitot module","MissionCritical","6.0","MU-020","MRD-8X","HIGHLND","Highland Operations","1","4/18/2024 12:00:00 AM","1/29/2026 12:00:00 AM","Scheduled","651","236","430","404.0499","870.7193","2.1550","400.0","400.0","1.05","101.01","217.68","0","1","Scheduled","3.8"
"1066","AIRDATA-00043","AIRDATA","Air data and pitot module","MissionCritical","6.0","MU-022","MRD-6L","COASTAL","Coastal Survey Base","1","3/10/2024 12:00:00 AM","12/4/2025 12:00:00 AM","Scheduled","634","254","527","401.1332","472.5371","1.1780","400.0","400.0","1.05","100.28","118.13","0","1","Scheduled","3.2"
"1113","AIRDATA-00045","AIRDATA","Air data and pitot module","MissionCritical","6.0","MU-023","MRD-6L","COASTAL","Coastal Survey Base","1","1/4/2024 12:00:00 AM","10/28/2025 12:00:00 AM","Scheduled","663","261","566","400.3839","494.9407","1.2362","400.0","400.0","1.05","100.10","123.74","0","1","Scheduled","2.4"
"1163","AIRDATA-00047","AIRDATA","Air data and pitot module","MissionCritical","6.0","MU-024","MRD-8X","COASTAL","Coastal Survey Base","1","1/28/2024 12:00:00 AM","11/6/2025 12:00:00 AM","Scheduled","648","262","575","401.0667","468.8781","1.1691","400.0","400.0","1.05","100.27","117.22","0","1","Scheduled","2.9"
"1219","AIRDATA-00049","AIRDATA","Air data and pitot module","MissionCritical","6.0","MU-025","MRD-8X","HIGHLND","Highland Operations","1","2/15/2024 12:00:00 AM","9/27/2025 12:00:00 AM","Scheduled","590","236","471","400.8675","859.2835","2.1436","400.0","400.0","1.05","100.22","214.82","0","1","Scheduled","2.2"
"1220","AIRDATA-00050","AIRDATA","Air data and pitot module","MissionCritical","6.0","MU-025","MRD-8X","HIGHLND","Highland Operations","1","9/27/2025 12:00:00 AM","9/8/2026 12:00:00 AM","Failure","346","125","249","214.7331","460.1140","2.1427","400.0","400.0","1.05","53.68","115.03","1","0","Unscheduled","9.0"
"1285","AIRDATA-00052","AIRDATA","Air data and pitot module","MissionCritical","6.0","MU-026","MRD-8X","ACADEMY","Training Academy","1","8/9/2024 12:00:00 AM","12/24/2025 12:00:00 AM","Failure","502","212","1700","215.6836","400.0810","1.8549","400.0","400.0","1.05","53.92","100.02","1","0","Unscheduled","9.9"
"1322","AIRDATA-00054","AIRDATA","Air data and pitot module","MissionCritical","6.0","MU-027","MRD-8X","HIGHLND","Highland Operations","1","8/2/2024 12:00:00 AM","4/21/2026 12:00:00 AM","Scheduled","627","235","433","405.6995","853.9180","2.1048","400.0","400.0","1.05","101.42","213.48","0","1","Scheduled","1.7"
"1408","AIRDATA-00057","AIRDATA","Air data and pitot module","MissionCritical","6.0","MU-029","MRD-12H","COASTAL","Coastal Survey Base","1","3/16/2024 12:00:00 AM","3/28/2026 12:00:00 AM","Scheduled","742","269","565","402.5002","474.7192","1.1794","400.0","400.0","1.05","100.63","118.68","0","1","Scheduled","1.6"
"1457","AIRDATA-00059","AIRDATA","Air data and pitot module","MissionCritical","6.0","MU-030","MRD-8X","PORT","Port Logistics Hub","1","8/26/2024 12:00:00 AM","5/25/2026 12:00:00 AM","Scheduled","637","248","654","403.9334","814.9570","2.0176","400.0","400.0","1.05","100.98","203.74","0","1","Scheduled","4.1"
"1504","AIRDATA-00061","AIRDATA","Air data and pitot module","MissionCritical","6.0","MU-031","MRD-8X","COASTAL","Coastal Survey Base","1","8/10/2024 12:00:00 AM","7/15/2026 12:00:00 AM","Scheduled","704","262","585","402.1667","482.1581","1.1989","400.0","400.0","1.05","100.54","120.54","0","1","Scheduled","4.2"
"2","BATT-PACK-00001","BATT-PACK","Main battery pack","FlightCritical","8.0","MU-001","MRD-8X","PORT","Port Logistics Hub","1","5/16/2024 12:00:00 AM","11/18/2024 12:00:00 AM","Scheduled","186","73","208","120.9663","238.7747","1.9739","120.0","120.0","1.80","100.81","198.98","0","1","Scheduled","7.7"
"3","BATT-PACK-00002","BATT-PACK","Main battery pack","FlightCritical","8.0","MU-001","MRD-8X","PORT","Port Logistics Hub","1","11/18/2024 12:00:00 AM","5/27/2025 12:00:00 AM","Scheduled","190","73","192","121.3832","246.1457","2.0278","120.0","120.0","1.80","101.15","205.12","0","1","Scheduled","3.2"
"4","BATT-PACK-00003","BATT-PACK","Main battery pack","FlightCritical","8.0","MU-001","MRD-8X","PORT","Port Logistics Hub","1","5/27/2025 12:00:00 AM","11/20/2025 12:00:00 AM","Scheduled","177","74","206","120.7166","243.3234","2.0157","120.0","120.0","1.80","100.60","202.77","0","1","Scheduled","5.0"
"5","BATT-PACK-00004","BATT-PACK","Main battery pack","FlightCritical","8.0","MU-001","MRD-8X","PORT","Port Logistics Hub","1","11/20/2025 12:00:00 AM","12/3/2025 12:00:00 AM","Failure","13","6","10","11.1833","24.8316","2.2204","120.0","120.0","1.80","9.32","20.69","1","0","Unscheduled","15.7"
"6","BATT-PACK-00005","BATT-PACK","Main battery pack","FlightCritical","8.0","MU-001","MRD-8X","PORT","Port Logistics Hub","1","12/3/2025 12:00:00 AM","6/2/2026 12:00:00 AM","Scheduled","181","72","177","120.5171","238.8358","1.9818","120.0","120.0","1.80","100.43","199.03","0","1","Scheduled","6.8"
"8","BATT-PACK-00007","BATT-PACK","Main battery pack","FlightCritical","8.0","MU-001","MRD-8X","PORT","Port Logistics Hub","2","5/16/2024 12:00:00 AM","11/18/2024 12:00:00 AM","Scheduled","186","73","208","120.9663","238.7747","1.9739","120.0","120.0","1.80","100.81","198.98","0","1","Scheduled","8.3"
"9","BATT-PACK-00008","BATT-PACK","Main battery pack","FlightCritical","8.0","MU-001","MRD-8X","PORT","Port Logistics Hub","2","11/18/2024 12:00:00 AM","5/27/2025 12:00:00 AM","Scheduled","190","73","192","121.3832","246.1457","2.0278","120.0","120.0","1.80","101.15","205.12","0","1","Scheduled","6.1"
"10","BATT-PACK-00009","BATT-PACK","Main battery pack","FlightCritical","8.0","MU-001","MRD-8X","PORT","Port Logistics Hub","2","5/27/2025 12:00:00 AM","7/2/2025 12:00:00 AM","Failure","36","14","36","24.9668","50.9107","2.0391","120.0","120.0","1.80","20.81","42.43","1","0","Unscheduled","17.1"
"11","BATT-PACK-00010","BATT-PACK","Main battery pack","FlightCritical","8.0","MU-001","MRD-8X","PORT","Port Logistics Hub","2","7/2/2025 12:00:00 AM","12/25/2025 12:00:00 AM","Scheduled","176","73","203","120.6664","247.0064","2.0470","120.0","120.0","1.80","100.56","205.84","0","1","Scheduled","3.3"
"12","BATT-PACK-00011","BATT-PACK","Main battery pack","FlightCritical","8.0","MU-001","MRD-8X","PORT","Port Logistics Hub","2","12/25/2025 12:00:00 AM","6/19/2026 12:00:00 AM","Scheduled","176","73","176","121.4836","239.1803","1.9688","120.0","120.0","1.80","101.24","199.32","0","1","Scheduled","3.8"
"57","BATT-PACK-00013","BATT-PACK","Main battery pack","FlightCritical","8.0","MU-002","MRD-8X","HIGHLND","Highland Operations","1","1/12/2024 12:00:00 AM","7/19/2024 12:00:00 AM","Scheduled","189","74","130","121.8165","257.4358","2.1133","120.0","120.0","1.80","101.51","214.53","0","1","Scheduled","6.5"
"58","BATT-PACK-00014","BATT-PACK","Main battery pack","FlightCritical","8.0","MU-002","MRD-8X","HIGHLND","Highland Operations","1","7/19/2024 12:00:00 AM","12/19/2024 12:00:00 AM","Failure","153","59","105","103.9664","219.6939","2.1131","120.0","120.0","1.80","86.64","183.08","1","0","Unscheduled","25.0"
"59","BATT-PACK-00015","BATT-PACK","Main battery pack","FlightCritical","8.0","MU-002","MRD-8X","HIGHLND","Highland Operations","1","12/19/2024 12:00:00 AM","7/4/2025 12:00:00 AM","Scheduled","197","69","120","120.3498","271.1185","2.2528","120.0","120.0","1.80","100.29","225.93","0","1","Scheduled","8.5"
"60","BATT-PACK-00016","BATT-PACK","Main battery pack","FlightCritical","8.0","MU-002","MRD-8X","HIGHLND","Highland Operations","1","7/4/2025 12:00:00 AM","12/23/2025 12:00:00 AM","Scheduled","172","69","132","121.3001","252.1932","2.0791","120.0","120.0","1.80","101.08","210.16","0","1","Scheduled","7.7"
"61","BATT-PACK-00017","BATT-PACK","Main battery pack","FlightCritical","8.0","MU-002","MRD-8X","HIGHLND","Highland Operations","1","12/23/2025 12:00:00 AM","6/26/2026 12:00:00 AM","Scheduled","185","72","133","120.4334","273.2550","2.2689","120.0","120.0","1.80","100.36","227.71","0","1","Scheduled","7.0"
"63","BATT-PACK-00019","BATT-PACK","Main battery pack","FlightCritical","8.0","MU-002","MRD-8X","HIGHLND","Highland Operations","2","1/12/2024 12:00:00 AM","7/19/2024 12:00:00 AM","Scheduled","189","74","130","121.8165","257.4358","2.1133","120.0","120.0","1.80","101.51","214.53","0","1","Scheduled","5.7"
"64","BATT-PACK-00020","BATT-PACK","Main battery pack","FlightCritical","8.0","MU-002","MRD-8X","HIGHLND","Highland Operations","2","7/19/2024 12:00:00 AM","12/30/2024 12:00:00 AM","Failure","164","63","111","111.3498","236.8936","2.1275","120.0","120.0","1.80","92.79","197.41","1","0","Unscheduled","22.3"
"65","BATT-PACK-00021","BATT-PACK","Main battery pack","FlightCritical","8.0","MU-002","MRD-8X","HIGHLND","Highland Operations","2","12/30/2024 12:00:00 AM","4/16/2025 12:00:00 AM","Failure","107","40","68","67.2666","151.3035","2.2493","120.0","120.0","1.80","56.06","126.09","1","0","Unscheduled","16.5"
"66","BATT-PACK-00022","BATT-PACK","Main battery pack","FlightCritical","8.0","MU-002","MRD-8X","HIGHLND","Highland Operations","2","4/16/2025 12:00:00 AM","10/3/2025 12:00:00 AM","Scheduled","170","69","136","121.2832","260.5784","2.1485","120.0","120.0","1.80","101.07","217.15","0","1","Scheduled","7.2"
"67","BATT-PACK-00023","BATT-PACK","Main battery pack","FlightCritical","8.0","MU-002","MRD-8X","HIGHLND","Highland Operations","2","10/3/2025 12:00:00 AM","4/8/2026 12:00:00 AM","Scheduled","187","70","129","120.5833","263.2523","2.1832","120.0","120.0","1.80","100.49","219.38","0","1","Scheduled","3.6"
"68","BATT-PACK-00024","BATT-PACK","Main battery pack","FlightCritical","8.0","MU-002","MRD-8X","HIGHLND","Highland Operations","2","4/8/2026 12:00:00 AM","7/21/2026 12:00:00 AM","Failure","104","35","58","58.5168","132.0071","2.2559","120.0","120.0","1.80","48.76","110.01","1","0","Unscheduled","14.8"
"69","BATT-PACK-00025","BATT-PACK","Main battery pack","FlightCritical","8.0","MU-002","MRD-8X","HIGHLND","Highland Operations","2","7/21/2026 12:00:00 AM","8/20/2026 12:00:00 AM","Failure","30","18","28","27.6499","61.3552","2.2190","120.0","120.0","1.80","23.04","51.13","1","0","Unscheduled","11.6"
"119","BATT-PACK-00027","BATT-PACK","Main battery pack","FlightCritical","8.0","MU-003","MRD-12H","PORT","Port Logistics Hub","1","3/3/2024 12:00:00 AM","9/2/2024 12:00:00 AM","Scheduled","183","72","199","120.1333","238.3522","1.9841","120.0","120.0","1.80","100.11","198.63","0","1","Scheduled","5.9"
"120","BATT-PACK-00028","BATT-PACK","Main battery pack","FlightCritical","8.0","MU-003","MRD-12H","PORT","Port Logistics Hub","1","9/2/2024 12:00:00 AM","2/28/2025 12:00:00 AM","Scheduled","179","75","184","122.9165","228.2615","1.8570","120.0","120.0","1.80","102.43","190.22","0","1","Scheduled","4.2"
"121","BATT-PACK-00029","BATT-PACK","Main battery pack","FlightCritical","8.0","MU-003","MRD-12H","PORT","Port Logistics Hub","1","2/28/2025 12:00:00 AM","8/18/2025 12:00:00 AM","Scheduled","171","68","154","122.5828","243.1925","1.9839","120.0","120.0","1.80","102.15","202.66","0","1","Scheduled","4.2"
"122","BATT-PACK-00030","BATT-PACK","Main battery pack","FlightCritical","8.0","MU-003","MRD-12H","PORT","Port Logistics Hub","1","8/18/2025 12:00:00 AM","9/21/2025 12:00:00 AM","AirframeRetired","34","15","40","26.4498","52.9995","2.0038","120.0","120.0","1.80","22.04","44.17","0","1","Inspection","3.1"
"123","BATT-PACK-00031","BATT-PACK","Main battery pack","FlightCritical","8.0","MU-003","MRD-12H","PORT","Port Logistics Hub","2","3/3/2024 12:00:00 AM","9/2/2024 12:00:00 AM","Scheduled","183","72","199","120.1333","238.3522","1.9841","120.0","120.0","1.80","100.11","198.63","0","1","Scheduled","4.0"
"124","BATT-PACK-00032","BATT-PACK","Main battery pack","FlightCritical","8.0","MU-003","MRD-12H","PORT","Port Logistics Hub","2","9/2/2024 12:00:00 AM","2/28/2025 12:00:00 AM","Scheduled","179","75","184","122.9165","228.2615","1.8570","120.0","120.0","1.80","102.43","190.22","0","1","Scheduled","6.7"
"125","BATT-PACK-00033","BATT-PACK","Main battery pack","FlightCritical","8.0","MU-003","MRD-12H","PORT","Port Logistics Hub","2","2/28/2025 12:00:00 AM","8/18/2025 12:00:00 AM","Scheduled","171","68","154","122.5828","243.1925","1.9839","120.0","120.0","1.80","102.15","202.66","0","1","Scheduled","5.1"
"126","BATT-PACK-00034","BATT-PACK","Main battery pack","FlightCritical","8.0","MU-003","MRD-12H","PORT","Port Logistics Hub","2","8/18/2025 12:00:00 AM","9/21/2025 12:00:00 AM","AirframeRetired","34","15","40","26.4498","52.9995","2.0038","120.0","120.0","1.80","22.04","44.17","0","1","Inspection","7.0"
"158","BATT-PACK-00035","BATT-PACK","Main battery pack","FlightCritical","8.0","MU-004","MRD-12H","COASTAL","Coastal Survey Base","1","6/3/2024 12:00:00 AM","12/5/2024 12:00:00 AM","Failure","185","75","179","115.4167","133.4083","1.1559","120.0","120.0","1.80","96.18","111.17","1","0","Unscheduled","18.4"
"159","BATT-PACK-00036","BATT-PACK","Main battery pack","FlightCritical","8.0","MU-004","MRD-12H","COASTAL","Coastal Survey Base","1","12/5/2024 12:00:00 AM","5/10/2025 12:00:00 AM","Scheduled","156","78","175","120.0335","141.1168","1.1756","120.0","120.0","1.80","100.03","117.60","0","1","Scheduled","3.2"
"160","BATT-PACK-00037","BATT-PACK","Main battery pack","FlightCritical","8.0","MU-004","MRD-12H","COASTAL","Coastal Survey Base","1","5/10/2025 12:00:00 AM","11/6/2025 12:00:00 AM","Scheduled","180","80","149","121.9167","139.4231","1.1436","120.0","120.0","1.80","101.60","116.19","0","1","Scheduled","3.2"
"161","BATT-PACK-00038","BATT-PACK","Main battery pack","FlightCritical","8.0","MU-004","MRD-12H","COASTAL","Coastal Survey Base","1","11/6/2025 12:00:00 AM","5/20/2026 12:00:00 AM","Scheduled","195","82","168","121.2999","140.8427","1.1611","120.0","120.0","1.80","101.08","117.37","0","1","Scheduled","5.5"
"163","BATT-PACK-00040","BATT-PACK","Main battery pack","FlightCritical","8.0","MU-004","MRD-12H","COASTAL","Coastal Survey Base","2","6/3/2024 12:00:00 AM","12/11/2024 12:00:00 AM","Scheduled","191","79","187","121.1668","139.8924","1.1545","120.0","120.0","1.80","100.97","116.58","0","1","Scheduled","5.4"
"164","BATT-PACK-00041","BATT-PACK","Main battery pack","FlightCritical","8.0","MU-004","MRD-12H","COASTAL","Coastal Survey Base","2","12/11/2024 12:00:00 AM","4/8/2025 12:00:00 AM","Failure","118","60","138","91.3668","109.7416","1.2011","120.0","120.0","1.80","76.14","91.45","1","0","Unscheduled","16.3"
"165","BATT-PACK-00042","BATT-PACK","Main battery pack","FlightCritical","8.0","MU-004","MRD-12H","COASTAL","Coastal Survey Base","2","4/8/2025 12:00:00 AM","10/9/2025 12:00:00 AM","Scheduled","184","80","147","122.4499","138.3442","1.1298","120.0","120.0","1.80","102.04","115.29","0","1","Scheduled","5.4"
"166","BATT-PACK-00043","BATT-PACK","Main battery pack","FlightCritical","8.0","MU-004","MRD-12H","COASTAL","Coastal Survey Base","2","10/9/2025 12:00:00 AM","4/8/2026 12:00:00 AM","Scheduled","181","80","163","120.9166","141.3620","1.1691","120.0","120.0","1.80","100.76","117.80","0","1","Scheduled","3.4"
"205","BATT-PACK-00045","BATT-PACK","Main battery pack","FlightCritical","8.0","MU-005","MRD-8X","PORT","Port Logistics Hub","1","3/9/2024 12:00:00 AM","8/30/2024 12:00:00 AM","Scheduled","174","74","173","121.5163","238.6612","1.9640","120.0","120.0","1.80","101.26","198.88","0","1","Scheduled","6.8"
"206","BATT-PACK-00046","BATT-PACK","Main battery pack","FlightCritical","8.0","MU-005","MRD-8X","PORT","Port Logistics Hub","1","8/30/2024 12:00:00 AM","3/22/2025 12:00:00 AM","Scheduled","204","75","195","120.8166","238.2357","1.9719","120.0","120.0","1.80","100.68","198.53","0","1","Scheduled","3.1"
"207","BATT-PACK-00047","BATT-PACK","Main battery pack","FlightCritical","8.0","MU-005","MRD-8X","PORT","Port Logistics Hub","1","3/22/2025 12:00:00 AM","9/10/2025 12:00:00 AM","Scheduled","172","70","175","122.4667","245.0164","2.0007","120.0","120.0","1.80","102.06","204.18","0","1","Scheduled","7.8"
"208","BATT-PACK-00048","BATT-PACK","Main battery pack","FlightCritical","8.0","MU-005","MRD-8X","PORT","Port Logistics Hub","1","9/10/2025 12:00:00 AM","3/28/2026 12:00:00 AM","Scheduled","199","68","154","121.3498","243.6469","2.0078","120.0","120.0","1.80","101.12","203.04","0","1","Scheduled","3.9"
"210","BATT-PACK-00050","BATT-PACK","Main battery pack","FlightCritical","8.0","MU-005","MRD-8X","PORT","Port Logistics Hub","2","3/9/2024 12:00:00 AM","5/17/2024 12:00:00 AM","Failure","69","32","77","54.5500","113.0745","2.0729","120.0","120.0","1.80","45.46","94.23","1","0","Unscheduled","14.9"
"211","BATT-PACK-00051","BATT-PACK","Main battery pack","FlightCritical","8.0","MU-005","MRD-8X","PORT","Port Logistics Hub","2","5/17/2024 12:00:00 AM","12/18/2024 12:00:00 AM","Scheduled","215","77","192","120.4330","226.8109","1.8833","120.0","120.0","1.80","100.36","189.01","0","1","Scheduled","3.8"
"212","BATT-PACK-00052","BATT-PACK","Main battery pack","FlightCritical","8.0","MU-005","MRD-8X","PORT","Port Logistics Hub","2","12/18/2024 12:00:00 AM","5/6/2025 12:00:00 AM","Failure","139","62","149","110.6499","225.4322","2.0373","120.0","120.0","1.80","92.21","187.86","1","0","Unscheduled","13.7"
"213","BATT-PACK-00053","BATT-PACK","Main battery pack","FlightCritical","8.0","MU-005","MRD-8X","PORT","Port Logistics Hub","2","5/6/2025 12:00:00 AM","11/22/2025 12:00:00 AM","Scheduled","200","71","177","121.9500","240.2985","1.9705","120.0","120.0","1.80","101.63","200.25","0","1","Scheduled","7.7"
"214","BATT-PACK-00054","BATT-PACK","Main battery pack","FlightCritical","8.0","MU-005","MRD-8X","PORT","Port Logistics Hub","2","11/22/2025 12:00:00 AM","3/31/2026 12:00:00 AM","Failure","129","47","105","83.4499","170.9971","2.0491","120.0","120.0","1.80","69.54","142.50","1","0","Unscheduled","10.8"
"265","BATT-PACK-00056","BATT-PACK","Main battery pack","FlightCritical","8.0","MU-006","MRD-8X","COASTAL","Coastal Survey Base","1","2/10/2024 12:00:00 AM","9/16/2024 12:00:00 AM","Scheduled","219","80","165","123.6333","138.8605","1.1232","120.0","120.0","1.80","103.03","115.72","0","1","Scheduled","7.7"
"266","BATT-PACK-00057","BATT-PACK","Main battery pack","FlightCritical","8.0","MU-006","MRD-8X","COASTAL","Coastal Survey Base","1","9/16/2024 12:00:00 AM","4/1/2025 12:00:00 AM","Failure","197","85","171","118.3666","138.0734","1.1665","120.0","120.0","1.80","98.64","115.06","1","0","Unscheduled","17.2"
"267","BATT-PACK-00058","BATT-PACK","Main battery pack","FlightCritical","8.0","MU-006","MRD-8X","COASTAL","Coastal Survey Base","1","4/1/2025 12:00:00 AM","10/27/2025 12:00:00 AM","Scheduled","209","79","176","121.8833","148.9213","1.2218","120.0","120.0","1.80","101.57","124.10","0","1","Scheduled","8.5"
"268","BATT-PACK-00059","BATT-PACK","Main battery pack","FlightCritical","8.0","MU-006","MRD-8X","COASTAL","Coastal Survey Base","1","10/27/2025 12:00:00 AM","5/27/2026 12:00:00 AM","Scheduled","212","78","179","120.0332","143.0856","1.1921","120.0","120.0","1.80","100.03","119.24","0","1","Scheduled","4.8"
"270","BATT-PACK-00061","BATT-PACK","Main battery pack","FlightCritical","8.0","MU-006","MRD-8X","COASTAL","Coastal Survey Base","2","2/10/2024 12:00:00 AM","9/16/2024 12:00:00 AM","Scheduled","219","80","165","123.6333","138.8605","1.1232","120.0","120.0","1.80","103.03","115.72","0","1","Scheduled","4.6"
"271","BATT-PACK-00062","BATT-PACK","Main battery pack","FlightCritical","8.0","MU-006","MRD-8X","COASTAL","Coastal Survey Base","2","9/16/2024 12:00:00 AM","4/3/2025 12:00:00 AM","Scheduled","199","86","173","120.2833","140.0301","1.1642","120.0","120.0","1.80","100.24","116.69","0","1","Scheduled","7.1"
"272","BATT-PACK-00063","BATT-PACK","Main battery pack","FlightCritical","8.0","MU-006","MRD-8X","COASTAL","Coastal Survey Base","2","4/3/2025 12:00:00 AM","10/28/2025 12:00:00 AM","Scheduled","208","79","176","120.9999","148.0379","1.2235","120.0","120.0","1.80","100.83","123.36","0","1","Scheduled","3.0"
"273","BATT-PACK-00064","BATT-PACK","Main battery pack","FlightCritical","8.0","MU-006","MRD-8X","COASTAL","Coastal Survey Base","2","10/28/2025 12:00:00 AM","5/28/2026 12:00:00 AM","Scheduled","212","78","178","121.1166","144.1490","1.1902","120.0","120.0","1.80","100.93","120.12","0","1","Scheduled","7.8"
"313","BATT-PACK-00066","BATT-PACK","Main battery pack","FlightCritical","8.0","MU-007","MRD-12H","ACADEMY","Training Academy","1","5/10/2024 12:00:00 AM","4/1/2025 12:00:00 AM","Scheduled","326","124","1037","120.1162","231.7841","1.9297","120.0","120.0","1.80","100.10","193.15","0","1","Scheduled","3.0"
"314","BATT-PACK-00067","BATT-PACK","Main battery pack","FlightCritical","8.0","MU-007","MRD-12H","ACADEMY","Training Academy","1","4/1/2025 12:00:00 AM","1/19/2026 12:00:00 AM","Scheduled","293","120","914","121.3502","219.0892","1.8054","120.0","120.0","1.80","101.13","182.57","0","1","Scheduled","6.6"
"315","BATT-PACK-00068","BATT-PACK","Main battery pack","FlightCritical","8.0","MU-007","MRD-12H","ACADEMY","Training Academy","1","1/19/2026 12:00:00 AM","9/19/2026 12:00:00 AM","Failure","243","93","723","94.0165","172.5642","1.8355","120.0","120.0","1.80","78.35","143.80","1","0","Unscheduled","18.4"
"317","BATT-PACK-00070","BATT-PACK","Main battery pack","FlightCritical","8.0","MU-007","MRD-12H","ACADEMY","Training Academy","2","5/10/2024 12:00:00 AM","4/1/2025 12:00:00 AM","Scheduled","326","124","1037","120.1162","231.7841","1.9297","120.0","120.0","1.80","100.10","193.15","0","1","Scheduled","4.4"
"318","BATT-PACK-00071","BATT-PACK","Main battery pack","FlightCritical","8.0","MU-007","MRD-12H","ACADEMY","Training Academy","2","4/1/2025 12:00:00 AM","1/19/2026 12:00:00 AM","Scheduled","293","120","914","121.3502","219.0892","1.8054","120.0","120.0","1.80","101.13","182.57","0","1","Scheduled","4.1"
"348","BATT-PACK-00073","BATT-PACK","Main battery pack","FlightCritical","8.0","MU-008","MRD-12H","HIGHLND","Highland Operations","1","3/16/2024 12:00:00 AM","10/8/2024 12:00:00 AM","Scheduled","206","73","152","121.1501","262.3430","2.1654","120.0","120.0","1.80","100.96","218.62","0","1","Scheduled","4.0"
"349","BATT-PACK-00074","BATT-PACK","Main battery pack","FlightCritical","8.0","MU-008","MRD-12H","HIGHLND","Highland Operations","1","10/8/2024 12:00:00 AM","4/18/2025 12:00:00 AM","Scheduled","192","74","127","120.0665","263.6691","2.1960","120.0","120.0","1.80","100.06","219.72","0","1","Scheduled","2.9"
"350","BATT-PACK-00075","BATT-PACK","Main battery pack","FlightCritical","8.0","MU-008","MRD-12H","HIGHLND","Highland Operations","1","4/18/2025 12:00:00 AM","10/11/2025 12:00:00 AM","Scheduled","176","67","127","120.0835","262.8997","2.1893","120.0","120.0","1.80","100.07","219.08","0","1","Scheduled","5.4"
"351","BATT-PACK-00076","BATT-PACK","Main battery pack","FlightCritical","8.0","MU-008","MRD-12H","HIGHLND","Highland Operations","1","10/11/2025 12:00:00 AM","4/7/2026 12:00:00 AM","Scheduled","178","70","141","120.7166","256.2079","2.1224","120.0","120.0","1.80","100.60","213.51","0","1","Scheduled","8.0"
"353","BATT-PACK-00078","BATT-PACK","Main battery pack","FlightCritical","8.0","MU-008","MRD-12H","HIGHLND","Highland Operations","2","3/16/2024 12:00:00 AM","10/8/2024 12:00:00 AM","Scheduled","206","73","152","121.1501","262.3430","2.1654","120.0","120.0","1.80","100.96","218.62","0","1","Scheduled","4.4"
"354","BATT-PACK-00079","BATT-PACK","Main battery pack","FlightCritical","8.0","MU-008","MRD-12H","HIGHLND","Highland Operations","2","10/8/2024 12:00:00 AM","4/18/2025 12:00:00 AM","Scheduled","192","74","127","120.0665","263.6691","2.1960","120.0","120.0","1.80","100.06","219.72","0","1","Scheduled","4.5"
"355","BATT-PACK-00080","BATT-PACK","Main battery pack","FlightCritical","8.0","MU-008","MRD-12H","HIGHLND","Highland Operations","2","4/18/2025 12:00:00 AM","10/11/2025 12:00:00 AM","Scheduled","176","67","127","120.0835","262.8997","2.1893","120.0","120.0","1.80","100.07","219.08","0","1","Scheduled","6.9"
"356","BATT-PACK-00081","BATT-PACK","Main battery pack","FlightCritical","8.0","MU-008","MRD-12H","HIGHLND","Highland Operations","2","10/11/2025 12:00:00 AM","2/14/2026 12:00:00 AM","Failure","126","52","103","91.2001","194.9271","2.1374","120.0","120.0","1.80","76.00","162.44","1","0","Unscheduled","23.4"
"357","BATT-PACK-00082","BATT-PACK","Main battery pack","FlightCritical","8.0","MU-008","MRD-12H","HIGHLND","Highland Operations","2","2/14/2026 12:00:00 AM","5/2/2026 12:00:00 AM","Failure","77","22","44","37.6998","81.1994","2.1538","120.0","120.0","1.80","31.42","67.67","1","0","Unscheduled","8.5"
"406","BATT-PACK-00084","BATT-PACK","Main battery pack","FlightCritical","8.0","MU-009","MRD-8X","COASTAL","Coastal Survey Base","1","1/13/2024 12:00:00 AM","7/27/2024 12:00:00 AM","Scheduled","196","81","162","120.1833","146.6687","1.2204","120.0","120.0","1.80","100.15","122.22","0","1","Scheduled","2.7"
"407","BATT-PACK-00085","BATT-PACK","Main battery pack","FlightCritical","8.0","MU-009","MRD-8X","COASTAL","Coastal Survey Base","1","7/27/2024 12:00:00 AM","1/10/2025 12:00:00 AM","Scheduled","167","74","147","120.7663","133.5808","1.1061","120.0","120.0","1.80","100.64","111.32","0","1","Scheduled","7.4"
"408","BATT-PACK-00086","BATT-PACK","Main battery pack","FlightCritical","8.0","MU-009","MRD-8X","COASTAL","Coastal Survey Base","1","1/10/2025 12:00:00 AM","7/28/2025 12:00:00 AM","Scheduled","199","81","154","122.2000","131.5655","1.0766","120.0","120.0","1.80","101.83","109.64","0","1","Scheduled","8.1"
"409","BATT-PACK-00087","BATT-PACK","Main battery pack","FlightCritical","8.0","MU-009","MRD-8X","COASTAL","Coastal Survey Base","1","7/28/2025 12:00:00 AM","1/30/2026 12:00:00 AM","Scheduled","186","82","193","120.5661","140.2043","1.1629","120.0","120.0","1.80","100.47","116.84","0","1","Scheduled","4.1"
"410","BATT-PACK-00088","BATT-PACK","Main battery pack","FlightCritical","8.0","MU-009","MRD-8X","COASTAL","Coastal Survey Base","1","1/30/2026 12:00:00 AM","7/27/2026 12:00:00 AM","Failure","178","75","153","117.6005","143.9957","1.2244","120.0","120.0","1.80","98.00","120.00","1","0","Unscheduled","15.9"
"412","BATT-PACK-00090","BATT-PACK","Main battery pack","FlightCritical","8.0","MU-009","MRD-8X","COASTAL","Coastal Survey Base","2","1/13/2024 12:00:00 AM","7/27/2024 12:00:00 AM","Scheduled","196","81","162","120.1833","146.6687","1.2204","120.0","120.0","1.80","100.15","122.22","0","1","Scheduled","4.4"
"413","BATT-PACK-00091","BATT-PACK","Main battery pack","FlightCritical","8.0","MU-009","MRD-8X","COASTAL","Coastal Survey Base","2","7/27/2024 12:00:00 AM","1/10/2025 12:00:00 AM","Scheduled","167","74","147","120.7663","133.5808","1.1061","120.0","120.0","1.80","100.64","111.32","0","1","Scheduled","3.3"
"414","BATT-PACK-00092","BATT-PACK","Main battery pack","FlightCritical","8.0","MU-009","MRD-8X","COASTAL","Coastal Survey Base","2","1/10/2025 12:00:00 AM","7/28/2025 12:00:00 AM","Scheduled","199","81","154","122.2000","131.5655","1.0766","120.0","120.0","1.80","101.83","109.64","0","1","Scheduled","7.2"
"415","BATT-PACK-00093","BATT-PACK","Main battery pack","FlightCritical","8.0","MU-009","MRD-8X","COASTAL","Coastal Survey Base","2","7/28/2025 12:00:00 AM","1/30/2026 12:00:00 AM","Scheduled","186","82","193","120.5661","140.2043","1.1629","120.0","120.0","1.80","100.47","116.84","0","1","Scheduled","8.5"
"416","BATT-PACK-00094","BATT-PACK","Main battery pack","FlightCritical","8.0","MU-009","MRD-8X","COASTAL","Coastal Survey Base","2","1/30/2026 12:00:00 AM","7/27/2026 12:00:00 AM","Failure","178","75","153","117.6005","143.9957","1.2244","120.0","120.0","1.80","98.00","120.00","1","0","Unscheduled","21.7"
"462","BATT-PACK-00096","BATT-PACK","Main battery pack","FlightCritical","8.0","MU-010","MRD-12H","COASTAL","Coastal Survey Base","1","4/9/2024 12:00:00 AM","11/26/2024 12:00:00 AM","Scheduled","231","78","146","123.9666","141.8763","1.1445","120.0","120.0","1.80","103.31","118.23","0","1","Scheduled","4.4"
"463","BATT-PACK-00097","BATT-PACK","Main battery pack","FlightCritical","8.0","MU-010","MRD-12H","COASTAL","Coastal Survey Base","1","11/26/2024 12:00:00 AM","6/12/2025 12:00:00 AM","Scheduled","198","78","142","120.9331","133.3847","1.1030","120.0","120.0","1.80","100.78","111.15","0","1","Scheduled","4.4"
"464","BATT-PACK-00098","BATT-PACK","Main battery pack","FlightCritical","8.0","MU-010","MRD-12H","COASTAL","Coastal Survey Base","1","6/12/2025 12:00:00 AM","2/10/2026 12:00:00 AM","Scheduled","243","79","145","121.6503","130.5478","1.0731","120.0","120.0","1.80","101.38","108.79","0","1","Scheduled","4.5"
"465","BATT-PACK-00099","BATT-PACK","Main battery pack","FlightCritical","8.0","MU-010","MRD-12H","COASTAL","Coastal Survey Base","1","2/10/2026 12:00:00 AM","8/20/2026 12:00:00 AM","Scheduled","191","73","161","120.4833","141.5023","1.1745","120.0","120.0","1.80","100.40","117.92","0","1","Scheduled","4.8"
"467","BATT-PACK-00101","BATT-PACK","Main battery pack","FlightCritical","8.0","MU-010","MRD-12H","COASTAL","Coastal Survey Base","2","4/9/2024 12:00:00 AM","11/26/2024 12:00:00 AM","Scheduled","231","78","146","123.9666","141.8763","1.1445","120.0","120.0","1.80","103.31","118.23","0","1","Scheduled","5.2"
"468","BATT-PACK-00102","BATT-PACK","Main battery pack","FlightCritical","8.0","MU-010","MRD-12H","COASTAL","Coastal Survey Base","2","11/26/2024 12:00:00 AM","6/12/2025 12:00:00 AM","Scheduled","198","78","142","120.9331","133.3847","1.1030","120.0","120.0","1.80","100.78","111.15","0","1","Scheduled","4.5"
"469","BATT-PACK-00103","BATT-PACK","Main battery pack","FlightCritical","8.0","MU-010","MRD-12H","COASTAL","Coastal Survey Base","2","6/12/2025 12:00:00 AM","2/10/2026 12:00:00 AM","Scheduled","243","79","145","121.6503","130.5478","1.0731","120.0","120.0","1.80","101.38","108.79","0","1","Scheduled","3.8"
"470","BATT-PACK-00104","BATT-PACK","Main battery pack","FlightCritical","8.0","MU-010","MRD-12H","COASTAL","Coastal Survey Base","2","2/10/2026 12:00:00 AM","7/10/2026 12:00:00 AM","Failure","150","56","131","92.1001","110.4362","1.1991","120.0","120.0","1.80","76.75","92.03","1","0","Unscheduled","9.7"
"509","BATT-PACK-00106","BATT-PACK","Main battery pack","FlightCritical","8.0","MU-011","MRD-12H","HIGHLND","Highland Operations","1","5/24/2024 12:00:00 AM","11/20/2024 12:00:00 AM","Scheduled","180","72","134","120.0001","260.5388","2.1712","120.0","120.0","1.80","100.00","217.12","0","1","Scheduled","5.0"
"510","BATT-PACK-00107","BATT-PACK","Main battery pack","FlightCritical","8.0","MU-011","MRD-12H","HIGHLND","Highland Operations","1","11/20/2024 12:00:00 AM","6/10/2025 12:00:00 AM","Scheduled","202","71","148","120.7502","268.5860","2.2243","120.0","120.0","1.80","100.63","223.82","0","1","Scheduled","4.6"
"511","BATT-PACK-00108","BATT-PACK","Main battery pack","FlightCritical","8.0","MU-011","MRD-12H","HIGHLND","Highland Operations","1","6/10/2025 12:00:00 AM","11/11/2025 12:00:00 AM","Failure","154","60","117","99.9669","216.0242","2.1610","120.0","120.0","1.80","83.31","180.02","1","0","Unscheduled","26.5"
"512","BATT-PACK-00109","BATT-PACK","Main battery pack","FlightCritical","8.0","MU-011","MRD-12H","HIGHLND","Highland Operations","1","11/11/2025 12:00:00 AM","5/25/2026 12:00:00 AM","Scheduled","195","70","136","121.7501","253.3591","2.0810","120.0","120.0","1.80","101.46","211.13","0","1","Scheduled","7.0"
"514","BATT-PACK-00111","BATT-PACK","Main battery pack","FlightCritical","8.0","MU-011","MRD-12H","HIGHLND","Highland Operations","2","5/24/2024 12:00:00 AM","11/20/2024 12:00:00 AM","Scheduled","180","72","134","120.0001","260.5388","2.1712","120.0","120.0","1.80","100.00","217.12","0","1","Scheduled","3.9"
"515","BATT-PACK-00112","BATT-PACK","Main battery pack","FlightCritical","8.0","MU-011","MRD-12H","HIGHLND","Highland Operations","2","11/20/2024 12:00:00 AM","4/17/2025 12:00:00 AM","Failure","148","49","98","82.8667","188.9488","2.2802","120.0","120.0","1.80","69.06","157.46","1","0","Unscheduled","9.4"
"516","BATT-PACK-00113","BATT-PACK","Main battery pack","FlightCritical","8.0","MU-011","MRD-12H","HIGHLND","Highland Operations","2","4/17/2025 12:00:00 AM","10/13/2025 12:00:00 AM","Scheduled","179","70","140","120.1505","254.9273","2.1217","120.0","120.0","1.80","100.13","212.44","0","1","Scheduled","4.9"
"517","BATT-PACK-00114","BATT-PACK","Main battery pack","FlightCritical","8.0","MU-011","MRD-12H","HIGHLND","Highland Operations","2","10/13/2025 12:00:00 AM","3/11/2026 12:00:00 AM","Failure","149","58","119","97.0501","206.3729","2.1265","120.0","120.0","1.80","80.88","171.98","1","0","Unscheduled","24.2"
"518","BATT-PACK-00115","BATT-PACK","Main battery pack","FlightCritical","8.0","MU-011","MRD-12H","HIGHLND","Highland Operations","2","3/11/2026 12:00:00 AM","9/25/2026 12:00:00 AM","Scheduled","198","70","133","120.7332","260.1055","2.1544","120.0","120.0","1.80","100.61","216.75","0","1","Scheduled","3.6"
"561","BATT-PACK-00117","BATT-PACK","Main battery pack","FlightCritical","8.0","MU-012","MRD-8X","COASTAL","Coastal Survey Base","1","3/23/2024 12:00:00 AM","10/24/2024 12:00:00 AM","Scheduled","215","78","164","120.0498","145.1397","1.2090","120.0","120.0","1.80","100.04","120.95","0","1","Scheduled","7.8"
"562","BATT-PACK-00118","BATT-PACK","Main battery pack","FlightCritical","8.0","MU-012","MRD-8X","COASTAL","Coastal Survey Base","1","10/24/2024 12:00:00 AM","5/26/2025 12:00:00 AM","Scheduled","214","84","193","120.9666","144.7168","1.1963","120.0","120.0","1.80","100.81","120.60","0","1","Scheduled","5.5"
"563","BATT-PACK-00119","BATT-PACK","Main battery pack","FlightCritical","8.0","MU-012","MRD-8X","COASTAL","Coastal Survey Base","1","5/26/2025 12:00:00 AM","12/19/2025 12:00:00 AM","Scheduled","207","78","149","120.3835","138.7974","1.1530","120.0","120.0","1.80","100.32","115.66","0","1","Scheduled","6.7"
"564","BATT-PACK-00120","BATT-PACK","Main battery pack","FlightCritical","8.0","MU-012","MRD-8X","COASTAL","Coastal Survey Base","1","12/19/2025 12:00:00 AM","7/27/2026 12:00:00 AM","Scheduled","220","78","175","121.2501","148.2621","1.2228","120.0","120.0","1.80","101.04","123.55","0","1","Scheduled","3.6"
"566","BATT-PACK-00122","BATT-PACK","Main battery pack","FlightCritical","8.0","MU-012","MRD-8X","COASTAL","Coastal Survey Base","2","3/23/2024 12:00:00 AM","10/24/2024 12:00:00 AM","Scheduled","215","78","164","120.0498","145.1397","1.2090","120.0","120.0","1.80","100.04","120.95","0","1","Scheduled","2.8"
"567","BATT-PACK-00123","BATT-PACK","Main battery pack","FlightCritical","8.0","MU-012","MRD-8X","COASTAL","Coastal Survey Base","2","10/24/2024 12:00:00 AM","5/26/2025 12:00:00 AM","Scheduled","214","84","193","120.9666","144.7168","1.1963","120.0","120.0","1.80","100.81","120.60","0","1","Scheduled","8.5"
"568","BATT-PACK-00124","BATT-PACK","Main battery pack","FlightCritical","8.0","MU-012","MRD-8X","COASTAL","Coastal Survey Base","2","5/26/2025 12:00:00 AM","11/18/2025 12:00:00 AM","Failure","176","64","122","97.1667","110.8617","1.1409","120.0","120.0","1.80","80.97","92.38","1","0","Unscheduled","14.1"
"569","BATT-PACK-00125","BATT-PACK","Main battery pack","FlightCritical","8.0","MU-012","MRD-8X","COASTAL","Coastal Survey Base","2","11/18/2025 12:00:00 AM","6/18/2026 12:00:00 AM","Scheduled","212","75","164","120.5168","144.8780","1.2021","120.0","120.0","1.80","100.43","120.73","0","1","Scheduled","7.6"
"606","BATT-PACK-00127","BATT-PACK","Main battery pack","FlightCritical","8.0","MU-013","MRD-8X","HIGHLND","Highland Operations","1","7/27/2024 12:00:00 AM","1/31/2025 12:00:00 AM","Scheduled","188","69","133","121.5833","266.9448","2.1956","120.0","120.0","1.80","101.32","222.45","0","1","Scheduled","6.5"
"607","BATT-PACK-00128","BATT-PACK","Main battery pack","FlightCritical","8.0","MU-013","MRD-8X","HIGHLND","Highland Operations","1","1/31/2025 12:00:00 AM","8/7/2025 12:00:00 AM","Scheduled","188","74","149","121.5334","263.6723","2.1695","120.0","120.0","1.80","101.28","219.73","0","1","Scheduled","6.9"
"608","BATT-PACK-00129","BATT-PACK","Main battery pack","FlightCritical","8.0","MU-013","MRD-8X","HIGHLND","Highland Operations","1","8/7/2025 12:00:00 AM","12/19/2025 12:00:00 AM","Failure","134","50","87","83.8501","167.3239","1.9955","120.0","120.0","1.80","69.88","139.44","1","0","Unscheduled","14.8"
"609","BATT-PACK-00130","BATT-PACK","Main battery pack","FlightCritical","8.0","MU-013","MRD-8X","HIGHLND","Highland Operations","1","12/19/2025 12:00:00 AM","1/14/2026 12:00:00 AM","AirframeRetired","26","11","26","16.9334","36.8644","2.1770","120.0","120.0","1.80","14.11","30.72","0","1","Inspection","5.3"
"610","BATT-PACK-00131","BATT-PACK","Main battery pack","FlightCritical","8.0","MU-013","MRD-8X","HIGHLND","Highland Operations","2","7/27/2024 12:00:00 AM","1/1/2025 12:00:00 AM","Failure","158","56","106","98.2167","217.8226","2.2178","120.0","120.0","1.80","81.85","181.52","1","0","Unscheduled","24.1"
"611","BATT-PACK-00132","BATT-PACK","Main battery pack","FlightCritical","8.0","MU-013","MRD-8X","HIGHLND","Highland Operations","2","1/1/2025 12:00:00 AM","7/8/2025 12:00:00 AM","Scheduled","188","74","148","121.6000","264.8578","2.1781","120.0","120.0","1.80","101.33","220.71","0","1","Scheduled","6.4"
"612","BATT-PACK-00133","BATT-PACK","Main battery pack","FlightCritical","8.0","MU-013","MRD-8X","HIGHLND","Highland Operations","2","7/8/2025 12:00:00 AM","1/10/2026 12:00:00 AM","Scheduled","186","72","138","120.5668","243.2085","2.0172","120.0","120.0","1.80","100.47","202.67","0","1","Scheduled","6.0"
"613","BATT-PACK-00134","BATT-PACK","Main battery pack","FlightCritical","8.0","MU-013","MRD-8X","HIGHLND","Highland Operations","2","1/10/2026 12:00:00 AM","1/14/2026 12:00:00 AM","AirframeRetired","4","2","3","3.5167","8.9165","2.5355","120.0","120.0","1.80","2.93","7.43","0","1","Inspection","7.0"
"643","BATT-PACK-00135","BATT-PACK","Main battery pack","FlightCritical","8.0","MU-014","MRD-6L","PORT","Port Logistics Hub","1","6/5/2024 12:00:00 AM","9/19/2024 12:00:00 AM","Failure","106","33","79","57.5167","119.0525","2.0699","120.0","120.0","1.80","47.93","99.21","1","0","Unscheduled","11.2"
"644","BATT-PACK-00136","BATT-PACK","Main battery pack","FlightCritical","8.0","MU-014","MRD-6L","PORT","Port Logistics Hub","1","9/19/2024 12:00:00 AM","10/31/2024 12:00:00 AM","Failure","42","19","44","33.9666","69.5961","2.0490","120.0","120.0","1.80","28.31","58.00","1","0","Unscheduled","23.8"
"645","BATT-PACK-00137","BATT-PACK","Main battery pack","FlightCritical","8.0","MU-014","MRD-6L","PORT","Port Logistics Hub","1","10/31/2024 12:00:00 AM","3/10/2025 12:00:00 AM","Failure","130","45","118","75.6834","162.1189","2.1421","120.0","120.0","1.80","63.07","135.10","1","0","Unscheduled","11.7"
"646","BATT-PACK-00138","BATT-PACK","Main battery pack","FlightCritical","8.0","MU-014","MRD-6L","PORT","Port Logistics Hub","1","3/10/2025 12:00:00 AM","9/1/2025 12:00:00 AM","Scheduled","175","74","209","120.2503","243.1454","2.0220","120.0","120.0","1.80","100.21","202.62","0","1","Scheduled","5.2"
"647","BATT-PACK-00139","BATT-PACK","Main battery pack","FlightCritical","8.0","MU-014","MRD-6L","PORT","Port Logistics Hub","1","9/1/2025 12:00:00 AM","2/17/2026 12:00:00 AM","Failure","169","68","171","112.7504","225.0519","1.9960","120.0","120.0","1.80","93.96","187.54","1","0","Unscheduled","12.9"
"648","BATT-PACK-00140","BATT-PACK","Main battery pack","FlightCritical","8.0","MU-014","MRD-6L","PORT","Port Logistics Hub","1","2/17/2026 12:00:00 AM","6/30/2026 12:00:00 AM","Failure","133","51","125","90.6499","184.9694","2.0405","120.0","120.0","1.80","75.54","154.14","1","0","Unscheduled","15.4"
"650","BATT-PACK-00142","BATT-PACK","Main battery pack","FlightCritical","8.0","MU-014","MRD-6L","PORT","Port Logistics Hub","2","6/5/2024 12:00:00 AM","12/27/2024 12:00:00 AM","Scheduled","205","69","169","120.4500","248.5199","2.0633","120.0","120.0","1.80","100.38","207.10","0","1","Scheduled","8.4"
"651","BATT-PACK-00143","BATT-PACK","Main battery pack","FlightCritical","8.0","MU-014","MRD-6L","PORT","Port Logistics Hub","2","12/27/2024 12:00:00 AM","6/30/2025 12:00:00 AM","Scheduled","185","74","196","122.5003","258.2799","2.1084","120.0","120.0","1.80","102.08","215.23","0","1","Scheduled","8.3"
"652","BATT-PACK-00144","BATT-PACK","Main battery pack","FlightCritical","8.0","MU-014","MRD-6L","PORT","Port Logistics Hub","2","6/30/2025 12:00:00 AM","8/14/2025 12:00:00 AM","Failure","45","20","59","31.4334","63.7610","2.0284","120.0","120.0","1.80","26.19","53.13","1","0","Unscheduled","24.4"
"653","BATT-PACK-00145","BATT-PACK","Main battery pack","FlightCritical","8.0","MU-014","MRD-6L","PORT","Port Logistics Hub","2","8/14/2025 12:00:00 AM","12/26/2025 12:00:00 AM","Failure","134","57","146","94.3669","186.2480","1.9737","120.0","120.0","1.80","78.64","155.21","1","0","Unscheduled","16.2"
"654","BATT-PACK-00146","BATT-PACK","Main battery pack","FlightCritical","8.0","MU-014","MRD-6L","PORT","Port Logistics Hub","2","12/26/2025 12:00:00 AM","6/30/2026 12:00:00 AM","Scheduled","186","70","176","122.0667","247.1254","2.0245","120.0","120.0","1.80","101.72","205.94","0","1","Scheduled","5.3"
"696","BATT-PACK-00148","BATT-PACK","Main battery pack","FlightCritical","8.0","MU-015","MRD-12H","PORT","Port Logistics Hub","1","7/21/2024 12:00:00 AM","10/19/2024 12:00:00 AM","Failure","90","47","135","78.1999","151.1820","1.9333","120.0","120.0","1.80","65.17","125.99","1","0","Unscheduled","21.9"
"697","BATT-PACK-00149","BATT-PACK","Main battery pack","FlightCritical","8.0","MU-015","MRD-12H","PORT","Port Logistics Hub","1","10/19/2024 12:00:00 AM","3/29/2025 12:00:00 AM","Scheduled","161","65","156","120.4333","240.1659","1.9942","120.0","120.0","1.80","100.36","200.14","0","1","Scheduled","6.4"
"698","BATT-PACK-00150","BATT-PACK","Main battery pack","FlightCritical","8.0","MU-015","MRD-12H","PORT","Port Logistics Hub","1","3/29/2025 12:00:00 AM","6/26/2025 12:00:00 AM","Failure","89","32","72","55.4000","111.8808","2.0195","120.0","120.0","1.80","46.17","93.23","1","0","Unscheduled","12.8"
"699","BATT-PACK-00151","BATT-PACK","Main battery pack","FlightCritical","8.0","MU-015","MRD-12H","PORT","Port Logistics Hub","1","6/26/2025 12:00:00 AM","9/11/2025 12:00:00 AM","Failure","77","32","89","52.8336","104.5167","1.9782","120.0","120.0","1.80","44.03","87.10","1","0","Unscheduled","16.2"
"700","BATT-PACK-00152","BATT-PACK","Main battery pack","FlightCritical","8.0","MU-015","MRD-12H","PORT","Port Logistics Hub","1","9/11/2025 12:00:00 AM","2/21/2026 12:00:00 AM","Scheduled","163","65","131","122.1168","242.4828","1.9857","120.0","120.0","1.80","101.76","202.07","0","1","Scheduled","4.7"
"701","BATT-PACK-00153","BATT-PACK","Main battery pack","FlightCritical","8.0","MU-015","MRD-12H","PORT","Port Logistics Hub","1","2/21/2026 12:00:00 AM","8/14/2026 12:00:00 AM","Scheduled","174","64","143","120.6663","240.1599","1.9903","120.0","120.0","1.80","100.56","200.13","0","1","Scheduled","4.4"
"703","BATT-PACK-00155","BATT-PACK","Main battery pack","FlightCritical","8.0","MU-015","MRD-12H","PORT","Port Logistics Hub","2","7/21/2024 12:00:00 AM","12/7/2024 12:00:00 AM","Scheduled","139","70","180","122.6998","246.3871","2.0080","120.0","120.0","1.80","102.25","205.32","0","1","Scheduled","8.3"
"704","BATT-PACK-00156","BATT-PACK","Main battery pack","FlightCritical","8.0","MU-015","MRD-12H","PORT","Port Logistics Hub","2","12/7/2024 12:00:00 AM","6/10/2025 12:00:00 AM","Scheduled","185","68","169","120.6835","233.7788","1.9371","120.0","120.0","1.80","100.57","194.82","0","1","Scheduled","4.1"
"705","BATT-PACK-00157","BATT-PACK","Main battery pack","FlightCritical","8.0","MU-015","MRD-12H","PORT","Port Logistics Hub","2","6/10/2025 12:00:00 AM","8/6/2025 12:00:00 AM","Failure","57","22","57","37.0833","75.0828","2.0247","120.0","120.0","1.80","30.90","62.57","1","0","Unscheduled","16.3"
"706","BATT-PACK-00158","BATT-PACK","Main battery pack","FlightCritical","8.0","MU-015","MRD-12H","PORT","Port Logistics Hub","2","8/6/2025 12:00:00 AM","1/17/2026 12:00:00 AM","Scheduled","164","66","150","121.4836","244.3608","2.0115","120.0","120.0","1.80","101.24","203.63","0","1","Scheduled","8.4"
"707","BATT-PACK-00159","BATT-PACK","Main battery pack","FlightCritical","8.0","MU-015","MRD-12H","PORT","Port Logistics Hub","2","1/17/2026 12:00:00 AM","7/7/2026 12:00:00 AM","Scheduled","171","65","139","121.0831","238.9329","1.9733","120.0","120.0","1.80","100.90","199.11","0","1","Scheduled","3.6"
"754","BATT-PACK-00161","BATT-PACK","Main battery pack","FlightCritical","8.0","MU-016","MRD-6L","PORT","Port Logistics Hub","1","4/17/2024 12:00:00 AM","9/27/2024 12:00:00 AM","Scheduled","163","68","172","121.1835","239.6023","1.9772","120.0","120.0","1.80","100.99","199.67","0","1","Scheduled","5.7"
"755","BATT-PACK-00162","BATT-PACK","Main battery pack","FlightCritical","8.0","MU-016","MRD-6L","PORT","Port Logistics Hub","1","9/27/2024 12:00:00 AM","3/4/2025 12:00:00 AM","Failure","158","57","159","95.8498","196.1592","2.0465","120.0","120.0","1.80","79.87","163.47","1","0","Unscheduled","19.8"
"756","BATT-PACK-00163","BATT-PACK","Main battery pack","FlightCritical","8.0","MU-016","MRD-6L","PORT","Port Logistics Hub","1","3/4/2025 12:00:00 AM","8/21/2025 12:00:00 AM","Scheduled","170","68","161","120.0503","241.9656","2.0155","120.0","120.0","1.80","100.04","201.64","0","1","Scheduled","6.3"
"757","BATT-PACK-00164","BATT-PACK","Main battery pack","FlightCritical","8.0","MU-016","MRD-6L","PORT","Port Logistics Hub","1","8/21/2025 12:00:00 AM","2/6/2026 12:00:00 AM","Scheduled","169","72","166","120.6002","246.4267","2.0433","120.0","120.0","1.80","100.50","205.36","0","1","Scheduled","8.2"
"758","BATT-PACK-00165","BATT-PACK","Main battery pack","FlightCritical","8.0","MU-016","MRD-6L","PORT","Port Logistics Hub","1","2/6/2026 12:00:00 AM","7/11/2026 12:00:00 AM","Scheduled","155","66","159","120.6665","238.2676","1.9746","120.0","120.0","1.80","100.56","198.56","0","1","Scheduled","6.8"
"760","BATT-PACK-00167","BATT-PACK","Main battery pack","FlightCritical","8.0","MU-016","MRD-6L","PORT","Port Logistics Hub","2","4/17/2024 12:00:00 AM","9/27/2024 12:00:00 AM","Scheduled","163","68","172","121.1835","239.6023","1.9772","120.0","120.0","1.80","100.99","199.67","0","1","Scheduled","7.2"
"761","BATT-PACK-00168","BATT-PACK","Main battery pack","FlightCritical","8.0","MU-016","MRD-6L","PORT","Port Logistics Hub","2","9/27/2024 12:00:00 AM","4/8/2025 12:00:00 AM","Scheduled","193","71","185","121.7164","249.3321","2.0485","120.0","120.0","1.80","101.43","207.78","0","1","Scheduled","4.5"
"762","BATT-PACK-00169","BATT-PACK","Main battery pack","FlightCritical","8.0","MU-016","MRD-6L","PORT","Port Logistics Hub","2","4/8/2025 12:00:00 AM","8/12/2025 12:00:00 AM","Failure","126","48","115","83.2336","165.0996","1.9836","120.0","120.0","1.80","69.36","137.58","1","0","Unscheduled","14.1"
"763","BATT-PACK-00170","BATT-PACK","Main battery pack","FlightCritical","8.0","MU-016","MRD-6L","PORT","Port Logistics Hub","2","8/12/2025 12:00:00 AM","1/6/2026 12:00:00 AM","Failure","147","64","153","110.1502","224.9835","2.0425","120.0","120.0","1.80","91.79","187.49","1","0","Unscheduled","21.3"
"764","BATT-PACK-00171","BATT-PACK","Main battery pack","FlightCritical","8.0","MU-016","MRD-6L","PORT","Port Logistics Hub","2","1/6/2026 12:00:00 AM","6/19/2026 12:00:00 AM","Scheduled","164","68","160","120.4668","238.5651","1.9803","120.0","120.0","1.80","100.39","198.80","0","1","Scheduled","4.2"
"812","BATT-PACK-00173","BATT-PACK","Main battery pack","FlightCritical","8.0","MU-017","MRD-12H","COASTAL","Coastal Survey Base","1","7/30/2024 12:00:00 AM","2/26/2025 12:00:00 AM","Scheduled","211","81","186","120.5167","137.7437","1.1429","120.0","120.0","1.80","100.43","114.79","0","1","Scheduled","2.9"
"813","BATT-PACK-00174","BATT-PACK","Main battery pack","FlightCritical","8.0","MU-017","MRD-12H","COASTAL","Coastal Survey Base","1","2/26/2025 12:00:00 AM","9/11/2025 12:00:00 AM","Scheduled","197","74","153","121.0499","134.9581","1.1149","120.0","120.0","1.80","100.87","112.47","0","1","Scheduled","4.9"
"814","BATT-PACK-00175","BATT-PACK","Main battery pack","FlightCritical","8.0","MU-017","MRD-12H","COASTAL","Coastal Survey Base","1","9/11/2025 12:00:00 AM","3/14/2026 12:00:00 AM","Scheduled","184","81","177","121.2333","133.5033","1.1012","120.0","120.0","1.80","101.03","111.25","0","1","Scheduled","2.7"
"815","BATT-PACK-00176","BATT-PACK","Main battery pack","FlightCritical","8.0","MU-017","MRD-12H","COASTAL","Coastal Survey Base","1","3/14/2026 12:00:00 AM","3/30/2026 12:00:00 AM","AirframeRetired","16","7","17","11.7834","14.3103","1.2144","120.0","120.0","1.80","9.82","11.93","0","1","Inspection","4.4"
"816","BATT-PACK-00177","BATT-PACK","Main battery pack","FlightCritical","8.0","MU-017","MRD-12H","COASTAL","Coastal Survey Base","2","7/30/2024 12:00:00 AM","9/24/2024 12:00:00 AM","Failure","56","23","48","33.2831","35.9439","1.0799","120.0","120.0","1.80","27.74","29.95","1","0","Unscheduled","11.2"
"817","BATT-PACK-00178","BATT-PACK","Main battery pack","FlightCritical","8.0","MU-017","MRD-12H","COASTAL","Coastal Survey Base","2","9/24/2024 12:00:00 AM","4/23/2025 12:00:00 AM","Scheduled","211","79","175","121.0670","139.1896","1.1497","120.0","120.0","1.80","100.89","115.99","0","1","Scheduled","5.3"
"818","BATT-PACK-00179","BATT-PACK","Main battery pack","FlightCritical","8.0","MU-017","MRD-12H","COASTAL","Coastal Survey Base","2","4/23/2025 12:00:00 AM","7/26/2025 12:00:00 AM","Failure","94","33","71","53.8333","60.0815","1.1161","120.0","120.0","1.80","44.86","50.07","1","0","Unscheduled","19.7"
"819","BATT-PACK-00180","BATT-PACK","Main battery pack","FlightCritical","8.0","MU-017","MRD-12H","COASTAL","Coastal Survey Base","2","7/26/2025 12:00:00 AM","1/30/2026 12:00:00 AM","Scheduled","188","80","183","120.6165","135.5576","1.1239","120.0","120.0","1.80","100.51","112.96","0","1","Scheduled","7.6"
"820","BATT-PACK-00181","BATT-PACK","Main battery pack","FlightCritical","8.0","MU-017","MRD-12H","COASTAL","Coastal Survey Base","2","1/30/2026 12:00:00 AM","3/30/2026 12:00:00 AM","AirframeRetired","59","28","56","45.7834","49.7428","1.0865","120.0","120.0","1.80","38.15","41.45","0","1","Inspection","2.8"
"849","BATT-PACK-00182","BATT-PACK","Main battery pack","FlightCritical","8.0","MU-018","MRD-12H","HIGHLND","Highland Operations","1","2/13/2024 12:00:00 AM","7/15/2024 12:00:00 AM","Scheduled","153","71","119","120.7333","254.5519","2.1084","120.0","120.0","1.80","100.61","212.13","0","1","Scheduled","4.6"
"850","BATT-PACK-00183","BATT-PACK","Main battery pack","FlightCritical","8.0","MU-018","MRD-12H","HIGHLND","Highland Operations","1","7/15/2024 12:00:00 AM","9/6/2024 12:00:00 AM","Failure","53","17","32","30.7500","69.0915","2.2469","120.0","120.0","1.80","25.63","57.58","1","0","Unscheduled","14.9"
"851","BATT-PACK-00184","BATT-PACK","Main battery pack","FlightCritical","8.0","MU-018","MRD-12H","HIGHLND","Highland Operations","1","9/6/2024 12:00:00 AM","1/25/2025 12:00:00 AM","Failure","141","51","100","89.4330","198.2872","2.2172","120.0","120.0","1.80","74.53","165.24","1","0","Unscheduled","26.0"
"852","BATT-PACK-00185","BATT-PACK","Main battery pack","FlightCritical","8.0","MU-018","MRD-12H","HIGHLND","Highland Operations","1","1/25/2025 12:00:00 AM","8/1/2025 12:00:00 AM","Scheduled","188","72","135","120.7330","259.5944","2.1502","120.0","120.0","1.80","100.61","216.33","0","1","Scheduled","3.6"
"853","BATT-PACK-00186","BATT-PACK","Main battery pack","FlightCritical","8.0","MU-018","MRD-12H","HIGHLND","Highland Operations","1","8/1/2025 12:00:00 AM","2/13/2026 12:00:00 AM","Scheduled","196","71","128","121.0670","264.3813","2.1838","120.0","120.0","1.80","100.89","220.32","0","1","Scheduled","3.7"
"854","BATT-PACK-00187","BATT-PACK","Main battery pack","FlightCritical","8.0","MU-018","MRD-12H","HIGHLND","Highland Operations","1","2/13/2026 12:00:00 AM","9/11/2026 12:00:00 AM","Scheduled","210","73","135","121.9670","261.7839","2.1464","120.0","120.0","1.80","101.64","218.15","0","1","Scheduled","6.6"
"856","BATT-PACK-00189","BATT-PACK","Main battery pack","FlightCritical","8.0","MU-018","MRD-12H","HIGHLND","Highland Operations","2","2/13/2024 12:00:00 AM","7/15/2024 12:00:00 AM","Scheduled","153","71","119","120.7333","254.5519","2.1084","120.0","120.0","1.80","100.61","212.13","0","1","Scheduled","4.7"
"857","BATT-PACK-00190","BATT-PACK","Main battery pack","FlightCritical","8.0","MU-018","MRD-12H","HIGHLND","Highland Operations","2","7/15/2024 12:00:00 AM","1/25/2025 12:00:00 AM","Scheduled","194","68","132","120.1830","267.3787","2.2248","120.0","120.0","1.80","100.15","222.82","0","1","Scheduled","5.1"
"858","BATT-PACK-00191","BATT-PACK","Main battery pack","FlightCritical","8.0","MU-018","MRD-12H","HIGHLND","Highland Operations","2","1/25/2025 12:00:00 AM","8/1/2025 12:00:00 AM","Scheduled","188","72","135","120.7330","259.5944","2.1502","120.0","120.0","1.80","100.61","216.33","0","1","Scheduled","6.0"
"859","BATT-PACK-00192","BATT-PACK","Main battery pack","FlightCritical","8.0","MU-018","MRD-12H","HIGHLND","Highland Operations","2","8/1/2025 12:00:00 AM","2/13/2026 12:00:00 AM","Scheduled","196","71","128","121.0670","264.3813","2.1838","120.0","120.0","1.80","100.89","220.32","0","1","Scheduled","3.5"
"860","BATT-PACK-00193","BATT-PACK","Main battery pack","FlightCritical","8.0","MU-018","MRD-12H","HIGHLND","Highland Operations","2","2/13/2026 12:00:00 AM","4/18/2026 12:00:00 AM","Failure","64","27","45","45.9501","94.9894","2.0672","120.0","120.0","1.80","38.29","79.16","1","0","Unscheduled","21.5"
"914","BATT-PACK-00195","BATT-PACK","Main battery pack","FlightCritical","8.0","MU-019","MRD-8X","PORT","Port Logistics Hub","1","1/12/2024 12:00:00 AM","5/22/2024 12:00:00 AM","Failure","131","53","162","84.2166","162.0927","1.9247","120.0","120.0","1.80","70.18","135.08","1","0","Unscheduled","21.2"
"915","BATT-PACK-00196","BATT-PACK","Main battery pack","FlightCritical","8.0","MU-019","MRD-8X","PORT","Port Logistics Hub","1","5/22/2024 12:00:00 AM","11/14/2024 12:00:00 AM","Scheduled","176","67","182","120.9833","247.0909","2.0424","120.0","120.0","1.80","100.82","205.91","0","1","Scheduled","3.2"
"916","BATT-PACK-00197","BATT-PACK","Main battery pack","FlightCritical","8.0","MU-019","MRD-8X","PORT","Port Logistics Hub","1","11/14/2024 12:00:00 AM","5/7/2025 12:00:00 AM","Scheduled","174","69","176","120.6001","246.7939","2.0464","120.0","120.0","1.80","100.50","205.66","0","1","Scheduled","6.5"
"917","BATT-PACK-00198","BATT-PACK","Main battery pack","FlightCritical","8.0","MU-019","MRD-8X","PORT","Port Logistics Hub","1","5/7/2025 12:00:00 AM","10/29/2025 12:00:00 AM","Scheduled","175","73","208","122.6832","244.1308","1.9899","120.0","120.0","1.80","102.24","203.44","0","1","Scheduled","4.6"
"918","BATT-PACK-00199","BATT-PACK","Main battery pack","FlightCritical","8.0","MU-019","MRD-8X","PORT","Port Logistics Hub","1","10/29/2025 12:00:00 AM","4/3/2026 12:00:00 AM","Scheduled","156","68","173","120.1498","244.8060","2.0375","120.0","120.0","1.80","100.12","204.01","0","1","Scheduled","2.7"
"919","BATT-PACK-00200","BATT-PACK","Main battery pack","FlightCritical","8.0","MU-019","MRD-8X","PORT","Port Logistics Hub","1","4/3/2026 12:00:00 AM","8/21/2026 12:00:00 AM","Failure","140","54","146","89.7499","174.4735","1.9440","120.0","120.0","1.80","74.79","145.39","1","0","Unscheduled","16.4"
"921","BATT-PACK-00202","BATT-PACK","Main battery pack","FlightCritical","8.0","MU-019","MRD-8X","PORT","Port Logistics Hub","2","1/12/2024 12:00:00 AM","7/4/2024 12:00:00 AM","Scheduled","174","73","222","120.9332","237.0185","1.9599","120.0","120.0","1.80","100.78","197.52","0","1","Scheduled","4.7"
"922","BATT-PACK-00203","BATT-PACK","Main battery pack","FlightCritical","8.0","MU-019","MRD-8X","PORT","Port Logistics Hub","2","7/4/2024 12:00:00 AM","12/28/2024 12:00:00 AM","Scheduled","177","69","176","120.4835","249.6835","2.0723","120.0","120.0","1.80","100.40","208.07","0","1","Scheduled","2.9"
"923","BATT-PACK-00204","BATT-PACK","Main battery pack","FlightCritical","8.0","MU-019","MRD-8X","PORT","Port Logistics Hub","2","12/28/2024 12:00:00 AM","5/2/2025 12:00:00 AM","Failure","125","46","120","82.7833","165.5934","2.0003","120.0","120.0","1.80","68.99","137.99","1","0","Unscheduled","25.9"
"924","BATT-PACK-00205","BATT-PACK","Main battery pack","FlightCritical","8.0","MU-019","MRD-8X","PORT","Port Logistics Hub","2","5/2/2025 12:00:00 AM","10/25/2025 12:00:00 AM","Scheduled","176","72","202","120.6498","240.0275","1.9895","120.0","120.0","1.80","100.54","200.02","0","1","Scheduled","5.3"
"925","BATT-PACK-00206","BATT-PACK","Main battery pack","FlightCritical","8.0","MU-019","MRD-8X","PORT","Port Logistics Hub","2","10/25/2025 12:00:00 AM","3/30/2026 12:00:00 AM","Scheduled","156","68","178","120.1332","244.3504","2.0340","120.0","120.0","1.80","100.11","203.63","0","1","Scheduled","4.9"
"926","BATT-PACK-00207","BATT-PACK","Main battery pack","FlightCritical","8.0","MU-019","MRD-8X","PORT","Port Logistics Hub","2","3/30/2026 12:00:00 AM","9/28/2026 12:00:00 AM","Failure","182","72","190","119.6332","227.6379","1.9028","120.0","120.0","1.80","99.69","189.70","1","0","Unscheduled","10.5"
"977","BATT-PACK-00209","BATT-PACK","Main battery pack","FlightCritical","8.0","MU-020","MRD-8X","HIGHLND","Highland Operations","1","4/18/2024 12:00:00 AM","10/31/2024 12:00:00 AM","Failure","196","72","117","120.4333","274.9084","2.2827","120.0","120.0","1.80","100.36","229.09","1","0","Unscheduled","8.4"
"978","BATT-PACK-00210","BATT-PACK","Main battery pack","FlightCritical","8.0","MU-020","MRD-8X","HIGHLND","Highland Operations","1","10/31/2024 12:00:00 AM","5/24/2025 12:00:00 AM","Scheduled","205","70","121","120.8166","251.9612","2.0855","120.0","120.0","1.80","100.68","209.97","0","1","Scheduled","5.7"
"979","BATT-PACK-00211","BATT-PACK","Main battery pack","FlightCritical","8.0","MU-020","MRD-8X","HIGHLND","Highland Operations","1","5/24/2025 12:00:00 AM","10/16/2025 12:00:00 AM","Failure","145","56","113","97.0334","204.1857","2.1043","120.0","120.0","1.80","80.86","170.15","1","0","Unscheduled","8.8"
"980","BATT-PACK-00212","BATT-PACK","Main battery pack","FlightCritical","8.0","MU-020","MRD-8X","HIGHLND","Highland Operations","1","10/16/2025 12:00:00 AM","4/9/2026 12:00:00 AM","Failure","175","63","138","113.3498","234.2284","2.0664","120.0","120.0","1.80","94.46","195.19","1","0","Unscheduled","9.6"
"982","BATT-PACK-00214","BATT-PACK","Main battery pack","FlightCritical","8.0","MU-020","MRD-8X","HIGHLND","Highland Operations","2","4/18/2024 12:00:00 AM","10/1/2024 12:00:00 AM","Failure","166","64","103","104.6166","236.5634","2.2612","120.0","120.0","1.80","87.18","197.14","1","0","Unscheduled","21.1"
"983","BATT-PACK-00215","BATT-PACK","Main battery pack","FlightCritical","8.0","MU-020","MRD-8X","HIGHLND","Highland Operations","2","10/1/2024 12:00:00 AM","4/21/2025 12:00:00 AM","Scheduled","202","69","120","121.3833","256.3741","2.1121","120.0","120.0","1.80","101.15","213.65","0","1","Scheduled","4.7"
"984","BATT-PACK-00216","BATT-PACK","Main battery pack","FlightCritical","8.0","MU-020","MRD-8X","HIGHLND","Highland Operations","2","4/21/2025 12:00:00 AM","10/17/2025 12:00:00 AM","Failure","179","66","131","114.2667","242.0422","2.1182","120.0","120.0","1.80","95.22","201.70","1","0","Unscheduled","25.9"
"985","BATT-PACK-00217","BATT-PACK","Main battery pack","FlightCritical","8.0","MU-020","MRD-8X","HIGHLND","Highland Operations","2","10/17/2025 12:00:00 AM","5/1/2026 12:00:00 AM","Scheduled","196","69","151","122.8331","257.8482","2.0992","120.0","120.0","1.80","102.36","214.87","0","1","Scheduled","2.7"
"1030","BATT-PACK-00219","BATT-PACK","Main battery pack","FlightCritical","8.0","MU-021","MRD-8X","ACADEMY","Training Academy","1","1/8/2024 12:00:00 AM","11/23/2024 12:00:00 AM","Scheduled","320","122","1002","120.5501","229.3989","1.9029","120.0","120.0","1.80","100.46","191.17","0","1","Scheduled","6.9"
"1031","BATT-PACK-00220","BATT-PACK","Main battery pack","FlightCritical","8.0","MU-021","MRD-8X","ACADEMY","Training Academy","1","11/23/2024 12:00:00 AM","6/30/2025 12:00:00 AM","Failure","219","81","636","81.0498","148.6166","1.8336","120.0","120.0","1.80","67.54","123.85","1","0","Unscheduled","15.0"
"1032","BATT-PACK-00221","BATT-PACK","Main battery pack","FlightCritical","8.0","MU-021","MRD-8X","ACADEMY","Training Academy","1","6/30/2025 12:00:00 AM","5/6/2026 12:00:00 AM","Scheduled","310","119","971","120.2996","225.0100","1.8704","120.0","120.0","1.80","100.25","187.51","0","1","Scheduled","7.4"
"1034","BATT-PACK-00223","BATT-PACK","Main battery pack","FlightCritical","8.0","MU-021","MRD-8X","ACADEMY","Training Academy","2","1/8/2024 12:00:00 AM","11/23/2024 12:00:00 AM","Scheduled","320","122","1002","120.5501","229.3989","1.9029","120.0","120.0","1.80","100.46","191.17","0","1","Scheduled","6.9"
"1035","BATT-PACK-00224","BATT-PACK","Main battery pack","FlightCritical","8.0","MU-021","MRD-8X","ACADEMY","Training Academy","2","11/23/2024 12:00:00 AM","9/20/2025 12:00:00 AM","Scheduled","301","119","949","121.9498","222.8936","1.8277","120.0","120.0","1.80","101.62","185.74","0","1","Scheduled","7.2"
"1036","BATT-PACK-00225","BATT-PACK","Main battery pack","FlightCritical","8.0","MU-021","MRD-8X","ACADEMY","Training Academy","2","9/20/2025 12:00:00 AM","8/18/2026 12:00:00 AM","Scheduled","332","122","954","120.0499","223.6282","1.8628","120.0","120.0","1.80","100.04","186.36","0","1","Scheduled","7.9"
"1068","BATT-PACK-00227","BATT-PACK","Main battery pack","FlightCritical","8.0","MU-022","MRD-6L","COASTAL","Coastal Survey Base","1","3/10/2024 12:00:00 AM","9/21/2024 12:00:00 AM","Scheduled","195","74","143","122.1501","139.6175","1.1430","120.0","120.0","1.80","101.79","116.35","0","1","Scheduled","4.4"
"1069","BATT-PACK-00228","BATT-PACK","Main battery pack","FlightCritical","8.0","MU-022","MRD-6L","COASTAL","Coastal Survey Base","1","9/21/2024 12:00:00 AM","3/27/2025 12:00:00 AM","Scheduled","187","82","188","121.8000","145.5968","1.1954","120.0","120.0","1.80","101.50","121.33","0","1","Scheduled","3.8"
"1070","BATT-PACK-00229","BATT-PACK","Main battery pack","FlightCritical","8.0","MU-022","MRD-6L","COASTAL","Coastal Survey Base","1","3/27/2025 12:00:00 AM","9/24/2025 12:00:00 AM","Scheduled","181","77","160","120.4331","146.3463","1.2152","120.0","120.0","1.80","100.36","121.96","0","1","Scheduled","4.9"
"1071","BATT-PACK-00230","BATT-PACK","Main battery pack","FlightCritical","8.0","MU-022","MRD-6L","COASTAL","Coastal Survey Base","1","9/24/2025 12:00:00 AM","4/10/2026 12:00:00 AM","Scheduled","198","79","182","121.9166","146.8484","1.2045","120.0","120.0","1.80","101.60","122.37","0","1","Scheduled","7.7"
"1073","BATT-PACK-00232","BATT-PACK","Main battery pack","FlightCritical","8.0","MU-022","MRD-6L","COASTAL","Coastal Survey Base","2","3/10/2024 12:00:00 AM","5/31/2024 12:00:00 AM","Failure","82","32","66","54.3168","64.8447","1.1938","120.0","120.0","1.80","45.26","54.04","1","0","Unscheduled","16.0"
"1074","BATT-PACK-00233","BATT-PACK","Main battery pack","FlightCritical","8.0","MU-022","MRD-6L","COASTAL","Coastal Survey Base","2","5/31/2024 12:00:00 AM","12/9/2024 12:00:00 AM","Scheduled","192","77","152","120.1498","139.3654","1.1599","120.0","120.0","1.80","100.12","116.14","0","1","Scheduled","2.8"
"1075","BATT-PACK-00234","BATT-PACK","Main battery pack","FlightCritical","8.0","MU-022","MRD-6L","COASTAL","Coastal Survey Base","2","12/9/2024 12:00:00 AM","6/3/2025 12:00:00 AM","Scheduled","176","82","184","121.3002","142.9274","1.1783","120.0","120.0","1.80","101.08","119.11","0","1","Scheduled","7.1"
"1076","BATT-PACK-00235","BATT-PACK","Main battery pack","FlightCritical","8.0","MU-022","MRD-6L","COASTAL","Coastal Survey Base","2","6/3/2025 12:00:00 AM","12/25/2025 12:00:00 AM","Scheduled","205","74","150","120.8330","143.1642","1.1848","120.0","120.0","1.80","100.69","119.30","0","1","Scheduled","3.4"
"1077","BATT-PACK-00236","BATT-PACK","Main battery pack","FlightCritical","8.0","MU-022","MRD-6L","COASTAL","Coastal Survey Base","2","12/25/2025 12:00:00 AM","7/1/2026 12:00:00 AM","Scheduled","188","81","200","120.0667","148.7642","1.2390","120.0","120.0","1.80","100.06","123.97","0","1","Scheduled","8.2"
"1115","BATT-PACK-00238","BATT-PACK","Main battery pack","FlightCritical","8.0","MU-023","MRD-6L","COASTAL","Coastal Survey Base","1","1/4/2024 12:00:00 AM","7/18/2024 12:00:00 AM","Scheduled","196","77","145","120.7668","148.8857","1.2328","120.0","120.0","1.80","100.64","124.07","0","1","Scheduled","8.2"
"1116","BATT-PACK-00239","BATT-PACK","Main battery pack","FlightCritical","8.0","MU-023","MRD-6L","COASTAL","Coastal Survey Base","1","7/18/2024 12:00:00 AM","1/31/2025 12:00:00 AM","Scheduled","197","80","167","120.7999","147.2877","1.2193","120.0","120.0","1.80","100.67","122.74","0","1","Scheduled","8.4"
"1117","BATT-PACK-00240","BATT-PACK","Main battery pack","FlightCritical","8.0","MU-023","MRD-6L","COASTAL","Coastal Survey Base","1","1/31/2025 12:00:00 AM","8/22/2025 12:00:00 AM","Scheduled","203","78","182","121.4836","149.9724","1.2345","120.0","120.0","1.80","101.24","124.98","0","1","Scheduled","3.6"
"1118","BATT-PACK-00241","BATT-PACK","Main battery pack","FlightCritical","8.0","MU-023","MRD-6L","COASTAL","Coastal Survey Base","1","8/22/2025 12:00:00 AM","3/10/2026 12:00:00 AM","Scheduled","200","82","197","120.1838","149.4168","1.2432","120.0","120.0","1.80","100.15","124.51","0","1","Scheduled","4.7"
"1120","BATT-PACK-00243","BATT-PACK","Main battery pack","FlightCritical","8.0","MU-023","MRD-6L","COASTAL","Coastal Survey Base","2","1/4/2024 12:00:00 AM","7/18/2024 12:00:00 AM","Scheduled","196","77","145","120.7668","148.8857","1.2328","120.0","120.0","1.80","100.64","124.07","0","1","Scheduled","5.6"
"1121","BATT-PACK-00244","BATT-PACK","Main battery pack","FlightCritical","8.0","MU-023","MRD-6L","COASTAL","Coastal Survey Base","2","7/18/2024 12:00:00 AM","1/31/2025 12:00:00 AM","Scheduled","197","80","167","120.7999","147.2877","1.2193","120.0","120.0","1.80","100.67","122.74","0","1","Scheduled","7.1"
"1122","BATT-PACK-00245","BATT-PACK","Main battery pack","FlightCritical","8.0","MU-023","MRD-6L","COASTAL","Coastal Survey Base","2","1/31/2025 12:00:00 AM","5/21/2025 12:00:00 AM","Failure","110","41","82","66.2667","81.7733","1.2340","120.0","120.0","1.80","55.22","68.14","1","0","Unscheduled","10.5"
"1123","BATT-PACK-00246","BATT-PACK","Main battery pack","FlightCritical","8.0","MU-023","MRD-6L","COASTAL","Coastal Survey Base","2","5/21/2025 12:00:00 AM","12/11/2025 12:00:00 AM","Scheduled","204","82","214","120.5339","150.4469","1.2482","120.0","120.0","1.80","100.44","125.37","0","1","Scheduled","7.3"
"1124","BATT-PACK-00247","BATT-PACK","Main battery pack","FlightCritical","8.0","MU-023","MRD-6L","COASTAL","Coastal Survey Base","2","12/11/2025 12:00:00 AM","7/8/2026 12:00:00 AM","Scheduled","209","82","172","121.4333","145.9591","1.2020","120.0","120.0","1.80","101.19","121.63","0","1","Scheduled","6.2"
"1165","BATT-PACK-00249","BATT-PACK","Main battery pack","FlightCritical","8.0","MU-024","MRD-8X","COASTAL","Coastal Survey Base","1","1/28/2024 12:00:00 AM","8/17/2024 12:00:00 AM","Scheduled","202","80","201","121.1165","143.6530","1.1861","120.0","120.0","1.80","100.93","119.71","0","1","Scheduled","6.7"
"1166","BATT-PACK-00250","BATT-PACK","Main battery pack","FlightCritical","8.0","MU-024","MRD-8X","COASTAL","Coastal Survey Base","1","8/17/2024 12:00:00 AM","2/17/2025 12:00:00 AM","Scheduled","184","78","156","120.8835","141.9385","1.1742","120.0","120.0","1.80","100.74","118.28","0","1","Scheduled","6.2"
"1167","BATT-PACK-00251","BATT-PACK","Main battery pack","FlightCritical","8.0","MU-024","MRD-8X","COASTAL","Coastal Survey Base","1","2/17/2025 12:00:00 AM","8/19/2025 12:00:00 AM","Scheduled","183","80","171","120.4499","140.5030","1.1665","120.0","120.0","1.80","100.37","117.09","0","1","Scheduled","3.1"
"1168","BATT-PACK-00252","BATT-PACK","Main battery pack","FlightCritical","8.0","MU-024","MRD-8X","COASTAL","Coastal Survey Base","1","8/19/2025 12:00:00 AM","2/28/2026 12:00:00 AM","Failure","193","72","136","108.4172","124.4872","1.1482","120.0","120.0","1.80","90.35","103.74","1","0","Unscheduled","11.5"
"1169","BATT-PACK-00253","BATT-PACK","Main battery pack","FlightCritical","8.0","MU-024","MRD-8X","COASTAL","Coastal Survey Base","1","2/28/2026 12:00:00 AM","9/3/2026 12:00:00 AM","Scheduled","187","78","170","122.7835","137.4722","1.1196","120.0","120.0","1.80","102.32","114.56","0","1","Scheduled","7.6"
"1171","BATT-PACK-00255","BATT-PACK","Main battery pack","FlightCritical","8.0","MU-024","MRD-8X","COASTAL","Coastal Survey Base","2","1/28/2024 12:00:00 AM","8/17/2024 12:00:00 AM","Scheduled","202","80","201","121.1165","143.6530","1.1861","120.0","120.0","1.80","100.93","119.71","0","1","Scheduled","4.7"
"1172","BATT-PACK-00256","BATT-PACK","Main battery pack","FlightCritical","8.0","MU-024","MRD-8X","COASTAL","Coastal Survey Base","2","8/17/2024 12:00:00 AM","2/17/2025 12:00:00 AM","Scheduled","184","78","156","120.8835","141.9385","1.1742","120.0","120.0","1.80","100.74","118.28","0","1","Scheduled","6.7"
"1173","BATT-PACK-00257","BATT-PACK","Main battery pack","FlightCritical","8.0","MU-024","MRD-8X","COASTAL","Coastal Survey Base","2","2/17/2025 12:00:00 AM","8/19/2025 12:00:00 AM","Scheduled","183","80","171","120.4499","140.5030","1.1665","120.0","120.0","1.80","100.37","117.09","0","1","Scheduled","4.3"
"1174","BATT-PACK-00258","BATT-PACK","Main battery pack","FlightCritical","8.0","MU-024","MRD-8X","COASTAL","Coastal Survey Base","2","8/19/2025 12:00:00 AM","3/13/2026 12:00:00 AM","Scheduled","206","80","155","120.3839","137.7303","1.1441","120.0","120.0","1.80","100.32","114.78","0","1","Scheduled","5.0"
"1175","BATT-PACK-00259","BATT-PACK","Main battery pack","FlightCritical","8.0","MU-024","MRD-8X","COASTAL","Coastal Survey Base","2","3/13/2026 12:00:00 AM","9/30/2026 12:00:00 AM","Scheduled","201","78","163","122.9168","136.5691","1.1111","120.0","120.0","1.80","102.43","113.81","0","1","Scheduled","4.4"
"1222","BATT-PACK-00261","BATT-PACK","Main battery pack","FlightCritical","8.0","MU-025","MRD-8X","HIGHLND","Highland Operations","1","2/15/2024 12:00:00 AM","4/17/2024 12:00:00 AM","Failure","62","33","56","62.4834","144.5422","2.3133","120.0","120.0","1.80","52.07","120.45","1","0","Unscheduled","25.0"
"1223","BATT-PACK-00262","BATT-PACK","Main battery pack","FlightCritical","8.0","MU-025","MRD-8X","HIGHLND","Highland Operations","1","4/17/2024 12:00:00 AM","10/19/2024 12:00:00 AM","Scheduled","185","70","142","120.4003","257.0239","2.1347","120.0","120.0","1.80","100.33","214.19","0","1","Scheduled","4.6"
"1224","BATT-PACK-00263","BATT-PACK","Main battery pack","FlightCritical","8.0","MU-025","MRD-8X","HIGHLND","Highland Operations","1","10/19/2024 12:00:00 AM","5/7/2025 12:00:00 AM","Scheduled","200","72","135","120.6172","254.7937","2.1124","120.0","120.0","1.80","100.51","212.33","0","1","Scheduled","2.8"
"1225","BATT-PACK-00264","BATT-PACK","Main battery pack","FlightCritical","8.0","MU-025","MRD-8X","HIGHLND","Highland Operations","1","5/7/2025 12:00:00 AM","9/27/2025 12:00:00 AM","Failure","143","61","138","97.3666","202.9237","2.0841","120.0","120.0","1.80","81.14","169.10","1","0","Unscheduled","13.7"
"1226","BATT-PACK-00265","BATT-PACK","Main battery pack","FlightCritical","8.0","MU-025","MRD-8X","HIGHLND","Highland Operations","1","9/27/2025 12:00:00 AM","4/11/2026 12:00:00 AM","Scheduled","196","71","146","120.9162","256.7815","2.1236","120.0","120.0","1.80","100.76","213.98","0","1","Scheduled","4.6"
"1228","BATT-PACK-00267","BATT-PACK","Main battery pack","FlightCritical","8.0","MU-025","MRD-8X","HIGHLND","Highland Operations","2","2/15/2024 12:00:00 AM","5/13/2024 12:00:00 AM","Failure","88","43","79","80.9001","182.3079","2.2535","120.0","120.0","1.80","67.42","151.92","1","0","Unscheduled","18.4"
"1229","BATT-PACK-00268","BATT-PACK","Main battery pack","FlightCritical","8.0","MU-025","MRD-8X","HIGHLND","Highland Operations","2","5/13/2024 12:00:00 AM","10/15/2024 12:00:00 AM","Failure","155","59","117","99.6669","213.3970","2.1411","120.0","120.0","1.80","83.06","177.83","1","0","Unscheduled","15.6"
"1230","BATT-PACK-00269","BATT-PACK","Main battery pack","FlightCritical","8.0","MU-025","MRD-8X","HIGHLND","Highland Operations","2","10/15/2024 12:00:00 AM","5/1/2025 12:00:00 AM","Scheduled","198","72","135","121.3672","259.0482","2.1344","120.0","120.0","1.80","101.14","215.87","0","1","Scheduled","2.9"
"1231","BATT-PACK-00270","BATT-PACK","Main battery pack","FlightCritical","8.0","MU-025","MRD-8X","HIGHLND","Highland Operations","2","5/1/2025 12:00:00 AM","10/25/2025 12:00:00 AM","Scheduled","177","74","168","120.3665","253.7900","2.1085","120.0","120.0","1.80","100.31","211.49","0","1","Scheduled","8.5"
"1232","BATT-PACK-00271","BATT-PACK","Main battery pack","FlightCritical","8.0","MU-025","MRD-8X","HIGHLND","Highland Operations","2","10/25/2025 12:00:00 AM","3/24/2026 12:00:00 AM","Failure","150","53","102","88.8997","184.8522","2.0793","120.0","120.0","1.80","74.08","154.04","1","0","Unscheduled","19.8"
"1233","BATT-PACK-00272","BATT-PACK","Main battery pack","FlightCritical","8.0","MU-025","MRD-8X","HIGHLND","Highland Operations","2","3/24/2026 12:00:00 AM","6/29/2026 12:00:00 AM","Failure","97","36","73","59.7668","129.8425","2.1725","120.0","120.0","1.80","49.81","108.20","1","0","Unscheduled","11.6"
"1287","BATT-PACK-00274","BATT-PACK","Main battery pack","FlightCritical","8.0","MU-026","MRD-8X","ACADEMY","Training Academy","1","8/9/2024 12:00:00 AM","5/20/2025 12:00:00 AM","Scheduled","284","116","916","120.1668","219.8331","1.8294","120.0","120.0","1.80","100.14","183.19","0","1","Scheduled","3.8"
"1288","BATT-PACK-00275","BATT-PACK","Main battery pack","FlightCritical","8.0","MU-026","MRD-8X","ACADEMY","Training Academy","1","5/20/2025 12:00:00 AM","12/24/2025 12:00:00 AM","Failure","218","96","784","95.5168","180.2479","1.8871","120.0","120.0","1.80","79.60","150.21","1","0","Unscheduled","25.5"
"1289","BATT-PACK-00276","BATT-PACK","Main battery pack","FlightCritical","8.0","MU-026","MRD-8X","ACADEMY","Training Academy","1","12/24/2025 12:00:00 AM","7/2/2026 12:00:00 AM","Failure","190","81","629","80.2501","149.1854","1.8590","120.0","120.0","1.80","66.88","124.32","1","0","Unscheduled","25.4"
"1291","BATT-PACK-00278","BATT-PACK","Main battery pack","FlightCritical","8.0","MU-026","MRD-8X","ACADEMY","Training Academy","2","8/9/2024 12:00:00 AM","4/11/2025 12:00:00 AM","Failure","245","101","798","103.5668","190.5221","1.8396","120.0","120.0","1.80","86.31","158.77","1","0","Unscheduled","16.2"
"1292","BATT-PACK-00279","BATT-PACK","Main battery pack","FlightCritical","8.0","MU-026","MRD-8X","ACADEMY","Training Academy","2","4/11/2025 12:00:00 AM","1/21/2026 12:00:00 AM","Scheduled","285","122","992","120.7502","227.7776","1.8864","120.0","120.0","1.80","100.63","189.81","0","1","Scheduled","6.5"
"1324","BATT-PACK-00281","BATT-PACK","Main battery pack","FlightCritical","8.0","MU-027","MRD-8X","HIGHLND","Highland Operations","1","8/2/2024 12:00:00 AM","2/17/2025 12:00:00 AM","Scheduled","199","71","131","121.6830","255.9717","2.1036","120.0","120.0","1.80","101.40","213.31","0","1","Scheduled","7.8"
"1325","BATT-PACK-00282","BATT-PACK","Main battery pack","FlightCritical","8.0","MU-027","MRD-8X","HIGHLND","Highland Operations","1","2/17/2025 12:00:00 AM","9/23/2025 12:00:00 AM","Scheduled","218","74","137","125.6831","259.9677","2.0684","120.0","120.0","1.80","104.74","216.64","0","1","Scheduled","5.7"
"1326","BATT-PACK-00283","BATT-PACK","Main battery pack","FlightCritical","8.0","MU-027","MRD-8X","HIGHLND","Highland Operations","1","9/23/2025 12:00:00 AM","3/5/2026 12:00:00 AM","Scheduled","163","68","130","120.3167","263.7519","2.1921","120.0","120.0","1.80","100.26","219.79","0","1","Scheduled","5.1"
"1327","BATT-PACK-00284","BATT-PACK","Main battery pack","FlightCritical","8.0","MU-027","MRD-8X","HIGHLND","Highland Operations","1","3/5/2026 12:00:00 AM","7/23/2026 12:00:00 AM","Failure","140","60","98","104.6499","211.5722","2.0217","120.0","120.0","1.80","87.21","176.31","1","0","Unscheduled","24.0"
"1328","BATT-PACK-00285","BATT-PACK","Main battery pack","FlightCritical","8.0","MU-027","MRD-8X","HIGHLND","Highland Operations","1","7/23/2026 12:00:00 AM","9/30/2026 12:00:00 AM","Failure","69","28","47","46.1500","92.1156","1.9960","120.0","120.0","1.80","38.46","76.76","1","0","Unscheduled","15.2"
"1330","BATT-PACK-00287","BATT-PACK","Main battery pack","FlightCritical","8.0","MU-027","MRD-8X","HIGHLND","Highland Operations","2","8/2/2024 12:00:00 AM","7/24/2024 12:00:00 AM","Failure","-9","0","0","0.0000","0.0000","","120.0","120.0","1.80","0.00","0.00","1","0","Unscheduled","22.2"
"1331","BATT-PACK-00288","BATT-PACK","Main battery pack","FlightCritical","8.0","MU-027","MRD-8X","HIGHLND","Highland Operations","2","1/10/2025 12:00:00 AM","7/29/2025 12:00:00 AM","Scheduled","200","74","133","125.4665","264.7557","2.1102","120.0","120.0","1.80","104.56","220.63","0","1","Scheduled","3.5"
"1332","BATT-PACK-00289","BATT-PACK","Main battery pack","FlightCritical","8.0","MU-027","MRD-8X","HIGHLND","Highland Operations","2","7/29/2025 12:00:00 AM","2/3/2026 12:00:00 AM","Scheduled","189","69","137","120.8667","261.4246","2.1629","120.0","120.0","1.80","100.72","217.85","0","1","Scheduled","3.5"
"1333","BATT-PACK-00290","BATT-PACK","Main battery pack","FlightCritical","8.0","MU-027","MRD-8X","HIGHLND","Highland Operations","2","2/3/2026 12:00:00 AM","7/9/2026 12:00:00 AM","Scheduled","156","69","113","120.9663","250.7640","2.0730","120.0","120.0","1.80","100.81","208.97","0","1","Scheduled","4.3"
"1377","BATT-PACK-00292","BATT-PACK","Main battery pack","FlightCritical","8.0","MU-028","MRD-8X","ACADEMY","Training Academy","1","7/1/2024 12:00:00 AM","5/15/2025 12:00:00 AM","Scheduled","318","118","924","120.4500","219.7787","1.8246","120.0","120.0","1.80","100.38","183.15","0","1","Scheduled","7.3"
"1378","BATT-PACK-00293","BATT-PACK","Main battery pack","FlightCritical","8.0","MU-028","MRD-8X","ACADEMY","Training Academy","1","5/15/2025 12:00:00 AM","11/13/2025 12:00:00 AM","Failure","182","81","668","79.7502","151.8892","1.9046","120.0","120.0","1.80","66.46","126.57","1","0","Unscheduled","15.3"
"1379","BATT-PACK-00294","BATT-PACK","Main battery pack","FlightCritical","8.0","MU-028","MRD-8X","ACADEMY","Training Academy","1","11/13/2025 12:00:00 AM","4/15/2026 12:00:00 AM","Failure","153","53","417","55.5166","100.4554","1.8095","120.0","120.0","1.80","46.26","83.71","1","0","Unscheduled","12.4"
"1381","BATT-PACK-00296","BATT-PACK","Main battery pack","FlightCritical","8.0","MU-028","MRD-8X","ACADEMY","Training Academy","2","7/1/2024 12:00:00 AM","5/15/2025 12:00:00 AM","Scheduled","318","118","924","120.4500","219.7787","1.8246","120.0","120.0","1.80","100.38","183.15","0","1","Scheduled","3.0"
"1382","BATT-PACK-00297","BATT-PACK","Main battery pack","FlightCritical","8.0","MU-028","MRD-8X","ACADEMY","Training Academy","2","5/15/2025 12:00:00 AM","3/6/2026 12:00:00 AM","Scheduled","295","119","953","120.9001","223.9567","1.8524","120.0","120.0","1.80","100.75","186.63","0","1","Scheduled","7.2"
"1410","BATT-PACK-00299","BATT-PACK","Main battery pack","FlightCritical","8.0","MU-029","MRD-12H","COASTAL","Coastal Survey Base","1","3/16/2024 12:00:00 AM","10/10/2024 12:00:00 AM","Scheduled","208","80","152","120.1001","145.9559","1.2153","120.0","120.0","1.80","100.08","121.63","0","1","Scheduled","5.1"
"1411","BATT-PACK-00300","BATT-PACK","Main battery pack","FlightCritical","8.0","MU-029","MRD-12H","COASTAL","Coastal Survey Base","1","10/10/2024 12:00:00 AM","4/30/2025 12:00:00 AM","Scheduled","202","78","168","123.6334","144.9207","1.1722","120.0","120.0","1.80","103.03","120.77","0","1","Scheduled","8.1"
"1412","BATT-PACK-00301","BATT-PACK","Main battery pack","FlightCritical","8.0","MU-029","MRD-12H","COASTAL","Coastal Survey Base","1","4/30/2025 12:00:00 AM","1/10/2026 12:00:00 AM","Scheduled","255","87","204","120.0667","141.1248","1.1754","120.0","120.0","1.80","100.06","117.60","0","1","Scheduled","4.3"
"1413","BATT-PACK-00302","BATT-PACK","Main battery pack","FlightCritical","8.0","MU-029","MRD-12H","COASTAL","Coastal Survey Base","1","1/10/2026 12:00:00 AM","8/14/2026 12:00:00 AM","Scheduled","216","79","158","120.2999","141.3905","1.1753","120.0","120.0","1.80","100.25","117.83","0","1","Scheduled","4.8"
"1415","BATT-PACK-00304","BATT-PACK","Main battery pack","FlightCritical","8.0","MU-029","MRD-12H","COASTAL","Coastal Survey Base","2","3/16/2024 12:00:00 AM","10/10/2024 12:00:00 AM","Scheduled","208","80","152","120.1001","145.9559","1.2153","120.0","120.0","1.80","100.08","121.63","0","1","Scheduled","6.4"
"1416","BATT-PACK-00305","BATT-PACK","Main battery pack","FlightCritical","8.0","MU-029","MRD-12H","COASTAL","Coastal Survey Base","2","10/10/2024 12:00:00 AM","4/30/2025 12:00:00 AM","Scheduled","202","78","168","123.6334","144.9207","1.1722","120.0","120.0","1.80","103.03","120.77","0","1","Scheduled","7.3"
"1417","BATT-PACK-00306","BATT-PACK","Main battery pack","FlightCritical","8.0","MU-029","MRD-12H","COASTAL","Coastal Survey Base","2","4/30/2025 12:00:00 AM","1/10/2026 12:00:00 AM","Scheduled","255","87","204","120.0667","141.1248","1.1754","120.0","120.0","1.80","100.06","117.60","0","1","Scheduled","5.5"
"1418","BATT-PACK-00307","BATT-PACK","Main battery pack","FlightCritical","8.0","MU-029","MRD-12H","COASTAL","Coastal Survey Base","2","1/10/2026 12:00:00 AM","8/14/2026 12:00:00 AM","Scheduled","216","79","158","120.2999","141.3905","1.1753","120.0","120.0","1.80","100.25","117.83","0","1","Scheduled","8.3"
"1459","BATT-PACK-00309","BATT-PACK","Main battery pack","FlightCritical","8.0","MU-030","MRD-8X","PORT","Port Logistics Hub","1","8/26/2024 12:00:00 AM","3/6/2025 12:00:00 AM","Scheduled","192","76","208","123.1663","253.2141","2.0559","120.0","120.0","1.80","102.64","211.01","0","1","Scheduled","6.3"
"1460","BATT-PACK-00310","BATT-PACK","Main battery pack","FlightCritical","8.0","MU-030","MRD-8X","PORT","Port Logistics Hub","1","3/6/2025 12:00:00 AM","9/2/2025 12:00:00 AM","Scheduled","180","76","185","120.4833","239.2461","1.9857","120.0","120.0","1.80","100.40","199.37","0","1","Scheduled","3.5"
"1461","BATT-PACK-00311","BATT-PACK","Main battery pack","FlightCritical","8.0","MU-030","MRD-8X","PORT","Port Logistics Hub","1","9/2/2025 12:00:00 AM","3/20/2026 12:00:00 AM","Scheduled","199","71","185","120.3503","240.0500","1.9946","120.0","120.0","1.80","100.29","200.04","0","1","Scheduled","2.7"
"1462","BATT-PACK-00312","BATT-PACK","Main battery pack","FlightCritical","8.0","MU-030","MRD-8X","PORT","Port Logistics Hub","1","3/20/2026 12:00:00 AM","9/14/2026 12:00:00 AM","Scheduled","178","69","204","120.1834","250.8033","2.0868","120.0","120.0","1.80","100.15","209.00","0","1","Scheduled","2.8"
"1464","BATT-PACK-00314","BATT-PACK","Main battery pack","FlightCritical","8.0","MU-030","MRD-8X","PORT","Port Logistics Hub","2","8/26/2024 12:00:00 AM","3/6/2025 12:00:00 AM","Scheduled","192","76","208","123.1663","253.2141","2.0559","120.0","120.0","1.80","102.64","211.01","0","1","Scheduled","7.4"
"1465","BATT-PACK-00315","BATT-PACK","Main battery pack","FlightCritical","8.0","MU-030","MRD-8X","PORT","Port Logistics Hub","2","3/6/2025 12:00:00 AM","9/2/2025 12:00:00 AM","Scheduled","180","76","185","120.4833","239.2461","1.9857","120.0","120.0","1.80","100.40","199.37","0","1","Scheduled","5.0"
"1466","BATT-PACK-00316","BATT-PACK","Main battery pack","FlightCritical","8.0","MU-030","MRD-8X","PORT","Port Logistics Hub","2","9/2/2025 12:00:00 AM","3/20/2026 12:00:00 AM","Scheduled","199","71","185","120.3503","240.0500","1.9946","120.0","120.0","1.80","100.29","200.04","0","1","Scheduled","8.0"
"1467","BATT-PACK-00317","BATT-PACK","Main battery pack","FlightCritical","8.0","MU-030","MRD-8X","PORT","Port Logistics Hub","2","3/20/2026 12:00:00 AM","9/14/2026 12:00:00 AM","Scheduled","178","69","204","120.1834","250.8033","2.0868","120.0","120.0","1.80","100.15","209.00","0","1","Scheduled","6.0"
"1506","BATT-PACK-00319","BATT-PACK","Main battery pack","FlightCritical","8.0","MU-031","MRD-8X","COASTAL","Coastal Survey Base","1","8/10/2024 12:00:00 AM","3/19/2025 12:00:00 AM","Scheduled","221","81","186","123.8999","144.7701","1.1684","120.0","120.0","1.80","103.25","120.64","0","1","Scheduled","3.9"
"1507","BATT-PACK-00320","BATT-PACK","Main battery pack","FlightCritical","8.0","MU-031","MRD-8X","COASTAL","Coastal Survey Base","1","3/19/2025 12:00:00 AM","8/20/2025 12:00:00 AM","Failure","154","59","148","94.4501","118.9539","1.2594","120.0","120.0","1.80","78.71","99.13","1","0","Unscheduled","21.8"
"1508","BATT-PACK-00321","BATT-PACK","Main battery pack","FlightCritical","8.0","MU-031","MRD-8X","COASTAL","Coastal Survey Base","1","8/20/2025 12:00:00 AM","3/25/2026 12:00:00 AM","Scheduled","217","79","170","121.3500","146.1752","1.2046","120.0","120.0","1.80","101.13","121.81","0","1","Scheduled","5.2"
"1510","BATT-PACK-00323","BATT-PACK","Main battery pack","FlightCritical","8.0","MU-031","MRD-8X","COASTAL","Coastal Survey Base","2","8/10/2024 12:00:00 AM","3/19/2025 12:00:00 AM","Scheduled","221","81","186","123.8999","144.7701","1.1684","120.0","120.0","1.80","103.25","120.64","0","1","Scheduled","6.0"
"1511","BATT-PACK-00324","BATT-PACK","Main battery pack","FlightCritical","8.0","MU-031","MRD-8X","COASTAL","Coastal Survey Base","2","3/19/2025 12:00:00 AM","8/5/2025 12:00:00 AM","Failure","139","53","137","84.2000","107.8851","1.2813","120.0","120.0","1.80","70.17","89.90","1","0","Unscheduled","12.5"
"1512","BATT-PACK-00325","BATT-PACK","Main battery pack","FlightCritical","8.0","MU-031","MRD-8X","COASTAL","Coastal Survey Base","2","8/5/2025 12:00:00 AM","3/4/2026 12:00:00 AM","Scheduled","211","78","164","121.4834","143.8666","1.1842","120.0","120.0","1.80","101.24","119.89","0","1","Scheduled","3.0"
"1513","BATT-PACK-00326","BATT-PACK","Main battery pack","FlightCritical","8.0","MU-031","MRD-8X","COASTAL","Coastal Survey Base","2","3/4/2026 12:00:00 AM","9/21/2026 12:00:00 AM","Scheduled","201","83","160","120.9166","141.1238","1.1671","120.0","120.0","1.80","100.76","117.60","0","1","Scheduled","8.4"
"14","GIMBAL-00001","GIMBAL","Payload gimbal","MissionCritical","24.0","MU-001","MRD-8X","PORT","Port Logistics Hub","1","5/16/2024 12:00:00 AM","7/4/2024 12:00:00 AM","Failure","49","16","41","29.0499","53.3071","1.8350","300.0","300.0","1.40","9.68","17.77","1","0","Unscheduled","8.5"
"15","GIMBAL-00002","GIMBAL","Payload gimbal","MissionCritical","24.0","MU-001","MRD-8X","PORT","Port Logistics Hub","1","7/4/2024 12:00:00 AM","10/11/2025 12:00:00 AM","Scheduled","464","184","516","300.8998","609.0882","2.0242","300.0","300.0","1.40","100.30","203.03","0","1","Scheduled","2.0"
"16","GIMBAL-00003","GIMBAL","Payload gimbal","MissionCritical","24.0","MU-001","MRD-8X","PORT","Port Logistics Hub","1","10/11/2025 12:00:00 AM","12/31/2025 12:00:00 AM","Failure","81","34","87","59.2497","122.3626","2.0652","300.0","300.0","1.40","19.75","40.79","1","0","Unscheduled","7.0"
"71","GIMBAL-00005","GIMBAL","Payload gimbal","MissionCritical","24.0","MU-002","MRD-8X","HIGHLND","Highland Operations","1","1/12/2024 12:00:00 AM","4/16/2025 12:00:00 AM","Scheduled","460","177","309","300.4329","645.6329","2.1490","300.0","300.0","1.40","100.14","215.21","0","1","Scheduled","2.4"
"72","GIMBAL-00006","GIMBAL","Payload gimbal","MissionCritical","24.0","MU-002","MRD-8X","HIGHLND","Highland Operations","1","4/16/2025 12:00:00 AM","7/21/2026 12:00:00 AM","Scheduled","461","174","323","300.3833","655.8378","2.1833","300.0","300.0","1.40","100.13","218.61","0","1","Scheduled","4.4"
"127","GIMBAL-00008","GIMBAL","Payload gimbal","MissionCritical","24.0","MU-003","MRD-12H","PORT","Port Logistics Hub","1","3/3/2024 12:00:00 AM","5/23/2025 12:00:00 AM","Scheduled","446","181","463","302.9496","588.1933","1.9416","300.0","300.0","1.40","100.98","196.06","0","1","Scheduled","2.6"
"128","GIMBAL-00009","GIMBAL","Payload gimbal","MissionCritical","24.0","MU-003","MRD-12H","PORT","Port Logistics Hub","1","5/23/2025 12:00:00 AM","9/21/2025 12:00:00 AM","AirframeRetired","121","49","114","89.1328","174.6124","1.9590","300.0","300.0","1.40","29.71","58.20","0","1","Inspection","3.6"
"168","GIMBAL-00010","GIMBAL","Payload gimbal","MissionCritical","24.0","MU-004","MRD-12H","COASTAL","Coastal Survey Base","1","6/3/2024 12:00:00 AM","8/22/2025 12:00:00 AM","Scheduled","445","197","432","303.3671","353.0900","1.1639","300.0","300.0","1.40","101.12","117.70","0","1","Scheduled","4.5"
"216","GIMBAL-00012","GIMBAL","Payload gimbal","MissionCritical","24.0","MU-005","MRD-8X","PORT","Port Logistics Hub","1","3/9/2024 12:00:00 AM","4/11/2025 12:00:00 AM","Failure","398","160","391","264.4162","524.3890","1.9832","300.0","300.0","1.40","88.14","174.80","1","0","Unscheduled","8.5"
"217","GIMBAL-00013","GIMBAL","Payload gimbal","MissionCritical","24.0","MU-005","MRD-8X","PORT","Port Logistics Hub","1","4/11/2025 12:00:00 AM","1/12/2026 12:00:00 AM","Failure","276","100","248","174.4667","345.7832","1.9819","300.0","300.0","1.40","58.16","115.26","1","0","Unscheduled","12.2"
"275","GIMBAL-00015","GIMBAL","Payload gimbal","MissionCritical","24.0","MU-006","MRD-8X","COASTAL","Coastal Survey Base","1","2/10/2024 12:00:00 AM","7/19/2025 12:00:00 AM","Scheduled","525","204","423","303.8501","349.8814","1.1515","300.0","300.0","1.40","101.28","116.63","0","1","Scheduled","3.0"
"320","GIMBAL-00017","GIMBAL","Payload gimbal","MissionCritical","24.0","MU-007","MRD-12H","ACADEMY","Training Academy","1","5/10/2024 12:00:00 AM","2/11/2026 12:00:00 AM","Failure","642","252","2027","248.1997","465.8132","1.8768","300.0","300.0","1.40","82.73","155.27","1","0","Unscheduled","7.5"
"359","GIMBAL-00019","GIMBAL","Payload gimbal","MissionCritical","24.0","MU-008","MRD-12H","HIGHLND","Highland Operations","1","3/16/2024 12:00:00 AM","7/16/2025 12:00:00 AM","Scheduled","487","178","338","300.1332","656.2478","2.1865","300.0","300.0","1.40","100.04","218.75","0","1","Scheduled","3.5"
"360","GIMBAL-00020","GIMBAL","Payload gimbal","MissionCritical","24.0","MU-008","MRD-12H","HIGHLND","Highland Operations","1","7/16/2025 12:00:00 AM","6/4/2026 12:00:00 AM","Failure","323","124","240","214.1334","464.7752","2.1705","300.0","300.0","1.40","71.38","154.93","1","0","Unscheduled","9.1"
"418","GIMBAL-00022","GIMBAL","Payload gimbal","MissionCritical","24.0","MU-009","MRD-8X","COASTAL","Coastal Survey Base","1","1/13/2024 12:00:00 AM","3/28/2025 12:00:00 AM","Scheduled","440","194","393","300.3329","345.5762","1.1506","300.0","300.0","1.40","100.11","115.19","0","1","Scheduled","3.7"
"419","GIMBAL-00023","GIMBAL","Payload gimbal","MissionCritical","24.0","MU-009","MRD-8X","COASTAL","Coastal Survey Base","1","3/28/2025 12:00:00 AM","7/27/2026 12:00:00 AM","Scheduled","486","199","416","300.9833","350.4388","1.1643","300.0","300.0","1.40","100.33","116.81","0","1","Scheduled","4.4"
"472","GIMBAL-00025","GIMBAL","Payload gimbal","MissionCritical","24.0","MU-010","MRD-12H","COASTAL","Coastal Survey Base","1","4/9/2024 12:00:00 AM","9/11/2025 12:00:00 AM","Failure","520","181","326","286.3665","318.9077","1.1136","300.0","300.0","1.40","95.46","106.30","1","0","Unscheduled","11.1"
"520","GIMBAL-00027","GIMBAL","Payload gimbal","MissionCritical","24.0","MU-011","MRD-12H","HIGHLND","Highland Operations","1","5/24/2024 12:00:00 AM","9/8/2025 12:00:00 AM","Scheduled","472","179","348","301.5672","660.9552","2.1917","300.0","300.0","1.40","100.52","220.32","0","1","Scheduled","4.1"
"571","GIMBAL-00029","GIMBAL","Payload gimbal","MissionCritical","24.0","MU-012","MRD-8X","COASTAL","Coastal Survey Base","1","3/23/2024 12:00:00 AM","9/18/2025 12:00:00 AM","Scheduled","544","200","424","300.0498","357.7575","1.1923","300.0","300.0","1.40","100.02","119.25","0","1","Scheduled","3.6"
"614","GIMBAL-00031","GIMBAL","Payload gimbal","MissionCritical","24.0","MU-013","MRD-8X","HIGHLND","Highland Operations","1","7/27/2024 12:00:00 AM","2/28/2025 12:00:00 AM","Failure","216","82","162","144.5666","318.0255","2.1999","300.0","300.0","1.40","48.19","106.01","1","0","Unscheduled","12.2"
"615","GIMBAL-00032","GIMBAL","Payload gimbal","MissionCritical","24.0","MU-013","MRD-8X","HIGHLND","Highland Operations","1","2/28/2025 12:00:00 AM","1/14/2026 12:00:00 AM","AirframeRetired","320","122","233","199.3336","416.7799","2.0909","300.0","300.0","1.40","66.44","138.93","0","1","Inspection","3.3"
"656","GIMBAL-00033","GIMBAL","Payload gimbal","MissionCritical","24.0","MU-014","MRD-6L","PORT","Port Logistics Hub","1","6/5/2024 12:00:00 AM","9/22/2025 12:00:00 AM","Scheduled","474","180","474","300.0337","616.7596","2.0556","300.0","300.0","1.40","100.01","205.59","0","1","Scheduled","2.0"
"709","GIMBAL-00035","GIMBAL","Payload gimbal","MissionCritical","24.0","MU-015","MRD-12H","PORT","Port Logistics Hub","1","7/21/2024 12:00:00 AM","8/30/2025 12:00:00 AM","Scheduled","405","172","441","300.7501","594.0343","1.9752","300.0","300.0","1.40","100.25","198.01","0","1","Scheduled","3.6"
"710","GIMBAL-00036","GIMBAL","Payload gimbal","MissionCritical","24.0","MU-015","MRD-12H","PORT","Port Logistics Hub","1","8/30/2025 12:00:00 AM","1/16/2026 12:00:00 AM","Failure","139","53","114","98.8668","200.3258","2.0262","300.0","300.0","1.40","32.96","66.78","1","0","Unscheduled","10.7"
"711","GIMBAL-00037","GIMBAL","Payload gimbal","MissionCritical","24.0","MU-015","MRD-12H","PORT","Port Logistics Hub","1","1/16/2026 12:00:00 AM","6/29/2026 12:00:00 AM","Failure","164","62","135","115.9331","229.0841","1.9760","300.0","300.0","1.40","38.64","76.36","1","0","Unscheduled","6.3"
"766","GIMBAL-00039","GIMBAL","Payload gimbal","MissionCritical","24.0","MU-016","MRD-6L","PORT","Port Logistics Hub","1","4/17/2024 12:00:00 AM","6/23/2025 12:00:00 AM","Scheduled","432","171","433","301.0500","608.3740","2.0208","300.0","300.0","1.40","100.35","202.79","0","1","Scheduled","2.5"
"767","GIMBAL-00040","GIMBAL","Payload gimbal","MissionCritical","24.0","MU-016","MRD-6L","PORT","Port Logistics Hub","1","6/23/2025 12:00:00 AM","8/15/2026 12:00:00 AM","Scheduled","418","174","419","300.6337","600.1630","1.9963","300.0","300.0","1.40","100.21","200.05","0","1","Scheduled","4.0"
"821","GIMBAL-00042","GIMBAL","Payload gimbal","MissionCritical","24.0","MU-017","MRD-12H","COASTAL","Coastal Survey Base","1","7/30/2024 12:00:00 AM","12/13/2025 12:00:00 AM","Scheduled","501","195","435","300.5330","339.1431","1.1285","300.0","300.0","1.40","100.18","113.05","0","1","Scheduled","3.9"
"822","GIMBAL-00043","GIMBAL","Payload gimbal","MissionCritical","24.0","MU-017","MRD-12H","COASTAL","Coastal Survey Base","1","12/13/2025 12:00:00 AM","3/30/2026 12:00:00 AM","AirframeRetired","107","48","98","74.0503","81.3723","1.0989","300.0","300.0","1.40","24.68","27.12","0","1","Inspection","3.8"
"862","GIMBAL-00044","GIMBAL","Payload gimbal","MissionCritical","24.0","MU-018","MRD-12H","HIGHLND","Highland Operations","1","2/13/2024 12:00:00 AM","1/4/2025 12:00:00 AM","Failure","326","128","226","222.0997","484.5074","2.1815","300.0","300.0","1.40","74.03","161.50","1","0","Unscheduled","8.4"
"863","GIMBAL-00045","GIMBAL","Payload gimbal","MissionCritical","24.0","MU-018","MRD-12H","HIGHLND","Highland Operations","1","1/4/2025 12:00:00 AM","4/13/2026 12:00:00 AM","Scheduled","464","179","326","302.3833","647.3577","2.1409","300.0","300.0","1.40","100.79","215.79","0","1","Scheduled","2.8"
"928","GIMBAL-00047","GIMBAL","Payload gimbal","MissionCritical","24.0","MU-019","MRD-8X","PORT","Port Logistics Hub","1","1/12/2024 12:00:00 AM","4/1/2025 12:00:00 AM","Scheduled","445","175","476","301.2667","605.0857","2.0085","300.0","300.0","1.40","100.42","201.70","0","1","Scheduled","2.2"
"929","GIMBAL-00048","GIMBAL","Payload gimbal","MissionCritical","24.0","MU-019","MRD-8X","PORT","Port Logistics Hub","1","4/1/2025 12:00:00 AM","5/15/2026 12:00:00 AM","Scheduled","409","174","472","300.3662","602.9007","2.0072","300.0","300.0","1.40","100.12","200.97","0","1","Scheduled","3.0"
"987","GIMBAL-00050","GIMBAL","Payload gimbal","MissionCritical","24.0","MU-020","MRD-8X","HIGHLND","Highland Operations","1","4/18/2024 12:00:00 AM","7/8/2025 12:00:00 AM","Failure","446","153","269","260.2832","568.3221","2.1835","300.0","300.0","1.40","86.76","189.44","1","0","Unscheduled","6.7"
"988","GIMBAL-00051","GIMBAL","Payload gimbal","MissionCritical","24.0","MU-020","MRD-8X","HIGHLND","Highland Operations","1","7/8/2025 12:00:00 AM","8/24/2026 12:00:00 AM","Failure","412","161","330","280.4663","593.4007","2.1158","300.0","300.0","1.40","93.49","197.80","1","0","Unscheduled","7.2"
"1038","GIMBAL-00053","GIMBAL","Payload gimbal","MissionCritical","24.0","MU-021","MRD-8X","ACADEMY","Training Academy","1","1/8/2024 12:00:00 AM","3/6/2026 12:00:00 AM","Scheduled","788","302","2458","300.6828","565.3631","1.8803","300.0","300.0","1.40","100.23","188.45","0","1","Scheduled","4.7"
"1079","GIMBAL-00055","GIMBAL","Payload gimbal","MissionCritical","24.0","MU-022","MRD-6L","COASTAL","Coastal Survey Base","1","3/10/2024 12:00:00 AM","6/12/2025 12:00:00 AM","Scheduled","459","195","414","300.4501","356.0904","1.1852","300.0","300.0","1.40","100.15","118.70","0","1","Scheduled","2.2"
"1126","GIMBAL-00057","GIMBAL","Payload gimbal","MissionCritical","24.0","MU-023","MRD-6L","COASTAL","Coastal Survey Base","1","1/4/2024 12:00:00 AM","5/5/2025 12:00:00 AM","Scheduled","487","193","385","300.0668","369.5347","1.2315","300.0","300.0","1.40","100.02","123.18","0","1","Scheduled","3.7"
"1177","GIMBAL-00059","GIMBAL","Payload gimbal","MissionCritical","24.0","MU-024","MRD-8X","COASTAL","Coastal Survey Base","1","1/28/2024 12:00:00 AM","5/23/2025 12:00:00 AM","Scheduled","481","198","441","301.4832","353.4456","1.1724","300.0","300.0","1.40","100.49","117.82","0","1","Scheduled","4.1"
"1178","GIMBAL-00060","GIMBAL","Payload gimbal","MissionCritical","24.0","MU-024","MRD-8X","COASTAL","Coastal Survey Base","1","5/23/2025 12:00:00 AM","9/29/2026 12:00:00 AM","Scheduled","494","197","403","302.8341","345.4750","1.1408","300.0","300.0","1.40","100.94","115.16","0","1","Scheduled","2.4"
"1235","GIMBAL-00062","GIMBAL","Payload gimbal","MissionCritical","24.0","MU-025","MRD-8X","HIGHLND","Highland Operations","1","2/15/2024 12:00:00 AM","12/28/2024 12:00:00 AM","Failure","317","130","247","228.8340","502.1706","2.1945","300.0","300.0","1.40","76.28","167.39","1","0","Unscheduled","7.7"
"1236","GIMBAL-00063","GIMBAL","Payload gimbal","MissionCritical","24.0","MU-025","MRD-8X","HIGHLND","Highland Operations","1","12/28/2024 12:00:00 AM","4/27/2026 12:00:00 AM","Scheduled","485","182","383","300.4664","629.0736","2.0937","300.0","300.0","1.40","100.16","209.69","0","1","Scheduled","4.1"
"1294","GIMBAL-00065","GIMBAL","Payload gimbal","MissionCritical","24.0","MU-026","MRD-8X","ACADEMY","Training Academy","1","8/9/2024 12:00:00 AM","7/16/2026 12:00:00 AM","Scheduled","706","298","2374","300.8504","559.2258","1.8588","300.0","300.0","1.40","100.28","186.41","0","1","Scheduled","2.2"
"1335","GIMBAL-00067","GIMBAL","Payload gimbal","MissionCritical","24.0","MU-027","MRD-8X","HIGHLND","Highland Operations","1","8/2/2024 12:00:00 AM","9/3/2025 12:00:00 AM","Failure","397","139","256","236.4327","495.1427","2.0942","300.0","300.0","1.40","78.81","165.05","1","0","Unscheduled","12.5"
"1384","GIMBAL-00069","GIMBAL","Payload gimbal","MissionCritical","24.0","MU-028","MRD-8X","ACADEMY","Training Academy","1","7/1/2024 12:00:00 AM","2/9/2026 12:00:00 AM","Failure","588","229","1814","233.8835","429.5292","1.8365","300.0","300.0","1.40","77.96","143.18","1","0","Unscheduled","9.8"
"1420","GIMBAL-00071","GIMBAL","Payload gimbal","MissionCritical","24.0","MU-029","MRD-12H","COASTAL","Coastal Survey Base","1","3/16/2024 12:00:00 AM","9/3/2025 12:00:00 AM","Scheduled","536","202","423","302.6503","360.9872","1.1928","300.0","300.0","1.40","100.88","120.33","0","1","Scheduled","3.0"
"1421","GIMBAL-00072","GIMBAL","Payload gimbal","MissionCritical","24.0","MU-029","MRD-12H","COASTAL","Coastal Survey Base","1","9/3/2025 12:00:00 AM","4/15/2026 12:00:00 AM","Failure","224","75","156","110.2165","124.8169","1.1325","300.0","300.0","1.40","36.74","41.61","1","0","Unscheduled","8.7"
"1469","GIMBAL-00074","GIMBAL","Payload gimbal","MissionCritical","24.0","MU-030","MRD-8X","PORT","Port Logistics Hub","1","8/26/2024 12:00:00 AM","12/25/2025 12:00:00 AM","Scheduled","486","190","484","303.8166","609.8371","2.0073","300.0","300.0","1.40","101.27","203.28","0","1","Scheduled","3.4"
"1515","GIMBAL-00076","GIMBAL","Payload gimbal","MissionCritical","24.0","MU-031","MRD-8X","COASTAL","Coastal Survey Base","1","8/10/2024 12:00:00 AM","9/30/2024 12:00:00 AM","Failure","51","16","33","23.0334","29.1208","1.2643","300.0","300.0","1.40","7.68","9.71","1","0","Unscheduled","9.4"
"1516","GIMBAL-00077","GIMBAL","Payload gimbal","MissionCritical","24.0","MU-031","MRD-8X","COASTAL","Coastal Survey Base","1","9/30/2024 12:00:00 AM","2/26/2026 12:00:00 AM","Scheduled","514","194","451","302.2832","360.9384","1.1940","300.0","300.0","1.40","100.76","120.31","0","1","Scheduled","1.7"
"18","LANDGEAR-00001","LANDGEAR","Landing gear assembly","Degraded","4.0","MU-001","MRD-8X","PORT","Port Logistics Hub","1","5/16/2024 12:00:00 AM","4/4/2025 12:00:00 AM","Failure","323","123","345","201.3327","401.2128","1.9928","250.0","250.0","3.10","80.53","160.49","1","0","Unscheduled","4.4"
"19","LANDGEAR-00002","LANDGEAR","Landing gear assembly","Degraded","4.0","MU-001","MRD-8X","PORT","Port Logistics Hub","1","4/4/2025 12:00:00 AM","3/17/2026 12:00:00 AM","Failure","347","144","372","240.7835","480.8257","1.9969","250.0","250.0","3.10","96.31","192.33","1","0","Unscheduled","3.6"
"74","LANDGEAR-00004","LANDGEAR","Landing gear assembly","Degraded","4.0","MU-002","MRD-8X","HIGHLND","Highland Operations","1","1/12/2024 12:00:00 AM","6/21/2024 12:00:00 AM","Failure","161","61","111","99.4165","211.1564","2.1240","250.0","250.0","3.10","39.77","84.46","1","0","Unscheduled","5.7"
"75","LANDGEAR-00005","LANDGEAR","Landing gear assembly","Degraded","4.0","MU-002","MRD-8X","HIGHLND","Highland Operations","1","6/21/2024 12:00:00 AM","5/6/2025 12:00:00 AM","Failure","319","121","206","210.8330","455.6964","2.1614","250.0","250.0","3.10","84.33","182.28","1","0","Unscheduled","4.4"
"76","LANDGEAR-00006","LANDGEAR","Landing gear assembly","Degraded","4.0","MU-002","MRD-8X","HIGHLND","Highland Operations","1","5/6/2025 12:00:00 AM","3/7/2026 12:00:00 AM","Failure","305","120","227","208.1332","446.7490","2.1465","250.0","250.0","3.10","83.25","178.70","1","0","Unscheduled","7.3"
"129","LANDGEAR-00008","LANDGEAR","Landing gear assembly","Degraded","4.0","MU-003","MRD-12H","PORT","Port Logistics Hub","1","3/3/2024 12:00:00 AM","8/15/2024 12:00:00 AM","Failure","165","65","178","107.4166","210.9206","1.9636","250.0","250.0","3.10","42.97","84.37","1","0","Unscheduled","4.0"
"130","LANDGEAR-00009","LANDGEAR","Landing gear assembly","Degraded","4.0","MU-003","MRD-12H","PORT","Port Logistics Hub","1","8/15/2024 12:00:00 AM","8/14/2025 12:00:00 AM","Scheduled","364","148","355","253.2660","487.6669","1.9255","250.0","250.0","3.10","101.31","195.07","0","1","Scheduled","2.1"
"131","LANDGEAR-00010","LANDGEAR","Landing gear assembly","Degraded","4.0","MU-003","MRD-12H","PORT","Port Logistics Hub","1","8/14/2025 12:00:00 AM","9/21/2025 12:00:00 AM","AirframeRetired","38","17","44","31.3998","64.2182","2.0452","250.0","250.0","3.10","12.56","25.69","0","1","Inspection","1.1"
"170","LANDGEAR-00011","LANDGEAR","Landing gear assembly","Degraded","4.0","MU-004","MRD-12H","COASTAL","Coastal Survey Base","1","6/3/2024 12:00:00 AM","6/6/2025 12:00:00 AM","Scheduled","368","163","365","251.7502","292.7680","1.1629","250.0","250.0","3.10","100.70","117.11","0","1","Scheduled","1.7"
"171","LANDGEAR-00012","LANDGEAR","Landing gear assembly","Degraded","4.0","MU-004","MRD-12H","COASTAL","Coastal Survey Base","1","6/6/2025 12:00:00 AM","6/27/2026 12:00:00 AM","Scheduled","386","167","342","252.6332","293.1928","1.1605","250.0","250.0","3.10","101.05","117.28","0","1","Scheduled","2.7"
"219","LANDGEAR-00014","LANDGEAR","Landing gear assembly","Degraded","4.0","MU-005","MRD-8X","PORT","Port Logistics Hub","1","3/9/2024 12:00:00 AM","1/9/2025 12:00:00 AM","Failure","306","119","302","190.4663","372.9005","1.9578","250.0","250.0","3.10","76.19","149.16","1","0","Unscheduled","5.5"
"220","LANDGEAR-00015","LANDGEAR","Landing gear assembly","Degraded","4.0","MU-005","MRD-8X","PORT","Port Logistics Hub","1","1/9/2025 12:00:00 AM","1/16/2026 12:00:00 AM","Scheduled","372","143","339","252.3999","503.6747","1.9955","250.0","250.0","3.10","100.96","201.47","0","1","Scheduled","2.6"
"277","LANDGEAR-00017","LANDGEAR","Landing gear assembly","Degraded","4.0","MU-006","MRD-8X","COASTAL","Coastal Survey Base","1","2/10/2024 12:00:00 AM","4/24/2025 12:00:00 AM","Scheduled","439","173","358","253.8666","291.0329","1.1464","250.0","250.0","3.10","101.55","116.41","0","1","Scheduled","2.6"
"278","LANDGEAR-00018","LANDGEAR","Landing gear assembly","Degraded","4.0","MU-006","MRD-8X","COASTAL","Coastal Survey Base","1","4/24/2025 12:00:00 AM","6/30/2026 12:00:00 AM","Scheduled","432","163","363","250.5164","302.2815","1.2066","250.0","250.0","3.10","100.21","120.91","0","1","Scheduled","1.2"
"322","LANDGEAR-00020","LANDGEAR","Landing gear assembly","Degraded","4.0","MU-007","MRD-12H","ACADEMY","Training Academy","1","5/10/2024 12:00:00 AM","2/16/2026 12:00:00 AM","Scheduled","647","254","2040","250.2664","469.5079","1.8760","250.0","250.0","3.10","100.11","187.80","0","1","Scheduled","1.5"
"362","LANDGEAR-00022","LANDGEAR","Landing gear assembly","Degraded","4.0","MU-008","MRD-12H","HIGHLND","Highland Operations","1","3/16/2024 12:00:00 AM","10/16/2024 12:00:00 AM","Failure","214","80","165","133.5333","291.3831","2.1821","250.0","250.0","3.10","53.41","116.55","1","0","Unscheduled","6.6"
"363","LANDGEAR-00023","LANDGEAR","Landing gear assembly","Degraded","4.0","MU-008","MRD-12H","HIGHLND","Highland Operations","1","10/16/2024 12:00:00 AM","10/9/2025 12:00:00 AM","Failure","358","132","237","223.3501","487.6331","2.1833","250.0","250.0","3.10","89.34","195.05","1","0","Unscheduled","5.3"
"364","LANDGEAR-00024","LANDGEAR","Landing gear assembly","Degraded","4.0","MU-008","MRD-12H","HIGHLND","Highland Operations","1","10/9/2025 12:00:00 AM","4/22/2026 12:00:00 AM","Failure","195","73","146","127.6166","271.6031","2.1283","250.0","250.0","3.10","51.05","108.64","1","0","Unscheduled","6.6"
"421","LANDGEAR-00026","LANDGEAR","Landing gear assembly","Degraded","4.0","MU-009","MRD-8X","COASTAL","Coastal Survey Base","1","1/13/2024 12:00:00 AM","1/25/2025 12:00:00 AM","Scheduled","378","161","323","251.1662","291.2229","1.1595","250.0","250.0","3.10","100.47","116.49","0","1","Scheduled","2.7"
"422","LANDGEAR-00027","LANDGEAR","Landing gear assembly","Degraded","4.0","MU-009","MRD-8X","COASTAL","Coastal Survey Base","1","1/25/2025 12:00:00 AM","3/3/2026 12:00:00 AM","Scheduled","402","171","365","250.8163","282.2539","1.1253","250.0","250.0","3.10","100.33","112.90","0","1","Scheduled","0.9"
"474","LANDGEAR-00029","LANDGEAR","Landing gear assembly","Degraded","4.0","MU-010","MRD-12H","COASTAL","Coastal Survey Base","1","4/9/2024 12:00:00 AM","6/28/2025 12:00:00 AM","Scheduled","445","161","296","253.6330","285.1009","1.1241","250.0","250.0","3.10","101.45","114.04","0","1","Scheduled","2.8"
"475","LANDGEAR-00030","LANDGEAR","Landing gear assembly","Degraded","4.0","MU-010","MRD-12H","COASTAL","Coastal Survey Base","1","6/28/2025 12:00:00 AM","9/8/2026 12:00:00 AM","Scheduled","437","158","312","250.7004","279.7903","1.1160","250.0","250.0","3.10","100.28","111.92","0","1","Scheduled","1.3"
"522","LANDGEAR-00032","LANDGEAR","Landing gear assembly","Degraded","4.0","MU-011","MRD-12H","HIGHLND","Highland Operations","1","5/24/2024 12:00:00 AM","7/7/2025 12:00:00 AM","Scheduled","409","151","300","252.4337","554.9291","2.1983","250.0","250.0","3.10","100.97","221.97","0","1","Scheduled","1.6"
"523","LANDGEAR-00033","LANDGEAR","Landing gear assembly","Degraded","4.0","MU-011","MRD-12H","HIGHLND","Highland Operations","1","7/7/2025 12:00:00 AM","7/28/2026 12:00:00 AM","Scheduled","386","144","280","250.3004","534.6247","2.1359","250.0","250.0","3.10","100.12","213.85","0","1","Scheduled","2.2"
"573","LANDGEAR-00035","LANDGEAR","Landing gear assembly","Degraded","4.0","MU-012","MRD-8X","COASTAL","Coastal Survey Base","1","3/23/2024 12:00:00 AM","6/9/2025 12:00:00 AM","Scheduled","443","168","366","251.9831","303.5347","1.2046","250.0","250.0","3.10","100.79","121.41","0","1","Scheduled","2.7"
"574","LANDGEAR-00036","LANDGEAR","Landing gear assembly","Degraded","4.0","MU-012","MRD-8X","COASTAL","Coastal Survey Base","1","6/9/2025 12:00:00 AM","8/25/2026 12:00:00 AM","Scheduled","442","163","337","251.7669","298.7086","1.1864","250.0","250.0","3.10","100.71","119.48","0","1","Scheduled","1.7"
"616","LANDGEAR-00038","LANDGEAR","Landing gear assembly","Degraded","4.0","MU-013","MRD-8X","HIGHLND","Highland Operations","1","7/27/2024 12:00:00 AM","10/11/2024 12:00:00 AM","Failure","76","26","44","46.7333","108.7004","2.3260","250.0","250.0","3.10","18.69","43.48","1","0","Unscheduled","3.9"
"617","LANDGEAR-00039","LANDGEAR","Landing gear assembly","Degraded","4.0","MU-013","MRD-8X","HIGHLND","Highland Operations","1","10/11/2024 12:00:00 AM","8/16/2025 12:00:00 AM","Failure","309","123","246","207.4168","443.4894","2.1382","250.0","250.0","3.10","82.97","177.40","1","0","Unscheduled","2.7"
"618","LANDGEAR-00040","LANDGEAR","Landing gear assembly","Degraded","4.0","MU-013","MRD-8X","HIGHLND","Highland Operations","1","8/16/2025 12:00:00 AM","1/14/2026 12:00:00 AM","AirframeRetired","151","55","105","89.7501","182.6156","2.0347","250.0","250.0","3.10","35.90","73.05","0","1","Inspection","2.4"
"658","LANDGEAR-00041","LANDGEAR","Landing gear assembly","Degraded","4.0","MU-014","MRD-6L","PORT","Port Logistics Hub","1","6/5/2024 12:00:00 AM","4/21/2025 12:00:00 AM","Failure","320","114","291","196.6169","411.9575","2.0952","250.0","250.0","3.10","78.65","164.78","1","0","Unscheduled","5.7"
"659","LANDGEAR-00042","LANDGEAR","Landing gear assembly","Degraded","4.0","MU-014","MRD-6L","PORT","Port Logistics Hub","1","4/21/2025 12:00:00 AM","5/14/2026 12:00:00 AM","Scheduled","388","153","405","250.4504","499.1415","1.9930","250.0","250.0","3.10","100.18","199.66","0","1","Scheduled","2.8"
"713","LANDGEAR-00044","LANDGEAR","Landing gear assembly","Degraded","4.0","MU-015","MRD-12H","PORT","Port Logistics Hub","1","7/21/2024 12:00:00 AM","6/23/2025 12:00:00 AM","Scheduled","337","142","355","251.5666","498.6361","1.9821","250.0","250.0","3.10","100.63","199.45","0","1","Scheduled","1.3"
"714","LANDGEAR-00045","LANDGEAR","Landing gear assembly","Degraded","4.0","MU-015","MRD-12H","PORT","Port Logistics Hub","1","6/23/2025 12:00:00 AM","1/15/2026 12:00:00 AM","Failure","206","82","198","146.5836","292.3598","1.9945","250.0","250.0","3.10","58.63","116.94","1","0","Unscheduled","5.1"
"769","LANDGEAR-00047","LANDGEAR","Landing gear assembly","Degraded","4.0","MU-016","MRD-6L","PORT","Port Logistics Hub","1","4/17/2024 12:00:00 AM","12/20/2024 12:00:00 AM","Failure","247","110","295","189.6834","376.3364","1.9840","250.0","250.0","3.10","75.87","150.53","1","0","Unscheduled","4.1"
"770","LANDGEAR-00048","LANDGEAR","Landing gear assembly","Degraded","4.0","MU-016","MRD-6L","PORT","Port Logistics Hub","1","12/20/2024 12:00:00 AM","1/20/2026 12:00:00 AM","Scheduled","396","145","344","250.0337","509.4541","2.0375","250.0","250.0","3.10","100.01","203.78","0","1","Scheduled","0.9"
"823","LANDGEAR-00050","LANDGEAR","Landing gear assembly","Degraded","4.0","MU-017","MRD-12H","COASTAL","Coastal Survey Base","1","7/30/2024 12:00:00 AM","10/1/2025 12:00:00 AM","Scheduled","428","162","349","250.7332","282.0684","1.1250","250.0","250.0","3.10","100.29","112.83","0","1","Scheduled","2.5"
"824","LANDGEAR-00051","LANDGEAR","Landing gear assembly","Degraded","4.0","MU-017","MRD-12H","COASTAL","Coastal Survey Base","1","10/1/2025 12:00:00 AM","3/30/2026 12:00:00 AM","AirframeRetired","180","81","184","123.8501","138.4470","1.1179","250.0","250.0","3.10","49.54","55.38","0","1","Inspection","2.4"
"865","LANDGEAR-00052","LANDGEAR","Landing gear assembly","Degraded","4.0","MU-018","MRD-12H","HIGHLND","Highland Operations","1","2/13/2024 12:00:00 AM","12/24/2024 12:00:00 AM","Failure","315","123","218","213.0997","463.4933","2.1750","250.0","250.0","3.10","85.24","185.40","1","0","Unscheduled","5.5"
"866","LANDGEAR-00053","LANDGEAR","Landing gear assembly","Degraded","4.0","MU-018","MRD-12H","HIGHLND","Highland Operations","1","12/24/2024 12:00:00 AM","1/20/2026 12:00:00 AM","Scheduled","392","149","279","250.6000","541.7305","2.1617","250.0","250.0","3.10","100.24","216.69","0","1","Scheduled","2.4"
"867","LANDGEAR-00054","LANDGEAR","Landing gear assembly","Degraded","4.0","MU-018","MRD-12H","HIGHLND","Highland Operations","1","1/20/2026 12:00:00 AM","7/2/2026 12:00:00 AM","Failure","163","58","109","100.6168","213.0762","2.1177","250.0","250.0","3.10","40.25","85.23","1","0","Unscheduled","4.6"
"931","LANDGEAR-00056","LANDGEAR","Landing gear assembly","Degraded","4.0","MU-019","MRD-8X","PORT","Port Logistics Hub","1","1/12/2024 12:00:00 AM","6/11/2024 12:00:00 AM","Failure","151","62","185","103.0999","204.3168","1.9817","250.0","250.0","3.10","41.24","81.73","1","0","Unscheduled","5.1"
"932","LANDGEAR-00057","LANDGEAR","Landing gear assembly","Degraded","4.0","MU-019","MRD-8X","PORT","Port Logistics Hub","1","6/11/2024 12:00:00 AM","6/13/2025 12:00:00 AM","Scheduled","367","144","369","250.4500","508.0723","2.0286","250.0","250.0","3.10","100.18","203.23","0","1","Scheduled","1.3"
"933","LANDGEAR-00058","LANDGEAR","Landing gear assembly","Degraded","4.0","MU-019","MRD-8X","PORT","Port Logistics Hub","1","6/13/2025 12:00:00 AM","4/20/2026 12:00:00 AM","Failure","311","135","378","233.6330","468.3432","2.0046","250.0","250.0","3.10","93.45","187.34","1","0","Unscheduled","6.4"
"990","LANDGEAR-00060","LANDGEAR","Landing gear assembly","Degraded","4.0","MU-020","MRD-8X","HIGHLND","Highland Operations","1","4/18/2024 12:00:00 AM","11/13/2024 12:00:00 AM","Failure","209","75","124","127.5666","287.7719","2.2559","250.0","250.0","3.10","51.03","115.11","1","0","Unscheduled","4.2"
"991","LANDGEAR-00061","LANDGEAR","Landing gear assembly","Degraded","4.0","MU-020","MRD-8X","HIGHLND","Highland Operations","1","11/13/2024 12:00:00 AM","8/6/2025 12:00:00 AM","Failure","266","92","167","154.6001","321.3052","2.0783","250.0","250.0","3.10","61.84","128.52","1","0","Unscheduled","4.6"
"992","LANDGEAR-00062","LANDGEAR","Landing gear assembly","Degraded","4.0","MU-020","MRD-8X","HIGHLND","Highland Operations","1","8/6/2025 12:00:00 AM","8/14/2026 12:00:00 AM","Scheduled","373","143","300","253.6828","540.0488","2.1288","250.0","250.0","3.10","101.47","216.02","0","1","Scheduled","2.8"
"1040","LANDGEAR-00064","LANDGEAR","Landing gear assembly","Degraded","4.0","MU-021","MRD-8X","ACADEMY","Training Academy","1","1/8/2024 12:00:00 AM","11/6/2024 12:00:00 AM","Failure","303","115","945","114.7334","217.4064","1.8949","250.0","250.0","3.10","45.89","86.96","1","0","Unscheduled","4.3"
"1041","LANDGEAR-00065","LANDGEAR","Landing gear assembly","Degraded","4.0","MU-021","MRD-8X","ACADEMY","Training Academy","1","11/6/2024 12:00:00 AM","6/12/2025 12:00:00 AM","Failure","218","81","639","80.2998","148.2692","1.8464","250.0","250.0","3.10","32.12","59.31","1","0","Unscheduled","6.7"
"1081","LANDGEAR-00067","LANDGEAR","Landing gear assembly","Degraded","4.0","MU-022","MRD-6L","COASTAL","Coastal Survey Base","1","3/10/2024 12:00:00 AM","10/7/2024 12:00:00 AM","Failure","211","78","151","128.4834","149.0690","1.1602","250.0","250.0","3.10","51.39","59.63","1","0","Unscheduled","2.9"
"1082","LANDGEAR-00068","LANDGEAR","Landing gear assembly","Degraded","4.0","MU-022","MRD-6L","COASTAL","Coastal Survey Base","1","10/7/2024 12:00:00 AM","10/24/2025 12:00:00 AM","Scheduled","382","163","354","251.1665","300.0317","1.1946","250.0","250.0","3.10","100.47","120.01","0","1","Scheduled","1.8"
"1128","LANDGEAR-00070","LANDGEAR","Landing gear assembly","Degraded","4.0","MU-023","MRD-6L","COASTAL","Coastal Survey Base","1","1/4/2024 12:00:00 AM","1/22/2025 12:00:00 AM","Failure","384","151","300","233.8167","287.1826","1.2282","250.0","250.0","3.10","93.53","114.87","1","0","Unscheduled","6.3"
"1129","LANDGEAR-00071","LANDGEAR","Landing gear assembly","Degraded","4.0","MU-023","MRD-6L","COASTAL","Coastal Survey Base","1","1/22/2025 12:00:00 AM","3/13/2026 12:00:00 AM","Scheduled","415","167","393","250.6841","309.6867","1.2354","250.0","250.0","3.10","100.27","123.87","0","1","Scheduled","2.0"
"1180","LANDGEAR-00073","LANDGEAR","Landing gear assembly","Degraded","4.0","MU-024","MRD-8X","COASTAL","Coastal Survey Base","1","1/28/2024 12:00:00 AM","3/5/2025 12:00:00 AM","Scheduled","402","164","365","251.0166","296.2413","1.1802","250.0","250.0","3.10","100.41","118.50","0","1","Scheduled","2.4"
"1181","LANDGEAR-00074","LANDGEAR","Landing gear assembly","Degraded","4.0","MU-024","MRD-8X","COASTAL","Coastal Survey Base","1","3/5/2025 12:00:00 AM","4/7/2026 12:00:00 AM","Scheduled","398","166","343","250.5005","288.0562","1.1499","250.0","250.0","3.10","100.20","115.22","0","1","Scheduled","1.2"
"1238","LANDGEAR-00076","LANDGEAR","Landing gear assembly","Degraded","4.0","MU-025","MRD-8X","HIGHLND","Highland Operations","1","2/15/2024 12:00:00 AM","5/22/2024 12:00:00 AM","Failure","97","48","91","89.6501","202.7733","2.2618","250.0","250.0","3.10","35.86","81.11","1","0","Unscheduled","3.1"
"1239","LANDGEAR-00077","LANDGEAR","Landing gear assembly","Degraded","4.0","MU-025","MRD-8X","HIGHLND","Highland Operations","1","5/22/2024 12:00:00 AM","2/6/2025 12:00:00 AM","Failure","260","97","183","163.0174","351.4368","2.1558","250.0","250.0","3.10","65.21","140.57","1","0","Unscheduled","6.3"
"1240","LANDGEAR-00078","LANDGEAR","Landing gear assembly","Degraded","4.0","MU-025","MRD-8X","HIGHLND","Highland Operations","1","2/6/2025 12:00:00 AM","12/9/2025 12:00:00 AM","Failure","306","114","252","187.7498","394.1149","2.0991","250.0","250.0","3.10","75.10","157.65","1","0","Unscheduled","6.9"
"1241","LANDGEAR-00079","LANDGEAR","Landing gear assembly","Degraded","4.0","MU-025","MRD-8X","HIGHLND","Highland Operations","1","12/9/2025 12:00:00 AM","9/1/2026 12:00:00 AM","Failure","266","99","187","170.4333","359.6907","2.1104","250.0","250.0","3.10","68.17","143.88","1","0","Unscheduled","3.5"
"1296","LANDGEAR-00081","LANDGEAR","Landing gear assembly","Degraded","4.0","MU-026","MRD-8X","ACADEMY","Training Academy","1","8/9/2024 12:00:00 AM","8/8/2025 12:00:00 AM","Failure","364","151","1210","156.5503","288.1446","1.8406","250.0","250.0","3.10","62.62","115.26","1","0","Unscheduled","4.2"
"1337","LANDGEAR-00083","LANDGEAR","Landing gear assembly","Degraded","4.0","MU-027","MRD-8X","HIGHLND","Highland Operations","1","8/2/2024 12:00:00 AM","10/2/2025 12:00:00 AM","Scheduled","426","149","275","254.8161","531.9106","2.0874","250.0","250.0","3.10","101.93","212.76","0","1","Scheduled","2.6"
"1338","LANDGEAR-00084","LANDGEAR","Landing gear assembly","Degraded","4.0","MU-027","MRD-8X","HIGHLND","Highland Operations","1","10/2/2025 12:00:00 AM","9/1/2026 12:00:00 AM","Failure","334","135","241","237.7333","498.6094","2.0973","250.0","250.0","3.10","95.09","199.44","1","0","Unscheduled","7.0"
"1386","LANDGEAR-00086","LANDGEAR","Landing gear assembly","Degraded","4.0","MU-028","MRD-8X","ACADEMY","Training Academy","1","7/1/2024 12:00:00 AM","3/30/2026 12:00:00 AM","Scheduled","637","246","1950","250.2668","460.2279","1.8389","250.0","250.0","3.10","100.11","184.09","0","1","Scheduled","2.4"
"1423","LANDGEAR-00088","LANDGEAR","Landing gear assembly","Degraded","4.0","MU-029","MRD-12H","COASTAL","Coastal Survey Base","1","3/16/2024 12:00:00 AM","2/4/2025 12:00:00 AM","Failure","325","123","260","184.6167","225.4256","1.2210","250.0","250.0","3.10","73.85","90.17","1","0","Unscheduled","7.2"
"1424","LANDGEAR-00089","LANDGEAR","Landing gear assembly","Degraded","4.0","MU-029","MRD-12H","COASTAL","Coastal Survey Base","1","2/4/2025 12:00:00 AM","5/19/2026 12:00:00 AM","Scheduled","469","168","349","250.7666","285.0010","1.1365","250.0","250.0","3.10","100.31","114.00","0","1","Scheduled","2.4"
"1471","LANDGEAR-00091","LANDGEAR","Landing gear assembly","Degraded","4.0","MU-030","MRD-8X","PORT","Port Logistics Hub","1","8/26/2024 12:00:00 AM","9/25/2025 12:00:00 AM","Scheduled","395","160","421","253.0830","507.3869","2.0048","250.0","250.0","3.10","101.23","202.95","0","1","Scheduled","1.2"
"1472","LANDGEAR-00092","LANDGEAR","Landing gear assembly","Degraded","4.0","MU-030","MRD-8X","PORT","Port Logistics Hub","1","9/25/2025 12:00:00 AM","3/13/2026 12:00:00 AM","Failure","169","62","155","108.8336","223.0000","2.0490","250.0","250.0","3.10","43.53","89.20","1","0","Unscheduled","2.5"
"1518","LANDGEAR-00094","LANDGEAR","Landing gear assembly","Degraded","4.0","MU-031","MRD-8X","COASTAL","Coastal Survey Base","1","8/10/2024 12:00:00 AM","10/23/2025 12:00:00 AM","Scheduled","439","163","384","253.5332","303.8908","1.1986","250.0","250.0","3.10","101.41","121.56","0","1","Scheduled","1.0"
"21","MOTOR-ESC-00001","MOTOR-ESC","Motor and speed controller","FlightCritical","12.0","MU-001","MRD-8X","PORT","Port Logistics Hub","1","5/16/2024 12:00:00 AM","4/4/2025 12:00:00 AM","Scheduled","323","123","345","201.3327","401.2128","1.9928","200.0","200.0","2.10","100.67","200.61","0","1","Scheduled","8.1"
"22","MOTOR-ESC-00002","MOTOR-ESC","Motor and speed controller","FlightCritical","12.0","MU-001","MRD-8X","PORT","Port Logistics Hub","1","4/4/2025 12:00:00 AM","1/20/2026 12:00:00 AM","Scheduled","291","119","311","200.8833","409.5291","2.0386","200.0","200.0","2.10","100.44","204.76","0","1","Scheduled","3.0"
"24","MOTOR-ESC-00004","MOTOR-ESC","Motor and speed controller","FlightCritical","12.0","MU-001","MRD-8X","PORT","Port Logistics Hub","2","5/16/2024 12:00:00 AM","4/4/2025 12:00:00 AM","Scheduled","323","123","345","201.3327","401.2128","1.9928","200.0","200.0","2.10","100.67","200.61","0","1","Scheduled","8.4"
"25","MOTOR-ESC-00005","MOTOR-ESC","Motor and speed controller","FlightCritical","12.0","MU-001","MRD-8X","PORT","Port Logistics Hub","2","4/4/2025 12:00:00 AM","1/20/2026 12:00:00 AM","Scheduled","291","119","311","200.8833","409.5291","2.0386","200.0","200.0","2.10","100.44","204.76","0","1","Scheduled","3.7"
"27","MOTOR-ESC-00007","MOTOR-ESC","Motor and speed controller","FlightCritical","12.0","MU-001","MRD-8X","PORT","Port Logistics Hub","3","5/16/2024 12:00:00 AM","11/29/2024 12:00:00 AM","Failure","197","76","217","126.4497","250.6457","1.9822","200.0","200.0","2.10","63.22","125.32","1","0","Unscheduled","14.7"
"28","MOTOR-ESC-00008","MOTOR-ESC","Motor and speed controller","FlightCritical","12.0","MU-001","MRD-8X","PORT","Port Logistics Hub","3","11/29/2024 12:00:00 AM","9/15/2025 12:00:00 AM","Failure","290","114","308","188.5999","382.4972","2.0281","200.0","200.0","2.10","94.30","191.25","1","0","Unscheduled","25.1"
"29","MOTOR-ESC-00009","MOTOR-ESC","Motor and speed controller","FlightCritical","12.0","MU-001","MRD-8X","PORT","Port Logistics Hub","3","9/15/2025 12:00:00 AM","3/13/2026 12:00:00 AM","Failure","179","74","185","122.7833","241.1594","1.9641","200.0","200.0","2.10","61.39","120.58","1","0","Unscheduled","20.5"
"31","MOTOR-ESC-00011","MOTOR-ESC","Motor and speed controller","FlightCritical","12.0","MU-001","MRD-8X","PORT","Port Logistics Hub","4","5/16/2024 12:00:00 AM","4/4/2025 12:00:00 AM","Scheduled","323","123","345","201.3327","401.2128","1.9928","200.0","200.0","2.10","100.67","200.61","0","1","Scheduled","6.6"
"32","MOTOR-ESC-00012","MOTOR-ESC","Motor and speed controller","FlightCritical","12.0","MU-001","MRD-8X","PORT","Port Logistics Hub","4","4/4/2025 12:00:00 AM","1/20/2026 12:00:00 AM","Scheduled","291","119","311","200.8833","409.5291","2.0386","200.0","200.0","2.10","100.44","204.76","0","1","Scheduled","7.7"
"33","MOTOR-ESC-00013","MOTOR-ESC","Motor and speed controller","FlightCritical","12.0","MU-001","MRD-8X","PORT","Port Logistics Hub","4","1/20/2026 12:00:00 AM","8/26/2026 12:00:00 AM","Failure","218","87","213","144.5172","287.4670","1.9892","200.0","200.0","2.10","72.26","143.73","1","0","Unscheduled","10.0"
"78","MOTOR-ESC-00015","MOTOR-ESC","Motor and speed controller","FlightCritical","12.0","MU-002","MRD-8X","HIGHLND","Highland Operations","1","1/12/2024 12:00:00 AM","11/18/2024 12:00:00 AM","Scheduled","311","119","208","200.3496","416.5014","2.0789","200.0","200.0","2.10","100.17","208.25","0","1","Scheduled","8.1"
"79","MOTOR-ESC-00016","MOTOR-ESC","Motor and speed controller","FlightCritical","12.0","MU-002","MRD-8X","HIGHLND","Highland Operations","1","11/18/2024 12:00:00 AM","9/3/2025 12:00:00 AM","Scheduled","289","115","205","201.9830","447.1609","2.2139","200.0","200.0","2.10","100.99","223.58","0","1","Scheduled","6.3"
"80","MOTOR-ESC-00017","MOTOR-ESC","Motor and speed controller","FlightCritical","12.0","MU-002","MRD-8X","HIGHLND","Highland Operations","1","9/3/2025 12:00:00 AM","7/24/2026 12:00:00 AM","Scheduled","324","119","222","202.8169","447.9502","2.2086","200.0","200.0","2.10","101.41","223.98","0","1","Scheduled","6.6"
"82","MOTOR-ESC-00019","MOTOR-ESC","Motor and speed controller","FlightCritical","12.0","MU-002","MRD-8X","HIGHLND","Highland Operations","2","1/12/2024 12:00:00 AM","8/19/2024 12:00:00 AM","Failure","220","86","151","144.6665","293.8745","2.0314","200.0","200.0","2.10","72.33","146.94","1","0","Unscheduled","24.5"
"83","MOTOR-ESC-00020","MOTOR-ESC","Motor and speed controller","FlightCritical","12.0","MU-002","MRD-8X","HIGHLND","Highland Operations","2","8/19/2024 12:00:00 AM","7/4/2025 12:00:00 AM","Scheduled","319","116","204","201.4662","454.3737","2.2553","200.0","200.0","2.10","100.73","227.19","0","1","Scheduled","4.0"
"84","MOTOR-ESC-00021","MOTOR-ESC","Motor and speed controller","FlightCritical","12.0","MU-002","MRD-8X","HIGHLND","Highland Operations","2","7/4/2025 12:00:00 AM","2/21/2026 12:00:00 AM","Failure","232","93","173","158.9666","335.0245","2.1075","200.0","200.0","2.10","79.48","167.51","1","0","Unscheduled","25.5"
"86","MOTOR-ESC-00023","MOTOR-ESC","Motor and speed controller","FlightCritical","12.0","MU-002","MRD-8X","HIGHLND","Highland Operations","3","1/12/2024 12:00:00 AM","11/18/2024 12:00:00 AM","Scheduled","311","119","208","200.3496","416.5014","2.0789","200.0","200.0","2.10","100.17","208.25","0","1","Scheduled","7.3"
"87","MOTOR-ESC-00024","MOTOR-ESC","Motor and speed controller","FlightCritical","12.0","MU-002","MRD-8X","HIGHLND","Highland Operations","3","11/18/2024 12:00:00 AM","9/3/2025 12:00:00 AM","Scheduled","289","115","205","201.9830","447.1609","2.2139","200.0","200.0","2.10","100.99","223.58","0","1","Scheduled","5.8"
"88","MOTOR-ESC-00025","MOTOR-ESC","Motor and speed controller","FlightCritical","12.0","MU-002","MRD-8X","HIGHLND","Highland Operations","3","9/3/2025 12:00:00 AM","7/24/2026 12:00:00 AM","Scheduled","324","119","222","202.8169","447.9502","2.2086","200.0","200.0","2.10","101.41","223.98","0","1","Scheduled","4.1"
"90","MOTOR-ESC-00027","MOTOR-ESC","Motor and speed controller","FlightCritical","12.0","MU-002","MRD-8X","HIGHLND","Highland Operations","4","1/12/2024 12:00:00 AM","10/9/2024 12:00:00 AM","Failure","271","106","186","178.0165","365.9869","2.0559","200.0","200.0","2.10","89.01","182.99","1","0","Unscheduled","26.6"
"91","MOTOR-ESC-00028","MOTOR-ESC","Motor and speed controller","FlightCritical","12.0","MU-002","MRD-8X","HIGHLND","Highland Operations","4","10/9/2024 12:00:00 AM","8/9/2025 12:00:00 AM","Scheduled","304","114","200","201.0828","449.6022","2.2359","200.0","200.0","2.10","100.54","224.80","0","1","Scheduled","4.9"
"92","MOTOR-ESC-00029","MOTOR-ESC","Motor and speed controller","FlightCritical","12.0","MU-002","MRD-8X","HIGHLND","Highland Operations","4","8/9/2025 12:00:00 AM","5/18/2026 12:00:00 AM","Failure","282","107","210","181.6000","395.9371","2.1803","200.0","200.0","2.10","90.80","197.97","1","0","Unscheduled","10.1"
"132","MOTOR-ESC-00031","MOTOR-ESC","Motor and speed controller","FlightCritical","12.0","MU-003","MRD-12H","PORT","Port Logistics Hub","1","3/3/2024 12:00:00 AM","12/28/2024 12:00:00 AM","Failure","300","121","322","202.0997","384.0759","1.9004","200.0","200.0","2.10","101.05","192.04","1","0","Unscheduled","10.2"
"133","MOTOR-ESC-00032","MOTOR-ESC","Motor and speed controller","FlightCritical","12.0","MU-003","MRD-12H","PORT","Port Logistics Hub","1","12/28/2024 12:00:00 AM","9/2/2025 12:00:00 AM","Failure","248","103","235","180.6994","359.6705","1.9904","200.0","200.0","2.10","90.35","179.84","1","0","Unscheduled","21.6"
"134","MOTOR-ESC-00033","MOTOR-ESC","Motor and speed controller","FlightCritical","12.0","MU-003","MRD-12H","PORT","Port Logistics Hub","1","9/2/2025 12:00:00 AM","9/21/2025 12:00:00 AM","AirframeRetired","19","6","20","9.2833","19.0593","2.0531","200.0","200.0","2.10","4.64","9.53","0","1","Inspection","5.0"
"135","MOTOR-ESC-00034","MOTOR-ESC","Motor and speed controller","FlightCritical","12.0","MU-003","MRD-12H","PORT","Port Logistics Hub","2","3/3/2024 12:00:00 AM","12/28/2024 12:00:00 AM","Scheduled","300","121","322","202.0997","384.0759","1.9004","200.0","200.0","2.10","101.05","192.04","0","1","Scheduled","8.1"
"136","MOTOR-ESC-00035","MOTOR-ESC","Motor and speed controller","FlightCritical","12.0","MU-003","MRD-12H","PORT","Port Logistics Hub","2","12/28/2024 12:00:00 AM","9/21/2025 12:00:00 AM","AirframeRetired","267","109","255","189.9827","378.7298","1.9935","200.0","200.0","2.10","94.99","189.36","0","1","Inspection","5.3"
"137","MOTOR-ESC-00036","MOTOR-ESC","Motor and speed controller","FlightCritical","12.0","MU-003","MRD-12H","PORT","Port Logistics Hub","3","3/3/2024 12:00:00 AM","12/28/2024 12:00:00 AM","Scheduled","300","121","322","202.0997","384.0759","1.9004","200.0","200.0","2.10","101.05","192.04","0","1","Scheduled","6.8"
"138","MOTOR-ESC-00037","MOTOR-ESC","Motor and speed controller","FlightCritical","12.0","MU-003","MRD-12H","PORT","Port Logistics Hub","3","12/28/2024 12:00:00 AM","9/21/2025 12:00:00 AM","AirframeRetired","267","109","255","189.9827","378.7298","1.9935","200.0","200.0","2.10","94.99","189.36","0","1","Inspection","4.1"
"139","MOTOR-ESC-00038","MOTOR-ESC","Motor and speed controller","FlightCritical","12.0","MU-003","MRD-12H","PORT","Port Logistics Hub","4","3/3/2024 12:00:00 AM","12/11/2024 12:00:00 AM","Failure","283","110","294","182.1998","347.5201","1.9074","200.0","200.0","2.10","91.10","173.76","1","0","Unscheduled","13.2"
"140","MOTOR-ESC-00039","MOTOR-ESC","Motor and speed controller","FlightCritical","12.0","MU-003","MRD-12H","PORT","Port Logistics Hub","4","12/11/2024 12:00:00 AM","9/3/2025 12:00:00 AM","Scheduled","266","115","265","201.9826","399.4054","1.9774","200.0","200.0","2.10","100.99","199.70","0","1","Scheduled","3.0"
"141","MOTOR-ESC-00040","MOTOR-ESC","Motor and speed controller","FlightCritical","12.0","MU-003","MRD-12H","PORT","Port Logistics Hub","4","9/3/2025 12:00:00 AM","9/21/2025 12:00:00 AM","AirframeRetired","18","5","18","7.9000","15.8802","2.0102","200.0","200.0","2.10","3.95","7.94","0","1","Inspection","7.4"
"173","MOTOR-ESC-00041","MOTOR-ESC","Motor and speed controller","FlightCritical","12.0","MU-004","MRD-12H","COASTAL","Coastal Survey Base","1","6/3/2024 12:00:00 AM","3/20/2025 12:00:00 AM","Scheduled","290","129","294","200.0502","234.6134","1.1728","200.0","200.0","2.10","100.03","117.31","0","1","Scheduled","5.9"
"174","MOTOR-ESC-00042","MOTOR-ESC","Motor and speed controller","FlightCritical","12.0","MU-004","MRD-12H","COASTAL","Coastal Survey Base","1","3/20/2025 12:00:00 AM","1/6/2026 12:00:00 AM","Scheduled","292","136","272","202.6500","233.0807","1.1502","200.0","200.0","2.10","101.33","116.54","0","1","Scheduled","3.1"
"176","MOTOR-ESC-00044","MOTOR-ESC","Motor and speed controller","FlightCritical","12.0","MU-004","MRD-12H","COASTAL","Coastal Survey Base","2","6/3/2024 12:00:00 AM","3/20/2025 12:00:00 AM","Scheduled","290","129","294","200.0502","234.6134","1.1728","200.0","200.0","2.10","100.03","117.31","0","1","Scheduled","6.6"
"177","MOTOR-ESC-00045","MOTOR-ESC","Motor and speed controller","FlightCritical","12.0","MU-004","MRD-12H","COASTAL","Coastal Survey Base","2","3/20/2025 12:00:00 AM","1/6/2026 12:00:00 AM","Scheduled","292","136","272","202.6500","233.0807","1.1502","200.0","200.0","2.10","101.33","116.54","0","1","Scheduled","2.8"
"179","MOTOR-ESC-00047","MOTOR-ESC","Motor and speed controller","FlightCritical","12.0","MU-004","MRD-12H","COASTAL","Coastal Survey Base","3","6/3/2024 12:00:00 AM","3/20/2025 12:00:00 AM","Scheduled","290","129","294","200.0502","234.6134","1.1728","200.0","200.0","2.10","100.03","117.31","0","1","Scheduled","5.7"
"180","MOTOR-ESC-00048","MOTOR-ESC","Motor and speed controller","FlightCritical","12.0","MU-004","MRD-12H","COASTAL","Coastal Survey Base","3","3/20/2025 12:00:00 AM","1/6/2026 12:00:00 AM","Scheduled","292","136","272","202.6500","233.0807","1.1502","200.0","200.0","2.10","101.33","116.54","0","1","Scheduled","4.3"
"182","MOTOR-ESC-00050","MOTOR-ESC","Motor and speed controller","FlightCritical","12.0","MU-004","MRD-12H","COASTAL","Coastal Survey Base","4","6/3/2024 12:00:00 AM","3/20/2025 12:00:00 AM","Scheduled","290","129","294","200.0502","234.6134","1.1728","200.0","200.0","2.10","100.03","117.31","0","1","Scheduled","3.5"
"183","MOTOR-ESC-00051","MOTOR-ESC","Motor and speed controller","FlightCritical","12.0","MU-004","MRD-12H","COASTAL","Coastal Survey Base","4","3/20/2025 12:00:00 AM","1/6/2026 12:00:00 AM","Scheduled","292","136","272","202.6500","233.0807","1.1502","200.0","200.0","2.10","101.33","116.54","0","1","Scheduled","8.5"
"222","MOTOR-ESC-00053","MOTOR-ESC","Motor and speed controller","FlightCritical","12.0","MU-005","MRD-8X","PORT","Port Logistics Hub","1","3/9/2024 12:00:00 AM","1/21/2025 12:00:00 AM","Scheduled","318","126","322","201.5163","396.5774","1.9680","200.0","200.0","2.10","100.76","198.29","0","1","Scheduled","7.0"
"223","MOTOR-ESC-00054","MOTOR-ESC","Motor and speed controller","FlightCritical","12.0","MU-005","MRD-8X","PORT","Port Logistics Hub","1","1/21/2025 12:00:00 AM","11/20/2025 12:00:00 AM","Scheduled","303","115","271","203.2666","402.7875","1.9816","200.0","200.0","2.10","101.63","201.39","0","1","Scheduled","6.0"
"224","MOTOR-ESC-00055","MOTOR-ESC","Motor and speed controller","FlightCritical","12.0","MU-005","MRD-8X","PORT","Port Logistics Hub","1","11/20/2025 12:00:00 AM","7/20/2026 12:00:00 AM","Failure","242","91","195","161.1333","335.1910","2.0802","200.0","200.0","2.10","80.57","167.60","1","0","Unscheduled","15.9"
"226","MOTOR-ESC-00057","MOTOR-ESC","Motor and speed controller","FlightCritical","12.0","MU-005","MRD-8X","PORT","Port Logistics Hub","2","3/9/2024 12:00:00 AM","1/21/2025 12:00:00 AM","Scheduled","318","126","322","201.5163","396.5774","1.9680","200.0","200.0","2.10","100.76","198.29","0","1","Scheduled","5.4"
"227","MOTOR-ESC-00058","MOTOR-ESC","Motor and speed controller","FlightCritical","12.0","MU-005","MRD-8X","PORT","Port Logistics Hub","2","1/21/2025 12:00:00 AM","11/20/2025 12:00:00 AM","Scheduled","303","115","271","203.2666","402.7875","1.9816","200.0","200.0","2.10","101.63","201.39","0","1","Scheduled","4.5"
"228","MOTOR-ESC-00059","MOTOR-ESC","Motor and speed controller","FlightCritical","12.0","MU-005","MRD-8X","PORT","Port Logistics Hub","2","11/20/2025 12:00:00 AM","9/29/2026 12:00:00 AM","Scheduled","313","117","257","202.8665","412.4605","2.0332","200.0","200.0","2.10","101.43","206.23","0","1","Scheduled","3.2"
"230","MOTOR-ESC-00061","MOTOR-ESC","Motor and speed controller","FlightCritical","12.0","MU-005","MRD-8X","PORT","Port Logistics Hub","3","3/9/2024 12:00:00 AM","1/21/2025 12:00:00 AM","Scheduled","318","126","322","201.5163","396.5774","1.9680","200.0","200.0","2.10","100.76","198.29","0","1","Scheduled","5.7"
"231","MOTOR-ESC-00062","MOTOR-ESC","Motor and speed controller","FlightCritical","12.0","MU-005","MRD-8X","PORT","Port Logistics Hub","3","1/21/2025 12:00:00 AM","11/20/2025 12:00:00 AM","Scheduled","303","115","271","203.2666","402.7875","1.9816","200.0","200.0","2.10","101.63","201.39","0","1","Scheduled","4.5"
"232","MOTOR-ESC-00063","MOTOR-ESC","Motor and speed controller","FlightCritical","12.0","MU-005","MRD-8X","PORT","Port Logistics Hub","3","11/20/2025 12:00:00 AM","2/17/2026 12:00:00 AM","Failure","89","29","64","52.2833","107.5285","2.0567","200.0","200.0","2.10","26.14","53.76","1","0","Unscheduled","11.4"
"234","MOTOR-ESC-00065","MOTOR-ESC","Motor and speed controller","FlightCritical","12.0","MU-005","MRD-8X","PORT","Port Logistics Hub","4","3/9/2024 12:00:00 AM","1/21/2025 12:00:00 AM","Scheduled","318","126","322","201.5163","396.5774","1.9680","200.0","200.0","2.10","100.76","198.29","0","1","Scheduled","7.6"
"235","MOTOR-ESC-00066","MOTOR-ESC","Motor and speed controller","FlightCritical","12.0","MU-005","MRD-8X","PORT","Port Logistics Hub","4","1/21/2025 12:00:00 AM","11/20/2025 12:00:00 AM","Scheduled","303","115","271","203.2666","402.7875","1.9816","200.0","200.0","2.10","101.63","201.39","0","1","Scheduled","7.7"
"236","MOTOR-ESC-00067","MOTOR-ESC","Motor and speed controller","FlightCritical","12.0","MU-005","MRD-8X","PORT","Port Logistics Hub","4","11/20/2025 12:00:00 AM","4/24/2026 12:00:00 AM","Failure","155","61","134","109.8500","229.4308","2.0886","200.0","200.0","2.10","54.93","114.72","1","0","Unscheduled","26.0"
"237","MOTOR-ESC-00068","MOTOR-ESC","Motor and speed controller","FlightCritical","12.0","MU-005","MRD-8X","PORT","Port Logistics Hub","4","4/24/2026 12:00:00 AM","7/24/2026 12:00:00 AM","Failure","91","32","64","55.5499","115.3200","2.0760","200.0","200.0","2.10","27.77","57.66","1","0","Unscheduled","11.3"
"280","MOTOR-ESC-00070","MOTOR-ESC","Motor and speed controller","FlightCritical","12.0","MU-006","MRD-8X","COASTAL","Coastal Survey Base","1","2/10/2024 12:00:00 AM","2/1/2025 12:00:00 AM","Scheduled","357","135","263","203.8999","230.6630","1.1313","200.0","200.0","2.10","101.95","115.33","0","1","Scheduled","7.7"
"281","MOTOR-ESC-00071","MOTOR-ESC","Motor and speed controller","FlightCritical","12.0","MU-006","MRD-8X","COASTAL","Coastal Survey Base","1","2/1/2025 12:00:00 AM","8/19/2025 12:00:00 AM","Failure","199","81","185","117.6668","140.8121","1.1967","200.0","200.0","2.10","58.83","70.41","1","0","Unscheduled","26.1"
"282","MOTOR-ESC-00072","MOTOR-ESC","Motor and speed controller","FlightCritical","12.0","MU-006","MRD-8X","COASTAL","Coastal Survey Base","1","8/19/2025 12:00:00 AM","8/6/2026 12:00:00 AM","Scheduled","352","131","288","200.3164","241.5791","1.2060","200.0","200.0","2.10","100.16","120.79","0","1","Scheduled","2.8"
"284","MOTOR-ESC-00074","MOTOR-ESC","Motor and speed controller","FlightCritical","12.0","MU-006","MRD-8X","COASTAL","Coastal Survey Base","2","2/10/2024 12:00:00 AM","2/1/2025 12:00:00 AM","Scheduled","357","135","263","203.8999","230.6630","1.1313","200.0","200.0","2.10","101.95","115.33","0","1","Scheduled","3.0"
"285","MOTOR-ESC-00075","MOTOR-ESC","Motor and speed controller","FlightCritical","12.0","MU-006","MRD-8X","COASTAL","Coastal Survey Base","2","2/1/2025 12:00:00 AM","10/10/2025 12:00:00 AM","Failure","251","101","231","148.7833","182.4673","1.2264","200.0","200.0","2.10","74.39","91.23","1","0","Unscheduled","20.2"
"286","MOTOR-ESC-00076","MOTOR-ESC","Motor and speed controller","FlightCritical","12.0","MU-006","MRD-8X","COASTAL","Coastal Survey Base","2","10/10/2025 12:00:00 AM","9/17/2026 12:00:00 AM","Scheduled","342","132","281","200.9334","235.1489","1.1703","200.0","200.0","2.10","100.47","117.57","0","1","Scheduled","6.2"
"288","MOTOR-ESC-00078","MOTOR-ESC","Motor and speed controller","FlightCritical","12.0","MU-006","MRD-8X","COASTAL","Coastal Survey Base","3","2/10/2024 12:00:00 AM","2/1/2025 12:00:00 AM","Scheduled","357","135","263","203.8999","230.6630","1.1313","200.0","200.0","2.10","101.95","115.33","0","1","Scheduled","3.9"
"289","MOTOR-ESC-00079","MOTOR-ESC","Motor and speed controller","FlightCritical","12.0","MU-006","MRD-8X","COASTAL","Coastal Survey Base","3","2/1/2025 12:00:00 AM","1/6/2026 12:00:00 AM","Scheduled","339","136","317","200.5331","243.5944","1.2147","200.0","200.0","2.10","100.27","121.80","0","1","Scheduled","4.3"
"291","MOTOR-ESC-00081","MOTOR-ESC","Motor and speed controller","FlightCritical","12.0","MU-006","MRD-8X","COASTAL","Coastal Survey Base","4","2/10/2024 12:00:00 AM","2/1/2025 12:00:00 AM","Scheduled","357","135","263","203.8999","230.6630","1.1313","200.0","200.0","2.10","101.95","115.33","0","1","Scheduled","3.4"
"292","MOTOR-ESC-00082","MOTOR-ESC","Motor and speed controller","FlightCritical","12.0","MU-006","MRD-8X","COASTAL","Coastal Survey Base","4","2/1/2025 12:00:00 AM","1/6/2026 12:00:00 AM","Scheduled","339","136","317","200.5331","243.5944","1.2147","200.0","200.0","2.10","100.27","121.80","0","1","Scheduled","8.4"
"324","MOTOR-ESC-00084","MOTOR-ESC","Motor and speed controller","FlightCritical","12.0","MU-007","MRD-12H","ACADEMY","Training Academy","1","5/10/2024 12:00:00 AM","9/27/2025 12:00:00 AM","Failure","505","193","1557","191.9497","358.9726","1.8701","200.0","200.0","2.10","95.97","179.49","1","0","Unscheduled","15.4"
"326","MOTOR-ESC-00086","MOTOR-ESC","Motor and speed controller","FlightCritical","12.0","MU-007","MRD-12H","ACADEMY","Training Academy","2","5/10/2024 12:00:00 AM","10/8/2025 12:00:00 AM","Scheduled","516","201","1614","200.0496","373.3217","1.8661","200.0","200.0","2.10","100.02","186.66","0","1","Scheduled","2.8"
"328","MOTOR-ESC-00088","MOTOR-ESC","Motor and speed controller","FlightCritical","12.0","MU-007","MRD-12H","ACADEMY","Training Academy","3","5/10/2024 12:00:00 AM","10/8/2025 12:00:00 AM","Scheduled","516","201","1614","200.0496","373.3217","1.8661","200.0","200.0","2.10","100.02","186.66","0","1","Scheduled","7.5"
"330","MOTOR-ESC-00090","MOTOR-ESC","Motor and speed controller","FlightCritical","12.0","MU-007","MRD-12H","ACADEMY","Training Academy","4","5/10/2024 12:00:00 AM","8/5/2024 12:00:00 AM","Failure","87","34","277","33.5000","63.0238","1.8813","200.0","200.0","2.10","16.75","31.51","1","0","Unscheduled","22.7"
"331","MOTOR-ESC-00091","MOTOR-ESC","Motor and speed controller","FlightCritical","12.0","MU-007","MRD-12H","ACADEMY","Training Academy","4","8/5/2024 12:00:00 AM","10/4/2024 12:00:00 AM","Failure","60","21","197","20.1500","41.4535","2.0572","200.0","200.0","2.10","10.08","20.73","1","0","Unscheduled","20.4"
"332","MOTOR-ESC-00092","MOTOR-ESC","Motor and speed controller","FlightCritical","12.0","MU-007","MRD-12H","ACADEMY","Training Academy","4","10/4/2024 12:00:00 AM","2/27/2026 12:00:00 AM","Scheduled","511","203","1600","200.4830","372.6932","1.8590","200.0","200.0","2.10","100.24","186.35","0","1","Scheduled","2.7"
"366","MOTOR-ESC-00094","MOTOR-ESC","Motor and speed controller","FlightCritical","12.0","MU-008","MRD-12H","HIGHLND","Highland Operations","1","3/16/2024 12:00:00 AM","1/31/2025 12:00:00 AM","Scheduled","321","121","238","200.0499","435.2529","2.1757","200.0","200.0","2.10","100.02","217.63","0","1","Scheduled","8.5"
"367","MOTOR-ESC-00095","MOTOR-ESC","Motor and speed controller","FlightCritical","12.0","MU-008","MRD-12H","HIGHLND","Highland Operations","1","1/31/2025 12:00:00 AM","10/10/2025 12:00:00 AM","Failure","252","92","166","159.0835","348.1455","2.1884","200.0","200.0","2.10","79.54","174.07","1","0","Unscheduled","14.4"
"368","MOTOR-ESC-00096","MOTOR-ESC","Motor and speed controller","FlightCritical","12.0","MU-008","MRD-12H","HIGHLND","Highland Operations","1","10/10/2025 12:00:00 AM","8/19/2026 12:00:00 AM","Scheduled","313","118","231","200.4997","430.0139","2.1447","200.0","200.0","2.10","100.25","215.01","0","1","Scheduled","3.4"
"370","MOTOR-ESC-00098","MOTOR-ESC","Motor and speed controller","FlightCritical","12.0","MU-008","MRD-12H","HIGHLND","Highland Operations","2","3/16/2024 12:00:00 AM","1/31/2025 12:00:00 AM","Scheduled","321","121","238","200.0499","435.2529","2.1757","200.0","200.0","2.10","100.02","217.63","0","1","Scheduled","4.0"
"371","MOTOR-ESC-00099","MOTOR-ESC","Motor and speed controller","FlightCritical","12.0","MU-008","MRD-12H","HIGHLND","Highland Operations","2","1/31/2025 12:00:00 AM","11/28/2025 12:00:00 AM","Scheduled","301","115","209","200.5002","440.8030","2.1985","200.0","200.0","2.10","100.25","220.40","0","1","Scheduled","7.8"
"373","MOTOR-ESC-00101","MOTOR-ESC","Motor and speed controller","FlightCritical","12.0","MU-008","MRD-12H","HIGHLND","Highland Operations","3","3/16/2024 12:00:00 AM","6/12/2024 12:00:00 AM","Failure","88","34","68","59.1334","124.5785","2.1067","200.0","200.0","2.10","29.57","62.29","1","0","Unscheduled","9.1"
"374","MOTOR-ESC-00102","MOTOR-ESC","Motor and speed controller","FlightCritical","12.0","MU-008","MRD-12H","HIGHLND","Highland Operations","3","6/12/2024 12:00:00 AM","11/21/2024 12:00:00 AM","Failure","162","62","126","100.9497","224.2970","2.2219","200.0","200.0","2.10","50.47","112.15","1","0","Unscheduled","13.6"
"375","MOTOR-ESC-00103","MOTOR-ESC","Motor and speed controller","FlightCritical","12.0","MU-008","MRD-12H","HIGHLND","Highland Operations","3","11/21/2024 12:00:00 AM","10/11/2025 12:00:00 AM","Scheduled","324","118","212","201.2170","440.0363","2.1869","200.0","200.0","2.10","100.61","220.02","0","1","Scheduled","4.8"
"376","MOTOR-ESC-00104","MOTOR-ESC","Motor and speed controller","FlightCritical","12.0","MU-008","MRD-12H","HIGHLND","Highland Operations","3","10/11/2025 12:00:00 AM","8/21/2026 12:00:00 AM","Scheduled","314","118","231","200.1330","429.0751","2.1439","200.0","200.0","2.10","100.07","214.54","0","1","Scheduled","4.6"
"378","MOTOR-ESC-00106","MOTOR-ESC","Motor and speed controller","FlightCritical","12.0","MU-008","MRD-12H","HIGHLND","Highland Operations","4","3/16/2024 12:00:00 AM","6/10/2024 12:00:00 AM","Failure","86","33","66","56.5334","118.7509","2.1005","200.0","200.0","2.10","28.27","59.38","1","0","Unscheduled","13.9"
"379","MOTOR-ESC-00107","MOTOR-ESC","Motor and speed controller","FlightCritical","12.0","MU-008","MRD-12H","HIGHLND","Highland Operations","4","6/10/2024 12:00:00 AM","5/22/2025 12:00:00 AM","Scheduled","346","123","227","200.3333","441.9461","2.2061","200.0","200.0","2.10","100.17","220.97","0","1","Scheduled","2.7"
"380","MOTOR-ESC-00108","MOTOR-ESC","Motor and speed controller","FlightCritical","12.0","MU-008","MRD-12H","HIGHLND","Highland Operations","4","5/22/2025 12:00:00 AM","2/20/2026 12:00:00 AM","Scheduled","274","112","220","200.4835","434.6714","2.1681","200.0","200.0","2.10","100.24","217.34","0","1","Scheduled","7.8"
"381","MOTOR-ESC-00109","MOTOR-ESC","Motor and speed controller","FlightCritical","12.0","MU-008","MRD-12H","HIGHLND","Highland Operations","4","2/20/2026 12:00:00 AM","8/27/2026 12:00:00 AM","Failure","188","67","133","109.1162","233.9464","2.1440","200.0","200.0","2.10","54.56","116.97","1","0","Unscheduled","20.8"
"424","MOTOR-ESC-00111","MOTOR-ESC","Motor and speed controller","FlightCritical","12.0","MU-009","MRD-8X","COASTAL","Coastal Survey Base","1","1/13/2024 12:00:00 AM","11/18/2024 12:00:00 AM","Scheduled","310","131","258","200.0328","233.9079","1.1693","200.0","200.0","2.10","100.02","116.95","0","1","Scheduled","4.6"
"425","MOTOR-ESC-00112","MOTOR-ESC","Motor and speed controller","FlightCritical","12.0","MU-009","MRD-8X","COASTAL","Coastal Survey Base","1","11/18/2024 12:00:00 AM","9/20/2025 12:00:00 AM","Scheduled","306","130","266","200.1499","220.2088","1.1002","200.0","200.0","2.10","100.07","110.10","0","1","Scheduled","3.8"
"426","MOTOR-ESC-00113","MOTOR-ESC","Motor and speed controller","FlightCritical","12.0","MU-009","MRD-8X","COASTAL","Coastal Survey Base","1","9/20/2025 12:00:00 AM","5/15/2026 12:00:00 AM","Failure","237","105","239","155.3833","186.9934","1.2034","200.0","200.0","2.10","77.69","93.50","1","0","Unscheduled","17.9"
"428","MOTOR-ESC-00115","MOTOR-ESC","Motor and speed controller","FlightCritical","12.0","MU-009","MRD-8X","COASTAL","Coastal Survey Base","2","1/13/2024 12:00:00 AM","11/18/2024 12:00:00 AM","Scheduled","310","131","258","200.0328","233.9079","1.1693","200.0","200.0","2.10","100.02","116.95","0","1","Scheduled","8.0"
"429","MOTOR-ESC-00116","MOTOR-ESC","Motor and speed controller","FlightCritical","12.0","MU-009","MRD-8X","COASTAL","Coastal Survey Base","2","11/18/2024 12:00:00 AM","9/20/2025 12:00:00 AM","Scheduled","306","130","266","200.1499","220.2088","1.1002","200.0","200.0","2.10","100.07","110.10","0","1","Scheduled","8.3"
"430","MOTOR-ESC-00117","MOTOR-ESC","Motor and speed controller","FlightCritical","12.0","MU-009","MRD-8X","COASTAL","Coastal Survey Base","2","9/20/2025 12:00:00 AM","3/14/2026 12:00:00 AM","Failure","175","77","176","111.8833","129.6836","1.1591","200.0","200.0","2.10","55.94","64.84","1","0","Unscheduled","21.2"
"432","MOTOR-ESC-00119","MOTOR-ESC","Motor and speed controller","FlightCritical","12.0","MU-009","MRD-8X","COASTAL","Coastal Survey Base","3","1/13/2024 12:00:00 AM","11/18/2024 12:00:00 AM","Scheduled","310","131","258","200.0328","233.9079","1.1693","200.0","200.0","2.10","100.02","116.95","0","1","Scheduled","5.5"
"433","MOTOR-ESC-00120","MOTOR-ESC","Motor and speed controller","FlightCritical","12.0","MU-009","MRD-8X","COASTAL","Coastal Survey Base","3","11/18/2024 12:00:00 AM","9/20/2025 12:00:00 AM","Scheduled","306","130","266","200.1499","220.2088","1.1002","200.0","200.0","2.10","100.07","110.10","0","1","Scheduled","8.4"
"434","MOTOR-ESC-00121","MOTOR-ESC","Motor and speed controller","FlightCritical","12.0","MU-009","MRD-8X","COASTAL","Coastal Survey Base","3","9/20/2025 12:00:00 AM","7/27/2026 12:00:00 AM","Scheduled","310","132","285","201.1335","241.8983","1.2027","200.0","200.0","2.10","100.57","120.95","0","1","Scheduled","8.5"
"436","MOTOR-ESC-00123","MOTOR-ESC","Motor and speed controller","FlightCritical","12.0","MU-009","MRD-8X","COASTAL","Coastal Survey Base","4","1/13/2024 12:00:00 AM","11/18/2024 12:00:00 AM","Scheduled","310","131","258","200.0328","233.9079","1.1693","200.0","200.0","2.10","100.02","116.95","0","1","Scheduled","6.3"
"437","MOTOR-ESC-00124","MOTOR-ESC","Motor and speed controller","FlightCritical","12.0","MU-009","MRD-8X","COASTAL","Coastal Survey Base","4","11/18/2024 12:00:00 AM","9/20/2025 12:00:00 AM","Scheduled","306","130","266","200.1499","220.2088","1.1002","200.0","200.0","2.10","100.07","110.10","0","1","Scheduled","7.0"
"438","MOTOR-ESC-00125","MOTOR-ESC","Motor and speed controller","FlightCritical","12.0","MU-009","MRD-8X","COASTAL","Coastal Survey Base","4","9/20/2025 12:00:00 AM","7/27/2026 12:00:00 AM","Scheduled","310","132","285","201.1335","241.8983","1.2027","200.0","200.0","2.10","100.57","120.95","0","1","Scheduled","4.1"
"477","MOTOR-ESC-00127","MOTOR-ESC","Motor and speed controller","FlightCritical","12.0","MU-010","MRD-12H","COASTAL","Coastal Survey Base","1","4/9/2024 12:00:00 AM","10/14/2024 12:00:00 AM","Failure","188","64","123","100.9998","118.4495","1.1728","200.0","200.0","2.10","50.50","59.22","1","0","Unscheduled","18.5"
"478","MOTOR-ESC-00128","MOTOR-ESC","Motor and speed controller","FlightCritical","12.0","MU-010","MRD-12H","COASTAL","Coastal Survey Base","1","10/14/2024 12:00:00 AM","10/15/2025 12:00:00 AM","Scheduled","366","130","233","202.6001","220.7842","1.0898","200.0","200.0","2.10","101.30","110.39","0","1","Scheduled","2.9"
"479","MOTOR-ESC-00129","MOTOR-ESC","Motor and speed controller","FlightCritical","12.0","MU-010","MRD-12H","COASTAL","Coastal Survey Base","1","10/15/2025 12:00:00 AM","9/8/2026 12:00:00 AM","Scheduled","328","125","252","200.7335","225.6575","1.1242","200.0","200.0","2.10","100.37","112.83","0","1","Scheduled","7.0"
"481","MOTOR-ESC-00131","MOTOR-ESC","Motor and speed controller","FlightCritical","12.0","MU-010","MRD-12H","COASTAL","Coastal Survey Base","2","4/9/2024 12:00:00 AM","3/21/2025 12:00:00 AM","Scheduled","346","129","241","204.3498","230.7553","1.1292","200.0","200.0","2.10","102.17","115.38","0","1","Scheduled","5.2"
"482","MOTOR-ESC-00132","MOTOR-ESC","Motor and speed controller","FlightCritical","12.0","MU-010","MRD-12H","COASTAL","Coastal Survey Base","2","3/21/2025 12:00:00 AM","4/16/2026 12:00:00 AM","Scheduled","391","130","256","200.7669","226.5969","1.1287","200.0","200.0","2.10","100.38","113.30","0","1","Scheduled","6.6"
"484","MOTOR-ESC-00134","MOTOR-ESC","Motor and speed controller","FlightCritical","12.0","MU-010","MRD-12H","COASTAL","Coastal Survey Base","3","4/9/2024 12:00:00 AM","3/21/2025 12:00:00 AM","Scheduled","346","129","241","204.3498","230.7553","1.1292","200.0","200.0","2.10","102.17","115.38","0","1","Scheduled","4.4"
"485","MOTOR-ESC-00135","MOTOR-ESC","Motor and speed controller","FlightCritical","12.0","MU-010","MRD-12H","COASTAL","Coastal Survey Base","3","3/21/2025 12:00:00 AM","4/16/2026 12:00:00 AM","Scheduled","391","130","256","200.7669","226.5969","1.1287","200.0","200.0","2.10","100.38","113.30","0","1","Scheduled","7.8"
"487","MOTOR-ESC-00137","MOTOR-ESC","Motor and speed controller","FlightCritical","12.0","MU-010","MRD-12H","COASTAL","Coastal Survey Base","4","4/9/2024 12:00:00 AM","3/21/2025 12:00:00 AM","Scheduled","346","129","241","204.3498","230.7553","1.1292","200.0","200.0","2.10","102.17","115.38","0","1","Scheduled","6.2"
"488","MOTOR-ESC-00138","MOTOR-ESC","Motor and speed controller","FlightCritical","12.0","MU-010","MRD-12H","COASTAL","Coastal Survey Base","4","3/21/2025 12:00:00 AM","3/12/2026 12:00:00 AM","Failure","356","118","219","183.4503","201.2446","1.0970","200.0","200.0","2.10","91.73","100.62","1","0","Unscheduled","15.4"
"525","MOTOR-ESC-00140","MOTOR-ESC","Motor and speed controller","FlightCritical","12.0","MU-011","MRD-12H","HIGHLND","Highland Operations","1","5/24/2024 12:00:00 AM","10/16/2024 12:00:00 AM","Failure","145","60","106","102.0836","221.8241","2.1730","200.0","200.0","2.10","51.04","110.91","1","0","Unscheduled","14.8"
"526","MOTOR-ESC-00141","MOTOR-ESC","Motor and speed controller","FlightCritical","12.0","MU-011","MRD-12H","HIGHLND","Highland Operations","1","10/16/2024 12:00:00 AM","8/16/2025 12:00:00 AM","Failure","304","109","224","181.6502","400.0150","2.2021","200.0","200.0","2.10","90.83","200.01","1","0","Unscheduled","25.4"
"527","MOTOR-ESC-00142","MOTOR-ESC","Motor and speed controller","FlightCritical","12.0","MU-011","MRD-12H","HIGHLND","Highland Operations","1","8/16/2025 12:00:00 AM","12/10/2025 12:00:00 AM","Failure","116","44","91","74.5835","156.8001","2.1023","200.0","200.0","2.10","37.29","78.40","1","0","Unscheduled","22.4"
"528","MOTOR-ESC-00143","MOTOR-ESC","Motor and speed controller","FlightCritical","12.0","MU-011","MRD-12H","HIGHLND","Highland Operations","1","12/10/2025 12:00:00 AM","8/10/2026 12:00:00 AM","Failure","243","88","173","153.8168","333.1565","2.1659","200.0","200.0","2.10","76.91","166.58","1","0","Unscheduled","15.9"
"530","MOTOR-ESC-00145","MOTOR-ESC","Motor and speed controller","FlightCritical","12.0","MU-011","MRD-12H","HIGHLND","Highland Operations","2","5/24/2024 12:00:00 AM","4/11/2025 12:00:00 AM","Scheduled","322","119","227","200.2001","443.5534","2.2156","200.0","200.0","2.10","100.10","221.78","0","1","Scheduled","5.0"
"531","MOTOR-ESC-00146","MOTOR-ESC","Motor and speed controller","FlightCritical","12.0","MU-011","MRD-12H","HIGHLND","Highland Operations","2","4/11/2025 12:00:00 AM","10/1/2025 12:00:00 AM","Failure","173","68","136","116.5505","247.3491","2.1222","200.0","200.0","2.10","58.28","123.67","1","0","Unscheduled","20.6"
"532","MOTOR-ESC-00147","MOTOR-ESC","Motor and speed controller","FlightCritical","12.0","MU-011","MRD-12H","HIGHLND","Highland Operations","2","10/1/2025 12:00:00 AM","8/20/2026 12:00:00 AM","Scheduled","323","117","235","200.1668","429.7345","2.1469","200.0","200.0","2.10","100.08","214.87","0","1","Scheduled","6.2"
"534","MOTOR-ESC-00149","MOTOR-ESC","Motor and speed controller","FlightCritical","12.0","MU-011","MRD-12H","HIGHLND","Highland Operations","3","5/24/2024 12:00:00 AM","4/11/2025 12:00:00 AM","Scheduled","322","119","227","200.2001","443.5534","2.2156","200.0","200.0","2.10","100.10","221.78","0","1","Scheduled","6.6"
"535","MOTOR-ESC-00150","MOTOR-ESC","Motor and speed controller","FlightCritical","12.0","MU-011","MRD-12H","HIGHLND","Highland Operations","3","4/11/2025 12:00:00 AM","2/16/2026 12:00:00 AM","Scheduled","311","119","245","201.1340","427.7809","2.1268","200.0","200.0","2.10","100.57","213.89","0","1","Scheduled","7.3"
"537","MOTOR-ESC-00152","MOTOR-ESC","Motor and speed controller","FlightCritical","12.0","MU-011","MRD-12H","HIGHLND","Highland Operations","4","5/24/2024 12:00:00 AM","2/28/2025 12:00:00 AM","Failure","280","104","198","174.7336","383.6524","2.1956","200.0","200.0","2.10","87.37","191.83","1","0","Unscheduled","11.0"
"538","MOTOR-ESC-00153","MOTOR-ESC","Motor and speed controller","FlightCritical","12.0","MU-011","MRD-12H","HIGHLND","Highland Operations","4","2/28/2025 12:00:00 AM","12/31/2025 12:00:00 AM","Failure","306","114","233","190.7837","409.4436","2.1461","200.0","200.0","2.10","95.39","204.72","1","0","Unscheduled","23.2"
"539","MOTOR-ESC-00154","MOTOR-ESC","Motor and speed controller","FlightCritical","12.0","MU-011","MRD-12H","HIGHLND","Highland Operations","4","12/31/2025 12:00:00 AM","3/11/2026 12:00:00 AM","Failure","70","31","60","54.5501","117.6918","2.1575","200.0","200.0","2.10","27.28","58.85","1","0","Unscheduled","25.3"
"576","MOTOR-ESC-00156","MOTOR-ESC","Motor and speed controller","FlightCritical","12.0","MU-012","MRD-8X","COASTAL","Coastal Survey Base","1","3/23/2024 12:00:00 AM","3/12/2025 12:00:00 AM","Scheduled","354","134","300","201.9832","244.9849","1.2129","200.0","200.0","2.10","100.99","122.49","0","1","Scheduled","7.5"
"577","MOTOR-ESC-00157","MOTOR-ESC","Motor and speed controller","FlightCritical","12.0","MU-012","MRD-8X","COASTAL","Coastal Survey Base","1","3/12/2025 12:00:00 AM","2/23/2026 12:00:00 AM","Scheduled","348","130","257","200.2001","232.4520","1.1611","200.0","200.0","2.10","100.10","116.23","0","1","Scheduled","5.6"
"579","MOTOR-ESC-00159","MOTOR-ESC","Motor and speed controller","FlightCritical","12.0","MU-012","MRD-8X","COASTAL","Coastal Survey Base","2","3/23/2024 12:00:00 AM","3/3/2025 12:00:00 AM","Failure","345","128","287","192.7166","234.9363","1.2191","200.0","200.0","2.10","96.36","117.47","1","0","Unscheduled","13.7"
"580","MOTOR-ESC-00160","MOTOR-ESC","Motor and speed controller","FlightCritical","12.0","MU-012","MRD-8X","COASTAL","Coastal Survey Base","2","3/3/2025 12:00:00 AM","12/12/2025 12:00:00 AM","Failure","284","110","216","164.6666","189.6409","1.1517","200.0","200.0","2.10","82.33","94.82","1","0","Unscheduled","18.1"
"582","MOTOR-ESC-00162","MOTOR-ESC","Motor and speed controller","FlightCritical","12.0","MU-012","MRD-8X","COASTAL","Coastal Survey Base","3","3/23/2024 12:00:00 AM","3/12/2025 12:00:00 AM","Scheduled","354","134","300","201.9832","244.9849","1.2129","200.0","200.0","2.10","100.99","122.49","0","1","Scheduled","4.5"
"583","MOTOR-ESC-00163","MOTOR-ESC","Motor and speed controller","FlightCritical","12.0","MU-012","MRD-8X","COASTAL","Coastal Survey Base","3","3/12/2025 12:00:00 AM","2/23/2026 12:00:00 AM","Scheduled","348","130","257","200.2001","232.4520","1.1611","200.0","200.0","2.10","100.10","116.23","0","1","Scheduled","3.6"
"585","MOTOR-ESC-00165","MOTOR-ESC","Motor and speed controller","FlightCritical","12.0","MU-012","MRD-8X","COASTAL","Coastal Survey Base","4","3/23/2024 12:00:00 AM","3/12/2025 12:00:00 AM","Scheduled","354","134","300","201.9832","244.9849","1.2129","200.0","200.0","2.10","100.99","122.49","0","1","Scheduled","4.6"
"586","MOTOR-ESC-00166","MOTOR-ESC","Motor and speed controller","FlightCritical","12.0","MU-012","MRD-8X","COASTAL","Coastal Survey Base","4","3/12/2025 12:00:00 AM","2/23/2026 12:00:00 AM","Scheduled","348","130","257","200.2001","232.4520","1.1611","200.0","200.0","2.10","100.10","116.23","0","1","Scheduled","7.6"
"619","MOTOR-ESC-00168","MOTOR-ESC","Motor and speed controller","FlightCritical","12.0","MU-013","MRD-8X","HIGHLND","Highland Operations","1","7/27/2024 12:00:00 AM","6/3/2025 12:00:00 AM","Scheduled","311","118","227","200.7165","446.9425","2.2267","200.0","200.0","2.10","100.36","223.47","0","1","Scheduled","6.5"
"620","MOTOR-ESC-00169","MOTOR-ESC","Motor and speed controller","FlightCritical","12.0","MU-013","MRD-8X","HIGHLND","Highland Operations","1","6/3/2025 12:00:00 AM","1/14/2026 12:00:00 AM","AirframeRetired","225","86","168","143.1837","287.8629","2.0104","200.0","200.0","2.10","71.59","143.93","0","1","Inspection","5.2"
"621","MOTOR-ESC-00170","MOTOR-ESC","Motor and speed controller","FlightCritical","12.0","MU-013","MRD-8X","HIGHLND","Highland Operations","2","7/27/2024 12:00:00 AM","6/3/2025 12:00:00 AM","Scheduled","311","118","227","200.7165","446.9425","2.2267","200.0","200.0","2.10","100.36","223.47","0","1","Scheduled","4.4"
"622","MOTOR-ESC-00171","MOTOR-ESC","Motor and speed controller","FlightCritical","12.0","MU-013","MRD-8X","HIGHLND","Highland Operations","2","6/3/2025 12:00:00 AM","10/24/2025 12:00:00 AM","Failure","143","53","104","91.0503","176.0636","1.9337","200.0","200.0","2.10","45.53","88.03","1","0","Unscheduled","23.3"
"623","MOTOR-ESC-00172","MOTOR-ESC","Motor and speed controller","FlightCritical","12.0","MU-013","MRD-8X","HIGHLND","Highland Operations","2","10/24/2025 12:00:00 AM","1/14/2026 12:00:00 AM","AirframeRetired","82","33","64","52.1334","111.7993","2.1445","200.0","200.0","2.10","26.07","55.90","0","1","Inspection","4.2"
"624","MOTOR-ESC-00173","MOTOR-ESC","Motor and speed controller","FlightCritical","12.0","MU-013","MRD-8X","HIGHLND","Highland Operations","3","7/27/2024 12:00:00 AM","6/3/2025 12:00:00 AM","Scheduled","311","118","227","200.7165","446.9425","2.2267","200.0","200.0","2.10","100.36","223.47","0","1","Scheduled","5.1"
"625","MOTOR-ESC-00174","MOTOR-ESC","Motor and speed controller","FlightCritical","12.0","MU-013","MRD-8X","HIGHLND","Highland Operations","3","6/3/2025 12:00:00 AM","1/14/2026 12:00:00 AM","AirframeRetired","225","86","168","143.1837","287.8629","2.0104","200.0","200.0","2.10","71.59","143.93","0","1","Inspection","3.4"
"626","MOTOR-ESC-00175","MOTOR-ESC","Motor and speed controller","FlightCritical","12.0","MU-013","MRD-8X","HIGHLND","Highland Operations","4","7/27/2024 12:00:00 AM","11/19/2024 12:00:00 AM","Failure","115","43","79","76.7500","174.7804","2.2773","200.0","200.0","2.10","38.38","87.39","1","0","Unscheduled","20.5"
"627","MOTOR-ESC-00176","MOTOR-ESC","Motor and speed controller","FlightCritical","12.0","MU-013","MRD-8X","HIGHLND","Highland Operations","4","11/19/2024 12:00:00 AM","10/7/2025 12:00:00 AM","Scheduled","322","120","240","200.1835","422.5704","2.1109","200.0","200.0","2.10","100.09","211.29","0","1","Scheduled","6.9"
"628","MOTOR-ESC-00177","MOTOR-ESC","Motor and speed controller","FlightCritical","12.0","MU-013","MRD-8X","HIGHLND","Highland Operations","4","10/7/2025 12:00:00 AM","1/14/2026 12:00:00 AM","AirframeRetired","99","41","76","66.9667","137.4546","2.0526","200.0","200.0","2.10","33.48","68.73","0","1","Inspection","2.9"
"661","MOTOR-ESC-00178","MOTOR-ESC","Motor and speed controller","FlightCritical","12.0","MU-014","MRD-6L","PORT","Port Logistics Hub","1","6/5/2024 12:00:00 AM","4/28/2025 12:00:00 AM","Scheduled","327","117","300","200.4503","418.8240","2.0894","200.0","200.0","2.10","100.23","209.41","0","1","Scheduled","5.9"
"662","MOTOR-ESC-00179","MOTOR-ESC","Motor and speed controller","FlightCritical","12.0","MU-014","MRD-6L","PORT","Port Logistics Hub","1","4/28/2025 12:00:00 AM","2/18/2026 12:00:00 AM","Scheduled","296","123","328","201.0171","402.3006","2.0013","200.0","200.0","2.10","100.51","201.15","0","1","Scheduled","2.8"
"663","MOTOR-ESC-00180","MOTOR-ESC","Motor and speed controller","FlightCritical","12.0","MU-014","MRD-6L","PORT","Port Logistics Hub","1","2/18/2026 12:00:00 AM","7/1/2026 12:00:00 AM","Failure","133","51","119","91.5999","187.8556","2.0508","200.0","200.0","2.10","45.80","93.93","1","0","Unscheduled","15.8"
"665","MOTOR-ESC-00182","MOTOR-ESC","Motor and speed controller","FlightCritical","12.0","MU-014","MRD-6L","PORT","Port Logistics Hub","2","6/5/2024 12:00:00 AM","4/28/2025 12:00:00 AM","Scheduled","327","117","300","200.4503","418.8240","2.0894","200.0","200.0","2.10","100.23","209.41","0","1","Scheduled","2.7"
"666","MOTOR-ESC-00183","MOTOR-ESC","Motor and speed controller","FlightCritical","12.0","MU-014","MRD-6L","PORT","Port Logistics Hub","2","4/28/2025 12:00:00 AM","12/1/2025 12:00:00 AM","Failure","217","90","240","143.1336","289.7566","2.0244","200.0","200.0","2.10","71.57","144.88","1","0","Unscheduled","20.7"
"667","MOTOR-ESC-00184","MOTOR-ESC","Motor and speed controller","FlightCritical","12.0","MU-014","MRD-6L","PORT","Port Logistics Hub","2","12/1/2025 12:00:00 AM","9/18/2026 12:00:00 AM","Scheduled","291","115","299","200.6834","399.6652","1.9915","200.0","200.0","2.10","100.34","199.83","0","1","Scheduled","5.4"
"669","MOTOR-ESC-00186","MOTOR-ESC","Motor and speed controller","FlightCritical","12.0","MU-014","MRD-6L","PORT","Port Logistics Hub","3","6/5/2024 12:00:00 AM","3/31/2025 12:00:00 AM","Failure","299","105","263","182.7001","384.3218","2.1036","200.0","200.0","2.10","91.35","192.16","1","0","Unscheduled","12.8"
"670","MOTOR-ESC-00187","MOTOR-ESC","Motor and speed controller","FlightCritical","12.0","MU-014","MRD-6L","PORT","Port Logistics Hub","3","3/31/2025 12:00:00 AM","1/10/2026 12:00:00 AM","Scheduled","285","124","328","200.6673","402.6102","2.0064","200.0","200.0","2.10","100.33","201.31","0","1","Scheduled","8.1"
"672","MOTOR-ESC-00189","MOTOR-ESC","Motor and speed controller","FlightCritical","12.0","MU-014","MRD-6L","PORT","Port Logistics Hub","4","6/5/2024 12:00:00 AM","4/28/2025 12:00:00 AM","Scheduled","327","117","300","200.4503","418.8240","2.0894","200.0","200.0","2.10","100.23","209.41","0","1","Scheduled","7.9"
"673","MOTOR-ESC-00190","MOTOR-ESC","Motor and speed controller","FlightCritical","12.0","MU-014","MRD-6L","PORT","Port Logistics Hub","4","4/28/2025 12:00:00 AM","2/18/2026 12:00:00 AM","Scheduled","296","123","328","201.0171","402.3006","2.0013","200.0","200.0","2.10","100.51","201.15","0","1","Scheduled","7.6"
"716","MOTOR-ESC-00192","MOTOR-ESC","Motor and speed controller","FlightCritical","12.0","MU-015","MRD-12H","PORT","Port Logistics Hub","1","7/21/2024 12:00:00 AM","2/19/2025 12:00:00 AM","Failure","213","98","247","173.6496","344.2108","1.9822","200.0","200.0","2.10","86.82","172.11","1","0","Unscheduled","18.8"
"717","MOTOR-ESC-00193","MOTOR-ESC","Motor and speed controller","FlightCritical","12.0","MU-015","MRD-12H","PORT","Port Logistics Hub","1","2/19/2025 12:00:00 AM","9/24/2025 12:00:00 AM","Failure","217","82","212","141.0173","278.6711","1.9761","200.0","200.0","2.10","70.51","139.34","1","0","Unscheduled","23.8"
"718","MOTOR-ESC-00194","MOTOR-ESC","Motor and speed controller","FlightCritical","12.0","MU-015","MRD-12H","PORT","Port Logistics Hub","1","9/24/2025 12:00:00 AM","6/29/2026 12:00:00 AM","Scheduled","278","107","231","200.8831","400.5623","1.9940","200.0","200.0","2.10","100.44","200.28","0","1","Scheduled","4.6"
"720","MOTOR-ESC-00196","MOTOR-ESC","Motor and speed controller","FlightCritical","12.0","MU-015","MRD-12H","PORT","Port Logistics Hub","2","7/21/2024 12:00:00 AM","4/8/2025 12:00:00 AM","Scheduled","261","114","298","202.0332","398.0550","1.9702","200.0","200.0","2.10","101.02","199.03","0","1","Scheduled","5.3"
"721","MOTOR-ESC-00197","MOTOR-ESC","Motor and speed controller","FlightCritical","12.0","MU-015","MRD-12H","PORT","Port Logistics Hub","2","4/8/2025 12:00:00 AM","1/21/2026 12:00:00 AM","Scheduled","288","113","259","201.2503","404.5845","2.0104","200.0","200.0","2.10","100.63","202.29","0","1","Scheduled","8.3"
"723","MOTOR-ESC-00199","MOTOR-ESC","Motor and speed controller","FlightCritical","12.0","MU-015","MRD-12H","PORT","Port Logistics Hub","3","7/21/2024 12:00:00 AM","10/7/2024 12:00:00 AM","Failure","78","42","118","70.1166","133.5782","1.9051","200.0","200.0","2.10","35.06","66.79","1","0","Unscheduled","10.5"
"724","MOTOR-ESC-00200","MOTOR-ESC","Motor and speed controller","FlightCritical","12.0","MU-015","MRD-12H","PORT","Port Logistics Hub","3","10/7/2024 12:00:00 AM","7/26/2025 12:00:00 AM","Scheduled","292","112","272","201.1500","405.8202","2.0175","200.0","200.0","2.10","100.58","202.91","0","1","Scheduled","7.1"
"725","MOTOR-ESC-00201","MOTOR-ESC","Motor and speed controller","FlightCritical","12.0","MU-015","MRD-12H","PORT","Port Logistics Hub","3","7/26/2025 12:00:00 AM","5/1/2026 12:00:00 AM","Scheduled","279","111","260","201.2167","396.8866","1.9724","200.0","200.0","2.10","100.61","198.44","0","1","Scheduled","5.5"
"727","MOTOR-ESC-00203","MOTOR-ESC","Motor and speed controller","FlightCritical","12.0","MU-015","MRD-12H","PORT","Port Logistics Hub","4","7/21/2024 12:00:00 AM","4/8/2025 12:00:00 AM","Scheduled","261","114","298","202.0332","398.0550","1.9702","200.0","200.0","2.10","101.02","199.03","0","1","Scheduled","4.2"
"728","MOTOR-ESC-00204","MOTOR-ESC","Motor and speed controller","FlightCritical","12.0","MU-015","MRD-12H","PORT","Port Logistics Hub","4","4/8/2025 12:00:00 AM","1/21/2026 12:00:00 AM","Scheduled","288","113","259","201.2503","404.5845","2.0104","200.0","200.0","2.10","100.63","202.29","0","1","Scheduled","6.0"
"729","MOTOR-ESC-00205","MOTOR-ESC","Motor and speed controller","FlightCritical","12.0","MU-015","MRD-12H","PORT","Port Logistics Hub","4","1/21/2026 12:00:00 AM","7/9/2026 12:00:00 AM","Failure","169","65","140","122.4831","242.1425","1.9769","200.0","200.0","2.10","61.24","121.07","1","0","Unscheduled","21.8"
"772","MOTOR-ESC-00207","MOTOR-ESC","Motor and speed controller","FlightCritical","12.0","MU-016","MRD-6L","PORT","Port Logistics Hub","1","4/17/2024 12:00:00 AM","1/13/2025 12:00:00 AM","Scheduled","271","117","312","201.9667","402.8275","1.9945","200.0","200.0","2.10","100.98","201.41","0","1","Scheduled","6.6"
"773","MOTOR-ESC-00208","MOTOR-ESC","Motor and speed controller","FlightCritical","12.0","MU-016","MRD-6L","PORT","Port Logistics Hub","1","1/13/2025 12:00:00 AM","11/29/2025 12:00:00 AM","Scheduled","320","114","271","200.6837","406.5917","2.0260","200.0","200.0","2.10","100.34","203.30","0","1","Scheduled","6.1"
"774","MOTOR-ESC-00209","MOTOR-ESC","Motor and speed controller","FlightCritical","12.0","MU-016","MRD-6L","PORT","Port Logistics Hub","1","11/29/2025 12:00:00 AM","2/14/2026 12:00:00 AM","Failure","77","38","88","60.6833","122.2928","2.0153","200.0","200.0","2.10","30.34","61.15","1","0","Unscheduled","20.8"
"776","MOTOR-ESC-00211","MOTOR-ESC","Motor and speed controller","FlightCritical","12.0","MU-016","MRD-6L","PORT","Port Logistics Hub","2","4/17/2024 12:00:00 AM","1/13/2025 12:00:00 AM","Scheduled","271","117","312","201.9667","402.8275","1.9945","200.0","200.0","2.10","100.98","201.41","0","1","Scheduled","2.9"
"777","MOTOR-ESC-00212","MOTOR-ESC","Motor and speed controller","FlightCritical","12.0","MU-016","MRD-6L","PORT","Port Logistics Hub","2","1/13/2025 12:00:00 AM","11/29/2025 12:00:00 AM","Scheduled","320","114","271","200.6837","406.5917","2.0260","200.0","200.0","2.10","100.34","203.30","0","1","Scheduled","4.0"
"778","MOTOR-ESC-00213","MOTOR-ESC","Motor and speed controller","FlightCritical","12.0","MU-016","MRD-6L","PORT","Port Logistics Hub","2","11/29/2025 12:00:00 AM","8/24/2026 12:00:00 AM","Scheduled","268","115","274","200.8166","402.8333","2.0060","200.0","200.0","2.10","100.41","201.42","0","1","Scheduled","6.9"
"780","MOTOR-ESC-00215","MOTOR-ESC","Motor and speed controller","FlightCritical","12.0","MU-016","MRD-6L","PORT","Port Logistics Hub","3","4/17/2024 12:00:00 AM","11/4/2024 12:00:00 AM","Failure","201","90","238","154.2167","303.7794","1.9698","200.0","200.0","2.10","77.11","151.89","1","0","Unscheduled","21.6"
"781","MOTOR-ESC-00216","MOTOR-ESC","Motor and speed controller","FlightCritical","12.0","MU-016","MRD-6L","PORT","Port Logistics Hub","3","11/4/2024 12:00:00 AM","7/24/2025 12:00:00 AM","Failure","262","89","217","159.4167","328.2056","2.0588","200.0","200.0","2.10","79.71","164.10","1","0","Unscheduled","11.3"
"782","MOTOR-ESC-00217","MOTOR-ESC","Motor and speed controller","FlightCritical","12.0","MU-016","MRD-6L","PORT","Port Logistics Hub","3","7/24/2025 12:00:00 AM","3/9/2026 12:00:00 AM","Failure","228","97","233","162.4169","326.3279","2.0092","200.0","200.0","2.10","81.21","163.16","1","0","Unscheduled","19.5"
"784","MOTOR-ESC-00219","MOTOR-ESC","Motor and speed controller","FlightCritical","12.0","MU-016","MRD-6L","PORT","Port Logistics Hub","4","4/17/2024 12:00:00 AM","11/9/2024 12:00:00 AM","Failure","206","93","243","160.2000","315.7879","1.9712","200.0","200.0","2.10","80.10","157.89","1","0","Unscheduled","24.1"
"785","MOTOR-ESC-00220","MOTOR-ESC","Motor and speed controller","FlightCritical","12.0","MU-016","MRD-6L","PORT","Port Logistics Hub","4","11/9/2024 12:00:00 AM","5/29/2025 12:00:00 AM","Failure","201","69","167","125.2333","261.2205","2.0859","200.0","200.0","2.10","62.62","130.61","1","0","Unscheduled","12.3"
"786","MOTOR-ESC-00221","MOTOR-ESC","Motor and speed controller","FlightCritical","12.0","MU-016","MRD-6L","PORT","Port Logistics Hub","4","5/29/2025 12:00:00 AM","3/20/2026 12:00:00 AM","Scheduled","295","120","294","201.2837","401.3700","1.9941","200.0","200.0","2.10","100.64","200.69","0","1","Scheduled","4.3"
"825","MOTOR-ESC-00223","MOTOR-ESC","Motor and speed controller","FlightCritical","12.0","MU-017","MRD-12H","COASTAL","Coastal Survey Base","1","7/30/2024 12:00:00 AM","5/13/2025 12:00:00 AM","Failure","287","107","236","162.6168","185.8488","1.1429","200.0","200.0","2.10","81.31","92.92","1","0","Unscheduled","8.9"
"826","MOTOR-ESC-00224","MOTOR-ESC","Motor and speed controller","FlightCritical","12.0","MU-017","MRD-12H","COASTAL","Coastal Survey Base","1","5/13/2025 12:00:00 AM","3/14/2026 12:00:00 AM","Scheduled","305","129","280","200.1831","220.3563","1.1008","200.0","200.0","2.10","100.09","110.18","0","1","Scheduled","4.5"
"827","MOTOR-ESC-00225","MOTOR-ESC","Motor and speed controller","FlightCritical","12.0","MU-017","MRD-12H","COASTAL","Coastal Survey Base","1","3/14/2026 12:00:00 AM","3/30/2026 12:00:00 AM","AirframeRetired","16","7","17","11.7834","14.3103","1.2144","200.0","200.0","2.10","5.89","7.16","0","1","Inspection","3.4"
"828","MOTOR-ESC-00226","MOTOR-ESC","Motor and speed controller","FlightCritical","12.0","MU-017","MRD-12H","COASTAL","Coastal Survey Base","2","7/30/2024 12:00:00 AM","7/16/2025 12:00:00 AM","Scheduled","351","130","281","200.1168","226.2584","1.1306","200.0","200.0","2.10","100.06","113.13","0","1","Scheduled","7.8"
"829","MOTOR-ESC-00227","MOTOR-ESC","Motor and speed controller","FlightCritical","12.0","MU-017","MRD-12H","COASTAL","Coastal Survey Base","2","7/16/2025 12:00:00 AM","3/30/2026 12:00:00 AM","AirframeRetired","257","113","252","174.4665","194.2570","1.1134","200.0","200.0","2.10","87.23","97.13","0","1","Inspection","4.5"
"830","MOTOR-ESC-00228","MOTOR-ESC","Motor and speed controller","FlightCritical","12.0","MU-017","MRD-12H","COASTAL","Coastal Survey Base","3","7/30/2024 12:00:00 AM","5/28/2025 12:00:00 AM","Failure","302","114","248","175.8668","199.7450","1.1358","200.0","200.0","2.10","87.93","99.87","1","0","Unscheduled","15.9"
"831","MOTOR-ESC-00229","MOTOR-ESC","Motor and speed controller","FlightCritical","12.0","MU-017","MRD-12H","COASTAL","Coastal Survey Base","3","5/28/2025 12:00:00 AM","3/30/2026 12:00:00 AM","AirframeRetired","306","129","285","198.7165","220.7704","1.1110","200.0","200.0","2.10","99.36","110.39","0","1","Inspection","6.5"
"832","MOTOR-ESC-00230","MOTOR-ESC","Motor and speed controller","FlightCritical","12.0","MU-017","MRD-12H","COASTAL","Coastal Survey Base","4","7/30/2024 12:00:00 AM","7/16/2025 12:00:00 AM","Scheduled","351","130","281","200.1168","226.2584","1.1306","200.0","200.0","2.10","100.06","113.13","0","1","Scheduled","8.4"
"833","MOTOR-ESC-00231","MOTOR-ESC","Motor and speed controller","FlightCritical","12.0","MU-017","MRD-12H","COASTAL","Coastal Survey Base","4","7/16/2025 12:00:00 AM","3/30/2026 12:00:00 AM","AirframeRetired","257","113","252","174.4665","194.2570","1.1134","200.0","200.0","2.10","87.23","97.13","0","1","Inspection","4.7"
"869","MOTOR-ESC-00232","MOTOR-ESC","Motor and speed controller","FlightCritical","12.0","MU-018","MRD-12H","HIGHLND","Highland Operations","1","2/13/2024 12:00:00 AM","10/17/2024 12:00:00 AM","Failure","247","103","180","177.3164","383.6057","2.1634","200.0","200.0","2.10","88.66","191.80","1","0","Unscheduled","14.5"
"870","MOTOR-ESC-00233","MOTOR-ESC","Motor and speed controller","FlightCritical","12.0","MU-018","MRD-12H","HIGHLND","Highland Operations","1","10/17/2024 12:00:00 AM","9/4/2025 12:00:00 AM","Scheduled","322","118","227","200.2495","431.1157","2.1529","200.0","200.0","2.10","100.12","215.56","0","1","Scheduled","4.5"
"871","MOTOR-ESC-00234","MOTOR-ESC","Motor and speed controller","FlightCritical","12.0","MU-018","MRD-12H","HIGHLND","Highland Operations","1","9/4/2025 12:00:00 AM","7/31/2026 12:00:00 AM","Scheduled","330","118","211","201.2174","435.5458","2.1646","200.0","200.0","2.10","100.61","217.77","0","1","Scheduled","5.9"
"873","MOTOR-ESC-00236","MOTOR-ESC","Motor and speed controller","FlightCritical","12.0","MU-018","MRD-12H","HIGHLND","Highland Operations","2","2/13/2024 12:00:00 AM","6/8/2024 12:00:00 AM","Failure","116","60","96","102.9998","217.9860","2.1164","200.0","200.0","2.10","51.50","108.99","1","0","Unscheduled","10.7"
"874","MOTOR-ESC-00237","MOTOR-ESC","Motor and speed controller","FlightCritical","12.0","MU-018","MRD-12H","HIGHLND","Highland Operations","2","6/8/2024 12:00:00 AM","5/1/2025 12:00:00 AM","Scheduled","327","116","230","201.9330","440.4216","2.1810","200.0","200.0","2.10","100.97","220.21","0","1","Scheduled","5.3"
"875","MOTOR-ESC-00238","MOTOR-ESC","Motor and speed controller","FlightCritical","12.0","MU-018","MRD-12H","HIGHLND","Highland Operations","2","5/1/2025 12:00:00 AM","3/16/2026 12:00:00 AM","Scheduled","319","119","209","200.3167","436.0700","2.1769","200.0","200.0","2.10","100.16","218.04","0","1","Scheduled","3.3"
"877","MOTOR-ESC-00240","MOTOR-ESC","Motor and speed controller","FlightCritical","12.0","MU-018","MRD-12H","HIGHLND","Highland Operations","3","2/13/2024 12:00:00 AM","11/27/2024 12:00:00 AM","Scheduled","288","116","208","201.2497","434.7297","2.1602","200.0","200.0","2.10","100.62","217.36","0","1","Scheduled","6.8"
"878","MOTOR-ESC-00241","MOTOR-ESC","Motor and speed controller","FlightCritical","12.0","MU-018","MRD-12H","HIGHLND","Highland Operations","3","11/27/2024 12:00:00 AM","1/24/2025 12:00:00 AM","Failure","58","22","41","38.2333","85.7276","2.2422","200.0","200.0","2.10","19.12","42.86","1","0","Unscheduled","14.5"
"879","MOTOR-ESC-00242","MOTOR-ESC","Motor and speed controller","FlightCritical","12.0","MU-018","MRD-12H","HIGHLND","Highland Operations","3","1/24/2025 12:00:00 AM","10/18/2025 12:00:00 AM","Failure","267","102","188","170.5829","362.7171","2.1263","200.0","200.0","2.10","85.29","181.36","1","0","Unscheduled","11.6"
"880","MOTOR-ESC-00243","MOTOR-ESC","Motor and speed controller","FlightCritical","12.0","MU-018","MRD-12H","HIGHLND","Highland Operations","3","10/18/2025 12:00:00 AM","3/27/2026 12:00:00 AM","Failure","160","60","105","102.8337","226.0294","2.1980","200.0","200.0","2.10","51.42","113.01","1","0","Unscheduled","23.0"
"882","MOTOR-ESC-00245","MOTOR-ESC","Motor and speed controller","FlightCritical","12.0","MU-018","MRD-12H","HIGHLND","Highland Operations","4","2/13/2024 12:00:00 AM","11/27/2024 12:00:00 AM","Scheduled","288","116","208","201.2497","434.7297","2.1602","200.0","200.0","2.10","100.62","217.36","0","1","Scheduled","3.3"
"883","MOTOR-ESC-00246","MOTOR-ESC","Motor and speed controller","FlightCritical","12.0","MU-018","MRD-12H","HIGHLND","Highland Operations","4","11/27/2024 12:00:00 AM","3/29/2025 12:00:00 AM","Failure","122","48","95","84.0831","181.5632","2.1593","200.0","200.0","2.10","42.04","90.78","1","0","Unscheduled","15.4"
"884","MOTOR-ESC-00247","MOTOR-ESC","Motor and speed controller","FlightCritical","12.0","MU-018","MRD-12H","HIGHLND","Highland Operations","4","3/29/2025 12:00:00 AM","2/18/2026 12:00:00 AM","Scheduled","326","120","214","200.6168","437.8576","2.1826","200.0","200.0","2.10","100.31","218.93","0","1","Scheduled","7.3"
"885","MOTOR-ESC-00248","MOTOR-ESC","Motor and speed controller","FlightCritical","12.0","MU-018","MRD-12H","HIGHLND","Highland Operations","4","2/18/2026 12:00:00 AM","5/18/2026 12:00:00 AM","Failure","89","31","58","52.9835","110.2792","2.0814","200.0","200.0","2.10","26.49","55.14","1","0","Unscheduled","26.3"
"935","MOTOR-ESC-00250","MOTOR-ESC","Motor and speed controller","FlightCritical","12.0","MU-019","MRD-8X","PORT","Port Logistics Hub","1","1/12/2024 12:00:00 AM","11/12/2024 12:00:00 AM","Scheduled","305","118","338","201.7999","402.3526","1.9938","200.0","200.0","2.10","100.90","201.18","0","1","Scheduled","8.3"
"936","MOTOR-ESC-00251","MOTOR-ESC","Motor and speed controller","FlightCritical","12.0","MU-019","MRD-8X","PORT","Port Logistics Hub","1","11/12/2024 12:00:00 AM","8/26/2025 12:00:00 AM","Scheduled","287","117","306","200.5499","400.3738","1.9964","200.0","200.0","2.10","100.27","200.19","0","1","Scheduled","4.0"
"937","MOTOR-ESC-00252","MOTOR-ESC","Motor and speed controller","FlightCritical","12.0","MU-019","MRD-8X","PORT","Port Logistics Hub","1","8/26/2025 12:00:00 AM","5/23/2026 12:00:00 AM","Scheduled","270","115","305","201.1998","407.1967","2.0238","200.0","200.0","2.10","100.60","203.60","0","1","Scheduled","4.2"
"939","MOTOR-ESC-00254","MOTOR-ESC","Motor and speed controller","FlightCritical","12.0","MU-019","MRD-8X","PORT","Port Logistics Hub","2","1/12/2024 12:00:00 AM","11/12/2024 12:00:00 AM","Scheduled","305","118","338","201.7999","402.3526","1.9938","200.0","200.0","2.10","100.90","201.18","0","1","Scheduled","4.8"
"940","MOTOR-ESC-00255","MOTOR-ESC","Motor and speed controller","FlightCritical","12.0","MU-019","MRD-8X","PORT","Port Logistics Hub","2","11/12/2024 12:00:00 AM","8/26/2025 12:00:00 AM","Scheduled","287","117","306","200.5499","400.3738","1.9964","200.0","200.0","2.10","100.27","200.19","0","1","Scheduled","5.3"
"941","MOTOR-ESC-00256","MOTOR-ESC","Motor and speed controller","FlightCritical","12.0","MU-019","MRD-8X","PORT","Port Logistics Hub","2","8/26/2025 12:00:00 AM","5/23/2026 12:00:00 AM","Scheduled","270","115","305","201.1998","407.1967","2.0238","200.0","200.0","2.10","100.60","203.60","0","1","Scheduled","4.3"
"943","MOTOR-ESC-00258","MOTOR-ESC","Motor and speed controller","FlightCritical","12.0","MU-019","MRD-8X","PORT","Port Logistics Hub","3","1/12/2024 12:00:00 AM","11/12/2024 12:00:00 AM","Scheduled","305","118","338","201.7999","402.3526","1.9938","200.0","200.0","2.10","100.90","201.18","0","1","Scheduled","3.8"
"944","MOTOR-ESC-00259","MOTOR-ESC","Motor and speed controller","FlightCritical","12.0","MU-019","MRD-8X","PORT","Port Logistics Hub","3","11/12/2024 12:00:00 AM","8/26/2025 12:00:00 AM","Failure","287","117","306","200.5499","400.3738","1.9964","200.0","200.0","2.10","100.27","200.19","1","0","Unscheduled","20.4"
"945","MOTOR-ESC-00260","MOTOR-ESC","Motor and speed controller","FlightCritical","12.0","MU-019","MRD-8X","PORT","Port Logistics Hub","3","8/26/2025 12:00:00 AM","4/8/2026 12:00:00 AM","Failure","225","98","267","170.6999","349.4107","2.0469","200.0","200.0","2.10","85.35","174.71","1","0","Unscheduled","19.1"
"947","MOTOR-ESC-00262","MOTOR-ESC","Motor and speed controller","FlightCritical","12.0","MU-019","MRD-8X","PORT","Port Logistics Hub","4","1/12/2024 12:00:00 AM","11/12/2024 12:00:00 AM","Scheduled","305","118","338","201.7999","402.3526","1.9938","200.0","200.0","2.10","100.90","201.18","0","1","Scheduled","5.0"
"948","MOTOR-ESC-00263","MOTOR-ESC","Motor and speed controller","FlightCritical","12.0","MU-019","MRD-8X","PORT","Port Logistics Hub","4","11/12/2024 12:00:00 AM","4/12/2025 12:00:00 AM","Failure","151","62","151","109.5001","224.7886","2.0529","200.0","200.0","2.10","54.75","112.39","1","0","Unscheduled","13.9"
"949","MOTOR-ESC-00264","MOTOR-ESC","Motor and speed controller","FlightCritical","12.0","MU-019","MRD-8X","PORT","Port Logistics Hub","4","4/12/2025 12:00:00 AM","1/6/2026 12:00:00 AM","Failure","269","113","322","194.1832","384.8299","1.9818","200.0","200.0","2.10","97.09","192.41","1","0","Unscheduled","20.7"
"950","MOTOR-ESC-00265","MOTOR-ESC","Motor and speed controller","FlightCritical","12.0","MU-019","MRD-8X","PORT","Port Logistics Hub","4","1/6/2026 12:00:00 AM","7/10/2026 12:00:00 AM","Failure","185","74","187","126.0831","253.4385","2.0101","200.0","200.0","2.10","63.04","126.72","1","0","Unscheduled","24.3"
"994","MOTOR-ESC-00267","MOTOR-ESC","Motor and speed controller","FlightCritical","12.0","MU-020","MRD-8X","HIGHLND","Highland Operations","1","4/18/2024 12:00:00 AM","9/2/2024 12:00:00 AM","Failure","137","54","87","89.4165","199.1740","2.2275","200.0","200.0","2.10","44.71","99.59","1","0","Unscheduled","13.7"
"995","MOTOR-ESC-00268","MOTOR-ESC","Motor and speed controller","FlightCritical","12.0","MU-020","MRD-8X","HIGHLND","Highland Operations","1","9/2/2024 12:00:00 AM","1/31/2025 12:00:00 AM","Failure","151","54","91","93.9834","206.0916","2.1929","200.0","200.0","2.10","46.99","103.05","1","0","Unscheduled","17.3"
"996","MOTOR-ESC-00269","MOTOR-ESC","Motor and speed controller","FlightCritical","12.0","MU-020","MRD-8X","HIGHLND","Highland Operations","1","1/31/2025 12:00:00 AM","11/15/2025 12:00:00 AM","Failure","288","98","189","171.0501","358.0528","2.0933","200.0","200.0","2.10","85.53","179.03","1","0","Unscheduled","26.2"
"997","MOTOR-ESC-00270","MOTOR-ESC","Motor and speed controller","FlightCritical","12.0","MU-020","MRD-8X","HIGHLND","Highland Operations","1","11/15/2025 12:00:00 AM","9/19/2026 12:00:00 AM","Scheduled","308","118","247","202.5328","434.7952","2.1468","200.0","200.0","2.10","101.27","217.40","0","1","Scheduled","8.3"
"999","MOTOR-ESC-00272","MOTOR-ESC","Motor and speed controller","FlightCritical","12.0","MU-020","MRD-8X","HIGHLND","Highland Operations","2","4/18/2024 12:00:00 AM","3/11/2025 12:00:00 AM","Scheduled","327","121","199","204.9998","451.8325","2.2041","200.0","200.0","2.10","102.50","225.92","0","1","Scheduled","5.4"
"1000","MOTOR-ESC-00273","MOTOR-ESC","Motor and speed controller","FlightCritical","12.0","MU-020","MRD-8X","HIGHLND","Highland Operations","2","3/11/2025 12:00:00 AM","2/2/2026 12:00:00 AM","Scheduled","328","116","235","200.2001","421.3240","2.1045","200.0","200.0","2.10","100.10","210.66","0","1","Scheduled","5.0"
"1002","MOTOR-ESC-00275","MOTOR-ESC","Motor and speed controller","FlightCritical","12.0","MU-020","MRD-8X","HIGHLND","Highland Operations","3","4/18/2024 12:00:00 AM","3/11/2025 12:00:00 AM","Scheduled","327","121","199","204.9998","451.8325","2.2041","200.0","200.0","2.10","102.50","225.92","0","1","Scheduled","3.3"
"1003","MOTOR-ESC-00276","MOTOR-ESC","Motor and speed controller","FlightCritical","12.0","MU-020","MRD-8X","HIGHLND","Highland Operations","3","3/11/2025 12:00:00 AM","2/2/2026 12:00:00 AM","Scheduled","328","116","235","200.2001","421.3240","2.1045","200.0","200.0","2.10","100.10","210.66","0","1","Scheduled","5.3"
"1004","MOTOR-ESC-00277","MOTOR-ESC","Motor and speed controller","FlightCritical","12.0","MU-020","MRD-8X","HIGHLND","Highland Operations","3","2/2/2026 12:00:00 AM","9/11/2026 12:00:00 AM","Failure","221","84","174","147.1162","312.9581","2.1273","200.0","200.0","2.10","73.56","156.48","1","0","Unscheduled","19.6"
"1006","MOTOR-ESC-00279","MOTOR-ESC","Motor and speed controller","FlightCritical","12.0","MU-020","MRD-8X","HIGHLND","Highland Operations","4","4/18/2024 12:00:00 AM","3/11/2025 12:00:00 AM","Scheduled","327","121","199","204.9998","451.8325","2.2041","200.0","200.0","2.10","102.50","225.92","0","1","Scheduled","7.3"
"1007","MOTOR-ESC-00280","MOTOR-ESC","Motor and speed controller","FlightCritical","12.0","MU-020","MRD-8X","HIGHLND","Highland Operations","4","3/11/2025 12:00:00 AM","8/14/2025 12:00:00 AM","Failure","156","50","101","86.1836","178.1175","2.0667","200.0","200.0","2.10","43.09","89.06","1","0","Unscheduled","9.6"
"1008","MOTOR-ESC-00281","MOTOR-ESC","Motor and speed controller","FlightCritical","12.0","MU-020","MRD-8X","HIGHLND","Highland Operations","4","8/14/2025 12:00:00 AM","6/12/2026 12:00:00 AM","Scheduled","302","116","247","203.8329","428.9232","2.1043","200.0","200.0","2.10","101.92","214.46","0","1","Scheduled","5.1"
"1043","MOTOR-ESC-00283","MOTOR-ESC","Motor and speed controller","FlightCritical","12.0","MU-021","MRD-8X","ACADEMY","Training Academy","1","1/8/2024 12:00:00 AM","6/27/2025 12:00:00 AM","Scheduled","536","202","1626","200.4999","375.6138","1.8734","200.0","200.0","2.10","100.25","187.81","0","1","Scheduled","3.2"
"1045","MOTOR-ESC-00285","MOTOR-ESC","Motor and speed controller","FlightCritical","12.0","MU-021","MRD-8X","ACADEMY","Training Academy","2","1/8/2024 12:00:00 AM","6/27/2025 12:00:00 AM","Scheduled","536","202","1626","200.4999","375.6138","1.8734","200.0","200.0","2.10","100.25","187.81","0","1","Scheduled","3.9"
"1047","MOTOR-ESC-00287","MOTOR-ESC","Motor and speed controller","FlightCritical","12.0","MU-021","MRD-8X","ACADEMY","Training Academy","3","1/8/2024 12:00:00 AM","6/27/2025 12:00:00 AM","Scheduled","536","202","1626","200.4999","375.6138","1.8734","200.0","200.0","2.10","100.25","187.81","0","1","Scheduled","4.6"
"1049","MOTOR-ESC-00289","MOTOR-ESC","Motor and speed controller","FlightCritical","12.0","MU-021","MRD-8X","ACADEMY","Training Academy","4","1/8/2024 12:00:00 AM","11/16/2024 12:00:00 AM","Failure","313","120","981","118.8334","225.4384","1.8971","200.0","200.0","2.10","59.42","112.72","1","0","Unscheduled","19.5"
"1050","MOTOR-ESC-00290","MOTOR-ESC","Motor and speed controller","FlightCritical","12.0","MU-021","MRD-8X","ACADEMY","Training Academy","4","11/16/2024 12:00:00 AM","10/6/2025 12:00:00 AM","Failure","324","125","1003","127.2165","233.8009","1.8378","200.0","200.0","2.10","63.61","116.90","1","0","Unscheduled","12.8"
"1051","MOTOR-ESC-00291","MOTOR-ESC","Motor and speed controller","FlightCritical","12.0","MU-021","MRD-8X","ACADEMY","Training Academy","4","10/6/2025 12:00:00 AM","4/27/2026 12:00:00 AM","Failure","203","74","611","71.8496","138.2833","1.9246","200.0","200.0","2.10","35.92","69.14","1","0","Unscheduled","19.1"
"1084","MOTOR-ESC-00293","MOTOR-ESC","Motor and speed controller","FlightCritical","12.0","MU-022","MRD-6L","COASTAL","Coastal Survey Base","1","3/10/2024 12:00:00 AM","1/8/2025 12:00:00 AM","Failure","304","123","255","191.5166","224.4414","1.1719","200.0","200.0","2.10","95.76","112.22","1","0","Unscheduled","8.9"
"1085","MOTOR-ESC-00294","MOTOR-ESC","Motor and speed controller","FlightCritical","12.0","MU-022","MRD-6L","COASTAL","Coastal Survey Base","1","1/8/2025 12:00:00 AM","11/18/2025 12:00:00 AM","Scheduled","314","125","260","201.0833","237.8093","1.1826","200.0","200.0","2.10","100.54","118.90","0","1","Scheduled","7.7"
"1087","MOTOR-ESC-00296","MOTOR-ESC","Motor and speed controller","FlightCritical","12.0","MU-022","MRD-6L","COASTAL","Coastal Survey Base","2","3/10/2024 12:00:00 AM","1/24/2025 12:00:00 AM","Scheduled","320","129","267","200.6333","234.6885","1.1697","200.0","200.0","2.10","100.32","117.34","0","1","Scheduled","3.5"
"1088","MOTOR-ESC-00297","MOTOR-ESC","Motor and speed controller","FlightCritical","12.0","MU-022","MRD-6L","COASTAL","Coastal Survey Base","2","1/24/2025 12:00:00 AM","12/4/2025 12:00:00 AM","Scheduled","314","125","260","200.4999","237.8486","1.1863","200.0","200.0","2.10","100.25","118.92","0","1","Scheduled","3.6"
"1090","MOTOR-ESC-00299","MOTOR-ESC","Motor and speed controller","FlightCritical","12.0","MU-022","MRD-6L","COASTAL","Coastal Survey Base","3","3/10/2024 12:00:00 AM","1/24/2025 12:00:00 AM","Scheduled","320","129","267","200.6333","234.6885","1.1697","200.0","200.0","2.10","100.32","117.34","0","1","Scheduled","6.9"
"1091","MOTOR-ESC-00300","MOTOR-ESC","Motor and speed controller","FlightCritical","12.0","MU-022","MRD-6L","COASTAL","Coastal Survey Base","3","1/24/2025 12:00:00 AM","12/4/2025 12:00:00 AM","Scheduled","314","125","260","200.4999","237.8486","1.1863","200.0","200.0","2.10","100.25","118.92","0","1","Scheduled","6.8"
"1093","MOTOR-ESC-00302","MOTOR-ESC","Motor and speed controller","FlightCritical","12.0","MU-022","MRD-6L","COASTAL","Coastal Survey Base","4","3/10/2024 12:00:00 AM","1/24/2025 12:00:00 AM","Scheduled","320","129","267","200.6333","234.6885","1.1697","200.0","200.0","2.10","100.32","117.34","0","1","Scheduled","8.1"
"1094","MOTOR-ESC-00303","MOTOR-ESC","Motor and speed controller","FlightCritical","12.0","MU-022","MRD-6L","COASTAL","Coastal Survey Base","4","1/24/2025 12:00:00 AM","12/4/2025 12:00:00 AM","Scheduled","314","125","260","200.4999","237.8486","1.1863","200.0","200.0","2.10","100.25","118.92","0","1","Scheduled","5.4"
"1131","MOTOR-ESC-00305","MOTOR-ESC","Motor and speed controller","FlightCritical","12.0","MU-023","MRD-6L","COASTAL","Coastal Survey Base","1","1/4/2024 12:00:00 AM","10/25/2024 12:00:00 AM","Failure","295","118","236","181.9999","226.1509","1.2426","200.0","200.0","2.10","91.00","113.08","1","0","Unscheduled","17.0"
"1132","MOTOR-ESC-00306","MOTOR-ESC","Motor and speed controller","FlightCritical","12.0","MU-023","MRD-6L","COASTAL","Coastal Survey Base","1","10/25/2024 12:00:00 AM","9/27/2025 12:00:00 AM","Scheduled","337","131","290","200.6672","245.8835","1.2253","200.0","200.0","2.10","100.33","122.94","0","1","Scheduled","5.3"
"1133","MOTOR-ESC-00307","MOTOR-ESC","Motor and speed controller","FlightCritical","12.0","MU-023","MRD-6L","COASTAL","Coastal Survey Base","1","9/27/2025 12:00:00 AM","5/26/2026 12:00:00 AM","Failure","241","98","215","147.4170","177.5964","1.2047","200.0","200.0","2.10","73.71","88.80","1","0","Unscheduled","10.5"
"1135","MOTOR-ESC-00309","MOTOR-ESC","Motor and speed controller","FlightCritical","12.0","MU-023","MRD-6L","COASTAL","Coastal Survey Base","2","1/4/2024 12:00:00 AM","11/19/2024 12:00:00 AM","Scheduled","320","129","252","200.6166","245.0876","1.2217","200.0","200.0","2.10","100.31","122.54","0","1","Scheduled","3.1"
"1136","MOTOR-ESC-00310","MOTOR-ESC","Motor and speed controller","FlightCritical","12.0","MU-023","MRD-6L","COASTAL","Coastal Survey Base","2","11/19/2024 12:00:00 AM","6/25/2025 12:00:00 AM","Failure","218","86","180","134.7501","164.7904","1.2229","200.0","200.0","2.10","67.38","82.40","1","0","Unscheduled","13.5"
"1137","MOTOR-ESC-00311","MOTOR-ESC","Motor and speed controller","FlightCritical","12.0","MU-023","MRD-6L","COASTAL","Coastal Survey Base","2","6/25/2025 12:00:00 AM","6/11/2026 12:00:00 AM","Scheduled","351","137","323","200.9507","247.2646","1.2305","200.0","200.0","2.10","100.48","123.63","0","1","Scheduled","8.1"
"1139","MOTOR-ESC-00313","MOTOR-ESC","Motor and speed controller","FlightCritical","12.0","MU-023","MRD-6L","COASTAL","Coastal Survey Base","3","1/4/2024 12:00:00 AM","11/19/2024 12:00:00 AM","Scheduled","320","129","252","200.6166","245.0876","1.2217","200.0","200.0","2.10","100.31","122.54","0","1","Scheduled","8.4"
"1140","MOTOR-ESC-00314","MOTOR-ESC","Motor and speed controller","FlightCritical","12.0","MU-023","MRD-6L","COASTAL","Coastal Survey Base","3","11/19/2024 12:00:00 AM","10/29/2025 12:00:00 AM","Scheduled","344","133","316","201.0506","251.1764","1.2493","200.0","200.0","2.10","100.53","125.59","0","1","Scheduled","7.6"
"1142","MOTOR-ESC-00316","MOTOR-ESC","Motor and speed controller","FlightCritical","12.0","MU-023","MRD-6L","COASTAL","Coastal Survey Base","4","1/4/2024 12:00:00 AM","11/19/2024 12:00:00 AM","Scheduled","320","129","252","200.6166","245.0876","1.2217","200.0","200.0","2.10","100.31","122.54","0","1","Scheduled","6.8"
"1143","MOTOR-ESC-00317","MOTOR-ESC","Motor and speed controller","FlightCritical","12.0","MU-023","MRD-6L","COASTAL","Coastal Survey Base","4","11/19/2024 12:00:00 AM","10/29/2025 12:00:00 AM","Scheduled","344","133","316","201.0506","251.1764","1.2493","200.0","200.0","2.10","100.53","125.59","0","1","Scheduled","3.4"
"1183","MOTOR-ESC-00319","MOTOR-ESC","Motor and speed controller","FlightCritical","12.0","MU-024","MRD-8X","COASTAL","Coastal Survey Base","1","1/28/2024 12:00:00 AM","12/31/2024 12:00:00 AM","Scheduled","338","133","303","200.7834","232.4416","1.1577","200.0","200.0","2.10","100.39","116.22","0","1","Scheduled","7.3"
"1184","MOTOR-ESC-00320","MOTOR-ESC","Motor and speed controller","FlightCritical","12.0","MU-024","MRD-8X","COASTAL","Coastal Survey Base","1","12/31/2024 12:00:00 AM","11/6/2025 12:00:00 AM","Scheduled","310","129","272","200.2833","236.4365","1.1805","200.0","200.0","2.10","100.14","118.22","0","1","Scheduled","3.2"
"1185","MOTOR-ESC-00321","MOTOR-ESC","Motor and speed controller","FlightCritical","12.0","MU-024","MRD-8X","COASTAL","Coastal Survey Base","1","11/6/2025 12:00:00 AM","9/29/2026 12:00:00 AM","Scheduled","327","133","269","203.2506","230.0425","1.1318","200.0","200.0","2.10","101.63","115.02","0","1","Scheduled","6.5"
"1187","MOTOR-ESC-00323","MOTOR-ESC","Motor and speed controller","FlightCritical","12.0","MU-024","MRD-8X","COASTAL","Coastal Survey Base","2","1/28/2024 12:00:00 AM","12/31/2024 12:00:00 AM","Scheduled","338","133","303","200.7834","232.4416","1.1577","200.0","200.0","2.10","100.39","116.22","0","1","Scheduled","6.5"
"1188","MOTOR-ESC-00324","MOTOR-ESC","Motor and speed controller","FlightCritical","12.0","MU-024","MRD-8X","COASTAL","Coastal Survey Base","2","12/31/2024 12:00:00 AM","11/6/2025 12:00:00 AM","Scheduled","310","129","272","200.2833","236.4365","1.1805","200.0","200.0","2.10","100.14","118.22","0","1","Scheduled","3.3"
"1189","MOTOR-ESC-00325","MOTOR-ESC","Motor and speed controller","FlightCritical","12.0","MU-024","MRD-8X","COASTAL","Coastal Survey Base","2","11/6/2025 12:00:00 AM","9/29/2026 12:00:00 AM","Scheduled","327","133","269","203.2506","230.0425","1.1318","200.0","200.0","2.10","101.63","115.02","0","1","Scheduled","8.1"
"1191","MOTOR-ESC-00327","MOTOR-ESC","Motor and speed controller","FlightCritical","12.0","MU-024","MRD-8X","COASTAL","Coastal Survey Base","3","1/28/2024 12:00:00 AM","12/31/2024 12:00:00 AM","Scheduled","338","133","303","200.7834","232.4416","1.1577","200.0","200.0","2.10","100.39","116.22","0","1","Scheduled","6.6"
"1192","MOTOR-ESC-00328","MOTOR-ESC","Motor and speed controller","FlightCritical","12.0","MU-024","MRD-8X","COASTAL","Coastal Survey Base","3","12/31/2024 12:00:00 AM","11/6/2025 12:00:00 AM","Scheduled","310","129","272","200.2833","236.4365","1.1805","200.0","200.0","2.10","100.14","118.22","0","1","Scheduled","4.8"
"1193","MOTOR-ESC-00329","MOTOR-ESC","Motor and speed controller","FlightCritical","12.0","MU-024","MRD-8X","COASTAL","Coastal Survey Base","3","11/6/2025 12:00:00 AM","9/29/2026 12:00:00 AM","Scheduled","327","133","269","203.2506","230.0425","1.1318","200.0","200.0","2.10","101.63","115.02","0","1","Scheduled","3.6"
"1195","MOTOR-ESC-00331","MOTOR-ESC","Motor and speed controller","FlightCritical","12.0","MU-024","MRD-8X","COASTAL","Coastal Survey Base","4","1/28/2024 12:00:00 AM","12/31/2024 12:00:00 AM","Scheduled","338","133","303","200.7834","232.4416","1.1577","200.0","200.0","2.10","100.39","116.22","0","1","Scheduled","7.4"
"1196","MOTOR-ESC-00332","MOTOR-ESC","Motor and speed controller","FlightCritical","12.0","MU-024","MRD-8X","COASTAL","Coastal Survey Base","4","12/31/2024 12:00:00 AM","11/6/2025 12:00:00 AM","Scheduled","310","129","272","200.2833","236.4365","1.1805","200.0","200.0","2.10","100.14","118.22","0","1","Scheduled","7.0"
"1197","MOTOR-ESC-00333","MOTOR-ESC","Motor and speed controller","FlightCritical","12.0","MU-024","MRD-8X","COASTAL","Coastal Survey Base","4","11/6/2025 12:00:00 AM","9/29/2026 12:00:00 AM","Scheduled","327","133","269","203.2506","230.0425","1.1318","200.0","200.0","2.10","101.63","115.02","0","1","Scheduled","6.4"
"1243","MOTOR-ESC-00335","MOTOR-ESC","Motor and speed controller","FlightCritical","12.0","MU-025","MRD-8X","HIGHLND","Highland Operations","1","2/15/2024 12:00:00 AM","11/16/2024 12:00:00 AM","Scheduled","275","114","220","201.0504","441.1846","2.1944","200.0","200.0","2.10","100.53","220.59","0","1","Scheduled","8.2"
"1244","MOTOR-ESC-00336","MOTOR-ESC","Motor and speed controller","FlightCritical","12.0","MU-025","MRD-8X","HIGHLND","Highland Operations","1","11/16/2024 12:00:00 AM","9/29/2025 12:00:00 AM","Scheduled","317","123","252","202.0838","423.7973","2.0971","200.0","200.0","2.10","101.04","211.90","0","1","Scheduled","7.8"
"1245","MOTOR-ESC-00337","MOTOR-ESC","Motor and speed controller","FlightCritical","12.0","MU-025","MRD-8X","HIGHLND","Highland Operations","1","9/29/2025 12:00:00 AM","10/15/2025 12:00:00 AM","Failure","16","4","12","7.2000","16.6059","2.3064","200.0","200.0","2.10","3.60","8.30","1","0","Unscheduled","14.8"
"1246","MOTOR-ESC-00338","MOTOR-ESC","Motor and speed controller","FlightCritical","12.0","MU-025","MRD-8X","HIGHLND","Highland Operations","1","10/15/2025 12:00:00 AM","7/31/2026 12:00:00 AM","Failure","289","110","221","186.3331","394.7147","2.1183","200.0","200.0","2.10","93.17","197.36","1","0","Unscheduled","24.5"
"1248","MOTOR-ESC-00340","MOTOR-ESC","Motor and speed controller","FlightCritical","12.0","MU-025","MRD-8X","HIGHLND","Highland Operations","2","2/15/2024 12:00:00 AM","11/16/2024 12:00:00 AM","Scheduled","275","114","220","201.0504","441.1846","2.1944","200.0","200.0","2.10","100.53","220.59","0","1","Scheduled","8.5"
"1249","MOTOR-ESC-00341","MOTOR-ESC","Motor and speed controller","FlightCritical","12.0","MU-025","MRD-8X","HIGHLND","Highland Operations","2","11/16/2024 12:00:00 AM","9/29/2025 12:00:00 AM","Scheduled","317","123","252","202.0838","423.7973","2.0971","200.0","200.0","2.10","101.04","211.90","0","1","Scheduled","7.2"
"1250","MOTOR-ESC-00342","MOTOR-ESC","Motor and speed controller","FlightCritical","12.0","MU-025","MRD-8X","HIGHLND","Highland Operations","2","9/29/2025 12:00:00 AM","7/14/2026 12:00:00 AM","Failure","288","106","214","178.8663","381.2701","2.1316","200.0","200.0","2.10","89.43","190.64","1","0","Unscheduled","17.1"
"1252","MOTOR-ESC-00344","MOTOR-ESC","Motor and speed controller","FlightCritical","12.0","MU-025","MRD-8X","HIGHLND","Highland Operations","3","2/15/2024 12:00:00 AM","5/4/2024 12:00:00 AM","Failure","79","38","69","71.1668","162.9395","2.2895","200.0","200.0","2.10","35.58","81.47","1","0","Unscheduled","21.2"
"1253","MOTOR-ESC-00345","MOTOR-ESC","Motor and speed controller","FlightCritical","12.0","MU-025","MRD-8X","HIGHLND","Highland Operations","3","5/4/2024 12:00:00 AM","9/4/2024 12:00:00 AM","Failure","123","50","97","86.7001","182.4666","2.1046","200.0","200.0","2.10","43.35","91.23","1","0","Unscheduled","18.2"
"1254","MOTOR-ESC-00346","MOTOR-ESC","Motor and speed controller","FlightCritical","12.0","MU-025","MRD-8X","HIGHLND","Highland Operations","3","9/4/2024 12:00:00 AM","7/28/2025 12:00:00 AM","Scheduled","327","121","241","200.2840","418.3387","2.0887","200.0","200.0","2.10","100.14","209.17","0","1","Scheduled","6.4"
"1255","MOTOR-ESC-00347","MOTOR-ESC","Motor and speed controller","FlightCritical","12.0","MU-025","MRD-8X","HIGHLND","Highland Operations","3","7/28/2025 12:00:00 AM","6/2/2026 12:00:00 AM","Scheduled","309","122","258","201.1496","435.5467","2.1653","200.0","200.0","2.10","100.57","217.77","0","1","Scheduled","2.8"
"1257","MOTOR-ESC-00349","MOTOR-ESC","Motor and speed controller","FlightCritical","12.0","MU-025","MRD-8X","HIGHLND","Highland Operations","4","2/15/2024 12:00:00 AM","11/16/2024 12:00:00 AM","Scheduled","275","114","220","201.0504","441.1846","2.1944","200.0","200.0","2.10","100.53","220.59","0","1","Scheduled","3.0"
"1258","MOTOR-ESC-00350","MOTOR-ESC","Motor and speed controller","FlightCritical","12.0","MU-025","MRD-8X","HIGHLND","Highland Operations","4","11/16/2024 12:00:00 AM","9/29/2025 12:00:00 AM","Scheduled","317","123","252","202.0838","423.7973","2.0971","200.0","200.0","2.10","101.04","211.90","0","1","Scheduled","6.0"
"1259","MOTOR-ESC-00351","MOTOR-ESC","Motor and speed controller","FlightCritical","12.0","MU-025","MRD-8X","HIGHLND","Highland Operations","4","9/29/2025 12:00:00 AM","8/26/2026 12:00:00 AM","Scheduled","331","118","238","201.3331","427.0482","2.1211","200.0","200.0","2.10","100.67","213.52","0","1","Scheduled","5.2"
"1298","MOTOR-ESC-00353","MOTOR-ESC","Motor and speed controller","FlightCritical","12.0","MU-026","MRD-8X","ACADEMY","Training Academy","1","8/9/2024 12:00:00 AM","5/9/2025 12:00:00 AM","Failure","273","111","888","113.2501","210.0926","1.8551","200.0","200.0","2.10","56.63","105.05","1","0","Unscheduled","24.1"
"1299","MOTOR-ESC-00354","MOTOR-ESC","Motor and speed controller","FlightCritical","12.0","MU-026","MRD-8X","ACADEMY","Training Academy","1","5/9/2025 12:00:00 AM","8/26/2026 12:00:00 AM","Scheduled","474","200","1594","200.6838","373.8455","1.8629","200.0","200.0","2.10","100.34","186.92","0","1","Scheduled","4.6"
"1301","MOTOR-ESC-00356","MOTOR-ESC","Motor and speed controller","FlightCritical","12.0","MU-026","MRD-8X","ACADEMY","Training Academy","2","8/9/2024 12:00:00 AM","9/29/2025 12:00:00 AM","Failure","416","172","1370","176.4001","325.0450","1.8427","200.0","200.0","2.10","88.20","162.52","1","0","Unscheduled","9.3"
"1303","MOTOR-ESC-00358","MOTOR-ESC","Motor and speed controller","FlightCritical","12.0","MU-026","MRD-8X","ACADEMY","Training Academy","3","8/9/2024 12:00:00 AM","11/27/2025 12:00:00 AM","Scheduled","475","197","1584","200.0502","372.0588","1.8598","200.0","200.0","2.10","100.03","186.03","0","1","Scheduled","3.3"
"1304","MOTOR-ESC-00359","MOTOR-ESC","Motor and speed controller","FlightCritical","12.0","MU-026","MRD-8X","ACADEMY","Training Academy","3","11/27/2025 12:00:00 AM","9/23/2026 12:00:00 AM","Failure","300","124","981","123.5671","230.5987","1.8662","200.0","200.0","2.10","61.78","115.30","1","0","Unscheduled","23.8"
"1306","MOTOR-ESC-00361","MOTOR-ESC","Motor and speed controller","FlightCritical","12.0","MU-026","MRD-8X","ACADEMY","Training Academy","4","8/9/2024 12:00:00 AM","11/27/2025 12:00:00 AM","Scheduled","475","197","1584","200.0502","372.0588","1.8598","200.0","200.0","2.10","100.03","186.03","0","1","Scheduled","4.2"
"1340","MOTOR-ESC-00363","MOTOR-ESC","Motor and speed controller","FlightCritical","12.0","MU-027","MRD-8X","HIGHLND","Highland Operations","1","8/2/2024 12:00:00 AM","7/5/2025 12:00:00 AM","Scheduled","337","118","219","202.6663","421.6473","2.0805","200.0","200.0","2.10","101.33","210.82","0","1","Scheduled","8.2"
"1341","MOTOR-ESC-00364","MOTOR-ESC","Motor and speed controller","FlightCritical","12.0","MU-027","MRD-8X","HIGHLND","Highland Operations","1","7/5/2025 12:00:00 AM","4/21/2026 12:00:00 AM","Scheduled","290","117","214","203.0332","432.2707","2.1291","200.0","200.0","2.10","101.52","216.14","0","1","Scheduled","7.0"
"1343","MOTOR-ESC-00366","MOTOR-ESC","Motor and speed controller","FlightCritical","12.0","MU-027","MRD-8X","HIGHLND","Highland Operations","2","8/2/2024 12:00:00 AM","3/1/2025 12:00:00 AM","Failure","211","74","135","127.7997","265.4602","2.0772","200.0","200.0","2.10","63.90","132.73","1","0","Unscheduled","22.3"
"1344","MOTOR-ESC-00367","MOTOR-ESC","Motor and speed controller","FlightCritical","12.0","MU-027","MRD-8X","HIGHLND","Highland Operations","2","3/1/2025 12:00:00 AM","12/10/2025 12:00:00 AM","Failure","284","104","199","177.1999","379.4550","2.1414","200.0","200.0","2.10","88.60","189.73","1","0","Unscheduled","9.6"
"1345","MOTOR-ESC-00368","MOTOR-ESC","Motor and speed controller","FlightCritical","12.0","MU-027","MRD-8X","HIGHLND","Highland Operations","2","12/10/2025 12:00:00 AM","8/1/2026 12:00:00 AM","Failure","234","96","164","169.3498","350.8997","2.0720","200.0","200.0","2.10","84.67","175.45","1","0","Unscheduled","17.8"
"1347","MOTOR-ESC-00370","MOTOR-ESC","Motor and speed controller","FlightCritical","12.0","MU-027","MRD-8X","HIGHLND","Highland Operations","3","8/2/2024 12:00:00 AM","1/10/2025 12:00:00 AM","Failure","161","55","104","94.0164","194.1251","2.0648","200.0","200.0","2.10","47.01","97.06","1","0","Unscheduled","20.1"
"1348","MOTOR-ESC-00371","MOTOR-ESC","Motor and speed controller","FlightCritical","12.0","MU-027","MRD-8X","HIGHLND","Highland Operations","3","1/10/2025 12:00:00 AM","12/3/2025 12:00:00 AM","Scheduled","327","119","221","204.9998","438.3458","2.1383","200.0","200.0","2.10","102.50","219.17","0","1","Scheduled","3.3"
"1349","MOTOR-ESC-00372","MOTOR-ESC","Motor and speed controller","FlightCritical","12.0","MU-027","MRD-8X","HIGHLND","Highland Operations","3","12/3/2025 12:00:00 AM","9/7/2026 12:00:00 AM","Scheduled","278","115","198","202.0165","412.7719","2.0433","200.0","200.0","2.10","101.01","206.39","0","1","Scheduled","3.3"
"1351","MOTOR-ESC-00374","MOTOR-ESC","Motor and speed controller","FlightCritical","12.0","MU-027","MRD-8X","HIGHLND","Highland Operations","4","8/2/2024 12:00:00 AM","3/1/2025 12:00:00 AM","Failure","211","74","135","127.7997","265.4602","2.0772","200.0","200.0","2.10","63.90","132.73","1","0","Unscheduled","8.7"
"1352","MOTOR-ESC-00375","MOTOR-ESC","Motor and speed controller","FlightCritical","12.0","MU-027","MRD-8X","HIGHLND","Highland Operations","4","3/1/2025 12:00:00 AM","10/22/2025 12:00:00 AM","Failure","235","81","153","135.6998","288.0449","2.1227","200.0","200.0","2.10","67.85","144.02","1","0","Unscheduled","22.8"
"1353","MOTOR-ESC-00376","MOTOR-ESC","Motor and speed controller","FlightCritical","12.0","MU-027","MRD-8X","HIGHLND","Highland Operations","4","10/22/2025 12:00:00 AM","7/14/2026 12:00:00 AM","Scheduled","265","113","201","200.2664","423.2093","2.1132","200.0","200.0","2.10","100.13","211.60","0","1","Scheduled","3.3"
"1354","MOTOR-ESC-00377","MOTOR-ESC","Motor and speed controller","FlightCritical","12.0","MU-027","MRD-8X","HIGHLND","Highland Operations","4","7/14/2026 12:00:00 AM","9/1/2026 12:00:00 AM","Failure","49","16","27","28.7835","53.8056","1.8693","200.0","200.0","2.10","14.39","26.90","1","0","Unscheduled","16.6"
"1388","MOTOR-ESC-00379","MOTOR-ESC","Motor and speed controller","FlightCritical","12.0","MU-028","MRD-8X","ACADEMY","Training Academy","1","7/1/2024 12:00:00 AM","11/13/2025 12:00:00 AM","Scheduled","500","199","1592","200.2002","371.6679","1.8565","200.0","200.0","2.10","100.10","185.83","0","1","Scheduled","2.8"
"1390","MOTOR-ESC-00381","MOTOR-ESC","Motor and speed controller","FlightCritical","12.0","MU-028","MRD-8X","ACADEMY","Training Academy","2","7/1/2024 12:00:00 AM","11/13/2025 12:00:00 AM","Scheduled","500","199","1592","200.2002","371.6679","1.8565","200.0","200.0","2.10","100.10","185.83","0","1","Scheduled","7.4"
"1392","MOTOR-ESC-00383","MOTOR-ESC","Motor and speed controller","FlightCritical","12.0","MU-028","MRD-8X","ACADEMY","Training Academy","3","7/1/2024 12:00:00 AM","11/13/2025 12:00:00 AM","Scheduled","500","199","1592","200.2002","371.6679","1.8565","200.0","200.0","2.10","100.10","185.83","0","1","Scheduled","7.1"
"1394","MOTOR-ESC-00385","MOTOR-ESC","Motor and speed controller","FlightCritical","12.0","MU-028","MRD-8X","ACADEMY","Training Academy","4","7/1/2024 12:00:00 AM","11/13/2025 12:00:00 AM","Scheduled","500","199","1592","200.2002","371.6679","1.8565","200.0","200.0","2.10","100.10","185.83","0","1","Scheduled","3.5"
"1426","MOTOR-ESC-00387","MOTOR-ESC","Motor and speed controller","FlightCritical","12.0","MU-029","MRD-12H","COASTAL","Coastal Survey Base","1","3/16/2024 12:00:00 AM","9/16/2024 12:00:00 AM","Failure","184","70","131","105.7667","129.2502","1.2220","200.0","200.0","2.10","52.88","64.63","1","0","Unscheduled","26.4"
"1427","MOTOR-ESC-00388","MOTOR-ESC","Motor and speed controller","FlightCritical","12.0","MU-029","MRD-12H","COASTAL","Coastal Survey Base","1","9/16/2024 12:00:00 AM","9/16/2025 12:00:00 AM","Scheduled","365","136","300","202.5503","238.1762","1.1759","200.0","200.0","2.10","101.28","119.09","0","1","Scheduled","8.3"
"1428","MOTOR-ESC-00389","MOTOR-ESC","Motor and speed controller","FlightCritical","12.0","MU-029","MRD-12H","COASTAL","Coastal Survey Base","1","9/16/2025 12:00:00 AM","9/24/2026 12:00:00 AM","Scheduled","373","136","287","201.7831","235.2264","1.1657","200.0","200.0","2.10","100.89","117.61","0","1","Scheduled","5.4"
"1430","MOTOR-ESC-00391","MOTOR-ESC","Motor and speed controller","FlightCritical","12.0","MU-029","MRD-12H","COASTAL","Coastal Survey Base","2","3/16/2024 12:00:00 AM","11/14/2024 12:00:00 AM","Failure","243","93","184","138.4501","168.7482","1.2188","200.0","200.0","2.10","69.23","84.37","1","0","Unscheduled","19.5"
"1431","MOTOR-ESC-00392","MOTOR-ESC","Motor and speed controller","FlightCritical","12.0","MU-029","MRD-12H","COASTAL","Coastal Survey Base","2","11/14/2024 12:00:00 AM","11/10/2025 12:00:00 AM","Scheduled","361","136","301","202.5834","237.5835","1.1728","200.0","200.0","2.10","101.29","118.79","0","1","Scheduled","3.1"
"1433","MOTOR-ESC-00394","MOTOR-ESC","Motor and speed controller","FlightCritical","12.0","MU-029","MRD-12H","COASTAL","Coastal Survey Base","3","3/16/2024 12:00:00 AM","2/27/2025 12:00:00 AM","Scheduled","348","134","282","201.8668","243.6636","1.2071","200.0","200.0","2.10","100.93","121.83","0","1","Scheduled","4.7"
"1434","MOTOR-ESC-00395","MOTOR-ESC","Motor and speed controller","FlightCritical","12.0","MU-029","MRD-12H","COASTAL","Coastal Survey Base","3","2/27/2025 12:00:00 AM","8/18/2025 12:00:00 AM","Failure","172","64","130","96.7835","112.6632","1.1641","200.0","200.0","2.10","48.39","56.33","1","0","Unscheduled","17.6"
"1435","MOTOR-ESC-00396","MOTOR-ESC","Motor and speed controller","FlightCritical","12.0","MU-029","MRD-12H","COASTAL","Coastal Survey Base","3","8/18/2025 12:00:00 AM","9/5/2026 12:00:00 AM","Scheduled","383","137","293","200.7832","234.9656","1.1702","200.0","200.0","2.10","100.39","117.48","0","1","Scheduled","5.6"
"1437","MOTOR-ESC-00398","MOTOR-ESC","Motor and speed controller","FlightCritical","12.0","MU-029","MRD-12H","COASTAL","Coastal Survey Base","4","3/16/2024 12:00:00 AM","2/27/2025 12:00:00 AM","Scheduled","348","134","282","201.8668","243.6636","1.2071","200.0","200.0","2.10","100.93","121.83","0","1","Scheduled","7.6"
"1438","MOTOR-ESC-00399","MOTOR-ESC","Motor and speed controller","FlightCritical","12.0","MU-029","MRD-12H","COASTAL","Coastal Survey Base","4","2/27/2025 12:00:00 AM","3/28/2026 12:00:00 AM","Scheduled","394","135","283","200.6334","231.0556","1.1516","200.0","200.0","2.10","100.32","115.53","0","1","Scheduled","6.8"
"1474","MOTOR-ESC-00401","MOTOR-ESC","Motor and speed controller","FlightCritical","12.0","MU-030","MRD-8X","PORT","Port Logistics Hub","1","8/26/2024 12:00:00 AM","3/18/2025 12:00:00 AM","Failure","204","82","221","131.6829","267.8795","2.0343","200.0","200.0","2.10","65.84","133.94","1","0","Unscheduled","13.2"
"1475","MOTOR-ESC-00402","MOTOR-ESC","Motor and speed controller","FlightCritical","12.0","MU-030","MRD-8X","PORT","Port Logistics Hub","1","3/18/2025 12:00:00 AM","2/5/2026 12:00:00 AM","Scheduled","324","124","303","201.6837","402.2843","1.9946","200.0","200.0","2.10","100.84","201.14","0","1","Scheduled","7.4"
"1477","MOTOR-ESC-00404","MOTOR-ESC","Motor and speed controller","FlightCritical","12.0","MU-030","MRD-8X","PORT","Port Logistics Hub","2","8/26/2024 12:00:00 AM","7/5/2025 12:00:00 AM","Scheduled","313","128","335","203.8829","410.9156","2.0154","200.0","200.0","2.10","101.94","205.46","0","1","Scheduled","6.8"
"1478","MOTOR-ESC-00405","MOTOR-ESC","Motor and speed controller","FlightCritical","12.0","MU-030","MRD-8X","PORT","Port Logistics Hub","2","7/5/2025 12:00:00 AM","5/25/2026 12:00:00 AM","Scheduled","324","120","319","200.0505","404.0414","2.0197","200.0","200.0","2.10","100.03","202.02","0","1","Scheduled","4.7"
"1480","MOTOR-ESC-00407","MOTOR-ESC","Motor and speed controller","FlightCritical","12.0","MU-030","MRD-8X","PORT","Port Logistics Hub","3","8/26/2024 12:00:00 AM","7/5/2025 12:00:00 AM","Scheduled","313","128","335","203.8829","410.9156","2.0154","200.0","200.0","2.10","101.94","205.46","0","1","Scheduled","7.1"
"1481","MOTOR-ESC-00408","MOTOR-ESC","Motor and speed controller","FlightCritical","12.0","MU-030","MRD-8X","PORT","Port Logistics Hub","3","7/5/2025 12:00:00 AM","8/30/2025 12:00:00 AM","Failure","56","22","52","36.2834","73.7695","2.0331","200.0","200.0","2.10","18.14","36.88","1","0","Unscheduled","16.6"
"1482","MOTOR-ESC-00409","MOTOR-ESC","Motor and speed controller","FlightCritical","12.0","MU-030","MRD-8X","PORT","Port Logistics Hub","3","8/30/2025 12:00:00 AM","5/12/2026 12:00:00 AM","Failure","255","93","259","154.5004","311.1752","2.0141","200.0","200.0","2.10","77.25","155.59","1","0","Unscheduled","14.6"
"1484","MOTOR-ESC-00411","MOTOR-ESC","Motor and speed controller","FlightCritical","12.0","MU-030","MRD-8X","PORT","Port Logistics Hub","4","8/26/2024 12:00:00 AM","7/5/2025 12:00:00 AM","Scheduled","313","128","335","203.8829","410.9156","2.0154","200.0","200.0","2.10","101.94","205.46","0","1","Scheduled","3.0"
"1485","MOTOR-ESC-00412","MOTOR-ESC","Motor and speed controller","FlightCritical","12.0","MU-030","MRD-8X","PORT","Port Logistics Hub","4","7/5/2025 12:00:00 AM","4/24/2026 12:00:00 AM","Failure","293","107","283","178.1504","358.4206","2.0119","200.0","200.0","2.10","89.08","179.21","1","0","Unscheduled","11.6"
"1520","MOTOR-ESC-00414","MOTOR-ESC","Motor and speed controller","FlightCritical","12.0","MU-031","MRD-8X","COASTAL","Coastal Survey Base","1","8/10/2024 12:00:00 AM","7/29/2025 12:00:00 AM","Scheduled","353","131","319","202.0999","246.5752","1.2201","200.0","200.0","2.10","101.05","123.29","0","1","Scheduled","8.0"
"1521","MOTOR-ESC-00415","MOTOR-ESC","Motor and speed controller","FlightCritical","12.0","MU-031","MRD-8X","COASTAL","Coastal Survey Base","1","7/29/2025 12:00:00 AM","7/15/2026 12:00:00 AM","Scheduled","351","131","266","200.0668","235.5829","1.1775","200.0","200.0","2.10","100.03","117.79","0","1","Scheduled","6.5"
"1522","MOTOR-ESC-00416","MOTOR-ESC","Motor and speed controller","FlightCritical","12.0","MU-031","MRD-8X","COASTAL","Coastal Survey Base","1","7/15/2026 12:00:00 AM","9/1/2026 12:00:00 AM","Failure","48","25","37","38.0832","42.3203","1.1113","200.0","200.0","2.10","19.04","21.16","1","0","Unscheduled","18.1"
"1524","MOTOR-ESC-00418","MOTOR-ESC","Motor and speed controller","FlightCritical","12.0","MU-031","MRD-8X","COASTAL","Coastal Survey Base","2","8/10/2024 12:00:00 AM","7/29/2025 12:00:00 AM","Scheduled","353","131","319","202.0999","246.5752","1.2201","200.0","200.0","2.10","101.05","123.29","0","1","Scheduled","3.7"
"1525","MOTOR-ESC-00419","MOTOR-ESC","Motor and speed controller","FlightCritical","12.0","MU-031","MRD-8X","COASTAL","Coastal Survey Base","2","7/29/2025 12:00:00 AM","7/15/2026 12:00:00 AM","Scheduled","351","131","266","200.0668","235.5829","1.1775","200.0","200.0","2.10","100.03","117.79","0","1","Scheduled","5.2"
"1527","MOTOR-ESC-00421","MOTOR-ESC","Motor and speed controller","FlightCritical","12.0","MU-031","MRD-8X","COASTAL","Coastal Survey Base","3","8/10/2024 12:00:00 AM","7/29/2025 12:00:00 AM","Scheduled","353","131","319","202.0999","246.5752","1.2201","200.0","200.0","2.10","101.05","123.29","0","1","Scheduled","5.2"
"1528","MOTOR-ESC-00422","MOTOR-ESC","Motor and speed controller","FlightCritical","12.0","MU-031","MRD-8X","COASTAL","Coastal Survey Base","3","7/29/2025 12:00:00 AM","4/21/2026 12:00:00 AM","Failure","266","100","206","154.4001","187.5145","1.2145","200.0","200.0","2.10","77.20","93.76","1","0","Unscheduled","21.0"
"1530","MOTOR-ESC-00424","MOTOR-ESC","Motor and speed controller","FlightCritical","12.0","MU-031","MRD-8X","COASTAL","Coastal Survey Base","4","8/10/2024 12:00:00 AM","7/29/2025 12:00:00 AM","Scheduled","353","131","319","202.0999","246.5752","1.2201","200.0","200.0","2.10","101.05","123.29","0","1","Scheduled","8.1"
"1531","MOTOR-ESC-00425","MOTOR-ESC","Motor and speed controller","FlightCritical","12.0","MU-031","MRD-8X","COASTAL","Coastal Survey Base","4","7/29/2025 12:00:00 AM","7/15/2026 12:00:00 AM","Scheduled","351","131","266","200.0668","235.5829","1.1775","200.0","200.0","2.10","100.03","117.79","0","1","Scheduled","4.9"
"35","ROTOR-ASSY-00001","ROTOR-ASSY","Rotor assembly and bearing","FlightCritical","18.0","MU-001","MRD-8X","PORT","Port Logistics Hub","1","5/16/2024 12:00:00 AM","1/9/2025 12:00:00 AM","Scheduled","238","93","274","150.4662","294.4432","1.9569","150.0","150.0","2.60","100.31","196.30","0","1","Scheduled","5.9"
"36","ROTOR-ASSY-00002","ROTOR-ASSY","Rotor assembly and bearing","FlightCritical","18.0","MU-001","MRD-8X","PORT","Port Logistics Hub","1","1/9/2025 12:00:00 AM","8/9/2025 12:00:00 AM","Failure","212","83","206","143.0334","294.8551","2.0614","150.0","150.0","2.60","95.36","196.57","1","0","Unscheduled","15.1"
"37","ROTOR-ASSY-00003","ROTOR-ASSY","Rotor assembly and bearing","FlightCritical","18.0","MU-001","MRD-8X","PORT","Port Logistics Hub","1","8/9/2025 12:00:00 AM","1/16/2026 12:00:00 AM","Failure","160","64","172","106.0331","215.7957","2.0352","150.0","150.0","2.60","70.69","143.86","1","0","Unscheduled","21.7"
"38","ROTOR-ASSY-00004","ROTOR-ASSY","Rotor assembly and bearing","FlightCritical","18.0","MU-001","MRD-8X","PORT","Port Logistics Hub","1","1/16/2026 12:00:00 AM","9/3/2026 12:00:00 AM","Scheduled","230","91","221","151.2672","302.4554","1.9995","150.0","150.0","2.60","100.84","201.64","0","1","Scheduled","7.1"
"40","ROTOR-ASSY-00006","ROTOR-ASSY","Rotor assembly and bearing","FlightCritical","18.0","MU-001","MRD-8X","PORT","Port Logistics Hub","2","5/16/2024 12:00:00 AM","1/9/2025 12:00:00 AM","Scheduled","238","93","274","150.4662","294.4432","1.9569","150.0","150.0","2.60","100.31","196.30","0","1","Scheduled","3.3"
"41","ROTOR-ASSY-00007","ROTOR-ASSY","Rotor assembly and bearing","FlightCritical","18.0","MU-001","MRD-8X","PORT","Port Logistics Hub","2","1/9/2025 12:00:00 AM","8/27/2025 12:00:00 AM","Scheduled","230","88","222","150.6001","308.8678","2.0509","150.0","150.0","2.60","100.40","205.91","0","1","Scheduled","3.7"
"42","ROTOR-ASSY-00008","ROTOR-ASSY","Rotor assembly and bearing","FlightCritical","18.0","MU-001","MRD-8X","PORT","Port Logistics Hub","2","8/27/2025 12:00:00 AM","4/3/2026 12:00:00 AM","Scheduled","219","92","238","151.0333","298.6244","1.9772","150.0","150.0","2.60","100.69","199.08","0","1","Scheduled","3.6"
"43","ROTOR-ASSY-00009","ROTOR-ASSY","Rotor assembly and bearing","FlightCritical","18.0","MU-001","MRD-8X","PORT","Port Logistics Hub","2","4/3/2026 12:00:00 AM","8/1/2026 12:00:00 AM","Failure","120","48","120","81.5335","168.6729","2.0688","150.0","150.0","2.60","54.36","112.45","1","0","Unscheduled","9.4"
"45","ROTOR-ASSY-00011","ROTOR-ASSY","Rotor assembly and bearing","FlightCritical","18.0","MU-001","MRD-8X","PORT","Port Logistics Hub","3","5/16/2024 12:00:00 AM","10/12/2024 12:00:00 AM","Failure","149","58","161","93.6164","181.6028","1.9399","150.0","150.0","2.60","62.41","121.07","1","0","Unscheduled","20.1"
"46","ROTOR-ASSY-00012","ROTOR-ASSY","Rotor assembly and bearing","FlightCritical","18.0","MU-001","MRD-8X","PORT","Port Logistics Hub","3","10/12/2024 12:00:00 AM","4/21/2025 12:00:00 AM","Failure","191","73","198","122.2330","249.6706","2.0426","150.0","150.0","2.60","81.49","166.45","1","0","Unscheduled","19.7"
"47","ROTOR-ASSY-00013","ROTOR-ASSY","Rotor assembly and bearing","FlightCritical","18.0","MU-001","MRD-8X","PORT","Port Logistics Hub","3","4/21/2025 12:00:00 AM","11/24/2025 12:00:00 AM","Scheduled","217","91","250","150.6167","304.6364","2.0226","150.0","150.0","2.60","100.41","203.09","0","1","Scheduled","4.0"
"48","ROTOR-ASSY-00014","ROTOR-ASSY","Rotor assembly and bearing","FlightCritical","18.0","MU-001","MRD-8X","PORT","Port Logistics Hub","3","11/24/2025 12:00:00 AM","6/29/2026 12:00:00 AM","Scheduled","217","88","212","150.1336","300.6247","2.0024","150.0","150.0","2.60","100.09","200.42","0","1","Scheduled","7.7"
"50","ROTOR-ASSY-00016","ROTOR-ASSY","Rotor assembly and bearing","FlightCritical","18.0","MU-001","MRD-8X","PORT","Port Logistics Hub","4","5/16/2024 12:00:00 AM","1/9/2025 12:00:00 AM","Scheduled","238","93","274","150.4662","294.4432","1.9569","150.0","150.0","2.60","100.31","196.30","0","1","Scheduled","8.2"
"51","ROTOR-ASSY-00017","ROTOR-ASSY","Rotor assembly and bearing","FlightCritical","18.0","MU-001","MRD-8X","PORT","Port Logistics Hub","4","1/9/2025 12:00:00 AM","8/27/2025 12:00:00 AM","Scheduled","230","88","222","150.6001","308.8678","2.0509","150.0","150.0","2.60","100.40","205.91","0","1","Scheduled","4.0"
"52","ROTOR-ASSY-00018","ROTOR-ASSY","Rotor assembly and bearing","FlightCritical","18.0","MU-001","MRD-8X","PORT","Port Logistics Hub","4","8/27/2025 12:00:00 AM","4/3/2026 12:00:00 AM","Scheduled","219","92","238","151.0333","298.6244","1.9772","150.0","150.0","2.60","100.69","199.08","0","1","Scheduled","4.5"
"53","ROTOR-ASSY-00019","ROTOR-ASSY","Rotor assembly and bearing","FlightCritical","18.0","MU-001","MRD-8X","PORT","Port Logistics Hub","4","4/3/2026 12:00:00 AM","9/23/2026 12:00:00 AM","Failure","173","67","160","113.3837","236.9386","2.0897","150.0","150.0","2.60","75.59","157.96","1","0","Unscheduled","25.9"
"94","ROTOR-ASSY-00021","ROTOR-ASSY","Rotor assembly and bearing","FlightCritical","18.0","MU-002","MRD-8X","HIGHLND","Highland Operations","1","1/12/2024 12:00:00 AM","8/27/2024 12:00:00 AM","Scheduled","228","90","158","151.7831","307.3840","2.0252","150.0","150.0","2.60","101.19","204.92","0","1","Scheduled","4.4"
"95","ROTOR-ASSY-00022","ROTOR-ASSY","Rotor assembly and bearing","FlightCritical","18.0","MU-002","MRD-8X","HIGHLND","Highland Operations","1","8/27/2024 12:00:00 AM","12/27/2024 12:00:00 AM","Failure","122","46","82","79.3499","182.4083","2.2988","150.0","150.0","2.60","52.90","121.61","1","0","Unscheduled","20.9"
"96","ROTOR-ASSY-00023","ROTOR-ASSY","Rotor assembly and bearing","FlightCritical","18.0","MU-002","MRD-8X","HIGHLND","Highland Operations","1","12/27/2024 12:00:00 AM","12/18/2024 12:00:00 AM","Failure","-9","0","0","0.0000","0.0000","","150.0","150.0","2.60","0.00","0.00","1","0","Unscheduled","22.6"
"97","ROTOR-ASSY-00024","ROTOR-ASSY","Rotor assembly and bearing","FlightCritical","18.0","MU-002","MRD-8X","HIGHLND","Highland Operations","1","7/8/2025 12:00:00 AM","11/27/2025 12:00:00 AM","Failure","142","62","120","106.2335","221.3801","2.0839","150.0","150.0","2.60","70.82","147.59","1","0","Unscheduled","22.4"
"98","ROTOR-ASSY-00025","ROTOR-ASSY","Rotor assembly and bearing","FlightCritical","18.0","MU-002","MRD-8X","HIGHLND","Highland Operations","1","11/27/2025 12:00:00 AM","3/10/2026 12:00:00 AM","Failure","103","40","72","69.9165","152.6319","2.1831","150.0","150.0","2.60","46.61","101.75","1","0","Unscheduled","11.8"
"100","ROTOR-ASSY-00027","ROTOR-ASSY","Rotor assembly and bearing","FlightCritical","18.0","MU-002","MRD-8X","HIGHLND","Highland Operations","2","1/12/2024 12:00:00 AM","8/27/2024 12:00:00 AM","Scheduled","228","90","158","151.7831","307.3840","2.0252","150.0","150.0","2.60","101.19","204.92","0","1","Scheduled","3.9"
"101","ROTOR-ASSY-00028","ROTOR-ASSY","Rotor assembly and bearing","FlightCritical","18.0","MU-002","MRD-8X","HIGHLND","Highland Operations","2","8/27/2024 12:00:00 AM","4/25/2025 12:00:00 AM","Scheduled","241","88","154","150.8498","342.5870","2.2710","150.0","150.0","2.60","100.57","228.39","0","1","Scheduled","2.9"
"102","ROTOR-ASSY-00029","ROTOR-ASSY","Rotor assembly and bearing","FlightCritical","18.0","MU-002","MRD-8X","HIGHLND","Highland Operations","2","4/25/2025 12:00:00 AM","12/9/2025 12:00:00 AM","Scheduled","228","87","165","152.0333","324.1724","2.1322","150.0","150.0","2.60","101.36","216.11","0","1","Scheduled","4.5"
"103","ROTOR-ASSY-00030","ROTOR-ASSY","Rotor assembly and bearing","FlightCritical","18.0","MU-002","MRD-8X","HIGHLND","Highland Operations","2","12/9/2025 12:00:00 AM","7/24/2026 12:00:00 AM","Failure","227","88","158","150.4833","337.4691","2.2426","150.0","150.0","2.60","100.32","224.98","1","0","Unscheduled","24.5"
"105","ROTOR-ASSY-00032","ROTOR-ASSY","Rotor assembly and bearing","FlightCritical","18.0","MU-002","MRD-8X","HIGHLND","Highland Operations","3","1/12/2024 12:00:00 AM","8/20/2024 12:00:00 AM","Failure","221","87","152","146.8665","299.4109","2.0387","150.0","150.0","2.60","97.91","199.61","1","0","Unscheduled","12.3"
"106","ROTOR-ASSY-00033","ROTOR-ASSY","Rotor assembly and bearing","FlightCritical","18.0","MU-002","MRD-8X","HIGHLND","Highland Operations","3","8/20/2024 12:00:00 AM","4/1/2025 12:00:00 AM","Failure","224","86","152","146.2498","328.1279","2.2436","150.0","150.0","2.60","97.50","218.75","1","0","Unscheduled","26.4"
"107","ROTOR-ASSY-00034","ROTOR-ASSY","Rotor assembly and bearing","FlightCritical","18.0","MU-002","MRD-8X","HIGHLND","Highland Operations","3","4/1/2025 12:00:00 AM","7/30/2025 12:00:00 AM","Failure","120","42","73","76.6830","171.0622","2.2308","150.0","150.0","2.60","51.12","114.04","1","0","Unscheduled","10.1"
"108","ROTOR-ASSY-00035","ROTOR-ASSY","Rotor assembly and bearing","FlightCritical","18.0","MU-002","MRD-8X","HIGHLND","Highland Operations","3","7/30/2025 12:00:00 AM","3/9/2026 12:00:00 AM","Scheduled","222","88","168","150.3667","319.5272","2.1250","150.0","150.0","2.60","100.24","213.02","0","1","Scheduled","4.9"
"109","ROTOR-ASSY-00036","ROTOR-ASSY","Rotor assembly and bearing","FlightCritical","18.0","MU-002","MRD-8X","HIGHLND","Highland Operations","3","3/9/2026 12:00:00 AM","8/8/2026 12:00:00 AM","Failure","152","59","103","99.1168","224.0604","2.2606","150.0","150.0","2.60","66.08","149.37","1","0","Unscheduled","25.0"
"111","ROTOR-ASSY-00038","ROTOR-ASSY","Rotor assembly and bearing","FlightCritical","18.0","MU-002","MRD-8X","HIGHLND","Highland Operations","4","1/12/2024 12:00:00 AM","8/27/2024 12:00:00 AM","Scheduled","228","90","158","151.7831","307.3840","2.0252","150.0","150.0","2.60","101.19","204.92","0","1","Scheduled","7.6"
"112","ROTOR-ASSY-00039","ROTOR-ASSY","Rotor assembly and bearing","FlightCritical","18.0","MU-002","MRD-8X","HIGHLND","Highland Operations","4","8/27/2024 12:00:00 AM","4/25/2025 12:00:00 AM","Scheduled","241","88","154","150.8498","342.5870","2.2710","150.0","150.0","2.60","100.57","228.39","0","1","Scheduled","8.5"
"113","ROTOR-ASSY-00040","ROTOR-ASSY","Rotor assembly and bearing","FlightCritical","18.0","MU-002","MRD-8X","HIGHLND","Highland Operations","4","4/25/2025 12:00:00 AM","6/25/2025 12:00:00 AM","Failure","61","21","36","36.7831","83.7351","2.2765","150.0","150.0","2.60","24.52","55.82","1","0","Unscheduled","10.7"
"114","ROTOR-ASSY-00041","ROTOR-ASSY","Rotor assembly and bearing","FlightCritical","18.0","MU-002","MRD-8X","HIGHLND","Highland Operations","4","6/25/2025 12:00:00 AM","12/13/2025 12:00:00 AM","Failure","171","68","133","120.1002","250.7321","2.0877","150.0","150.0","2.60","80.07","167.15","1","0","Unscheduled","10.7"
"115","ROTOR-ASSY-00042","ROTOR-ASSY","Rotor assembly and bearing","FlightCritical","18.0","MU-002","MRD-8X","HIGHLND","Highland Operations","4","12/13/2025 12:00:00 AM","7/29/2026 12:00:00 AM","Failure","228","89","158","150.5333","337.9862","2.2453","150.0","150.0","2.60","100.36","225.32","1","0","Unscheduled","13.8"
"142","ROTOR-ASSY-00044","ROTOR-ASSY","Rotor assembly and bearing","FlightCritical","18.0","MU-003","MRD-12H","PORT","Port Logistics Hub","1","3/3/2024 12:00:00 AM","10/26/2024 12:00:00 AM","Scheduled","237","92","248","150.4665","296.1426","1.9682","150.0","150.0","2.60","100.31","197.43","0","1","Scheduled","6.7"
"143","ROTOR-ASSY-00045","ROTOR-ASSY","Rotor assembly and bearing","FlightCritical","18.0","MU-003","MRD-12H","PORT","Port Logistics Hub","1","10/26/2024 12:00:00 AM","5/23/2025 12:00:00 AM","Scheduled","209","89","215","152.4831","292.0507","1.9153","150.0","150.0","2.60","101.66","194.70","0","1","Scheduled","6.0"
"144","ROTOR-ASSY-00046","ROTOR-ASSY","Rotor assembly and bearing","FlightCritical","18.0","MU-003","MRD-12H","PORT","Port Logistics Hub","1","5/23/2025 12:00:00 AM","9/21/2025 12:00:00 AM","AirframeRetired","121","49","114","89.1328","174.6124","1.9590","150.0","150.0","2.60","59.42","116.41","0","1","Inspection","7.3"
"145","ROTOR-ASSY-00047","ROTOR-ASSY","Rotor assembly and bearing","FlightCritical","18.0","MU-003","MRD-12H","PORT","Port Logistics Hub","2","3/3/2024 12:00:00 AM","10/4/2024 12:00:00 AM","Failure","215","83","227","135.8333","267.4773","1.9692","150.0","150.0","2.60","90.56","178.32","1","0","Unscheduled","8.9"
"146","ROTOR-ASSY-00048","ROTOR-ASSY","Rotor assembly and bearing","FlightCritical","18.0","MU-003","MRD-12H","PORT","Port Logistics Hub","2","10/4/2024 12:00:00 AM","5/6/2025 12:00:00 AM","Scheduled","214","90","213","152.7997","290.7467","1.9028","150.0","150.0","2.60","101.87","193.83","0","1","Scheduled","8.2"
"147","ROTOR-ASSY-00049","ROTOR-ASSY","Rotor assembly and bearing","FlightCritical","18.0","MU-003","MRD-12H","PORT","Port Logistics Hub","2","5/6/2025 12:00:00 AM","9/21/2025 12:00:00 AM","AirframeRetired","138","57","137","103.4494","204.5817","1.9776","150.0","150.0","2.60","68.97","136.39","0","1","Inspection","3.7"
"148","ROTOR-ASSY-00050","ROTOR-ASSY","Rotor assembly and bearing","FlightCritical","18.0","MU-003","MRD-12H","PORT","Port Logistics Hub","3","3/3/2024 12:00:00 AM","8/3/2024 12:00:00 AM","Failure","153","58","154","98.0499","192.5208","1.9635","150.0","150.0","2.60","65.37","128.35","1","0","Unscheduled","25.1"
"149","ROTOR-ASSY-00051","ROTOR-ASSY","Rotor assembly and bearing","FlightCritical","18.0","MU-003","MRD-12H","PORT","Port Logistics Hub","3","8/3/2024 12:00:00 AM","1/2/2025 12:00:00 AM","Failure","152","65","173","106.1498","196.0867","1.8473","150.0","150.0","2.60","70.77","130.72","1","0","Unscheduled","18.7"
"150","ROTOR-ASSY-00052","ROTOR-ASSY","Rotor assembly and bearing","FlightCritical","18.0","MU-003","MRD-12H","PORT","Port Logistics Hub","3","1/2/2025 12:00:00 AM","7/11/2025 12:00:00 AM","Failure","190","79","184","135.1663","269.5415","1.9941","150.0","150.0","2.60","90.11","179.69","1","0","Unscheduled","10.6"
"151","ROTOR-ASSY-00053","ROTOR-ASSY","Rotor assembly and bearing","FlightCritical","18.0","MU-003","MRD-12H","PORT","Port Logistics Hub","3","7/11/2025 12:00:00 AM","9/21/2025 12:00:00 AM","AirframeRetired","72","28","66","52.7164","104.6567","1.9853","150.0","150.0","2.60","35.14","69.77","0","1","Inspection","7.1"
"152","ROTOR-ASSY-00054","ROTOR-ASSY","Rotor assembly and bearing","FlightCritical","18.0","MU-003","MRD-12H","PORT","Port Logistics Hub","4","3/3/2024 12:00:00 AM","8/14/2024 12:00:00 AM","Failure","164","64","174","106.1999","209.0552","1.9685","150.0","150.0","2.60","70.80","139.37","1","0","Unscheduled","8.7"
"153","ROTOR-ASSY-00055","ROTOR-ASSY","Rotor assembly and bearing","FlightCritical","18.0","MU-003","MRD-12H","PORT","Port Logistics Hub","4","8/14/2024 12:00:00 AM","2/13/2025 12:00:00 AM","Failure","183","76","192","125.1832","236.3636","1.8881","150.0","150.0","2.60","83.46","157.58","1","0","Unscheduled","10.3"
"154","ROTOR-ASSY-00056","ROTOR-ASSY","Rotor assembly and bearing","FlightCritical","18.0","MU-003","MRD-12H","PORT","Port Logistics Hub","4","2/13/2025 12:00:00 AM","9/2/2025 12:00:00 AM","Scheduled","201","84","191","151.4160","298.3276","1.9703","150.0","150.0","2.60","100.94","198.89","0","1","Scheduled","5.7"
"155","ROTOR-ASSY-00057","ROTOR-ASSY","Rotor assembly and bearing","FlightCritical","18.0","MU-003","MRD-12H","PORT","Port Logistics Hub","4","9/2/2025 12:00:00 AM","9/21/2025 12:00:00 AM","AirframeRetired","19","6","20","9.2833","19.0593","2.0531","150.0","150.0","2.60","6.19","12.71","0","1","Inspection","8.2"
"185","ROTOR-ASSY-00058","ROTOR-ASSY","Rotor assembly and bearing","FlightCritical","18.0","MU-004","MRD-12H","COASTAL","Coastal Survey Base","1","6/3/2024 12:00:00 AM","1/16/2025 12:00:00 AM","Scheduled","227","98","228","150.5500","171.7449","1.1408","150.0","150.0","2.60","100.37","114.50","0","1","Scheduled","4.5"
"186","ROTOR-ASSY-00059","ROTOR-ASSY","Rotor assembly and bearing","FlightCritical","18.0","MU-004","MRD-12H","COASTAL","Coastal Survey Base","1","1/16/2025 12:00:00 AM","8/22/2025 12:00:00 AM","Scheduled","218","99","204","152.8171","181.3451","1.1867","150.0","150.0","2.60","101.88","120.90","0","1","Scheduled","7.2"
"187","ROTOR-ASSY-00060","ROTOR-ASSY","Rotor assembly and bearing","FlightCritical","18.0","MU-004","MRD-12H","COASTAL","Coastal Survey Base","1","8/22/2025 12:00:00 AM","4/6/2026 12:00:00 AM","Scheduled","227","101","199","151.4830","174.5934","1.1526","150.0","150.0","2.60","100.99","116.40","0","1","Scheduled","7.5"
"189","ROTOR-ASSY-00062","ROTOR-ASSY","Rotor assembly and bearing","FlightCritical","18.0","MU-004","MRD-12H","COASTAL","Coastal Survey Base","2","6/3/2024 12:00:00 AM","1/16/2025 12:00:00 AM","Scheduled","227","98","228","150.5500","171.7449","1.1408","150.0","150.0","2.60","100.37","114.50","0","1","Scheduled","8.1"
"190","ROTOR-ASSY-00063","ROTOR-ASSY","Rotor assembly and bearing","FlightCritical","18.0","MU-004","MRD-12H","COASTAL","Coastal Survey Base","2","1/16/2025 12:00:00 AM","8/22/2025 12:00:00 AM","Scheduled","218","99","204","152.8171","181.3451","1.1867","150.0","150.0","2.60","101.88","120.90","0","1","Scheduled","3.1"
"191","ROTOR-ASSY-00064","ROTOR-ASSY","Rotor assembly and bearing","FlightCritical","18.0","MU-004","MRD-12H","COASTAL","Coastal Survey Base","2","8/22/2025 12:00:00 AM","4/6/2026 12:00:00 AM","Scheduled","227","101","199","151.4830","174.5934","1.1526","150.0","150.0","2.60","100.99","116.40","0","1","Scheduled","4.8"
"193","ROTOR-ASSY-00066","ROTOR-ASSY","Rotor assembly and bearing","FlightCritical","18.0","MU-004","MRD-12H","COASTAL","Coastal Survey Base","3","6/3/2024 12:00:00 AM","1/16/2025 12:00:00 AM","Scheduled","227","98","228","150.5500","171.7449","1.1408","150.0","150.0","2.60","100.37","114.50","0","1","Scheduled","6.1"
"194","ROTOR-ASSY-00067","ROTOR-ASSY","Rotor assembly and bearing","FlightCritical","18.0","MU-004","MRD-12H","COASTAL","Coastal Survey Base","3","1/16/2025 12:00:00 AM","8/22/2025 12:00:00 AM","Scheduled","218","99","204","152.8171","181.3451","1.1867","150.0","150.0","2.60","101.88","120.90","0","1","Scheduled","8.1"
"195","ROTOR-ASSY-00068","ROTOR-ASSY","Rotor assembly and bearing","FlightCritical","18.0","MU-004","MRD-12H","COASTAL","Coastal Survey Base","3","8/22/2025 12:00:00 AM","9/20/2025 12:00:00 AM","Failure","29","16","29","22.2831","24.7161","1.1092","150.0","150.0","2.60","14.86","16.48","1","0","Unscheduled","14.9"
"196","ROTOR-ASSY-00069","ROTOR-ASSY","Rotor assembly and bearing","FlightCritical","18.0","MU-004","MRD-12H","COASTAL","Coastal Survey Base","3","9/20/2025 12:00:00 AM","5/19/2026 12:00:00 AM","Scheduled","241","101","209","150.6999","174.6481","1.1589","150.0","150.0","2.60","100.47","116.43","0","1","Scheduled","7.5"
"198","ROTOR-ASSY-00071","ROTOR-ASSY","Rotor assembly and bearing","FlightCritical","18.0","MU-004","MRD-12H","COASTAL","Coastal Survey Base","4","6/3/2024 12:00:00 AM","1/16/2025 12:00:00 AM","Scheduled","227","98","228","150.5500","171.7449","1.1408","150.0","150.0","2.60","100.37","114.50","0","1","Scheduled","7.4"
"199","ROTOR-ASSY-00072","ROTOR-ASSY","Rotor assembly and bearing","FlightCritical","18.0","MU-004","MRD-12H","COASTAL","Coastal Survey Base","4","1/16/2025 12:00:00 AM","5/31/2025 12:00:00 AM","Failure","135","62","134","95.7002","115.4631","1.2065","150.0","150.0","2.60","63.80","76.98","1","0","Unscheduled","17.7"
"200","ROTOR-ASSY-00073","ROTOR-ASSY","Rotor assembly and bearing","FlightCritical","18.0","MU-004","MRD-12H","COASTAL","Coastal Survey Base","4","5/31/2025 12:00:00 AM","12/29/2025 12:00:00 AM","Scheduled","212","102","195","151.8667","174.5181","1.1492","150.0","150.0","2.60","101.24","116.35","0","1","Scheduled","5.0"
"201","ROTOR-ASSY-00074","ROTOR-ASSY","Rotor assembly and bearing","FlightCritical","18.0","MU-004","MRD-12H","COASTAL","Coastal Survey Base","4","12/29/2025 12:00:00 AM","9/3/2026 12:00:00 AM","Scheduled","248","99","213","150.2663","172.9047","1.1507","150.0","150.0","2.60","100.18","115.27","0","1","Scheduled","7.5"
"239","ROTOR-ASSY-00076","ROTOR-ASSY","Rotor assembly and bearing","FlightCritical","18.0","MU-005","MRD-8X","PORT","Port Logistics Hub","1","3/9/2024 12:00:00 AM","11/7/2024 12:00:00 AM","Scheduled","243","96","244","151.0996","293.1126","1.9399","150.0","150.0","2.60","100.73","195.41","0","1","Scheduled","3.1"
"240","ROTOR-ASSY-00077","ROTOR-ASSY","Rotor assembly and bearing","FlightCritical","18.0","MU-005","MRD-8X","PORT","Port Logistics Hub","1","11/7/2024 12:00:00 AM","12/20/2024 12:00:00 AM","Failure","43","15","33","26.5500","52.1872","1.9656","150.0","150.0","2.60","17.70","34.79","1","0","Unscheduled","20.6"
"241","ROTOR-ASSY-00078","ROTOR-ASSY","Rotor assembly and bearing","FlightCritical","18.0","MU-005","MRD-8X","PORT","Port Logistics Hub","1","12/20/2024 12:00:00 AM","5/27/2025 12:00:00 AM","Failure","158","66","161","117.5333","236.6113","2.0131","150.0","150.0","2.60","78.36","157.74","1","0","Unscheduled","16.0"
"242","ROTOR-ASSY-00079","ROTOR-ASSY","Rotor assembly and bearing","FlightCritical","18.0","MU-005","MRD-8X","PORT","Port Logistics Hub","1","5/27/2025 12:00:00 AM","1/13/2026 12:00:00 AM","Failure","231","84","202","145.7500","290.3311","1.9920","150.0","150.0","2.60","97.17","193.55","1","0","Unscheduled","23.0"
"243","ROTOR-ASSY-00080","ROTOR-ASSY","Rotor assembly and bearing","FlightCritical","18.0","MU-005","MRD-8X","PORT","Port Logistics Hub","1","1/13/2026 12:00:00 AM","9/8/2026 12:00:00 AM","Scheduled","238","89","188","153.5998","314.9878","2.0507","150.0","150.0","2.60","102.40","209.99","0","1","Scheduled","5.7"
"245","ROTOR-ASSY-00082","ROTOR-ASSY","Rotor assembly and bearing","FlightCritical","18.0","MU-005","MRD-8X","PORT","Port Logistics Hub","2","3/9/2024 12:00:00 AM","8/6/2024 12:00:00 AM","Failure","150","63","145","103.1331","201.1423","1.9503","150.0","150.0","2.60","68.76","134.09","1","0","Unscheduled","24.5"
"246","ROTOR-ASSY-00083","ROTOR-ASSY","Rotor assembly and bearing","FlightCritical","18.0","MU-005","MRD-8X","PORT","Port Logistics Hub","2","8/6/2024 12:00:00 AM","1/31/2025 12:00:00 AM","Failure","178","67","186","102.9165","203.3602","1.9760","150.0","150.0","2.60","68.61","135.57","1","0","Unscheduled","12.5"
"247","ROTOR-ASSY-00084","ROTOR-ASSY","Rotor assembly and bearing","FlightCritical","18.0","MU-005","MRD-8X","PORT","Port Logistics Hub","2","1/31/2025 12:00:00 AM","5/3/2025 12:00:00 AM","Failure","92","40","86","77.0166","155.0843","2.0136","150.0","150.0","2.60","51.34","103.39","1","0","Unscheduled","23.1"
"248","ROTOR-ASSY-00085","ROTOR-ASSY","Rotor assembly and bearing","FlightCritical","18.0","MU-005","MRD-8X","PORT","Port Logistics Hub","2","5/3/2025 12:00:00 AM","9/22/2025 12:00:00 AM","Failure","142","54","139","92.3834","183.7559","1.9891","150.0","150.0","2.60","61.59","122.50","1","0","Unscheduled","16.1"
"249","ROTOR-ASSY-00086","ROTOR-ASSY","Rotor assembly and bearing","FlightCritical","18.0","MU-005","MRD-8X","PORT","Port Logistics Hub","2","9/22/2025 12:00:00 AM","1/9/2026 12:00:00 AM","Failure","109","35","82","60.6666","120.6644","1.9890","150.0","150.0","2.60","40.44","80.44","1","0","Unscheduled","16.4"
"250","ROTOR-ASSY-00087","ROTOR-ASSY","Rotor assembly and bearing","FlightCritical","18.0","MU-005","MRD-8X","PORT","Port Logistics Hub","2","1/9/2026 12:00:00 AM","9/3/2026 12:00:00 AM","Scheduled","237","88","182","153.4998","314.9961","2.0521","150.0","150.0","2.60","102.33","210.00","0","1","Scheduled","2.8"
"252","ROTOR-ASSY-00089","ROTOR-ASSY","Rotor assembly and bearing","FlightCritical","18.0","MU-005","MRD-8X","PORT","Port Logistics Hub","3","3/9/2024 12:00:00 AM","10/30/2024 12:00:00 AM","Failure","235","92","225","146.9496","285.2302","1.9410","150.0","150.0","2.60","97.97","190.15","1","0","Unscheduled","8.9"
"253","ROTOR-ASSY-00090","ROTOR-ASSY","Rotor assembly and bearing","FlightCritical","18.0","MU-005","MRD-8X","PORT","Port Logistics Hub","3","10/30/2024 12:00:00 AM","6/3/2025 12:00:00 AM","Scheduled","216","89","231","152.1666","302.4673","1.9877","150.0","150.0","2.60","101.44","201.64","0","1","Scheduled","6.6"
"254","ROTOR-ASSY-00091","ROTOR-ASSY","Rotor assembly and bearing","FlightCritical","18.0","MU-005","MRD-8X","PORT","Port Logistics Hub","3","6/3/2025 12:00:00 AM","2/9/2026 12:00:00 AM","Scheduled","251","85","192","150.7167","303.0272","2.0106","150.0","150.0","2.60","100.48","202.02","0","1","Scheduled","4.1"
"255","ROTOR-ASSY-00092","ROTOR-ASSY","Rotor assembly and bearing","FlightCritical","18.0","MU-005","MRD-8X","PORT","Port Logistics Hub","3","2/9/2026 12:00:00 AM","7/14/2026 12:00:00 AM","Failure","155","63","130","111.2833","233.1080","2.0947","150.0","150.0","2.60","74.19","155.41","1","0","Unscheduled","20.3"
"257","ROTOR-ASSY-00094","ROTOR-ASSY","Rotor assembly and bearing","FlightCritical","18.0","MU-005","MRD-8X","PORT","Port Logistics Hub","4","3/9/2024 12:00:00 AM","6/22/2024 12:00:00 AM","Failure","105","44","106","73.7333","144.8761","1.9649","150.0","150.0","2.60","49.16","96.58","1","0","Unscheduled","8.6"
"258","ROTOR-ASSY-00095","ROTOR-ASSY","Rotor assembly and bearing","FlightCritical","18.0","MU-005","MRD-8X","PORT","Port Logistics Hub","4","6/22/2024 12:00:00 AM","8/20/2024 12:00:00 AM","Failure","59","28","64","44.0164","86.3713","1.9623","150.0","150.0","2.60","29.34","57.58","1","0","Unscheduled","11.1"
"259","ROTOR-ASSY-00096","ROTOR-ASSY","Rotor assembly and bearing","FlightCritical","18.0","MU-005","MRD-8X","PORT","Port Logistics Hub","4","8/20/2024 12:00:00 AM","3/8/2025 12:00:00 AM","Failure","200","71","189","112.2832","223.8461","1.9936","150.0","150.0","2.60","74.86","149.23","1","0","Unscheduled","21.4"
"260","ROTOR-ASSY-00097","ROTOR-ASSY","Rotor assembly and bearing","FlightCritical","18.0","MU-005","MRD-8X","PORT","Port Logistics Hub","4","3/8/2025 12:00:00 AM","10/7/2025 12:00:00 AM","Scheduled","213","85","207","151.7000","299.4380","1.9739","150.0","150.0","2.60","101.13","199.63","0","1","Scheduled","6.3"
"261","ROTOR-ASSY-00098","ROTOR-ASSY","Rotor assembly and bearing","FlightCritical","18.0","MU-005","MRD-8X","PORT","Port Logistics Hub","4","10/7/2025 12:00:00 AM","2/27/2026 12:00:00 AM","Failure","143","48","107","85.1833","173.0622","2.0316","150.0","150.0","2.60","56.79","115.37","1","0","Unscheduled","15.4"
"294","ROTOR-ASSY-00100","ROTOR-ASSY","Rotor assembly and bearing","FlightCritical","18.0","MU-006","MRD-8X","COASTAL","Coastal Survey Base","1","2/10/2024 12:00:00 AM","7/27/2024 12:00:00 AM","Failure","168","63","132","93.2833","102.2207","1.0958","150.0","150.0","2.60","62.19","68.15","1","0","Unscheduled","13.4"
"295","ROTOR-ASSY-00101","ROTOR-ASSY","Rotor assembly and bearing","FlightCritical","18.0","MU-006","MRD-8X","COASTAL","Coastal Survey Base","1","7/27/2024 12:00:00 AM","4/12/2025 12:00:00 AM","Scheduled","259","105","212","153.6833","180.9452","1.1774","150.0","150.0","2.60","102.46","120.63","0","1","Scheduled","4.2"
"296","ROTOR-ASSY-00102","ROTOR-ASSY","Rotor assembly and bearing","FlightCritical","18.0","MU-006","MRD-8X","COASTAL","Coastal Survey Base","1","4/12/2025 12:00:00 AM","12/19/2025 12:00:00 AM","Scheduled","251","98","222","150.2498","182.9812","1.2178","150.0","150.0","2.60","100.17","121.99","0","1","Scheduled","7.9"
"297","ROTOR-ASSY-00103","ROTOR-ASSY","Rotor assembly and bearing","FlightCritical","18.0","MU-006","MRD-8X","COASTAL","Coastal Survey Base","1","12/19/2025 12:00:00 AM","9/8/2026 12:00:00 AM","Scheduled","263","98","204","150.7502","176.3821","1.1700","150.0","150.0","2.60","100.50","117.59","0","1","Scheduled","3.5"
"299","ROTOR-ASSY-00105","ROTOR-ASSY","Rotor assembly and bearing","FlightCritical","18.0","MU-006","MRD-8X","COASTAL","Coastal Survey Base","2","2/10/2024 12:00:00 AM","11/5/2024 12:00:00 AM","Scheduled","269","102","211","154.5500","175.3846","1.1348","150.0","150.0","2.60","103.03","116.92","0","1","Scheduled","5.7"
"300","ROTOR-ASSY-00106","ROTOR-ASSY","Rotor assembly and bearing","FlightCritical","18.0","MU-006","MRD-8X","COASTAL","Coastal Survey Base","2","11/5/2024 12:00:00 AM","7/3/2025 12:00:00 AM","Failure","240","94","192","138.6834","158.6435","1.1439","150.0","150.0","2.60","92.46","105.76","1","0","Unscheduled","18.0"
"301","ROTOR-ASSY-00107","ROTOR-ASSY","Rotor assembly and bearing","FlightCritical","18.0","MU-006","MRD-8X","COASTAL","Coastal Survey Base","2","7/3/2025 12:00:00 AM","3/7/2026 12:00:00 AM","Scheduled","247","99","223","150.1164","181.8527","1.2114","150.0","150.0","2.60","100.08","121.24","0","1","Scheduled","5.3"
"303","ROTOR-ASSY-00109","ROTOR-ASSY","Rotor assembly and bearing","FlightCritical","18.0","MU-006","MRD-8X","COASTAL","Coastal Survey Base","3","2/10/2024 12:00:00 AM","11/5/2024 12:00:00 AM","Scheduled","269","102","211","154.5500","175.3846","1.1348","150.0","150.0","2.60","103.03","116.92","0","1","Scheduled","6.4"
"304","ROTOR-ASSY-00110","ROTOR-ASSY","Rotor assembly and bearing","FlightCritical","18.0","MU-006","MRD-8X","COASTAL","Coastal Survey Base","3","11/5/2024 12:00:00 AM","7/21/2025 12:00:00 AM","Scheduled","258","103","213","151.1501","176.3668","1.1668","150.0","150.0","2.60","100.77","117.58","0","1","Scheduled","7.9"
"305","ROTOR-ASSY-00111","ROTOR-ASSY","Rotor assembly and bearing","FlightCritical","18.0","MU-006","MRD-8X","COASTAL","Coastal Survey Base","3","7/21/2025 12:00:00 AM","4/8/2026 12:00:00 AM","Scheduled","261","99","226","150.7498","184.4815","1.2238","150.0","150.0","2.60","100.50","122.99","0","1","Scheduled","3.6"
"307","ROTOR-ASSY-00113","ROTOR-ASSY","Rotor assembly and bearing","FlightCritical","18.0","MU-006","MRD-8X","COASTAL","Coastal Survey Base","4","2/10/2024 12:00:00 AM","10/18/2024 12:00:00 AM","Failure","251","92","195","141.1666","158.8169","1.1250","150.0","150.0","2.60","94.11","105.88","1","0","Unscheduled","12.4"
"308","ROTOR-ASSY-00114","ROTOR-ASSY","Rotor assembly and bearing","FlightCritical","18.0","MU-006","MRD-8X","COASTAL","Coastal Survey Base","4","10/18/2024 12:00:00 AM","5/24/2025 12:00:00 AM","Failure","218","93","183","132.7667","152.6827","1.1500","150.0","150.0","2.60","88.51","101.79","1","0","Unscheduled","17.4"
"309","ROTOR-ASSY-00115","ROTOR-ASSY","Rotor assembly and bearing","FlightCritical","18.0","MU-006","MRD-8X","COASTAL","Coastal Survey Base","4","5/24/2025 12:00:00 AM","11/19/2025 12:00:00 AM","Failure","179","69","164","105.1164","135.5230","1.2893","150.0","150.0","2.60","70.08","90.35","1","0","Unscheduled","11.5"
"310","ROTOR-ASSY-00116","ROTOR-ASSY","Rotor assembly and bearing","FlightCritical","18.0","MU-006","MRD-8X","COASTAL","Coastal Survey Base","4","11/19/2025 12:00:00 AM","8/17/2026 12:00:00 AM","Scheduled","271","98","203","150.1667","173.5449","1.1557","150.0","150.0","2.60","100.11","115.70","0","1","Scheduled","4.2"
"334","ROTOR-ASSY-00118","ROTOR-ASSY","Rotor assembly and bearing","FlightCritical","18.0","MU-007","MRD-12H","ACADEMY","Training Academy","1","5/10/2024 12:00:00 AM","6/14/2025 12:00:00 AM","Scheduled","400","153","1234","150.5829","282.8725","1.8785","150.0","150.0","2.60","100.39","188.58","0","1","Scheduled","4.9"
"335","ROTOR-ASSY-00119","ROTOR-ASSY","Rotor assembly and bearing","FlightCritical","18.0","MU-007","MRD-12H","ACADEMY","Training Academy","1","6/14/2025 12:00:00 AM","3/14/2026 12:00:00 AM","Failure","273","110","881","108.1835","203.1709","1.8780","150.0","150.0","2.60","72.12","135.45","1","0","Unscheduled","22.0"
"337","ROTOR-ASSY-00121","ROTOR-ASSY","Rotor assembly and bearing","FlightCritical","18.0","MU-007","MRD-12H","ACADEMY","Training Academy","2","5/10/2024 12:00:00 AM","5/22/2025 12:00:00 AM","Failure","377","144","1167","141.3662","266.4901","1.8851","150.0","150.0","2.60","94.24","177.66","1","0","Unscheduled","18.1"
"338","ROTOR-ASSY-00122","ROTOR-ASSY","Rotor assembly and bearing","FlightCritical","18.0","MU-007","MRD-12H","ACADEMY","Training Academy","2","5/22/2025 12:00:00 AM","5/13/2025 12:00:00 AM","Failure","-9","0","0","0.0000","0.0000","","150.0","150.0","2.60","0.00","0.00","1","0","Unscheduled","14.3"
"340","ROTOR-ASSY-00124","ROTOR-ASSY","Rotor assembly and bearing","FlightCritical","18.0","MU-007","MRD-12H","ACADEMY","Training Academy","3","5/10/2024 12:00:00 AM","6/14/2025 12:00:00 AM","Scheduled","400","153","1234","150.5829","282.8725","1.8785","150.0","150.0","2.60","100.39","188.58","0","1","Scheduled","8.0"
"341","ROTOR-ASSY-00125","ROTOR-ASSY","Rotor assembly and bearing","FlightCritical","18.0","MU-007","MRD-12H","ACADEMY","Training Academy","3","6/14/2025 12:00:00 AM","6/13/2026 12:00:00 AM","Failure","364","144","1139","142.0834","264.7231","1.8632","150.0","150.0","2.60","94.72","176.48","1","0","Unscheduled","25.1"
"343","ROTOR-ASSY-00127","ROTOR-ASSY","Rotor assembly and bearing","FlightCritical","18.0","MU-007","MRD-12H","ACADEMY","Training Academy","4","5/10/2024 12:00:00 AM","6/14/2025 12:00:00 AM","Scheduled","400","153","1234","150.5829","282.8725","1.8785","150.0","150.0","2.60","100.39","188.58","0","1","Scheduled","4.6"
"344","ROTOR-ASSY-00128","ROTOR-ASSY","Rotor assembly and bearing","FlightCritical","18.0","MU-007","MRD-12H","ACADEMY","Training Academy","4","6/14/2025 12:00:00 AM","7/4/2026 12:00:00 AM","Scheduled","385","152","1208","150.1333","280.2088","1.8664","150.0","150.0","2.60","100.09","186.81","0","1","Scheduled","4.8"
"383","ROTOR-ASSY-00130","ROTOR-ASSY","Rotor assembly and bearing","FlightCritical","18.0","MU-008","MRD-12H","HIGHLND","Highland Operations","1","3/16/2024 12:00:00 AM","11/15/2024 12:00:00 AM","Scheduled","244","91","189","150.2666","327.5595","2.1799","150.0","150.0","2.60","100.18","218.37","0","1","Scheduled","4.0"
"384","ROTOR-ASSY-00131","ROTOR-ASSY","Rotor assembly and bearing","FlightCritical","18.0","MU-008","MRD-12H","HIGHLND","Highland Operations","1","11/15/2024 12:00:00 AM","3/5/2025 12:00:00 AM","Failure","110","39","61","65.5001","143.0592","2.1841","150.0","150.0","2.60","43.67","95.37","1","0","Unscheduled","12.1"
"385","ROTOR-ASSY-00132","ROTOR-ASSY","Rotor assembly and bearing","FlightCritical","18.0","MU-008","MRD-12H","HIGHLND","Highland Operations","1","3/5/2025 12:00:00 AM","10/15/2025 12:00:00 AM","Failure","224","86","159","149.4167","327.6896","2.1931","150.0","150.0","2.60","99.61","218.46","1","0","Unscheduled","19.8"
"386","ROTOR-ASSY-00133","ROTOR-ASSY","Rotor assembly and bearing","FlightCritical","18.0","MU-008","MRD-12H","HIGHLND","Highland Operations","1","10/15/2025 12:00:00 AM","6/4/2026 12:00:00 AM","Failure","232","86","169","149.0832","322.7147","2.1647","150.0","150.0","2.60","99.39","215.14","1","0","Unscheduled","20.4"
"388","ROTOR-ASSY-00135","ROTOR-ASSY","Rotor assembly and bearing","FlightCritical","18.0","MU-008","MRD-12H","HIGHLND","Highland Operations","2","3/16/2024 12:00:00 AM","9/28/2024 12:00:00 AM","Failure","196","69","143","113.9501","246.1208","2.1599","150.0","150.0","2.60","75.97","164.08","1","0","Unscheduled","9.6"
"389","ROTOR-ASSY-00136","ROTOR-ASSY","Rotor assembly and bearing","FlightCritical","18.0","MU-008","MRD-12H","HIGHLND","Highland Operations","2","9/28/2024 12:00:00 AM","6/2/2025 12:00:00 AM","Scheduled","247","91","155","151.1000","331.6920","2.1952","150.0","150.0","2.60","100.73","221.13","0","1","Scheduled","3.2"
"390","ROTOR-ASSY-00137","ROTOR-ASSY","Rotor assembly and bearing","FlightCritical","18.0","MU-008","MRD-12H","HIGHLND","Highland Operations","2","6/2/2025 12:00:00 AM","12/10/2025 12:00:00 AM","Failure","191","80","158","143.4001","313.7139","2.1877","150.0","150.0","2.60","95.60","209.14","1","0","Unscheduled","14.0"
"391","ROTOR-ASSY-00138","ROTOR-ASSY","Rotor assembly and bearing","FlightCritical","18.0","MU-008","MRD-12H","HIGHLND","Highland Operations","2","12/10/2025 12:00:00 AM","2/7/2026 12:00:00 AM","Failure","59","22","45","38.6667","78.4965","2.0301","150.0","150.0","2.60","25.78","52.33","1","0","Unscheduled","21.6"
"393","ROTOR-ASSY-00140","ROTOR-ASSY","Rotor assembly and bearing","FlightCritical","18.0","MU-008","MRD-12H","HIGHLND","Highland Operations","3","3/16/2024 12:00:00 AM","11/15/2024 12:00:00 AM","Scheduled","244","91","189","150.2666","327.5595","2.1799","150.0","150.0","2.60","100.18","218.37","0","1","Scheduled","4.6"
"394","ROTOR-ASSY-00141","ROTOR-ASSY","Rotor assembly and bearing","FlightCritical","18.0","MU-008","MRD-12H","HIGHLND","Highland Operations","3","11/15/2024 12:00:00 AM","2/21/2025 12:00:00 AM","Failure","98","35","57","58.4001","129.5546","2.2184","150.0","150.0","2.60","38.93","86.37","1","0","Unscheduled","25.8"
"395","ROTOR-ASSY-00142","ROTOR-ASSY","Rotor assembly and bearing","FlightCritical","18.0","MU-008","MRD-12H","HIGHLND","Highland Operations","3","2/21/2025 12:00:00 AM","7/1/2025 12:00:00 AM","Failure","130","45","74","77.5165","171.3867","2.2110","150.0","150.0","2.60","51.68","114.26","1","0","Unscheduled","25.4"
"396","ROTOR-ASSY-00143","ROTOR-ASSY","Rotor assembly and bearing","FlightCritical","18.0","MU-008","MRD-12H","HIGHLND","Highland Operations","3","7/1/2025 12:00:00 AM","1/22/2026 12:00:00 AM","Scheduled","205","85","172","150.0004","321.7758","2.1452","150.0","150.0","2.60","100.00","214.52","0","1","Scheduled","6.9"
"397","ROTOR-ASSY-00144","ROTOR-ASSY","Rotor assembly and bearing","FlightCritical","18.0","MU-008","MRD-12H","HIGHLND","Highland Operations","3","1/22/2026 12:00:00 AM","9/28/2026 12:00:00 AM","Scheduled","249","91","176","150.6661","327.9412","2.1766","150.0","150.0","2.60","100.44","218.63","0","1","Scheduled","5.2"
"399","ROTOR-ASSY-00146","ROTOR-ASSY","Rotor assembly and bearing","FlightCritical","18.0","MU-008","MRD-12H","HIGHLND","Highland Operations","4","3/16/2024 12:00:00 AM","10/14/2024 12:00:00 AM","Failure","212","78","162","129.7167","282.7108","2.1794","150.0","150.0","2.60","86.48","188.47","1","0","Unscheduled","16.1"
"400","ROTOR-ASSY-00147","ROTOR-ASSY","Rotor assembly and bearing","FlightCritical","18.0","MU-008","MRD-12H","HIGHLND","Highland Operations","4","10/14/2024 12:00:00 AM","6/12/2025 12:00:00 AM","Failure","241","86","143","142.6000","312.2626","2.1898","150.0","150.0","2.60","95.07","208.18","1","0","Unscheduled","21.4"
"401","ROTOR-ASSY-00148","ROTOR-ASSY","Rotor assembly and bearing","FlightCritical","18.0","MU-008","MRD-12H","HIGHLND","Highland Operations","4","6/12/2025 12:00:00 AM","9/1/2025 12:00:00 AM","Failure","81","34","70","59.8999","131.2586","2.1913","150.0","150.0","2.60","39.93","87.51","1","0","Unscheduled","22.2"
"402","ROTOR-ASSY-00149","ROTOR-ASSY","Rotor assembly and bearing","FlightCritical","18.0","MU-008","MRD-12H","HIGHLND","Highland Operations","4","9/1/2025 12:00:00 AM","4/22/2026 12:00:00 AM","Scheduled","233","87","173","152.2834","324.3873","2.1302","150.0","150.0","2.60","101.52","216.26","0","1","Scheduled","3.8"
"440","ROTOR-ASSY-00151","ROTOR-ASSY","Rotor assembly and bearing","FlightCritical","18.0","MU-009","MRD-8X","COASTAL","Coastal Survey Base","1","1/13/2024 12:00:00 AM","9/4/2024 12:00:00 AM","Scheduled","235","100","203","150.3498","180.9187","1.2033","150.0","150.0","2.60","100.23","120.61","0","1","Scheduled","8.3"
"441","ROTOR-ASSY-00152","ROTOR-ASSY","Rotor assembly and bearing","FlightCritical","18.0","MU-009","MRD-8X","COASTAL","Coastal Survey Base","1","9/4/2024 12:00:00 AM","4/8/2025 12:00:00 AM","Scheduled","216","95","192","151.2331","165.9475","1.0973","150.0","150.0","2.60","100.82","110.63","0","1","Scheduled","3.1"
"442","ROTOR-ASSY-00153","ROTOR-ASSY","Rotor assembly and bearing","FlightCritical","18.0","MU-009","MRD-8X","COASTAL","Coastal Survey Base","1","4/8/2025 12:00:00 AM","12/20/2025 12:00:00 AM","Scheduled","256","103","228","150.0329","170.7804","1.1383","150.0","150.0","2.60","100.02","113.85","0","1","Scheduled","7.1"
"443","ROTOR-ASSY-00154","ROTOR-ASSY","Rotor assembly and bearing","FlightCritical","18.0","MU-009","MRD-8X","COASTAL","Coastal Survey Base","1","12/20/2025 12:00:00 AM","7/28/2026 12:00:00 AM","Scheduled","220","96","188","150.6837","179.3917","1.1905","150.0","150.0","2.60","100.46","119.59","0","1","Scheduled","6.9"
"445","ROTOR-ASSY-00156","ROTOR-ASSY","Rotor assembly and bearing","FlightCritical","18.0","MU-009","MRD-8X","COASTAL","Coastal Survey Base","2","1/13/2024 12:00:00 AM","9/4/2024 12:00:00 AM","Scheduled","235","100","203","150.3498","180.9187","1.2033","150.0","150.0","2.60","100.23","120.61","0","1","Scheduled","7.2"
"446","ROTOR-ASSY-00157","ROTOR-ASSY","Rotor assembly and bearing","FlightCritical","18.0","MU-009","MRD-8X","COASTAL","Coastal Survey Base","2","9/4/2024 12:00:00 AM","4/8/2025 12:00:00 AM","Scheduled","216","95","192","151.2331","165.9475","1.0973","150.0","150.0","2.60","100.82","110.63","0","1","Scheduled","3.5"
"447","ROTOR-ASSY-00158","ROTOR-ASSY","Rotor assembly and bearing","FlightCritical","18.0","MU-009","MRD-8X","COASTAL","Coastal Survey Base","2","4/8/2025 12:00:00 AM","12/20/2025 12:00:00 AM","Scheduled","256","103","228","150.0329","170.7804","1.1383","150.0","150.0","2.60","100.02","113.85","0","1","Scheduled","5.7"
"448","ROTOR-ASSY-00159","ROTOR-ASSY","Rotor assembly and bearing","FlightCritical","18.0","MU-009","MRD-8X","COASTAL","Coastal Survey Base","2","12/20/2025 12:00:00 AM","7/28/2026 12:00:00 AM","Scheduled","220","96","188","150.6837","179.3917","1.1905","150.0","150.0","2.60","100.46","119.59","0","1","Scheduled","3.7"
"450","ROTOR-ASSY-00161","ROTOR-ASSY","Rotor assembly and bearing","FlightCritical","18.0","MU-009","MRD-8X","COASTAL","Coastal Survey Base","3","1/13/2024 12:00:00 AM","9/4/2024 12:00:00 AM","Scheduled","235","100","203","150.3498","180.9187","1.2033","150.0","150.0","2.60","100.23","120.61","0","1","Scheduled","6.0"
"451","ROTOR-ASSY-00162","ROTOR-ASSY","Rotor assembly and bearing","FlightCritical","18.0","MU-009","MRD-8X","COASTAL","Coastal Survey Base","3","9/4/2024 12:00:00 AM","4/8/2025 12:00:00 AM","Scheduled","216","95","192","151.2331","165.9475","1.0973","150.0","150.0","2.60","100.82","110.63","0","1","Scheduled","4.3"
"452","ROTOR-ASSY-00163","ROTOR-ASSY","Rotor assembly and bearing","FlightCritical","18.0","MU-009","MRD-8X","COASTAL","Coastal Survey Base","3","4/8/2025 12:00:00 AM","12/3/2025 12:00:00 AM","Failure","239","95","213","139.2662","159.1646","1.1429","150.0","150.0","2.60","92.84","106.11","1","0","Unscheduled","16.7"
"453","ROTOR-ASSY-00164","ROTOR-ASSY","Rotor assembly and bearing","FlightCritical","18.0","MU-009","MRD-8X","COASTAL","Coastal Survey Base","3","12/3/2025 12:00:00 AM","7/21/2026 12:00:00 AM","Scheduled","230","98","186","151.9670","178.3217","1.1734","150.0","150.0","2.60","101.31","118.88","0","1","Scheduled","6.7"
"455","ROTOR-ASSY-00166","ROTOR-ASSY","Rotor assembly and bearing","FlightCritical","18.0","MU-009","MRD-8X","COASTAL","Coastal Survey Base","4","1/13/2024 12:00:00 AM","9/4/2024 12:00:00 AM","Scheduled","235","100","203","150.3498","180.9187","1.2033","150.0","150.0","2.60","100.23","120.61","0","1","Scheduled","5.9"
"456","ROTOR-ASSY-00167","ROTOR-ASSY","Rotor assembly and bearing","FlightCritical","18.0","MU-009","MRD-8X","COASTAL","Coastal Survey Base","4","9/4/2024 12:00:00 AM","4/8/2025 12:00:00 AM","Failure","216","95","192","151.2331","165.9475","1.0973","150.0","150.0","2.60","100.82","110.63","1","0","Unscheduled","11.8"
"457","ROTOR-ASSY-00168","ROTOR-ASSY","Rotor assembly and bearing","FlightCritical","18.0","MU-009","MRD-8X","COASTAL","Coastal Survey Base","4","4/8/2025 12:00:00 AM","10/31/2025 12:00:00 AM","Failure","206","81","169","121.9330","138.3356","1.1345","150.0","150.0","2.60","81.29","92.22","1","0","Unscheduled","22.7"
"458","ROTOR-ASSY-00169","ROTOR-ASSY","Rotor assembly and bearing","FlightCritical","18.0","MU-009","MRD-8X","COASTAL","Coastal Survey Base","4","10/31/2025 12:00:00 AM","6/15/2026 12:00:00 AM","Scheduled","227","102","218","151.7501","179.4795","1.1827","150.0","150.0","2.60","101.17","119.65","0","1","Scheduled","7.5"
"490","ROTOR-ASSY-00171","ROTOR-ASSY","Rotor assembly and bearing","FlightCritical","18.0","MU-010","MRD-12H","COASTAL","Coastal Survey Base","1","4/9/2024 12:00:00 AM","1/7/2025 12:00:00 AM","Scheduled","273","98","176","154.1999","172.9972","1.1219","150.0","150.0","2.60","102.80","115.33","0","1","Scheduled","2.9"
"491","ROTOR-ASSY-00172","ROTOR-ASSY","Rotor assembly and bearing","FlightCritical","18.0","MU-010","MRD-12H","COASTAL","Coastal Survey Base","1","1/7/2025 12:00:00 AM","10/21/2025 12:00:00 AM","Scheduled","287","97","182","151.2167","168.0932","1.1116","150.0","150.0","2.60","100.81","112.06","0","1","Scheduled","8.1"
"492","ROTOR-ASSY-00173","ROTOR-ASSY","Rotor assembly and bearing","FlightCritical","18.0","MU-010","MRD-12H","COASTAL","Coastal Survey Base","1","10/21/2025 12:00:00 AM","7/7/2026 12:00:00 AM","Scheduled","259","94","202","150.7501","172.5912","1.1449","150.0","150.0","2.60","100.50","115.06","0","1","Scheduled","5.9"
"494","ROTOR-ASSY-00175","ROTOR-ASSY","Rotor assembly and bearing","FlightCritical","18.0","MU-010","MRD-12H","COASTAL","Coastal Survey Base","2","4/9/2024 12:00:00 AM","1/7/2025 12:00:00 AM","Scheduled","273","98","176","154.1999","172.9972","1.1219","150.0","150.0","2.60","102.80","115.33","0","1","Scheduled","3.9"
"495","ROTOR-ASSY-00176","ROTOR-ASSY","Rotor assembly and bearing","FlightCritical","18.0","MU-010","MRD-12H","COASTAL","Coastal Survey Base","2","1/7/2025 12:00:00 AM","10/21/2025 12:00:00 AM","Scheduled","287","97","182","151.2167","168.0932","1.1116","150.0","150.0","2.60","100.81","112.06","0","1","Scheduled","6.7"
"496","ROTOR-ASSY-00177","ROTOR-ASSY","Rotor assembly and bearing","FlightCritical","18.0","MU-010","MRD-12H","COASTAL","Coastal Survey Base","2","10/21/2025 12:00:00 AM","7/7/2026 12:00:00 AM","Scheduled","259","94","202","150.7501","172.5912","1.1449","150.0","150.0","2.60","100.50","115.06","0","1","Scheduled","5.7"
"498","ROTOR-ASSY-00179","ROTOR-ASSY","Rotor assembly and bearing","FlightCritical","18.0","MU-010","MRD-12H","COASTAL","Coastal Survey Base","3","4/9/2024 12:00:00 AM","1/7/2025 12:00:00 AM","Scheduled","273","98","176","154.1999","172.9972","1.1219","150.0","150.0","2.60","102.80","115.33","0","1","Scheduled","7.8"
"499","ROTOR-ASSY-00180","ROTOR-ASSY","Rotor assembly and bearing","FlightCritical","18.0","MU-010","MRD-12H","COASTAL","Coastal Survey Base","3","1/7/2025 12:00:00 AM","10/21/2025 12:00:00 AM","Scheduled","287","97","182","151.2167","168.0932","1.1116","150.0","150.0","2.60","100.81","112.06","0","1","Scheduled","7.6"
"500","ROTOR-ASSY-00181","ROTOR-ASSY","Rotor assembly and bearing","FlightCritical","18.0","MU-010","MRD-12H","COASTAL","Coastal Survey Base","3","10/21/2025 12:00:00 AM","6/25/2026 12:00:00 AM","Failure","247","90","194","143.9835","165.1392","1.1469","150.0","150.0","2.60","95.99","110.09","1","0","Unscheduled","24.9"
"502","ROTOR-ASSY-00183","ROTOR-ASSY","Rotor assembly and bearing","FlightCritical","18.0","MU-010","MRD-12H","COASTAL","Coastal Survey Base","4","4/9/2024 12:00:00 AM","1/7/2025 12:00:00 AM","Scheduled","273","98","176","154.1999","172.9972","1.1219","150.0","150.0","2.60","102.80","115.33","0","1","Scheduled","7.5"
"503","ROTOR-ASSY-00184","ROTOR-ASSY","Rotor assembly and bearing","FlightCritical","18.0","MU-010","MRD-12H","COASTAL","Coastal Survey Base","4","1/7/2025 12:00:00 AM","10/21/2025 12:00:00 AM","Scheduled","287","97","182","151.2167","168.0932","1.1116","150.0","150.0","2.60","100.81","112.06","0","1","Scheduled","2.9"
"504","ROTOR-ASSY-00185","ROTOR-ASSY","Rotor assembly and bearing","FlightCritical","18.0","MU-010","MRD-12H","COASTAL","Coastal Survey Base","4","10/21/2025 12:00:00 AM","7/7/2026 12:00:00 AM","Scheduled","259","94","202","150.7501","172.5912","1.1449","150.0","150.0","2.60","100.50","115.06","0","1","Scheduled","7.6"
"541","ROTOR-ASSY-00187","ROTOR-ASSY","Rotor assembly and bearing","FlightCritical","18.0","MU-011","MRD-12H","HIGHLND","Highland Operations","1","5/24/2024 12:00:00 AM","1/13/2025 12:00:00 AM","Failure","234","87","157","143.7502","313.8972","2.1836","150.0","150.0","2.60","95.83","209.26","1","0","Unscheduled","10.0"
"542","ROTOR-ASSY-00188","ROTOR-ASSY","Rotor assembly and bearing","FlightCritical","18.0","MU-011","MRD-12H","HIGHLND","Highland Operations","1","1/13/2025 12:00:00 AM","8/30/2025 12:00:00 AM","Scheduled","229","88","183","150.5836","332.7575","2.2098","150.0","150.0","2.60","100.39","221.84","0","1","Scheduled","5.3"
"543","ROTOR-ASSY-00189","ROTOR-ASSY","Rotor assembly and bearing","FlightCritical","18.0","MU-011","MRD-12H","HIGHLND","Highland Operations","1","8/30/2025 12:00:00 AM","4/27/2026 12:00:00 AM","Scheduled","240","89","180","150.5502","317.8530","2.1113","150.0","150.0","2.60","100.37","211.90","0","1","Scheduled","5.8"
"545","ROTOR-ASSY-00191","ROTOR-ASSY","Rotor assembly and bearing","FlightCritical","18.0","MU-011","MRD-12H","HIGHLND","Highland Operations","2","5/24/2024 12:00:00 AM","1/21/2025 12:00:00 AM","Scheduled","242","90","164","150.2835","328.6594","2.1869","150.0","150.0","2.60","100.19","219.11","0","1","Scheduled","8.1"
"546","ROTOR-ASSY-00192","ROTOR-ASSY","Rotor assembly and bearing","FlightCritical","18.0","MU-011","MRD-12H","HIGHLND","Highland Operations","2","1/21/2025 12:00:00 AM","9/8/2025 12:00:00 AM","Scheduled","230","89","184","151.2837","332.2958","2.1965","150.0","150.0","2.60","100.86","221.53","0","1","Scheduled","3.6"
"547","ROTOR-ASSY-00193","ROTOR-ASSY","Rotor assembly and bearing","FlightCritical","18.0","MU-011","MRD-12H","HIGHLND","Highland Operations","2","9/8/2025 12:00:00 AM","2/25/2026 12:00:00 AM","Failure","170","64","134","107.7003","225.6020","2.0947","150.0","150.0","2.60","71.80","150.40","1","0","Unscheduled","20.0"
"548","ROTOR-ASSY-00194","ROTOR-ASSY","Rotor assembly and bearing","FlightCritical","18.0","MU-011","MRD-12H","HIGHLND","Highland Operations","2","2/25/2026 12:00:00 AM","6/24/2026 12:00:00 AM","Failure","119","39","73","69.1332","147.9261","2.1397","150.0","150.0","2.60","46.09","98.62","1","0","Unscheduled","12.9"
"550","ROTOR-ASSY-00196","ROTOR-ASSY","Rotor assembly and bearing","FlightCritical","18.0","MU-011","MRD-12H","HIGHLND","Highland Operations","3","5/24/2024 12:00:00 AM","1/21/2025 12:00:00 AM","Scheduled","242","90","164","150.2835","328.6594","2.1869","150.0","150.0","2.60","100.19","219.11","0","1","Scheduled","6.4"
"551","ROTOR-ASSY-00197","ROTOR-ASSY","Rotor assembly and bearing","FlightCritical","18.0","MU-011","MRD-12H","HIGHLND","Highland Operations","3","1/21/2025 12:00:00 AM","8/1/2025 12:00:00 AM","Failure","192","74","156","126.4003","276.9219","2.1908","150.0","150.0","2.60","84.27","184.61","1","0","Unscheduled","19.6"
"552","ROTOR-ASSY-00198","ROTOR-ASSY","Rotor assembly and bearing","FlightCritical","18.0","MU-011","MRD-12H","HIGHLND","Highland Operations","3","8/1/2025 12:00:00 AM","3/19/2026 12:00:00 AM","Failure","230","89","180","151.1336","322.4288","2.1334","150.0","150.0","2.60","100.76","214.95","1","0","Unscheduled","16.6"
"553","ROTOR-ASSY-00199","ROTOR-ASSY","Rotor assembly and bearing","FlightCritical","18.0","MU-011","MRD-12H","HIGHLND","Highland Operations","3","3/19/2026 12:00:00 AM","5/13/2026 12:00:00 AM","Failure","55","16","27","28.6166","60.4181","2.1113","150.0","150.0","2.60","19.08","40.28","1","0","Unscheduled","11.6"
"555","ROTOR-ASSY-00201","ROTOR-ASSY","Rotor assembly and bearing","FlightCritical","18.0","MU-011","MRD-12H","HIGHLND","Highland Operations","4","5/24/2024 12:00:00 AM","12/26/2024 12:00:00 AM","Failure","216","82","147","135.7502","296.7150","2.1857","150.0","150.0","2.60","90.50","197.81","1","0","Unscheduled","14.7"
"556","ROTOR-ASSY-00202","ROTOR-ASSY","Rotor assembly and bearing","FlightCritical","18.0","MU-011","MRD-12H","HIGHLND","Highland Operations","4","12/26/2024 12:00:00 AM","8/21/2025 12:00:00 AM","Scheduled","238","89","186","151.7002","333.7937","2.2004","150.0","150.0","2.60","101.13","222.53","0","1","Scheduled","8.4"
"557","ROTOR-ASSY-00203","ROTOR-ASSY","Rotor assembly and bearing","FlightCritical","18.0","MU-011","MRD-12H","HIGHLND","Highland Operations","4","8/21/2025 12:00:00 AM","4/3/2026 12:00:00 AM","Scheduled","225","88","177","150.7503","321.9743","2.1358","150.0","150.0","2.60","100.50","214.65","0","1","Scheduled","3.7"
"588","ROTOR-ASSY-00205","ROTOR-ASSY","Rotor assembly and bearing","FlightCritical","18.0","MU-012","MRD-8X","COASTAL","Coastal Survey Base","1","3/23/2024 12:00:00 AM","12/18/2024 12:00:00 AM","Scheduled","270","100","225","150.4166","183.1105","1.2174","150.0","150.0","2.60","100.28","122.07","0","1","Scheduled","7.2"
"589","ROTOR-ASSY-00206","ROTOR-ASSY","Rotor assembly and bearing","FlightCritical","18.0","MU-012","MRD-8X","COASTAL","Coastal Survey Base","1","12/18/2024 12:00:00 AM","8/25/2025 12:00:00 AM","Failure","250","91","184","135.5665","159.8517","1.1791","150.0","150.0","2.60","90.38","106.57","1","0","Unscheduled","13.6"
"590","ROTOR-ASSY-00207","ROTOR-ASSY","Rotor assembly and bearing","FlightCritical","18.0","MU-012","MRD-8X","COASTAL","Coastal Survey Base","1","8/25/2025 12:00:00 AM","5/13/2026 12:00:00 AM","Scheduled","261","96","206","151.8168","177.9518","1.1721","150.0","150.0","2.60","101.21","118.63","0","1","Scheduled","3.5"
"592","ROTOR-ASSY-00209","ROTOR-ASSY","Rotor assembly and bearing","FlightCritical","18.0","MU-012","MRD-8X","COASTAL","Coastal Survey Base","2","3/23/2024 12:00:00 AM","12/18/2024 12:00:00 AM","Scheduled","270","100","225","150.4166","183.1105","1.2174","150.0","150.0","2.60","100.28","122.07","0","1","Scheduled","6.2"
"593","ROTOR-ASSY-00210","ROTOR-ASSY","Rotor assembly and bearing","FlightCritical","18.0","MU-012","MRD-8X","COASTAL","Coastal Survey Base","2","12/18/2024 12:00:00 AM","9/19/2025 12:00:00 AM","Scheduled","275","101","201","150.5832","175.6370","1.1664","150.0","150.0","2.60","100.39","117.09","0","1","Scheduled","5.6"
"594","ROTOR-ASSY-00211","ROTOR-ASSY","Rotor assembly and bearing","FlightCritical","18.0","MU-012","MRD-8X","COASTAL","Coastal Survey Base","2","9/19/2025 12:00:00 AM","5/13/2026 12:00:00 AM","Failure","236","86","189","136.8001","162.1665","1.1854","150.0","150.0","2.60","91.20","108.11","1","0","Unscheduled","11.7"
"596","ROTOR-ASSY-00213","ROTOR-ASSY","Rotor assembly and bearing","FlightCritical","18.0","MU-012","MRD-8X","COASTAL","Coastal Survey Base","3","3/23/2024 12:00:00 AM","12/4/2024 12:00:00 AM","Failure","256","94","213","140.9000","170.0416","1.2068","150.0","150.0","2.60","93.93","113.36","1","0","Unscheduled","20.7"
"597","ROTOR-ASSY-00214","ROTOR-ASSY","Rotor assembly and bearing","FlightCritical","18.0","MU-012","MRD-8X","COASTAL","Coastal Survey Base","3","12/4/2024 12:00:00 AM","9/3/2025 12:00:00 AM","Scheduled","273","100","200","150.8998","178.8173","1.1850","150.0","150.0","2.60","100.60","119.21","0","1","Scheduled","7.4"
"598","ROTOR-ASSY-00215","ROTOR-ASSY","Rotor assembly and bearing","FlightCritical","18.0","MU-012","MRD-8X","COASTAL","Coastal Survey Base","3","9/3/2025 12:00:00 AM","5/23/2026 12:00:00 AM","Scheduled","262","96","208","151.0668","179.4430","1.1878","150.0","150.0","2.60","100.71","119.63","0","1","Scheduled","6.1"
"600","ROTOR-ASSY-00217","ROTOR-ASSY","Rotor assembly and bearing","FlightCritical","18.0","MU-012","MRD-8X","COASTAL","Coastal Survey Base","4","3/23/2024 12:00:00 AM","12/18/2024 12:00:00 AM","Scheduled","270","100","225","150.4166","183.1105","1.2174","150.0","150.0","2.60","100.28","122.07","0","1","Scheduled","3.1"
"601","ROTOR-ASSY-00218","ROTOR-ASSY","Rotor assembly and bearing","FlightCritical","18.0","MU-012","MRD-8X","COASTAL","Coastal Survey Base","4","12/18/2024 12:00:00 AM","9/19/2025 12:00:00 AM","Scheduled","275","101","201","150.5832","175.6370","1.1664","150.0","150.0","2.60","100.39","117.09","0","1","Scheduled","5.0"
"602","ROTOR-ASSY-00219","ROTOR-ASSY","Rotor assembly and bearing","FlightCritical","18.0","MU-012","MRD-8X","COASTAL","Coastal Survey Base","4","9/19/2025 12:00:00 AM","4/21/2026 12:00:00 AM","Failure","214","80","180","126.2168","151.4032","1.1995","150.0","150.0","2.60","84.14","100.94","1","0","Unscheduled","26.2"
"603","ROTOR-ASSY-00220","ROTOR-ASSY","Rotor assembly and bearing","FlightCritical","18.0","MU-012","MRD-8X","COASTAL","Coastal Survey Base","4","4/21/2026 12:00:00 AM","9/16/2026 12:00:00 AM","Failure","148","64","126","98.4331","115.5897","1.1743","150.0","150.0","2.60","65.62","77.06","1","0","Unscheduled","22.3"
"629","ROTOR-ASSY-00222","ROTOR-ASSY","Rotor assembly and bearing","FlightCritical","18.0","MU-013","MRD-8X","HIGHLND","Highland Operations","1","7/27/2024 12:00:00 AM","3/6/2025 12:00:00 AM","Scheduled","222","85","166","150.0666","331.2176","2.2071","150.0","150.0","2.60","100.04","220.81","0","1","Scheduled","5.0"
"630","ROTOR-ASSY-00223","ROTOR-ASSY","Rotor assembly and bearing","FlightCritical","18.0","MU-013","MRD-8X","HIGHLND","Highland Operations","1","3/6/2025 12:00:00 AM","11/5/2025 12:00:00 AM","Scheduled","244","92","177","150.5668","308.2482","2.0473","150.0","150.0","2.60","100.38","205.50","0","1","Scheduled","4.6"
"631","ROTOR-ASSY-00224","ROTOR-ASSY","Rotor assembly and bearing","FlightCritical","18.0","MU-013","MRD-8X","HIGHLND","Highland Operations","1","11/5/2025 12:00:00 AM","1/14/2026 12:00:00 AM","AirframeRetired","70","27","52","43.2668","95.3396","2.2035","150.0","150.0","2.60","28.84","63.56","0","1","Inspection","7.2"
"632","ROTOR-ASSY-00225","ROTOR-ASSY","Rotor assembly and bearing","FlightCritical","18.0","MU-013","MRD-8X","HIGHLND","Highland Operations","2","7/27/2024 12:00:00 AM","2/28/2025 12:00:00 AM","Failure","216","82","162","144.5666","318.0255","2.1999","150.0","150.0","2.60","96.38","212.02","1","0","Unscheduled","16.6"
"633","ROTOR-ASSY-00226","ROTOR-ASSY","Rotor assembly and bearing","FlightCritical","18.0","MU-013","MRD-8X","HIGHLND","Highland Operations","2","2/28/2025 12:00:00 AM","10/28/2025 12:00:00 AM","Scheduled","242","91","176","150.5002","312.3625","2.0755","150.0","150.0","2.60","100.33","208.24","0","1","Scheduled","5.6"
"634","ROTOR-ASSY-00227","ROTOR-ASSY","Rotor assembly and bearing","FlightCritical","18.0","MU-013","MRD-8X","HIGHLND","Highland Operations","2","10/28/2025 12:00:00 AM","1/14/2026 12:00:00 AM","AirframeRetired","78","31","57","48.8334","104.4174","2.1382","150.0","150.0","2.60","32.56","69.61","0","1","Inspection","6.6"
"635","ROTOR-ASSY-00228","ROTOR-ASSY","Rotor assembly and bearing","FlightCritical","18.0","MU-013","MRD-8X","HIGHLND","Highland Operations","3","7/27/2024 12:00:00 AM","3/6/2025 12:00:00 AM","Scheduled","222","85","166","150.0666","331.2176","2.2071","150.0","150.0","2.60","100.04","220.81","0","1","Scheduled","4.2"
"636","ROTOR-ASSY-00229","ROTOR-ASSY","Rotor assembly and bearing","FlightCritical","18.0","MU-013","MRD-8X","HIGHLND","Highland Operations","3","3/6/2025 12:00:00 AM","11/5/2025 12:00:00 AM","Scheduled","244","92","177","150.5668","308.2482","2.0473","150.0","150.0","2.60","100.38","205.50","0","1","Scheduled","7.4"
"637","ROTOR-ASSY-00230","ROTOR-ASSY","Rotor assembly and bearing","FlightCritical","18.0","MU-013","MRD-8X","HIGHLND","Highland Operations","3","11/5/2025 12:00:00 AM","1/14/2026 12:00:00 AM","AirframeRetired","70","27","52","43.2668","95.3396","2.2035","150.0","150.0","2.60","28.84","63.56","0","1","Inspection","3.0"
"638","ROTOR-ASSY-00231","ROTOR-ASSY","Rotor assembly and bearing","FlightCritical","18.0","MU-013","MRD-8X","HIGHLND","Highland Operations","4","7/27/2024 12:00:00 AM","2/4/2025 12:00:00 AM","Failure","192","70","135","123.2000","270.5773","2.1962","150.0","150.0","2.60","82.13","180.38","1","0","Unscheduled","16.1"
"639","ROTOR-ASSY-00232","ROTOR-ASSY","Rotor assembly and bearing","FlightCritical","18.0","MU-013","MRD-8X","HIGHLND","Highland Operations","4","2/4/2025 12:00:00 AM","9/18/2025 12:00:00 AM","Failure","226","86","169","142.3335","305.7001","2.1478","150.0","150.0","2.60","94.89","203.80","1","0","Unscheduled","13.4"
"640","ROTOR-ASSY-00233","ROTOR-ASSY","Rotor assembly and bearing","FlightCritical","18.0","MU-013","MRD-8X","HIGHLND","Highland Operations","4","9/18/2025 12:00:00 AM","1/14/2026 12:00:00 AM","AirframeRetired","118","48","91","78.3667","158.5280","2.0229","150.0","150.0","2.60","52.24","105.69","0","1","Inspection","4.7"
"675","ROTOR-ASSY-00234","ROTOR-ASSY","Rotor assembly and bearing","FlightCritical","18.0","MU-014","MRD-6L","PORT","Port Logistics Hub","1","6/5/2024 12:00:00 AM","10/31/2024 12:00:00 AM","Failure","148","52","123","91.4833","188.6486","2.0621","150.0","150.0","2.60","60.99","125.77","1","0","Unscheduled","9.0"
"676","ROTOR-ASSY-00235","ROTOR-ASSY","Rotor assembly and bearing","FlightCritical","18.0","MU-014","MRD-6L","PORT","Port Logistics Hub","1","10/31/2024 12:00:00 AM","10/22/2024 12:00:00 AM","Failure","-9","0","0","0.0000","0.0000","","150.0","150.0","2.60","0.00","0.00","1","0","Unscheduled","16.6"
"677","ROTOR-ASSY-00236","ROTOR-ASSY","Rotor assembly and bearing","FlightCritical","18.0","MU-014","MRD-6L","PORT","Port Logistics Hub","1","3/17/2025 12:00:00 AM","9/26/2025 12:00:00 AM","Failure","193","85","239","135.5003","270.0123","1.9927","150.0","150.0","2.60","90.33","180.01","1","0","Unscheduled","24.1"
"678","ROTOR-ASSY-00237","ROTOR-ASSY","Rotor assembly and bearing","FlightCritical","18.0","MU-014","MRD-6L","PORT","Port Logistics Hub","1","9/26/2025 12:00:00 AM","5/28/2026 12:00:00 AM","Scheduled","244","89","220","150.0336","299.9976","1.9995","150.0","150.0","2.60","100.02","200.00","0","1","Scheduled","5.9"
"680","ROTOR-ASSY-00239","ROTOR-ASSY","Rotor assembly and bearing","FlightCritical","18.0","MU-014","MRD-6L","PORT","Port Logistics Hub","2","6/5/2024 12:00:00 AM","2/17/2025 12:00:00 AM","Scheduled","257","87","210","150.8666","315.9861","2.0945","150.0","150.0","2.60","100.58","210.66","0","1","Scheduled","5.1"
"681","ROTOR-ASSY-00240","ROTOR-ASSY","Rotor assembly and bearing","FlightCritical","18.0","MU-014","MRD-6L","PORT","Port Logistics Hub","2","2/17/2025 12:00:00 AM","9/23/2025 12:00:00 AM","Scheduled","218","94","268","150.0504","302.1895","2.0139","150.0","150.0","2.60","100.03","201.46","0","1","Scheduled","6.7"
"682","ROTOR-ASSY-00241","ROTOR-ASSY","Rotor assembly and bearing","FlightCritical","18.0","MU-014","MRD-6L","PORT","Port Logistics Hub","2","9/23/2025 12:00:00 AM","5/18/2026 12:00:00 AM","Scheduled","237","89","222","152.0503","303.6330","1.9969","150.0","150.0","2.60","101.37","202.42","0","1","Scheduled","2.8"
"684","ROTOR-ASSY-00243","ROTOR-ASSY","Rotor assembly and bearing","FlightCritical","18.0","MU-014","MRD-6L","PORT","Port Logistics Hub","3","6/5/2024 12:00:00 AM","2/17/2025 12:00:00 AM","Failure","257","87","210","150.8666","315.9861","2.0945","150.0","150.0","2.60","100.58","210.66","1","0","Unscheduled","9.8"
"685","ROTOR-ASSY-00244","ROTOR-ASSY","Rotor assembly and bearing","FlightCritical","18.0","MU-014","MRD-6L","PORT","Port Logistics Hub","3","2/17/2025 12:00:00 AM","9/23/2025 12:00:00 AM","Scheduled","218","94","268","150.0504","302.1895","2.0139","150.0","150.0","2.60","100.03","201.46","0","1","Scheduled","4.5"
"686","ROTOR-ASSY-00245","ROTOR-ASSY","Rotor assembly and bearing","FlightCritical","18.0","MU-014","MRD-6L","PORT","Port Logistics Hub","3","9/23/2025 12:00:00 AM","3/4/2026 12:00:00 AM","Failure","162","63","156","107.9170","217.9614","2.0197","150.0","150.0","2.60","71.94","145.31","1","0","Unscheduled","23.9"
"688","ROTOR-ASSY-00247","ROTOR-ASSY","Rotor assembly and bearing","FlightCritical","18.0","MU-014","MRD-6L","PORT","Port Logistics Hub","4","6/5/2024 12:00:00 AM","2/17/2025 12:00:00 AM","Scheduled","257","87","210","150.8666","315.9861","2.0945","150.0","150.0","2.60","100.58","210.66","0","1","Scheduled","6.9"
"689","ROTOR-ASSY-00248","ROTOR-ASSY","Rotor assembly and bearing","FlightCritical","18.0","MU-014","MRD-6L","PORT","Port Logistics Hub","4","2/17/2025 12:00:00 AM","9/23/2025 12:00:00 AM","Scheduled","218","94","268","150.0504","302.1895","2.0139","150.0","150.0","2.60","100.03","201.46","0","1","Scheduled","8.3"
"690","ROTOR-ASSY-00249","ROTOR-ASSY","Rotor assembly and bearing","FlightCritical","18.0","MU-014","MRD-6L","PORT","Port Logistics Hub","4","9/23/2025 12:00:00 AM","3/23/2026 12:00:00 AM","Failure","181","69","178","117.1170","233.9674","1.9977","150.0","150.0","2.60","78.08","155.98","1","0","Unscheduled","21.5"
"691","ROTOR-ASSY-00250","ROTOR-ASSY","Rotor assembly and bearing","FlightCritical","18.0","MU-014","MRD-6L","PORT","Port Logistics Hub","4","3/23/2026 12:00:00 AM","5/13/2026 12:00:00 AM","Failure","51","16","38","27.2500","57.1327","2.0966","150.0","150.0","2.60","18.17","38.09","1","0","Unscheduled","25.9"
"692","ROTOR-ASSY-00251","ROTOR-ASSY","Rotor assembly and bearing","FlightCritical","18.0","MU-014","MRD-6L","PORT","Port Logistics Hub","4","5/13/2026 12:00:00 AM","8/17/2026 12:00:00 AM","Failure","96","41","109","73.8000","152.6330","2.0682","150.0","150.0","2.60","49.20","101.76","1","0","Unscheduled","15.1"
"731","ROTOR-ASSY-00253","ROTOR-ASSY","Rotor assembly and bearing","FlightCritical","18.0","MU-015","MRD-12H","PORT","Port Logistics Hub","1","7/21/2024 12:00:00 AM","1/28/2025 12:00:00 AM","Scheduled","191","87","225","151.1330","296.6994","1.9632","150.0","150.0","2.60","100.76","197.80","0","1","Scheduled","7.8"
"732","ROTOR-ASSY-00254","ROTOR-ASSY","Rotor assembly and bearing","FlightCritical","18.0","MU-015","MRD-12H","PORT","Port Logistics Hub","1","1/28/2025 12:00:00 AM","9/1/2025 12:00:00 AM","Scheduled","216","86","217","151.3838","301.2881","1.9902","150.0","150.0","2.60","100.92","200.86","0","1","Scheduled","6.2"
"733","ROTOR-ASSY-00255","ROTOR-ASSY","Rotor assembly and bearing","FlightCritical","18.0","MU-015","MRD-12H","PORT","Port Logistics Hub","1","9/1/2025 12:00:00 AM","2/2/2026 12:00:00 AM","Failure","154","60","124","111.0334","223.7886","2.0155","150.0","150.0","2.60","74.02","149.19","1","0","Unscheduled","23.7"
"734","ROTOR-ASSY-00256","ROTOR-ASSY","Rotor assembly and bearing","FlightCritical","18.0","MU-015","MRD-12H","PORT","Port Logistics Hub","1","2/2/2026 12:00:00 AM","9/7/2026 12:00:00 AM","Scheduled","217","80","174","150.0497","295.3155","1.9681","150.0","150.0","2.60","100.03","196.88","0","1","Scheduled","6.6"
"736","ROTOR-ASSY-00258","ROTOR-ASSY","Rotor assembly and bearing","FlightCritical","18.0","MU-015","MRD-12H","PORT","Port Logistics Hub","2","7/21/2024 12:00:00 AM","11/22/2024 12:00:00 AM","Failure","124","63","166","110.3331","219.7655","1.9918","150.0","150.0","2.60","73.56","146.51","1","0","Unscheduled","23.5"
"737","ROTOR-ASSY-00259","ROTOR-ASSY","Rotor assembly and bearing","FlightCritical","18.0","MU-015","MRD-12H","PORT","Port Logistics Hub","2","11/22/2024 12:00:00 AM","7/4/2025 12:00:00 AM","Scheduled","224","85","209","150.3335","297.8378","1.9812","150.0","150.0","2.60","100.22","198.56","0","1","Scheduled","4.7"
"738","ROTOR-ASSY-00260","ROTOR-ASSY","Rotor assembly and bearing","FlightCritical","18.0","MU-015","MRD-12H","PORT","Port Logistics Hub","2","7/4/2025 12:00:00 AM","1/31/2026 12:00:00 AM","Scheduled","211","84","190","151.4669","300.9731","1.9871","150.0","150.0","2.60","100.98","200.65","0","1","Scheduled","4.5"
"739","ROTOR-ASSY-00261","ROTOR-ASSY","Rotor assembly and bearing","FlightCritical","18.0","MU-015","MRD-12H","PORT","Port Logistics Hub","2","1/31/2026 12:00:00 AM","6/20/2026 12:00:00 AM","Failure","140","53","123","98.0831","192.8571","1.9663","150.0","150.0","2.60","65.39","128.57","1","0","Unscheduled","8.5"
"740","ROTOR-ASSY-00262","ROTOR-ASSY","Rotor assembly and bearing","FlightCritical","18.0","MU-015","MRD-12H","PORT","Port Logistics Hub","2","6/20/2026 12:00:00 AM","9/11/2026 12:00:00 AM","Failure","83","31","57","59.1166","117.5108","1.9878","150.0","150.0","2.60","39.41","78.34","1","0","Unscheduled","10.4"
"742","ROTOR-ASSY-00264","ROTOR-ASSY","Rotor assembly and bearing","FlightCritical","18.0","MU-015","MRD-12H","PORT","Port Logistics Hub","3","7/21/2024 12:00:00 AM","1/28/2025 12:00:00 AM","Scheduled","191","87","225","151.1330","296.6994","1.9632","150.0","150.0","2.60","100.76","197.80","0","1","Scheduled","6.5"
"743","ROTOR-ASSY-00265","ROTOR-ASSY","Rotor assembly and bearing","FlightCritical","18.0","MU-015","MRD-12H","PORT","Port Logistics Hub","3","1/28/2025 12:00:00 AM","6/21/2025 12:00:00 AM","Failure","144","54","129","97.6503","195.6275","2.0033","150.0","150.0","2.60","65.10","130.42","1","0","Unscheduled","16.3"
"744","ROTOR-ASSY-00266","ROTOR-ASSY","Rotor assembly and bearing","FlightCritical","18.0","MU-015","MRD-12H","PORT","Port Logistics Hub","3","6/21/2025 12:00:00 AM","11/14/2025 12:00:00 AM","Failure","146","52","127","92.1004","181.5167","1.9709","150.0","150.0","2.60","61.40","121.01","1","0","Unscheduled","21.8"
"745","ROTOR-ASSY-00267","ROTOR-ASSY","Rotor assembly and bearing","FlightCritical","18.0","MU-015","MRD-12H","PORT","Port Logistics Hub","3","11/14/2025 12:00:00 AM","5/27/2026 12:00:00 AM","Scheduled","194","82","188","150.4497","303.5134","2.0174","150.0","150.0","2.60","100.30","202.34","0","1","Scheduled","4.6"
"747","ROTOR-ASSY-00269","ROTOR-ASSY","Rotor assembly and bearing","FlightCritical","18.0","MU-015","MRD-12H","PORT","Port Logistics Hub","4","7/21/2024 12:00:00 AM","10/22/2024 12:00:00 AM","Failure","93","48","141","79.4832","153.2635","1.9283","150.0","150.0","2.60","52.99","102.18","1","0","Unscheduled","15.0"
"748","ROTOR-ASSY-00270","ROTOR-ASSY","Rotor assembly and bearing","FlightCritical","18.0","MU-015","MRD-12H","PORT","Port Logistics Hub","4","10/22/2024 12:00:00 AM","5/20/2025 12:00:00 AM","Scheduled","210","83","190","151.3167","303.7124","2.0071","150.0","150.0","2.60","100.88","202.47","0","1","Scheduled","6.4"
"749","ROTOR-ASSY-00271","ROTOR-ASSY","Rotor assembly and bearing","FlightCritical","18.0","MU-015","MRD-12H","PORT","Port Logistics Hub","4","5/20/2025 12:00:00 AM","12/26/2025 12:00:00 AM","Scheduled","220","84","198","151.5670","300.0772","1.9798","150.0","150.0","2.60","101.04","200.05","0","1","Scheduled","7.8"
"750","ROTOR-ASSY-00272","ROTOR-ASSY","Rotor assembly and bearing","FlightCritical","18.0","MU-015","MRD-12H","PORT","Port Logistics Hub","4","12/26/2025 12:00:00 AM","7/24/2026 12:00:00 AM","Scheduled","210","82","177","152.5997","305.5767","2.0025","150.0","150.0","2.60","101.73","203.72","0","1","Scheduled","4.1"
"788","ROTOR-ASSY-00274","ROTOR-ASSY","Rotor assembly and bearing","FlightCritical","18.0","MU-016","MRD-6L","PORT","Port Logistics Hub","1","4/17/2024 12:00:00 AM","11/2/2024 12:00:00 AM","Scheduled","199","89","237","152.1167","299.0902","1.9662","150.0","150.0","2.60","101.41","199.39","0","1","Scheduled","7.1"
"789","ROTOR-ASSY-00275","ROTOR-ASSY","Rotor assembly and bearing","FlightCritical","18.0","MU-016","MRD-6L","PORT","Port Logistics Hub","1","11/2/2024 12:00:00 AM","6/27/2025 12:00:00 AM","Scheduled","237","83","198","150.7333","311.1238","2.0641","150.0","150.0","2.60","100.49","207.42","0","1","Scheduled","3.1"
"790","ROTOR-ASSY-00276","ROTOR-ASSY","Rotor assembly and bearing","FlightCritical","18.0","MU-016","MRD-6L","PORT","Port Logistics Hub","1","6/27/2025 12:00:00 AM","12/20/2025 12:00:00 AM","Failure","176","71","169","120.1004","240.1679","1.9997","150.0","150.0","2.60","80.07","160.11","1","0","Unscheduled","22.3"
"791","ROTOR-ASSY-00277","ROTOR-ASSY","Rotor assembly and bearing","FlightCritical","18.0","MU-016","MRD-6L","PORT","Port Logistics Hub","1","12/20/2025 12:00:00 AM","5/1/2026 12:00:00 AM","Failure","132","60","149","102.1667","204.7633","2.0042","150.0","150.0","2.60","68.11","136.51","1","0","Unscheduled","11.0"
"792","ROTOR-ASSY-00278","ROTOR-ASSY","Rotor assembly and bearing","FlightCritical","18.0","MU-016","MRD-6L","PORT","Port Logistics Hub","1","5/1/2026 12:00:00 AM","8/8/2026 12:00:00 AM","Failure","99","41","97","74.5499","148.8471","1.9966","150.0","150.0","2.60","49.70","99.23","1","0","Unscheduled","10.1"
"794","ROTOR-ASSY-00280","ROTOR-ASSY","Rotor assembly and bearing","FlightCritical","18.0","MU-016","MRD-6L","PORT","Port Logistics Hub","2","4/17/2024 12:00:00 AM","9/19/2024 12:00:00 AM","Failure","155","64","164","113.1335","222.3584","1.9655","150.0","150.0","2.60","75.42","148.24","1","0","Unscheduled","9.1"
"795","ROTOR-ASSY-00281","ROTOR-ASSY","Rotor assembly and bearing","FlightCritical","18.0","MU-016","MRD-6L","PORT","Port Logistics Hub","2","9/19/2024 12:00:00 AM","11/21/2024 12:00:00 AM","Failure","63","35","98","59.2831","119.9766","2.0238","150.0","150.0","2.60","39.52","79.98","1","0","Unscheduled","18.3"
"796","ROTOR-ASSY-00282","ROTOR-ASSY","Rotor assembly and bearing","FlightCritical","18.0","MU-016","MRD-6L","PORT","Port Logistics Hub","2","11/21/2024 12:00:00 AM","4/16/2025 12:00:00 AM","Failure","146","46","110","81.4333","170.1479","2.0894","150.0","150.0","2.60","54.29","113.43","1","0","Unscheduled","24.6"
"797","ROTOR-ASSY-00283","ROTOR-ASSY","Rotor assembly and bearing","FlightCritical","18.0","MU-016","MRD-6L","PORT","Port Logistics Hub","2","4/16/2025 12:00:00 AM","9/3/2025 12:00:00 AM","Failure","140","54","138","91.7170","180.8508","1.9718","150.0","150.0","2.60","61.14","120.57","1","0","Unscheduled","10.6"
"798","ROTOR-ASSY-00284","ROTOR-ASSY","Rotor assembly and bearing","FlightCritical","18.0","MU-016","MRD-6L","PORT","Port Logistics Hub","2","9/3/2025 12:00:00 AM","3/31/2026 12:00:00 AM","Scheduled","209","89","208","152.6000","306.8353","2.0107","150.0","150.0","2.60","101.73","204.56","0","1","Scheduled","7.4"
"800","ROTOR-ASSY-00286","ROTOR-ASSY","Rotor assembly and bearing","FlightCritical","18.0","MU-016","MRD-6L","PORT","Port Logistics Hub","3","4/17/2024 12:00:00 AM","11/2/2024 12:00:00 AM","Scheduled","199","89","237","152.1167","299.0902","1.9662","150.0","150.0","2.60","101.41","199.39","0","1","Scheduled","3.8"
"801","ROTOR-ASSY-00287","ROTOR-ASSY","Rotor assembly and bearing","FlightCritical","18.0","MU-016","MRD-6L","PORT","Port Logistics Hub","3","11/2/2024 12:00:00 AM","6/27/2025 12:00:00 AM","Scheduled","237","83","198","150.7333","311.1238","2.0641","150.0","150.0","2.60","100.49","207.42","0","1","Scheduled","5.3"
"802","ROTOR-ASSY-00288","ROTOR-ASSY","Rotor assembly and bearing","FlightCritical","18.0","MU-016","MRD-6L","PORT","Port Logistics Hub","3","6/27/2025 12:00:00 AM","2/3/2026 12:00:00 AM","Scheduled","221","91","219","151.0005","305.8042","2.0252","150.0","150.0","2.60","100.67","203.87","0","1","Scheduled","6.2"
"803","ROTOR-ASSY-00289","ROTOR-ASSY","Rotor assembly and bearing","FlightCritical","18.0","MU-016","MRD-6L","PORT","Port Logistics Hub","3","2/3/2026 12:00:00 AM","8/31/2026 12:00:00 AM","Scheduled","209","84","206","150.1665","297.1495","1.9788","150.0","150.0","2.60","100.11","198.10","0","1","Scheduled","3.3"
"805","ROTOR-ASSY-00291","ROTOR-ASSY","Rotor assembly and bearing","FlightCritical","18.0","MU-016","MRD-6L","PORT","Port Logistics Hub","4","4/17/2024 12:00:00 AM","7/18/2024 12:00:00 AM","Failure","92","41","99","74.0002","145.8722","1.9712","150.0","150.0","2.60","49.33","97.25","1","0","Unscheduled","19.4"
"806","ROTOR-ASSY-00292","ROTOR-ASSY","Rotor assembly and bearing","FlightCritical","18.0","MU-016","MRD-6L","PORT","Port Logistics Hub","4","7/18/2024 12:00:00 AM","11/2/2024 12:00:00 AM","Failure","107","48","138","78.1165","153.2180","1.9614","150.0","150.0","2.60","52.08","102.15","1","0","Unscheduled","26.4"
"807","ROTOR-ASSY-00293","ROTOR-ASSY","Rotor assembly and bearing","FlightCritical","18.0","MU-016","MRD-6L","PORT","Port Logistics Hub","4","11/2/2024 12:00:00 AM","5/30/2025 12:00:00 AM","Failure","209","74","174","135.8333","283.5631","2.0876","150.0","150.0","2.60","90.56","189.04","1","0","Unscheduled","22.5"
"808","ROTOR-ASSY-00294","ROTOR-ASSY","Rotor assembly and bearing","FlightCritical","18.0","MU-016","MRD-6L","PORT","Port Logistics Hub","4","5/30/2025 12:00:00 AM","1/13/2026 12:00:00 AM","Scheduled","228","90","220","150.4837","300.9551","1.9999","150.0","150.0","2.60","100.32","200.64","0","1","Scheduled","5.1"
"809","ROTOR-ASSY-00295","ROTOR-ASSY","Rotor assembly and bearing","FlightCritical","18.0","MU-016","MRD-6L","PORT","Port Logistics Hub","4","1/13/2026 12:00:00 AM","6/6/2026 12:00:00 AM","Failure","144","61","146","108.2501","215.7718","1.9933","150.0","150.0","2.60","72.17","143.85","1","0","Unscheduled","14.9"
"834","ROTOR-ASSY-00297","ROTOR-ASSY","Rotor assembly and bearing","FlightCritical","18.0","MU-017","MRD-12H","COASTAL","Coastal Survey Base","1","7/30/2024 12:00:00 AM","4/19/2025 12:00:00 AM","Scheduled","263","100","219","150.5834","171.2868","1.1375","150.0","150.0","2.60","100.39","114.19","0","1","Scheduled","4.1"
"835","ROTOR-ASSY-00298","ROTOR-ASSY","Rotor assembly and bearing","FlightCritical","18.0","MU-017","MRD-12H","COASTAL","Coastal Survey Base","1","4/19/2025 12:00:00 AM","12/18/2025 12:00:00 AM","Scheduled","243","96","218","151.8663","169.8130","1.1182","150.0","150.0","2.60","101.24","113.21","0","1","Scheduled","5.1"
"836","ROTOR-ASSY-00299","ROTOR-ASSY","Rotor assembly and bearing","FlightCritical","18.0","MU-017","MRD-12H","COASTAL","Coastal Survey Base","1","12/18/2025 12:00:00 AM","3/30/2026 12:00:00 AM","AirframeRetired","102","47","96","72.1336","79.4156","1.1010","150.0","150.0","2.60","48.09","52.94","0","1","Inspection","4.5"
"837","ROTOR-ASSY-00300","ROTOR-ASSY","Rotor assembly and bearing","FlightCritical","18.0","MU-017","MRD-12H","COASTAL","Coastal Survey Base","2","7/30/2024 12:00:00 AM","4/19/2025 12:00:00 AM","Scheduled","263","100","219","150.5834","171.2868","1.1375","150.0","150.0","2.60","100.39","114.19","0","1","Scheduled","4.1"
"838","ROTOR-ASSY-00301","ROTOR-ASSY","Rotor assembly and bearing","FlightCritical","18.0","MU-017","MRD-12H","COASTAL","Coastal Survey Base","2","4/19/2025 12:00:00 AM","12/18/2025 12:00:00 AM","Scheduled","243","96","218","151.8663","169.8130","1.1182","150.0","150.0","2.60","101.24","113.21","0","1","Scheduled","5.9"
"839","ROTOR-ASSY-00302","ROTOR-ASSY","Rotor assembly and bearing","FlightCritical","18.0","MU-017","MRD-12H","COASTAL","Coastal Survey Base","2","12/18/2025 12:00:00 AM","3/30/2026 12:00:00 AM","AirframeRetired","102","47","96","72.1336","79.4156","1.1010","150.0","150.0","2.60","48.09","52.94","0","1","Inspection","3.4"
"840","ROTOR-ASSY-00303","ROTOR-ASSY","Rotor assembly and bearing","FlightCritical","18.0","MU-017","MRD-12H","COASTAL","Coastal Survey Base","3","7/30/2024 12:00:00 AM","4/19/2025 12:00:00 AM","Scheduled","263","100","219","150.5834","171.2868","1.1375","150.0","150.0","2.60","100.39","114.19","0","1","Scheduled","5.7"
"841","ROTOR-ASSY-00304","ROTOR-ASSY","Rotor assembly and bearing","FlightCritical","18.0","MU-017","MRD-12H","COASTAL","Coastal Survey Base","3","4/19/2025 12:00:00 AM","12/18/2025 12:00:00 AM","Scheduled","243","96","218","151.8663","169.8130","1.1182","150.0","150.0","2.60","101.24","113.21","0","1","Scheduled","6.0"
"842","ROTOR-ASSY-00305","ROTOR-ASSY","Rotor assembly and bearing","FlightCritical","18.0","MU-017","MRD-12H","COASTAL","Coastal Survey Base","3","12/18/2025 12:00:00 AM","3/30/2026 12:00:00 AM","AirframeRetired","102","47","96","72.1336","79.4156","1.1010","150.0","150.0","2.60","48.09","52.94","0","1","Inspection","8.3"
"843","ROTOR-ASSY-00306","ROTOR-ASSY","Rotor assembly and bearing","FlightCritical","18.0","MU-017","MRD-12H","COASTAL","Coastal Survey Base","4","7/30/2024 12:00:00 AM","4/19/2025 12:00:00 AM","Scheduled","263","100","219","150.5834","171.2868","1.1375","150.0","150.0","2.60","100.39","114.19","0","1","Scheduled","7.4"
"844","ROTOR-ASSY-00307","ROTOR-ASSY","Rotor assembly and bearing","FlightCritical","18.0","MU-017","MRD-12H","COASTAL","Coastal Survey Base","4","4/19/2025 12:00:00 AM","12/18/2025 12:00:00 AM","Scheduled","243","96","218","151.8663","169.8130","1.1182","150.0","150.0","2.60","101.24","113.21","0","1","Scheduled","6.6"
"845","ROTOR-ASSY-00308","ROTOR-ASSY","Rotor assembly and bearing","FlightCritical","18.0","MU-017","MRD-12H","COASTAL","Coastal Survey Base","4","12/18/2025 12:00:00 AM","3/30/2026 12:00:00 AM","AirframeRetired","102","47","96","72.1336","79.4156","1.1010","150.0","150.0","2.60","48.09","52.94","0","1","Inspection","4.5"
"887","ROTOR-ASSY-00309","ROTOR-ASSY","Rotor assembly and bearing","FlightCritical","18.0","MU-018","MRD-12H","HIGHLND","Highland Operations","1","2/13/2024 12:00:00 AM","9/6/2024 12:00:00 AM","Scheduled","206","88","151","151.4833","323.6434","2.1365","150.0","150.0","2.60","100.99","215.76","0","1","Scheduled","3.7"
"888","ROTOR-ASSY-00310","ROTOR-ASSY","Rotor assembly and bearing","FlightCritical","18.0","MU-018","MRD-12H","HIGHLND","Highland Operations","1","9/6/2024 12:00:00 AM","4/18/2025 12:00:00 AM","Failure","224","84","168","146.5995","320.4206","2.1857","150.0","150.0","2.60","97.73","213.61","1","0","Unscheduled","8.4"
"889","ROTOR-ASSY-00311","ROTOR-ASSY","Rotor assembly and bearing","FlightCritical","18.0","MU-018","MRD-12H","HIGHLND","Highland Operations","1","4/18/2025 12:00:00 AM","9/11/2025 12:00:00 AM","Failure","146","52","95","84.6164","182.6094","2.1581","150.0","150.0","2.60","56.41","121.74","1","0","Unscheduled","23.1"
"890","ROTOR-ASSY-00312","ROTOR-ASSY","Rotor assembly and bearing","FlightCritical","18.0","MU-018","MRD-12H","HIGHLND","Highland Operations","1","9/11/2025 12:00:00 AM","4/28/2026 12:00:00 AM","Scheduled","229","88","154","151.0672","325.7515","2.1563","150.0","150.0","2.60","100.71","217.17","0","1","Scheduled","4.5"
"892","ROTOR-ASSY-00314","ROTOR-ASSY","Rotor assembly and bearing","FlightCritical","18.0","MU-018","MRD-12H","HIGHLND","Highland Operations","2","2/13/2024 12:00:00 AM","9/6/2024 12:00:00 AM","Scheduled","206","88","151","151.4833","323.6434","2.1365","150.0","150.0","2.60","100.99","215.76","0","1","Scheduled","5.0"
"893","ROTOR-ASSY-00315","ROTOR-ASSY","Rotor assembly and bearing","FlightCritical","18.0","MU-018","MRD-12H","HIGHLND","Highland Operations","2","9/6/2024 12:00:00 AM","4/30/2025 12:00:00 AM","Scheduled","236","87","173","151.4328","330.1818","2.1804","150.0","150.0","2.60","100.96","220.12","0","1","Scheduled","4.6"
"894","ROTOR-ASSY-00316","ROTOR-ASSY","Rotor assembly and bearing","FlightCritical","18.0","MU-018","MRD-12H","HIGHLND","Highland Operations","2","4/30/2025 12:00:00 AM","8/21/2025 12:00:00 AM","Failure","113","43","78","70.6165","152.4218","2.1584","150.0","150.0","2.60","47.08","101.61","1","0","Unscheduled","16.9"
"895","ROTOR-ASSY-00317","ROTOR-ASSY","Rotor assembly and bearing","FlightCritical","18.0","MU-018","MRD-12H","HIGHLND","Highland Operations","2","8/21/2025 12:00:00 AM","4/13/2026 12:00:00 AM","Scheduled","235","89","150","150.9504","325.6181","2.1571","150.0","150.0","2.60","100.63","217.08","0","1","Scheduled","7.0"
"896","ROTOR-ASSY-00318","ROTOR-ASSY","Rotor assembly and bearing","FlightCritical","18.0","MU-018","MRD-12H","HIGHLND","Highland Operations","2","4/13/2026 12:00:00 AM","8/22/2026 12:00:00 AM","Failure","131","39","83","65.2669","140.7963","2.1572","150.0","150.0","2.60","43.51","93.86","1","0","Unscheduled","19.5"
"898","ROTOR-ASSY-00320","ROTOR-ASSY","Rotor assembly and bearing","FlightCritical","18.0","MU-018","MRD-12H","HIGHLND","Highland Operations","3","2/13/2024 12:00:00 AM","5/13/2024 12:00:00 AM","Failure","90","47","73","81.3833","169.6990","2.0852","150.0","150.0","2.60","54.26","113.13","1","0","Unscheduled","26.5"
"899","ROTOR-ASSY-00321","ROTOR-ASSY","Rotor assembly and bearing","FlightCritical","18.0","MU-018","MRD-12H","HIGHLND","Highland Operations","3","5/13/2024 12:00:00 AM","1/14/2025 12:00:00 AM","Scheduled","246","86","166","150.9330","336.5139","2.2296","150.0","150.0","2.60","100.62","224.34","0","1","Scheduled","3.9"
"900","ROTOR-ASSY-00322","ROTOR-ASSY","Rotor assembly and bearing","FlightCritical","18.0","MU-018","MRD-12H","HIGHLND","Highland Operations","3","1/14/2025 12:00:00 AM","9/11/2025 12:00:00 AM","Scheduled","240","91","175","150.3829","320.4605","2.1310","150.0","150.0","2.60","100.26","213.64","0","1","Scheduled","4.8"
"901","ROTOR-ASSY-00323","ROTOR-ASSY","Rotor assembly and bearing","FlightCritical","18.0","MU-018","MRD-12H","HIGHLND","Highland Operations","3","9/11/2025 12:00:00 AM","1/2/2026 12:00:00 AM","Failure","113","41","70","70.7337","154.5773","2.1853","150.0","150.0","2.60","47.16","103.05","1","0","Unscheduled","17.2"
"902","ROTOR-ASSY-00324","ROTOR-ASSY","Rotor assembly and bearing","FlightCritical","18.0","MU-018","MRD-12H","HIGHLND","Highland Operations","3","1/2/2026 12:00:00 AM","2/13/2026 12:00:00 AM","Failure","42","17","30","29.2834","64.6556","2.2079","150.0","150.0","2.60","19.52","43.10","1","0","Unscheduled","17.8"
"904","ROTOR-ASSY-00326","ROTOR-ASSY","Rotor assembly and bearing","FlightCritical","18.0","MU-018","MRD-12H","HIGHLND","Highland Operations","4","2/13/2024 12:00:00 AM","6/20/2024 12:00:00 AM","Failure","128","64","102","108.8165","229.9879","2.1135","150.0","150.0","2.60","72.54","153.33","1","0","Unscheduled","25.9"
"905","ROTOR-ASSY-00327","ROTOR-ASSY","Rotor assembly and bearing","FlightCritical","18.0","MU-018","MRD-12H","HIGHLND","Highland Operations","4","6/20/2024 12:00:00 AM","12/5/2024 12:00:00 AM","Failure","168","54","110","95.2665","211.4542","2.2196","150.0","150.0","2.60","63.51","140.97","1","0","Unscheduled","25.6"
"906","ROTOR-ASSY-00328","ROTOR-ASSY","Rotor assembly and bearing","FlightCritical","18.0","MU-018","MRD-12H","HIGHLND","Highland Operations","4","12/5/2024 12:00:00 AM","6/21/2025 12:00:00 AM","Failure","198","75","145","128.9331","281.0216","2.1796","150.0","150.0","2.60","85.96","187.35","1","0","Unscheduled","10.2"
"907","ROTOR-ASSY-00329","ROTOR-ASSY","Rotor assembly and bearing","FlightCritical","18.0","MU-018","MRD-12H","HIGHLND","Highland Operations","4","6/21/2025 12:00:00 AM","1/17/2026 12:00:00 AM","Failure","210","78","138","129.4669","279.6208","2.1598","150.0","150.0","2.60","86.31","186.41","1","0","Unscheduled","24.4"
"908","ROTOR-ASSY-00330","ROTOR-ASSY","Rotor assembly and bearing","FlightCritical","18.0","MU-018","MRD-12H","HIGHLND","Highland Operations","4","1/17/2026 12:00:00 AM","7/23/2026 12:00:00 AM","Failure","187","66","120","113.7003","241.5203","2.1242","150.0","150.0","2.60","75.80","161.01","1","0","Unscheduled","15.6"
"952","ROTOR-ASSY-00332","ROTOR-ASSY","Rotor assembly and bearing","FlightCritical","18.0","MU-019","MRD-8X","PORT","Port Logistics Hub","1","1/12/2024 12:00:00 AM","5/22/2024 12:00:00 AM","Failure","131","53","162","84.2166","162.0927","1.9247","150.0","150.0","2.60","56.14","108.06","1","0","Unscheduled","16.9"
"953","ROTOR-ASSY-00333","ROTOR-ASSY","Rotor assembly and bearing","FlightCritical","18.0","MU-019","MRD-8X","PORT","Port Logistics Hub","1","5/22/2024 12:00:00 AM","12/7/2024 12:00:00 AM","Failure","199","79","217","139.7500","287.2759","2.0556","150.0","150.0","2.60","93.17","191.52","1","0","Unscheduled","10.1"
"954","ROTOR-ASSY-00334","ROTOR-ASSY","Rotor assembly and bearing","FlightCritical","18.0","MU-019","MRD-8X","PORT","Port Logistics Hub","1","12/7/2024 12:00:00 AM","5/28/2025 12:00:00 AM","Failure","172","67","156","116.9167","235.9748","2.0183","150.0","150.0","2.60","77.94","157.32","1","0","Unscheduled","10.8"
"955","ROTOR-ASSY-00335","ROTOR-ASSY","Rotor assembly and bearing","FlightCritical","18.0","MU-019","MRD-8X","PORT","Port Logistics Hub","1","5/28/2025 12:00:00 AM","12/20/2025 12:00:00 AM","Scheduled","206","87","257","151.6166","301.5541","1.9889","150.0","150.0","2.60","101.08","201.04","0","1","Scheduled","6.8"
"956","ROTOR-ASSY-00336","ROTOR-ASSY","Rotor assembly and bearing","FlightCritical","18.0","MU-019","MRD-8X","PORT","Port Logistics Hub","1","12/20/2025 12:00:00 AM","7/10/2026 12:00:00 AM","Failure","202","81","206","139.0664","278.5121","2.0027","150.0","150.0","2.60","92.71","185.67","1","0","Unscheduled","8.8"
"958","ROTOR-ASSY-00338","ROTOR-ASSY","Rotor assembly and bearing","FlightCritical","18.0","MU-019","MRD-8X","PORT","Port Logistics Hub","2","1/12/2024 12:00:00 AM","7/1/2024 12:00:00 AM","Failure","171","71","218","117.1332","230.4175","1.9671","150.0","150.0","2.60","78.09","153.61","1","0","Unscheduled","20.1"
"959","ROTOR-ASSY-00339","ROTOR-ASSY","Rotor assembly and bearing","FlightCritical","18.0","MU-019","MRD-8X","PORT","Port Logistics Hub","2","7/1/2024 12:00:00 AM","12/27/2024 12:00:00 AM","Failure","179","70","178","122.8668","253.0588","2.0596","150.0","150.0","2.60","81.91","168.71","1","0","Unscheduled","24.7"
"960","ROTOR-ASSY-00340","ROTOR-ASSY","Rotor assembly and bearing","FlightCritical","18.0","MU-019","MRD-8X","PORT","Port Logistics Hub","2","12/27/2024 12:00:00 AM","7/11/2025 12:00:00 AM","Failure","196","74","185","128.0499","254.8696","1.9904","150.0","150.0","2.60","85.37","169.91","1","0","Unscheduled","21.6"
"961","ROTOR-ASSY-00341","ROTOR-ASSY","Rotor assembly and bearing","FlightCritical","18.0","MU-019","MRD-8X","PORT","Port Logistics Hub","2","7/11/2025 12:00:00 AM","1/27/2026 12:00:00 AM","Scheduled","200","86","242","152.0333","306.4993","2.0160","150.0","150.0","2.60","101.36","204.33","0","1","Scheduled","8.5"
"962","ROTOR-ASSY-00342","ROTOR-ASSY","Rotor assembly and bearing","FlightCritical","18.0","MU-019","MRD-8X","PORT","Port Logistics Hub","2","1/27/2026 12:00:00 AM","9/12/2026 12:00:00 AM","Scheduled","228","91","250","150.4830","294.4457","1.9567","150.0","150.0","2.60","100.32","196.30","0","1","Scheduled","7.4"
"964","ROTOR-ASSY-00344","ROTOR-ASSY","Rotor assembly and bearing","FlightCritical","18.0","MU-019","MRD-8X","PORT","Port Logistics Hub","3","1/12/2024 12:00:00 AM","8/12/2024 12:00:00 AM","Scheduled","213","88","260","150.4166","298.0407","1.9814","150.0","150.0","2.60","100.28","198.69","0","1","Scheduled","8.2"
"965","ROTOR-ASSY-00345","ROTOR-ASSY","Rotor assembly and bearing","FlightCritical","18.0","MU-019","MRD-8X","PORT","Port Logistics Hub","3","8/12/2024 12:00:00 AM","12/14/2024 12:00:00 AM","Failure","124","47","122","78.9167","163.4273","2.0709","150.0","150.0","2.60","52.61","108.95","1","0","Unscheduled","11.1"
"966","ROTOR-ASSY-00346","ROTOR-ASSY","Rotor assembly and bearing","FlightCritical","18.0","MU-019","MRD-8X","PORT","Port Logistics Hub","3","12/14/2024 12:00:00 AM","7/30/2025 12:00:00 AM","Scheduled","228","87","223","150.8332","300.9128","1.9950","150.0","150.0","2.60","100.56","200.61","0","1","Scheduled","4.8"
"967","ROTOR-ASSY-00347","ROTOR-ASSY","Rotor assembly and bearing","FlightCritical","18.0","MU-019","MRD-8X","PORT","Port Logistics Hub","3","7/30/2025 12:00:00 AM","2/10/2026 12:00:00 AM","Scheduled","195","85","232","150.4667","304.8286","2.0259","150.0","150.0","2.60","100.31","203.22","0","1","Scheduled","5.4"
"968","ROTOR-ASSY-00348","ROTOR-ASSY","Rotor assembly and bearing","FlightCritical","18.0","MU-019","MRD-8X","PORT","Port Logistics Hub","3","2/10/2026 12:00:00 AM","9/26/2026 12:00:00 AM","Scheduled","228","92","249","151.3497","291.2150","1.9241","150.0","150.0","2.60","100.90","194.14","0","1","Scheduled","5.3"
"970","ROTOR-ASSY-00350","ROTOR-ASSY","Rotor assembly and bearing","FlightCritical","18.0","MU-019","MRD-8X","PORT","Port Logistics Hub","4","1/12/2024 12:00:00 AM","8/12/2024 12:00:00 AM","Scheduled","213","88","260","150.4166","298.0407","1.9814","150.0","150.0","2.60","100.28","198.69","0","1","Scheduled","3.8"
"971","ROTOR-ASSY-00351","ROTOR-ASSY","Rotor assembly and bearing","FlightCritical","18.0","MU-019","MRD-8X","PORT","Port Logistics Hub","4","8/12/2024 12:00:00 AM","8/3/2024 12:00:00 AM","Scheduled","-9","0","0","0.0000","0.0000","","150.0","150.0","2.60","0.00","0.00","0","1","Scheduled","4.4"
"972","ROTOR-ASSY-00352","ROTOR-ASSY","Rotor assembly and bearing","FlightCritical","18.0","MU-019","MRD-8X","PORT","Port Logistics Hub","4","4/1/2025 12:00:00 AM","11/4/2025 12:00:00 AM","Failure","217","90","257","154.1831","310.6710","2.0149","150.0","150.0","2.60","102.79","207.11","1","0","Unscheduled","14.9"
"973","ROTOR-ASSY-00353","ROTOR-ASSY","Rotor assembly and bearing","FlightCritical","18.0","MU-019","MRD-8X","PORT","Port Logistics Hub","4","11/4/2025 12:00:00 AM","5/23/2026 12:00:00 AM","Scheduled","200","86","218","150.2498","299.0205","1.9902","150.0","150.0","2.60","100.17","199.35","0","1","Scheduled","7.7"
"1010","ROTOR-ASSY-00355","ROTOR-ASSY","Rotor assembly and bearing","FlightCritical","18.0","MU-020","MRD-8X","HIGHLND","Highland Operations","1","4/18/2024 12:00:00 AM","10/19/2024 12:00:00 AM","Failure","184","67","107","110.6666","251.9130","2.2763","150.0","150.0","2.60","73.78","167.94","1","0","Unscheduled","23.6"
"1011","ROTOR-ASSY-00356","ROTOR-ASSY","Rotor assembly and bearing","FlightCritical","18.0","MU-020","MRD-8X","HIGHLND","Highland Operations","1","10/19/2024 12:00:00 AM","7/9/2025 12:00:00 AM","Scheduled","263","87","163","151.6666","321.0372","2.1167","150.0","150.0","2.60","101.11","214.02","0","1","Scheduled","3.6"
"1012","ROTOR-ASSY-00357","ROTOR-ASSY","Rotor assembly and bearing","FlightCritical","18.0","MU-020","MRD-8X","HIGHLND","Highland Operations","1","7/9/2025 12:00:00 AM","10/31/2025 12:00:00 AM","Failure","114","51","95","89.7501","184.9810","2.0611","150.0","150.0","2.60","59.83","123.32","1","0","Unscheduled","22.7"
"1013","ROTOR-ASSY-00358","ROTOR-ASSY","Rotor assembly and bearing","FlightCritical","18.0","MU-020","MRD-8X","HIGHLND","Highland Operations","1","10/31/2025 12:00:00 AM","7/3/2026 12:00:00 AM","Scheduled","245","89","197","154.8498","327.2894","2.1136","150.0","150.0","2.60","103.23","218.19","0","1","Scheduled","6.7"
"1015","ROTOR-ASSY-00360","ROTOR-ASSY","Rotor assembly and bearing","FlightCritical","18.0","MU-020","MRD-8X","HIGHLND","Highland Operations","2","4/18/2024 12:00:00 AM","11/23/2024 12:00:00 AM","Failure","219","79","136","135.0832","304.2032","2.2520","150.0","150.0","2.60","90.06","202.80","1","0","Unscheduled","25.1"
"1016","ROTOR-ASSY-00361","ROTOR-ASSY","Rotor assembly and bearing","FlightCritical","18.0","MU-020","MRD-8X","HIGHLND","Highland Operations","2","11/23/2024 12:00:00 AM","8/9/2025 12:00:00 AM","Scheduled","259","90","158","151.5835","315.4867","2.0813","150.0","150.0","2.60","101.06","210.32","0","1","Scheduled","3.9"
"1017","ROTOR-ASSY-00362","ROTOR-ASSY","Rotor assembly and bearing","FlightCritical","18.0","MU-020","MRD-8X","HIGHLND","Highland Operations","2","8/9/2025 12:00:00 AM","3/21/2026 12:00:00 AM","Scheduled","224","85","179","150.8165","322.1844","2.1363","150.0","150.0","2.60","100.54","214.79","0","1","Scheduled","3.7"
"1019","ROTOR-ASSY-00364","ROTOR-ASSY","Rotor assembly and bearing","FlightCritical","18.0","MU-020","MRD-8X","HIGHLND","Highland Operations","3","4/18/2024 12:00:00 AM","12/20/2024 12:00:00 AM","Scheduled","246","90","154","153.0499","337.1806","2.2031","150.0","150.0","2.60","102.03","224.79","0","1","Scheduled","8.2"
"1020","ROTOR-ASSY-00365","ROTOR-ASSY","Rotor assembly and bearing","FlightCritical","18.0","MU-020","MRD-8X","HIGHLND","Highland Operations","3","12/20/2024 12:00:00 AM","8/26/2025 12:00:00 AM","Scheduled","249","89","163","150.5502","316.7481","2.1039","150.0","150.0","2.60","100.37","211.17","0","1","Scheduled","5.7"
"1021","ROTOR-ASSY-00366","ROTOR-ASSY","Rotor assembly and bearing","FlightCritical","18.0","MU-020","MRD-8X","HIGHLND","Highland Operations","3","8/26/2025 12:00:00 AM","11/15/2025 12:00:00 AM","Failure","81","27","50","50.8499","109.3897","2.1512","150.0","150.0","2.60","33.90","72.93","1","0","Unscheduled","16.6"
"1022","ROTOR-ASSY-00367","ROTOR-ASSY","Rotor assembly and bearing","FlightCritical","18.0","MU-020","MRD-8X","HIGHLND","Highland Operations","3","11/15/2025 12:00:00 AM","6/6/2026 12:00:00 AM","Failure","203","77","173","131.7997","274.5770","2.0833","150.0","150.0","2.60","87.87","183.05","1","0","Unscheduled","18.6"
"1024","ROTOR-ASSY-00369","ROTOR-ASSY","Rotor assembly and bearing","FlightCritical","18.0","MU-020","MRD-8X","HIGHLND","Highland Operations","4","4/18/2024 12:00:00 AM","12/20/2024 12:00:00 AM","Scheduled","246","90","154","153.0499","337.1806","2.2031","150.0","150.0","2.60","102.03","224.79","0","1","Scheduled","6.5"
"1025","ROTOR-ASSY-00370","ROTOR-ASSY","Rotor assembly and bearing","FlightCritical","18.0","MU-020","MRD-8X","HIGHLND","Highland Operations","4","12/20/2024 12:00:00 AM","8/20/2025 12:00:00 AM","Failure","243","84","151","142.7002","302.7304","2.1214","150.0","150.0","2.60","95.13","201.82","1","0","Unscheduled","14.1"
"1026","ROTOR-ASSY-00371","ROTOR-ASSY","Rotor assembly and bearing","FlightCritical","18.0","MU-020","MRD-8X","HIGHLND","Highland Operations","4","8/20/2025 12:00:00 AM","4/8/2026 12:00:00 AM","Scheduled","231","86","180","153.6997","320.9946","2.0885","150.0","150.0","2.60","102.47","214.00","0","1","Scheduled","6.2"
"1027","ROTOR-ASSY-00372","ROTOR-ASSY","Rotor assembly and bearing","FlightCritical","18.0","MU-020","MRD-8X","HIGHLND","Highland Operations","4","4/8/2026 12:00:00 AM","8/27/2026 12:00:00 AM","Failure","141","55","116","92.5164","202.0739","2.1842","150.0","150.0","2.60","61.68","134.72","1","0","Unscheduled","11.2"
"1053","ROTOR-ASSY-00374","ROTOR-ASSY","Rotor assembly and bearing","FlightCritical","18.0","MU-021","MRD-8X","ACADEMY","Training Academy","1","1/8/2024 12:00:00 AM","2/27/2025 12:00:00 AM","Scheduled","416","154","1263","151.2666","287.6368","1.9015","150.0","150.0","2.60","100.84","191.76","0","1","Scheduled","6.8"
"1054","ROTOR-ASSY-00375","ROTOR-ASSY","Rotor assembly and bearing","FlightCritical","18.0","MU-021","MRD-8X","ACADEMY","Training Academy","1","2/27/2025 12:00:00 AM","3/11/2026 12:00:00 AM","Scheduled","377","149","1207","150.2495","279.8219","1.8624","150.0","150.0","2.60","100.17","186.55","0","1","Scheduled","4.7"
"1056","ROTOR-ASSY-00377","ROTOR-ASSY","Rotor assembly and bearing","FlightCritical","18.0","MU-021","MRD-8X","ACADEMY","Training Academy","2","1/8/2024 12:00:00 AM","2/27/2025 12:00:00 AM","Scheduled","416","154","1263","151.2666","287.6368","1.9015","150.0","150.0","2.60","100.84","191.76","0","1","Scheduled","4.2"
"1057","ROTOR-ASSY-00378","ROTOR-ASSY","Rotor assembly and bearing","FlightCritical","18.0","MU-021","MRD-8X","ACADEMY","Training Academy","2","2/27/2025 12:00:00 AM","5/31/2025 12:00:00 AM","Failure","93","37","265","39.3999","67.7189","1.7188","150.0","150.0","2.60","26.27","45.15","1","0","Unscheduled","9.3"
"1058","ROTOR-ASSY-00379","ROTOR-ASSY","Rotor assembly and bearing","FlightCritical","18.0","MU-021","MRD-8X","ACADEMY","Training Academy","2","5/31/2025 12:00:00 AM","4/27/2026 12:00:00 AM","Failure","331","128","1067","127.2330","242.1669","1.9033","150.0","150.0","2.60","84.82","161.44","1","0","Unscheduled","19.5"
"1060","ROTOR-ASSY-00381","ROTOR-ASSY","Rotor assembly and bearing","FlightCritical","18.0","MU-021","MRD-8X","ACADEMY","Training Academy","3","1/8/2024 12:00:00 AM","1/17/2025 12:00:00 AM","Failure","375","142","1170","139.7833","266.4261","1.9060","150.0","150.0","2.60","93.19","177.62","1","0","Unscheduled","15.6"
"1061","ROTOR-ASSY-00382","ROTOR-ASSY","Rotor assembly and bearing","FlightCritical","18.0","MU-021","MRD-8X","ACADEMY","Training Academy","3","1/17/2025 12:00:00 AM","2/10/2026 12:00:00 AM","Scheduled","389","151","1213","151.5330","281.5059","1.8577","150.0","150.0","2.60","101.02","187.67","0","1","Scheduled","8.0"
"1063","ROTOR-ASSY-00384","ROTOR-ASSY","Rotor assembly and bearing","FlightCritical","18.0","MU-021","MRD-8X","ACADEMY","Training Academy","4","1/8/2024 12:00:00 AM","2/27/2025 12:00:00 AM","Scheduled","416","154","1263","151.2666","287.6368","1.9015","150.0","150.0","2.60","100.84","191.76","0","1","Scheduled","5.3"
"1064","ROTOR-ASSY-00385","ROTOR-ASSY","Rotor assembly and bearing","FlightCritical","18.0","MU-021","MRD-8X","ACADEMY","Training Academy","4","2/27/2025 12:00:00 AM","3/11/2026 12:00:00 AM","Scheduled","377","149","1207","150.2495","279.8219","1.8624","150.0","150.0","2.60","100.17","186.55","0","1","Scheduled","3.8"
"1096","ROTOR-ASSY-00387","ROTOR-ASSY","Rotor assembly and bearing","FlightCritical","18.0","MU-022","MRD-6L","COASTAL","Coastal Survey Base","1","3/10/2024 12:00:00 AM","11/13/2024 12:00:00 AM","Scheduled","248","94","186","151.6001","174.1465","1.1487","150.0","150.0","2.60","101.07","116.10","0","1","Scheduled","7.6"
"1097","ROTOR-ASSY-00388","ROTOR-ASSY","Rotor assembly and bearing","FlightCritical","18.0","MU-022","MRD-6L","COASTAL","Coastal Survey Base","1","11/13/2024 12:00:00 AM","5/31/2025 12:00:00 AM","Failure","199","96","215","142.5000","171.3043","1.2021","150.0","150.0","2.60","95.00","114.20","1","0","Unscheduled","18.1"
"1098","ROTOR-ASSY-00389","ROTOR-ASSY","Rotor assembly and bearing","FlightCritical","18.0","MU-022","MRD-6L","COASTAL","Coastal Survey Base","1","5/31/2025 12:00:00 AM","1/27/2026 12:00:00 AM","Scheduled","241","94","213","150.0164","179.7549","1.1982","150.0","150.0","2.60","100.01","119.84","0","1","Scheduled","2.8"
"1100","ROTOR-ASSY-00391","ROTOR-ASSY","Rotor assembly and bearing","FlightCritical","18.0","MU-022","MRD-6L","COASTAL","Coastal Survey Base","2","3/10/2024 12:00:00 AM","11/13/2024 12:00:00 AM","Scheduled","248","94","186","151.6001","174.1465","1.1487","150.0","150.0","2.60","101.07","116.10","0","1","Scheduled","8.1"
"1101","ROTOR-ASSY-00392","ROTOR-ASSY","Rotor assembly and bearing","FlightCritical","18.0","MU-022","MRD-6L","COASTAL","Coastal Survey Base","2","11/13/2024 12:00:00 AM","6/14/2025 12:00:00 AM","Scheduled","213","102","230","151.0167","184.1506","1.2194","150.0","150.0","2.60","100.68","122.77","0","1","Scheduled","7.5"
"1102","ROTOR-ASSY-00393","ROTOR-ASSY","Rotor assembly and bearing","FlightCritical","18.0","MU-022","MRD-6L","COASTAL","Coastal Survey Base","2","6/14/2025 12:00:00 AM","2/10/2026 12:00:00 AM","Scheduled","241","95","210","151.1497","176.7986","1.1697","150.0","150.0","2.60","100.77","117.87","0","1","Scheduled","7.0"
"1104","ROTOR-ASSY-00395","ROTOR-ASSY","Rotor assembly and bearing","FlightCritical","18.0","MU-022","MRD-6L","COASTAL","Coastal Survey Base","3","3/10/2024 12:00:00 AM","11/13/2024 12:00:00 AM","Scheduled","248","94","186","151.6001","174.1465","1.1487","150.0","150.0","2.60","101.07","116.10","0","1","Scheduled","4.4"
"1105","ROTOR-ASSY-00396","ROTOR-ASSY","Rotor assembly and bearing","FlightCritical","18.0","MU-022","MRD-6L","COASTAL","Coastal Survey Base","3","11/13/2024 12:00:00 AM","6/14/2025 12:00:00 AM","Scheduled","213","102","230","151.0167","184.1506","1.2194","150.0","150.0","2.60","100.68","122.77","0","1","Scheduled","7.7"
"1106","ROTOR-ASSY-00397","ROTOR-ASSY","Rotor assembly and bearing","FlightCritical","18.0","MU-022","MRD-6L","COASTAL","Coastal Survey Base","3","6/14/2025 12:00:00 AM","2/10/2026 12:00:00 AM","Scheduled","241","95","210","151.1497","176.7986","1.1697","150.0","150.0","2.60","100.77","117.87","0","1","Scheduled","6.4"
"1108","ROTOR-ASSY-00399","ROTOR-ASSY","Rotor assembly and bearing","FlightCritical","18.0","MU-022","MRD-6L","COASTAL","Coastal Survey Base","4","3/10/2024 12:00:00 AM","10/28/2024 12:00:00 AM","Failure","232","88","170","142.9502","164.6457","1.1518","150.0","150.0","2.60","95.30","109.76","1","0","Unscheduled","10.8"
"1109","ROTOR-ASSY-00400","ROTOR-ASSY","Rotor assembly and bearing","FlightCritical","18.0","MU-022","MRD-6L","COASTAL","Coastal Survey Base","4","10/28/2024 12:00:00 AM","5/31/2025 12:00:00 AM","Scheduled","215","102","231","151.1499","180.8051","1.1962","150.0","150.0","2.60","100.77","120.54","0","1","Scheduled","6.3"
"1110","ROTOR-ASSY-00401","ROTOR-ASSY","Rotor assembly and bearing","FlightCritical","18.0","MU-022","MRD-6L","COASTAL","Coastal Survey Base","4","5/31/2025 12:00:00 AM","12/6/2025 12:00:00 AM","Failure","189","66","128","109.5664","129.6596","1.1834","150.0","150.0","2.60","73.04","86.44","1","0","Unscheduled","19.6"
"1111","ROTOR-ASSY-00402","ROTOR-ASSY","Rotor assembly and bearing","FlightCritical","18.0","MU-022","MRD-6L","COASTAL","Coastal Survey Base","4","12/6/2025 12:00:00 AM","8/10/2026 12:00:00 AM","Scheduled","247","102","245","150.6335","185.5511","1.2318","150.0","150.0","2.60","100.42","123.70","0","1","Scheduled","8.1"
"1145","ROTOR-ASSY-00404","ROTOR-ASSY","Rotor assembly and bearing","FlightCritical","18.0","MU-023","MRD-6L","COASTAL","Coastal Survey Base","1","1/4/2024 12:00:00 AM","9/3/2024 12:00:00 AM","Scheduled","243","97","184","151.0334","186.6767","1.2360","150.0","150.0","2.60","100.69","124.45","0","1","Scheduled","5.2"
"1146","ROTOR-ASSY-00405","ROTOR-ASSY","Rotor assembly and bearing","FlightCritical","18.0","MU-023","MRD-6L","COASTAL","Coastal Survey Base","1","9/3/2024 12:00:00 AM","5/8/2025 12:00:00 AM","Scheduled","247","97","204","150.0334","184.3834","1.2289","150.0","150.0","2.60","100.02","122.92","0","1","Scheduled","8.2"
"1147","ROTOR-ASSY-00406","ROTOR-ASSY","Rotor assembly and bearing","FlightCritical","18.0","MU-023","MRD-6L","COASTAL","Coastal Survey Base","1","5/8/2025 12:00:00 AM","1/30/2026 12:00:00 AM","Scheduled","267","102","257","151.1004","189.3525","1.2532","150.0","150.0","2.60","100.73","126.24","0","1","Scheduled","5.1"
"1149","ROTOR-ASSY-00408","ROTOR-ASSY","Rotor assembly and bearing","FlightCritical","18.0","MU-023","MRD-6L","COASTAL","Coastal Survey Base","2","1/4/2024 12:00:00 AM","9/3/2024 12:00:00 AM","Scheduled","243","97","184","151.0334","186.6767","1.2360","150.0","150.0","2.60","100.69","124.45","0","1","Scheduled","7.0"
"1150","ROTOR-ASSY-00409","ROTOR-ASSY","Rotor assembly and bearing","FlightCritical","18.0","MU-023","MRD-6L","COASTAL","Coastal Survey Base","2","9/3/2024 12:00:00 AM","5/8/2025 12:00:00 AM","Scheduled","247","97","204","150.0334","184.3834","1.2289","150.0","150.0","2.60","100.02","122.92","0","1","Scheduled","8.3"
"1151","ROTOR-ASSY-00410","ROTOR-ASSY","Rotor assembly and bearing","FlightCritical","18.0","MU-023","MRD-6L","COASTAL","Coastal Survey Base","2","5/8/2025 12:00:00 AM","1/30/2026 12:00:00 AM","Scheduled","267","102","257","151.1004","189.3525","1.2532","150.0","150.0","2.60","100.73","126.24","0","1","Scheduled","6.8"
"1152","ROTOR-ASSY-00411","ROTOR-ASSY","Rotor assembly and bearing","FlightCritical","18.0","MU-023","MRD-6L","COASTAL","Coastal Survey Base","2","1/30/2026 12:00:00 AM","8/26/2026 12:00:00 AM","Failure","208","85","179","122.5334","146.7200","1.1974","150.0","150.0","2.60","81.69","97.81","1","0","Unscheduled","16.8"
"1154","ROTOR-ASSY-00413","ROTOR-ASSY","Rotor assembly and bearing","FlightCritical","18.0","MU-023","MRD-6L","COASTAL","Coastal Survey Base","3","1/4/2024 12:00:00 AM","9/3/2024 12:00:00 AM","Scheduled","243","97","184","151.0334","186.6767","1.2360","150.0","150.0","2.60","100.69","124.45","0","1","Scheduled","6.8"
"1155","ROTOR-ASSY-00414","ROTOR-ASSY","Rotor assembly and bearing","FlightCritical","18.0","MU-023","MRD-6L","COASTAL","Coastal Survey Base","3","9/3/2024 12:00:00 AM","5/8/2025 12:00:00 AM","Scheduled","247","97","204","150.0334","184.3834","1.2289","150.0","150.0","2.60","100.02","122.92","0","1","Scheduled","5.0"
"1156","ROTOR-ASSY-00415","ROTOR-ASSY","Rotor assembly and bearing","FlightCritical","18.0","MU-023","MRD-6L","COASTAL","Coastal Survey Base","3","5/8/2025 12:00:00 AM","1/15/2026 12:00:00 AM","Failure","252","96","245","140.2504","173.2770","1.2355","150.0","150.0","2.60","93.50","115.52","1","0","Unscheduled","16.0"
"1157","ROTOR-ASSY-00416","ROTOR-ASSY","Rotor assembly and bearing","FlightCritical","18.0","MU-023","MRD-6L","COASTAL","Coastal Survey Base","3","1/15/2026 12:00:00 AM","9/22/2026 12:00:00 AM","Scheduled","250","101","208","150.5167","183.7350","1.2207","150.0","150.0","2.60","100.34","122.49","0","1","Scheduled","4.0"
"1159","ROTOR-ASSY-00418","ROTOR-ASSY","Rotor assembly and bearing","FlightCritical","18.0","MU-023","MRD-6L","COASTAL","Coastal Survey Base","4","1/4/2024 12:00:00 AM","9/3/2024 12:00:00 AM","Scheduled","243","97","184","151.0334","186.6767","1.2360","150.0","150.0","2.60","100.69","124.45","0","1","Scheduled","3.4"
"1160","ROTOR-ASSY-00419","ROTOR-ASSY","Rotor assembly and bearing","FlightCritical","18.0","MU-023","MRD-6L","COASTAL","Coastal Survey Base","4","9/3/2024 12:00:00 AM","5/8/2025 12:00:00 AM","Scheduled","247","97","204","150.0334","184.3834","1.2289","150.0","150.0","2.60","100.02","122.92","0","1","Scheduled","8.5"
"1161","ROTOR-ASSY-00420","ROTOR-ASSY","Rotor assembly and bearing","FlightCritical","18.0","MU-023","MRD-6L","COASTAL","Coastal Survey Base","4","5/8/2025 12:00:00 AM","1/30/2026 12:00:00 AM","Scheduled","267","102","257","151.1004","189.3525","1.2532","150.0","150.0","2.60","100.73","126.24","0","1","Scheduled","3.6"
"1199","ROTOR-ASSY-00422","ROTOR-ASSY","Rotor assembly and bearing","FlightCritical","18.0","MU-024","MRD-8X","COASTAL","Coastal Survey Base","1","1/28/2024 12:00:00 AM","10/4/2024 12:00:00 AM","Scheduled","250","102","243","151.0000","175.8134","1.1643","150.0","150.0","2.60","100.67","117.21","0","1","Scheduled","4.3"
"1200","ROTOR-ASSY-00423","ROTOR-ASSY","Rotor assembly and bearing","FlightCritical","18.0","MU-024","MRD-8X","COASTAL","Coastal Survey Base","1","10/4/2024 12:00:00 AM","5/23/2025 12:00:00 AM","Scheduled","231","96","198","150.4832","177.6322","1.1804","150.0","150.0","2.60","100.32","118.42","0","1","Scheduled","3.2"
"1201","ROTOR-ASSY-00424","ROTOR-ASSY","Rotor assembly and bearing","FlightCritical","18.0","MU-024","MRD-8X","COASTAL","Coastal Survey Base","1","5/23/2025 12:00:00 AM","1/29/2026 12:00:00 AM","Scheduled","251","98","196","150.8672","176.4909","1.1698","150.0","150.0","2.60","100.58","117.66","0","1","Scheduled","6.3"
"1202","ROTOR-ASSY-00425","ROTOR-ASSY","Rotor assembly and bearing","FlightCritical","18.0","MU-024","MRD-8X","COASTAL","Coastal Survey Base","1","1/29/2026 12:00:00 AM","9/29/2026 12:00:00 AM","Scheduled","243","99","207","151.9669","168.9841","1.1120","150.0","150.0","2.60","101.31","112.66","0","1","Scheduled","8.5"
"1204","ROTOR-ASSY-00427","ROTOR-ASSY","Rotor assembly and bearing","FlightCritical","18.0","MU-024","MRD-8X","COASTAL","Coastal Survey Base","2","1/28/2024 12:00:00 AM","4/26/2024 12:00:00 AM","Failure","89","33","75","50.8666","59.4649","1.1690","150.0","150.0","2.60","33.91","39.64","1","0","Unscheduled","12.1"
"1205","ROTOR-ASSY-00428","ROTOR-ASSY","Rotor assembly and bearing","FlightCritical","18.0","MU-024","MRD-8X","COASTAL","Coastal Survey Base","2","4/26/2024 12:00:00 AM","1/1/2025 12:00:00 AM","Scheduled","250","101","231","150.6501","174.1402","1.1559","150.0","150.0","2.60","100.43","116.09","0","1","Scheduled","6.0"
"1206","ROTOR-ASSY-00429","ROTOR-ASSY","Rotor assembly and bearing","FlightCritical","18.0","MU-024","MRD-8X","COASTAL","Coastal Survey Base","2","1/1/2025 12:00:00 AM","7/30/2025 12:00:00 AM","Scheduled","210","96","199","150.1664","175.9761","1.1719","150.0","150.0","2.60","100.11","117.32","0","1","Scheduled","6.3"
"1207","ROTOR-ASSY-00430","ROTOR-ASSY","Rotor assembly and bearing","FlightCritical","18.0","MU-024","MRD-8X","COASTAL","Coastal Survey Base","2","7/30/2025 12:00:00 AM","4/8/2026 12:00:00 AM","Scheduled","252","101","204","151.9173","176.8196","1.1639","150.0","150.0","2.60","101.28","117.88","0","1","Scheduled","7.8"
"1209","ROTOR-ASSY-00432","ROTOR-ASSY","Rotor assembly and bearing","FlightCritical","18.0","MU-024","MRD-8X","COASTAL","Coastal Survey Base","3","1/28/2024 12:00:00 AM","10/4/2024 12:00:00 AM","Scheduled","250","102","243","151.0000","175.8134","1.1643","150.0","150.0","2.60","100.67","117.21","0","1","Scheduled","4.9"
"1210","ROTOR-ASSY-00433","ROTOR-ASSY","Rotor assembly and bearing","FlightCritical","18.0","MU-024","MRD-8X","COASTAL","Coastal Survey Base","3","10/4/2024 12:00:00 AM","5/23/2025 12:00:00 AM","Scheduled","231","96","198","150.4832","177.6322","1.1804","150.0","150.0","2.60","100.32","118.42","0","1","Scheduled","3.8"
"1211","ROTOR-ASSY-00434","ROTOR-ASSY","Rotor assembly and bearing","FlightCritical","18.0","MU-024","MRD-8X","COASTAL","Coastal Survey Base","3","5/23/2025 12:00:00 AM","11/6/2025 12:00:00 AM","Failure","167","64","134","99.5835","115.4325","1.1592","150.0","150.0","2.60","66.39","76.96","1","0","Unscheduled","25.3"
"1212","ROTOR-ASSY-00435","ROTOR-ASSY","Rotor assembly and bearing","FlightCritical","18.0","MU-024","MRD-8X","COASTAL","Coastal Survey Base","3","11/6/2025 12:00:00 AM","5/5/2026 12:00:00 AM","Failure","180","80","162","119.2004","136.4789","1.1450","150.0","150.0","2.60","79.47","90.99","1","0","Unscheduled","24.0"
"1214","ROTOR-ASSY-00437","ROTOR-ASSY","Rotor assembly and bearing","FlightCritical","18.0","MU-024","MRD-8X","COASTAL","Coastal Survey Base","4","1/28/2024 12:00:00 AM","10/4/2024 12:00:00 AM","Scheduled","250","102","243","151.0000","175.8134","1.1643","150.0","150.0","2.60","100.67","117.21","0","1","Scheduled","4.7"
"1215","ROTOR-ASSY-00438","ROTOR-ASSY","Rotor assembly and bearing","FlightCritical","18.0","MU-024","MRD-8X","COASTAL","Coastal Survey Base","4","10/4/2024 12:00:00 AM","5/23/2025 12:00:00 AM","Scheduled","231","96","198","150.4832","177.6322","1.1804","150.0","150.0","2.60","100.32","118.42","0","1","Scheduled","6.2"
"1216","ROTOR-ASSY-00439","ROTOR-ASSY","Rotor assembly and bearing","FlightCritical","18.0","MU-024","MRD-8X","COASTAL","Coastal Survey Base","4","5/23/2025 12:00:00 AM","1/29/2026 12:00:00 AM","Scheduled","251","98","196","150.8672","176.4909","1.1698","150.0","150.0","2.60","100.58","117.66","0","1","Scheduled","6.4"
"1217","ROTOR-ASSY-00440","ROTOR-ASSY","Rotor assembly and bearing","FlightCritical","18.0","MU-024","MRD-8X","COASTAL","Coastal Survey Base","4","1/29/2026 12:00:00 AM","5/14/2026 12:00:00 AM","Failure","105","52","110","79.4167","87.1205","1.0970","150.0","150.0","2.60","52.94","58.08","1","0","Unscheduled","24.2"
"1261","ROTOR-ASSY-00442","ROTOR-ASSY","Rotor assembly and bearing","FlightCritical","18.0","MU-025","MRD-8X","HIGHLND","Highland Operations","1","2/15/2024 12:00:00 AM","5/21/2024 12:00:00 AM","Failure","96","47","90","87.8501","198.2418","2.2566","150.0","150.0","2.60","58.57","132.16","1","0","Unscheduled","20.0"
"1262","ROTOR-ASSY-00443","ROTOR-ASSY","Rotor assembly and bearing","FlightCritical","18.0","MU-025","MRD-8X","HIGHLND","Highland Operations","1","5/21/2024 12:00:00 AM","1/15/2025 12:00:00 AM","Scheduled","239","89","166","150.4173","324.9545","2.1604","150.0","150.0","2.60","100.28","216.64","0","1","Scheduled","6.8"
"1263","ROTOR-ASSY-00444","ROTOR-ASSY","Rotor assembly and bearing","FlightCritical","18.0","MU-025","MRD-8X","HIGHLND","Highland Operations","1","1/15/2025 12:00:00 AM","8/22/2025 12:00:00 AM","Failure","219","83","180","137.8835","279.5115","2.0272","150.0","150.0","2.60","91.92","186.34","1","0","Unscheduled","16.6"
"1264","ROTOR-ASSY-00445","ROTOR-ASSY","Rotor assembly and bearing","FlightCritical","18.0","MU-025","MRD-8X","HIGHLND","Highland Operations","1","8/22/2025 12:00:00 AM","1/2/2026 12:00:00 AM","Failure","133","50","111","80.7663","183.5620","2.2728","150.0","150.0","2.60","53.84","122.37","1","0","Unscheduled","10.1"
"1265","ROTOR-ASSY-00446","ROTOR-ASSY","Rotor assembly and bearing","FlightCritical","18.0","MU-025","MRD-8X","HIGHLND","Highland Operations","1","1/2/2026 12:00:00 AM","7/29/2026 12:00:00 AM","Failure","208","81","156","138.6001","287.0637","2.0712","150.0","150.0","2.60","92.40","191.38","1","0","Unscheduled","23.7"
"1267","ROTOR-ASSY-00448","ROTOR-ASSY","Rotor assembly and bearing","FlightCritical","18.0","MU-025","MRD-8X","HIGHLND","Highland Operations","2","2/15/2024 12:00:00 AM","8/24/2024 12:00:00 AM","Scheduled","191","85","163","151.4502","329.9833","2.1788","150.0","150.0","2.60","100.97","219.99","0","1","Scheduled","6.4"
"1268","ROTOR-ASSY-00449","ROTOR-ASSY","Rotor assembly and bearing","FlightCritical","18.0","MU-025","MRD-8X","HIGHLND","Highland Operations","2","8/24/2024 12:00:00 AM","5/1/2025 12:00:00 AM","Scheduled","250","89","168","150.4840","324.7698","2.1582","150.0","150.0","2.60","100.32","216.51","0","1","Scheduled","7.4"
"1269","ROTOR-ASSY-00450","ROTOR-ASSY","Rotor assembly and bearing","FlightCritical","18.0","MU-025","MRD-8X","HIGHLND","Highland Operations","2","5/1/2025 12:00:00 AM","8/26/2025 12:00:00 AM","Failure","117","47","110","77.3000","155.0391","2.0057","150.0","150.0","2.60","51.53","103.36","1","0","Unscheduled","17.0"
"1270","ROTOR-ASSY-00451","ROTOR-ASSY","Rotor assembly and bearing","FlightCritical","18.0","MU-025","MRD-8X","HIGHLND","Highland Operations","2","8/26/2025 12:00:00 AM","4/27/2026 12:00:00 AM","Scheduled","244","91","189","150.0662","321.4520","2.1421","150.0","150.0","2.60","100.04","214.30","0","1","Scheduled","6.9"
"1271","ROTOR-ASSY-00452","ROTOR-ASSY","Rotor assembly and bearing","FlightCritical","18.0","MU-025","MRD-8X","HIGHLND","Highland Operations","2","4/27/2026 12:00:00 AM","8/29/2026 12:00:00 AM","Failure","124","44","81","76.9669","165.3495","2.1483","150.0","150.0","2.60","51.31","110.23","1","0","Unscheduled","25.4"
"1273","ROTOR-ASSY-00454","ROTOR-ASSY","Rotor assembly and bearing","FlightCritical","18.0","MU-025","MRD-8X","HIGHLND","Highland Operations","3","2/15/2024 12:00:00 AM","8/24/2024 12:00:00 AM","Scheduled","191","85","163","151.4502","329.9833","2.1788","150.0","150.0","2.60","100.97","219.99","0","1","Scheduled","5.8"
"1274","ROTOR-ASSY-00455","ROTOR-ASSY","Rotor assembly and bearing","FlightCritical","18.0","MU-025","MRD-8X","HIGHLND","Highland Operations","3","8/24/2024 12:00:00 AM","1/11/2025 12:00:00 AM","Failure","140","50","91","85.6005","190.0768","2.2205","150.0","150.0","2.60","57.07","126.72","1","0","Unscheduled","18.4"
"1275","ROTOR-ASSY-00456","ROTOR-ASSY","Rotor assembly and bearing","FlightCritical","18.0","MU-025","MRD-8X","HIGHLND","Highland Operations","3","1/11/2025 12:00:00 AM","5/16/2025 12:00:00 AM","Failure","125","45","92","75.3835","154.0113","2.0430","150.0","150.0","2.60","50.26","102.67","1","0","Unscheduled","11.3"
"1276","ROTOR-ASSY-00457","ROTOR-ASSY","Rotor assembly and bearing","FlightCritical","18.0","MU-025","MRD-8X","HIGHLND","Highland Operations","3","5/16/2025 12:00:00 AM","1/13/2026 12:00:00 AM","Scheduled","242","93","211","150.5664","326.8754","2.1710","150.0","150.0","2.60","100.38","217.92","0","1","Scheduled","8.3"
"1277","ROTOR-ASSY-00458","ROTOR-ASSY","Rotor assembly and bearing","FlightCritical","18.0","MU-025","MRD-8X","HIGHLND","Highland Operations","3","1/13/2026 12:00:00 AM","9/5/2026 12:00:00 AM","Scheduled","235","87","158","151.2000","315.4653","2.0864","150.0","150.0","2.60","100.80","210.31","0","1","Scheduled","7.0"
"1279","ROTOR-ASSY-00460","ROTOR-ASSY","Rotor assembly and bearing","FlightCritical","18.0","MU-025","MRD-8X","HIGHLND","Highland Operations","4","2/15/2024 12:00:00 AM","3/16/2024 12:00:00 AM","Failure","30","17","33","31.7167","74.5009","2.3489","150.0","150.0","2.60","21.14","49.67","1","0","Unscheduled","17.2"
"1280","ROTOR-ASSY-00461","ROTOR-ASSY","Rotor assembly and bearing","FlightCritical","18.0","MU-025","MRD-8X","HIGHLND","Highland Operations","4","3/16/2024 12:00:00 AM","10/19/2024 12:00:00 AM","Scheduled","217","86","165","151.1670","327.0652","2.1636","150.0","150.0","2.60","100.78","218.04","0","1","Scheduled","4.9"
"1281","ROTOR-ASSY-00462","ROTOR-ASSY","Rotor assembly and bearing","FlightCritical","18.0","MU-025","MRD-8X","HIGHLND","Highland Operations","4","10/19/2024 12:00:00 AM","10/10/2024 12:00:00 AM","Scheduled","-9","0","0","0.0000","0.0000","","150.0","150.0","2.60","0.00","0.00","0","1","Scheduled","8.4"
"1282","ROTOR-ASSY-00463","ROTOR-ASSY","Rotor assembly and bearing","FlightCritical","18.0","MU-025","MRD-8X","HIGHLND","Highland Operations","4","6/17/2025 12:00:00 AM","2/12/2026 12:00:00 AM","Scheduled","240","95","212","151.8662","327.3503","2.1555","150.0","150.0","2.60","101.24","218.23","0","1","Scheduled","4.0"
"1283","ROTOR-ASSY-00464","ROTOR-ASSY","Rotor assembly and bearing","FlightCritical","18.0","MU-025","MRD-8X","HIGHLND","Highland Operations","4","2/12/2026 12:00:00 AM","7/29/2026 12:00:00 AM","Failure","167","63","121","110.7835","231.9752","2.0940","150.0","150.0","2.60","73.86","154.65","1","0","Unscheduled","20.6"
"1308","ROTOR-ASSY-00466","ROTOR-ASSY","Rotor assembly and bearing","FlightCritical","18.0","MU-026","MRD-8X","ACADEMY","Training Academy","1","8/9/2024 12:00:00 AM","3/6/2025 12:00:00 AM","Failure","209","87","698","88.9002","165.0514","1.8566","150.0","150.0","2.60","59.27","110.03","1","0","Unscheduled","13.9"
"1309","ROTOR-ASSY-00467","ROTOR-ASSY","Rotor assembly and bearing","FlightCritical","18.0","MU-026","MRD-8X","ACADEMY","Training Academy","1","3/6/2025 12:00:00 AM","9/13/2025 12:00:00 AM","Failure","191","79","639","80.8667","150.0344","1.8553","150.0","150.0","2.60","53.91","100.02","1","0","Unscheduled","10.9"
"1310","ROTOR-ASSY-00468","ROTOR-ASSY","Rotor assembly and bearing","FlightCritical","18.0","MU-026","MRD-8X","ACADEMY","Training Academy","1","9/13/2025 12:00:00 AM","5/29/2026 12:00:00 AM","Failure","258","114","872","114.0835","208.9975","1.8320","150.0","150.0","2.60","76.06","139.33","1","0","Unscheduled","15.6"
"1312","ROTOR-ASSY-00470","ROTOR-ASSY","Rotor assembly and bearing","FlightCritical","18.0","MU-026","MRD-8X","ACADEMY","Training Academy","2","8/9/2024 12:00:00 AM","7/31/2025 12:00:00 AM","Scheduled","356","145","1159","150.8002","276.9526","1.8366","150.0","150.0","2.60","100.53","184.64","0","1","Scheduled","7.4"
"1313","ROTOR-ASSY-00471","ROTOR-ASSY","Rotor assembly and bearing","FlightCritical","18.0","MU-026","MRD-8X","ACADEMY","Training Academy","2","7/31/2025 12:00:00 AM","7/1/2026 12:00:00 AM","Failure","335","147","1158","144.1335","270.0252","1.8734","150.0","150.0","2.60","96.09","180.02","1","0","Unscheduled","19.1"
"1315","ROTOR-ASSY-00473","ROTOR-ASSY","Rotor assembly and bearing","FlightCritical","18.0","MU-026","MRD-8X","ACADEMY","Training Academy","3","8/9/2024 12:00:00 AM","7/31/2025 12:00:00 AM","Scheduled","356","145","1159","150.8002","276.9526","1.8366","150.0","150.0","2.60","100.53","184.64","0","1","Scheduled","4.7"
"1316","ROTOR-ASSY-00474","ROTOR-ASSY","Rotor assembly and bearing","FlightCritical","18.0","MU-026","MRD-8X","ACADEMY","Training Academy","3","7/31/2025 12:00:00 AM","7/16/2026 12:00:00 AM","Scheduled","350","153","1215","150.0502","282.2732","1.8812","150.0","150.0","2.60","100.03","188.18","0","1","Scheduled","5.2"
"1318","ROTOR-ASSY-00476","ROTOR-ASSY","Rotor assembly and bearing","FlightCritical","18.0","MU-026","MRD-8X","ACADEMY","Training Academy","4","8/9/2024 12:00:00 AM","6/27/2025 12:00:00 AM","Failure","322","132","1048","137.0502","251.0171","1.8316","150.0","150.0","2.60","91.37","167.34","1","0","Unscheduled","25.8"
"1319","ROTOR-ASSY-00477","ROTOR-ASSY","Rotor assembly and bearing","FlightCritical","18.0","MU-026","MRD-8X","ACADEMY","Training Academy","4","6/27/2025 12:00:00 AM","2/9/2026 12:00:00 AM","Failure","227","100","799","97.8001","184.0262","1.8817","150.0","150.0","2.60","65.20","122.68","1","0","Unscheduled","22.1"
"1320","ROTOR-ASSY-00478","ROTOR-ASSY","Rotor assembly and bearing","FlightCritical","18.0","MU-026","MRD-8X","ACADEMY","Training Academy","4","2/9/2026 12:00:00 AM","8/29/2026 12:00:00 AM","Failure","201","81","652","80.6503","152.3395","1.8889","150.0","150.0","2.60","53.77","101.56","1","0","Unscheduled","14.1"
"1356","ROTOR-ASSY-00480","ROTOR-ASSY","Rotor assembly and bearing","FlightCritical","18.0","MU-027","MRD-8X","HIGHLND","Highland Operations","1","8/2/2024 12:00:00 AM","4/21/2025 12:00:00 AM","Failure","262","86","155","149.2331","311.6177","2.0881","150.0","150.0","2.60","99.49","207.75","1","0","Unscheduled","9.0"
"1357","ROTOR-ASSY-00481","ROTOR-ASSY","Rotor assembly and bearing","FlightCritical","18.0","MU-027","MRD-8X","HIGHLND","Highland Operations","1","4/21/2025 12:00:00 AM","7/23/2025 12:00:00 AM","Failure","93","40","77","65.7998","138.3997","2.1033","150.0","150.0","2.60","43.87","92.27","1","0","Unscheduled","18.0"
"1358","ROTOR-ASSY-00482","ROTOR-ASSY","Rotor assembly and bearing","FlightCritical","18.0","MU-027","MRD-8X","HIGHLND","Highland Operations","1","7/23/2025 12:00:00 AM","3/3/2026 12:00:00 AM","Scheduled","223","86","165","150.4666","324.7162","2.1581","150.0","150.0","2.60","100.31","216.48","0","1","Scheduled","7.7"
"1359","ROTOR-ASSY-00483","ROTOR-ASSY","Rotor assembly and bearing","FlightCritical","18.0","MU-027","MRD-8X","HIGHLND","Highland Operations","1","3/3/2026 12:00:00 AM","9/26/2026 12:00:00 AM","Failure","207","88","144","151.2499","304.6899","2.0145","150.0","150.0","2.60","100.83","203.13","1","0","Unscheduled","21.4"
"1361","ROTOR-ASSY-00485","ROTOR-ASSY","Rotor assembly and bearing","FlightCritical","18.0","MU-027","MRD-8X","HIGHLND","Highland Operations","2","8/2/2024 12:00:00 AM","1/24/2025 12:00:00 AM","Failure","175","61","116","104.5831","217.2724","2.0775","150.0","150.0","2.60","69.72","144.85","1","0","Unscheduled","14.4"
"1362","ROTOR-ASSY-00486","ROTOR-ASSY","Rotor assembly and bearing","FlightCritical","18.0","MU-027","MRD-8X","HIGHLND","Highland Operations","2","1/24/2025 12:00:00 AM","9/9/2025 12:00:00 AM","Failure","228","80","143","135.7496","281.8303","2.0761","150.0","150.0","2.60","90.50","187.89","1","0","Unscheduled","24.7"
"1363","ROTOR-ASSY-00487","ROTOR-ASSY","Rotor assembly and bearing","FlightCritical","18.0","MU-027","MRD-8X","HIGHLND","Highland Operations","2","9/9/2025 12:00:00 AM","3/3/2026 12:00:00 AM","Failure","175","71","138","125.1668","275.6309","2.2021","150.0","150.0","2.60","83.44","183.75","1","0","Unscheduled","22.2"
"1364","ROTOR-ASSY-00488","ROTOR-ASSY","Rotor assembly and bearing","FlightCritical","18.0","MU-027","MRD-8X","HIGHLND","Highland Operations","2","3/3/2026 12:00:00 AM","9/26/2026 12:00:00 AM","Scheduled","207","88","144","151.2499","304.6899","2.0145","150.0","150.0","2.60","100.83","203.13","0","1","Scheduled","7.9"
"1366","ROTOR-ASSY-00490","ROTOR-ASSY","Rotor assembly and bearing","FlightCritical","18.0","MU-027","MRD-8X","HIGHLND","Highland Operations","3","8/2/2024 12:00:00 AM","11/23/2024 12:00:00 AM","Failure","113","36","69","62.1332","130.9087","2.1069","150.0","150.0","2.60","41.42","87.27","1","0","Unscheduled","17.8"
"1367","ROTOR-ASSY-00491","ROTOR-ASSY","Rotor assembly and bearing","FlightCritical","18.0","MU-027","MRD-8X","HIGHLND","Highland Operations","3","11/23/2024 12:00:00 AM","7/26/2025 12:00:00 AM","Scheduled","245","91","164","154.5830","320.8120","2.0753","150.0","150.0","2.60","103.06","213.87","0","1","Scheduled","2.9"
"1368","ROTOR-ASSY-00492","ROTOR-ASSY","Rotor assembly and bearing","FlightCritical","18.0","MU-027","MRD-8X","HIGHLND","Highland Operations","3","7/26/2025 12:00:00 AM","3/5/2026 12:00:00 AM","Scheduled","222","86","165","150.9666","327.9706","2.1725","150.0","150.0","2.60","100.64","218.65","0","1","Scheduled","7.7"
"1369","ROTOR-ASSY-00493","ROTOR-ASSY","Rotor assembly and bearing","FlightCritical","18.0","MU-027","MRD-8X","HIGHLND","Highland Operations","3","3/5/2026 12:00:00 AM","4/30/2026 12:00:00 AM","Failure","56","26","41","46.1167","92.7756","2.0118","150.0","150.0","2.60","30.74","61.85","1","0","Unscheduled","12.1"
"1371","ROTOR-ASSY-00495","ROTOR-ASSY","Rotor assembly and bearing","FlightCritical","18.0","MU-027","MRD-8X","HIGHLND","Highland Operations","4","8/2/2024 12:00:00 AM","11/27/2024 12:00:00 AM","Failure","117","37","70","63.6665","134.7647","2.1167","150.0","150.0","2.60","42.44","89.84","1","0","Unscheduled","13.5"
"1372","ROTOR-ASSY-00496","ROTOR-ASSY","Rotor assembly and bearing","FlightCritical","18.0","MU-027","MRD-8X","HIGHLND","Highland Operations","4","11/27/2024 12:00:00 AM","7/29/2025 12:00:00 AM","Scheduled","244","91","165","154.5164","320.7369","2.0757","150.0","150.0","2.60","103.01","213.82","0","1","Scheduled","5.0"
"1373","ROTOR-ASSY-00497","ROTOR-ASSY","Rotor assembly and bearing","FlightCritical","18.0","MU-027","MRD-8X","HIGHLND","Highland Operations","4","7/29/2025 12:00:00 AM","1/24/2026 12:00:00 AM","Failure","179","65","126","114.6500","247.7496","2.1609","150.0","150.0","2.60","76.43","165.17","1","0","Unscheduled","20.5"
"1374","ROTOR-ASSY-00498","ROTOR-ASSY","Rotor assembly and bearing","FlightCritical","18.0","MU-027","MRD-8X","HIGHLND","Highland Operations","4","1/24/2026 12:00:00 AM","8/13/2026 12:00:00 AM","Scheduled","201","86","145","150.9665","307.0429","2.0338","150.0","150.0","2.60","100.64","204.70","0","1","Scheduled","8.4"
"1396","ROTOR-ASSY-00500","ROTOR-ASSY","Rotor assembly and bearing","FlightCritical","18.0","MU-028","MRD-8X","ACADEMY","Training Academy","1","7/1/2024 12:00:00 AM","7/23/2025 12:00:00 AM","Scheduled","387","149","1175","151.1834","277.6712","1.8367","150.0","150.0","2.60","100.79","185.11","0","1","Scheduled","5.8"
"1397","ROTOR-ASSY-00501","ROTOR-ASSY","Rotor assembly and bearing","FlightCritical","18.0","MU-028","MRD-8X","ACADEMY","Training Academy","1","7/23/2025 12:00:00 AM","8/24/2026 12:00:00 AM","Scheduled","397","149","1191","150.2001","277.9100","1.8503","150.0","150.0","2.60","100.13","185.27","0","1","Scheduled","5.0"
"1399","ROTOR-ASSY-00503","ROTOR-ASSY","Rotor assembly and bearing","FlightCritical","18.0","MU-028","MRD-8X","ACADEMY","Training Academy","2","7/1/2024 12:00:00 AM","7/23/2025 12:00:00 AM","Scheduled","387","149","1175","151.1834","277.6712","1.8367","150.0","150.0","2.60","100.79","185.11","0","1","Scheduled","4.0"
"1400","ROTOR-ASSY-00504","ROTOR-ASSY","Rotor assembly and bearing","FlightCritical","18.0","MU-028","MRD-8X","ACADEMY","Training Academy","2","7/23/2025 12:00:00 AM","6/16/2026 12:00:00 AM","Failure","328","123","996","125.4335","232.3422","1.8523","150.0","150.0","2.60","83.62","154.89","1","0","Unscheduled","22.3"
"1402","ROTOR-ASSY-00506","ROTOR-ASSY","Rotor assembly and bearing","FlightCritical","18.0","MU-028","MRD-8X","ACADEMY","Training Academy","3","7/1/2024 12:00:00 AM","4/12/2025 12:00:00 AM","Failure","285","106","819","108.4334","196.4516","1.8117","150.0","150.0","2.60","72.29","130.97","1","0","Unscheduled","15.0"
"1403","ROTOR-ASSY-00507","ROTOR-ASSY","Rotor assembly and bearing","FlightCritical","18.0","MU-028","MRD-8X","ACADEMY","Training Academy","3","4/12/2025 12:00:00 AM","4/27/2026 12:00:00 AM","Scheduled","380","150","1222","150.9668","283.0449","1.8749","150.0","150.0","2.60","100.64","188.70","0","1","Scheduled","7.4"
"1405","ROTOR-ASSY-00509","ROTOR-ASSY","Rotor assembly and bearing","FlightCritical","18.0","MU-028","MRD-8X","ACADEMY","Training Academy","4","7/1/2024 12:00:00 AM","7/23/2025 12:00:00 AM","Scheduled","387","149","1175","151.1834","277.6712","1.8367","150.0","150.0","2.60","100.79","185.11","0","1","Scheduled","7.6"
"1406","ROTOR-ASSY-00510","ROTOR-ASSY","Rotor assembly and bearing","FlightCritical","18.0","MU-028","MRD-8X","ACADEMY","Training Academy","4","7/23/2025 12:00:00 AM","8/24/2026 12:00:00 AM","Scheduled","397","149","1191","150.2001","277.9100","1.8503","150.0","150.0","2.60","100.13","185.27","0","1","Scheduled","7.3"
"1440","ROTOR-ASSY-00512","ROTOR-ASSY","Rotor assembly and bearing","FlightCritical","18.0","MU-029","MRD-12H","COASTAL","Coastal Survey Base","1","3/16/2024 12:00:00 AM","12/11/2024 12:00:00 AM","Scheduled","270","103","210","152.1334","183.9470","1.2091","150.0","150.0","2.60","101.42","122.63","0","1","Scheduled","6.6"
"1441","ROTOR-ASSY-00513","ROTOR-ASSY","Rotor assembly and bearing","FlightCritical","18.0","MU-029","MRD-12H","COASTAL","Coastal Survey Base","1","12/11/2024 12:00:00 AM","9/10/2025 12:00:00 AM","Scheduled","273","101","215","152.6669","179.2302","1.1740","150.0","150.0","2.60","101.78","119.49","0","1","Scheduled","3.5"
"1442","ROTOR-ASSY-00514","ROTOR-ASSY","Rotor assembly and bearing","FlightCritical","18.0","MU-029","MRD-12H","COASTAL","Coastal Survey Base","1","9/10/2025 12:00:00 AM","6/20/2026 12:00:00 AM","Scheduled","283","98","203","150.2497","175.4045","1.1674","150.0","150.0","2.60","100.17","116.94","0","1","Scheduled","3.8"
"1444","ROTOR-ASSY-00516","ROTOR-ASSY","Rotor assembly and bearing","FlightCritical","18.0","MU-029","MRD-12H","COASTAL","Coastal Survey Base","2","3/16/2024 12:00:00 AM","12/11/2024 12:00:00 AM","Scheduled","270","103","210","152.1334","183.9470","1.2091","150.0","150.0","2.60","101.42","122.63","0","1","Scheduled","6.3"
"1445","ROTOR-ASSY-00517","ROTOR-ASSY","Rotor assembly and bearing","FlightCritical","18.0","MU-029","MRD-12H","COASTAL","Coastal Survey Base","2","12/11/2024 12:00:00 AM","6/13/2025 12:00:00 AM","Failure","184","70","146","109.9501","128.6606","1.1702","150.0","150.0","2.60","73.30","85.77","1","0","Unscheduled","10.9"
"1446","ROTOR-ASSY-00518","ROTOR-ASSY","Rotor assembly and bearing","FlightCritical","18.0","MU-029","MRD-12H","COASTAL","Coastal Survey Base","2","6/13/2025 12:00:00 AM","4/15/2026 12:00:00 AM","Scheduled","306","104","223","150.7833","173.1965","1.1486","150.0","150.0","2.60","100.52","115.46","0","1","Scheduled","5.6"
"1448","ROTOR-ASSY-00520","ROTOR-ASSY","Rotor assembly and bearing","FlightCritical","18.0","MU-029","MRD-12H","COASTAL","Coastal Survey Base","3","3/16/2024 12:00:00 AM","12/11/2024 12:00:00 AM","Scheduled","270","103","210","152.1334","183.9470","1.2091","150.0","150.0","2.60","101.42","122.63","0","1","Scheduled","6.2"
"1449","ROTOR-ASSY-00521","ROTOR-ASSY","Rotor assembly and bearing","FlightCritical","18.0","MU-029","MRD-12H","COASTAL","Coastal Survey Base","3","12/11/2024 12:00:00 AM","9/10/2025 12:00:00 AM","Scheduled","273","101","215","152.6669","179.2302","1.1740","150.0","150.0","2.60","101.78","119.49","0","1","Scheduled","3.6"
"1450","ROTOR-ASSY-00522","ROTOR-ASSY","Rotor assembly and bearing","FlightCritical","18.0","MU-029","MRD-12H","COASTAL","Coastal Survey Base","3","9/10/2025 12:00:00 AM","6/20/2026 12:00:00 AM","Scheduled","283","98","203","150.2497","175.4045","1.1674","150.0","150.0","2.60","100.17","116.94","0","1","Scheduled","3.8"
"1452","ROTOR-ASSY-00524","ROTOR-ASSY","Rotor assembly and bearing","FlightCritical","18.0","MU-029","MRD-12H","COASTAL","Coastal Survey Base","4","3/16/2024 12:00:00 AM","12/11/2024 12:00:00 AM","Scheduled","270","103","210","152.1334","183.9470","1.2091","150.0","150.0","2.60","101.42","122.63","0","1","Scheduled","3.2"
"1453","ROTOR-ASSY-00525","ROTOR-ASSY","Rotor assembly and bearing","FlightCritical","18.0","MU-029","MRD-12H","COASTAL","Coastal Survey Base","4","12/11/2024 12:00:00 AM","4/30/2025 12:00:00 AM","Failure","140","55","110","91.6001","106.9296","1.1674","150.0","150.0","2.60","61.07","71.29","1","0","Unscheduled","21.6"
"1454","ROTOR-ASSY-00526","ROTOR-ASSY","Rotor assembly and bearing","FlightCritical","18.0","MU-029","MRD-12H","COASTAL","Coastal Survey Base","4","4/30/2025 12:00:00 AM","12/9/2025 12:00:00 AM","Failure","223","80","187","109.8500","129.6048","1.1798","150.0","150.0","2.60","73.23","86.40","1","0","Unscheduled","26.3"
"1455","ROTOR-ASSY-00527","ROTOR-ASSY","Rotor assembly and bearing","FlightCritical","18.0","MU-029","MRD-12H","COASTAL","Coastal Survey Base","4","12/9/2025 12:00:00 AM","8/31/2026 12:00:00 AM","Failure","265","95","194","143.7333","168.1629","1.1700","150.0","150.0","2.60","95.82","112.11","1","0","Unscheduled","20.5"
"1487","ROTOR-ASSY-00529","ROTOR-ASSY","Rotor assembly and bearing","FlightCritical","18.0","MU-030","MRD-8X","PORT","Port Logistics Hub","1","8/26/2024 12:00:00 AM","4/23/2025 12:00:00 AM","Scheduled","240","96","254","154.3828","315.0700","2.0408","150.0","150.0","2.60","102.92","210.05","0","1","Scheduled","4.1"
"1488","ROTOR-ASSY-00530","ROTOR-ASSY","Rotor assembly and bearing","FlightCritical","18.0","MU-030","MRD-8X","PORT","Port Logistics Hub","1","4/23/2025 12:00:00 AM","12/27/2025 12:00:00 AM","Scheduled","248","95","231","152.0338","300.5775","1.9770","150.0","150.0","2.60","101.36","200.39","0","1","Scheduled","6.9"
"1489","ROTOR-ASSY-00531","ROTOR-ASSY","Rotor assembly and bearing","FlightCritical","18.0","MU-030","MRD-8X","PORT","Port Logistics Hub","1","12/27/2025 12:00:00 AM","8/13/2026 12:00:00 AM","Scheduled","229","86","255","150.6167","310.7883","2.0634","150.0","150.0","2.60","100.41","207.19","0","1","Scheduled","6.1"
"1491","ROTOR-ASSY-00533","ROTOR-ASSY","Rotor assembly and bearing","FlightCritical","18.0","MU-030","MRD-8X","PORT","Port Logistics Hub","2","8/26/2024 12:00:00 AM","4/23/2025 12:00:00 AM","Scheduled","240","96","254","154.3828","315.0700","2.0408","150.0","150.0","2.60","102.92","210.05","0","1","Scheduled","3.2"
"1492","ROTOR-ASSY-00534","ROTOR-ASSY","Rotor assembly and bearing","FlightCritical","18.0","MU-030","MRD-8X","PORT","Port Logistics Hub","2","4/23/2025 12:00:00 AM","12/27/2025 12:00:00 AM","Scheduled","248","95","231","152.0338","300.5775","1.9770","150.0","150.0","2.60","101.36","200.39","0","1","Scheduled","4.8"
"1493","ROTOR-ASSY-00535","ROTOR-ASSY","Rotor assembly and bearing","FlightCritical","18.0","MU-030","MRD-8X","PORT","Port Logistics Hub","2","12/27/2025 12:00:00 AM","7/1/2026 12:00:00 AM","Failure","186","69","195","121.7666","251.7584","2.0675","150.0","150.0","2.60","81.18","167.84","1","0","Unscheduled","9.8"
"1495","ROTOR-ASSY-00537","ROTOR-ASSY","Rotor assembly and bearing","FlightCritical","18.0","MU-030","MRD-8X","PORT","Port Logistics Hub","3","8/26/2024 12:00:00 AM","12/16/2024 12:00:00 AM","Failure","112","45","121","73.8999","152.7283","2.0667","150.0","150.0","2.60","49.27","101.82","1","0","Unscheduled","12.6"
"1496","ROTOR-ASSY-00538","ROTOR-ASSY","Rotor assembly and bearing","FlightCritical","18.0","MU-030","MRD-8X","PORT","Port Logistics Hub","3","12/16/2024 12:00:00 AM","7/29/2025 12:00:00 AM","Scheduled","225","95","242","150.6664","298.8032","1.9832","150.0","150.0","2.60","100.44","199.20","0","1","Scheduled","6.0"
"1497","ROTOR-ASSY-00539","ROTOR-ASSY","Rotor assembly and bearing","FlightCritical","18.0","MU-030","MRD-8X","PORT","Port Logistics Hub","3","7/29/2025 12:00:00 AM","3/13/2026 12:00:00 AM","Failure","227","82","213","137.3503","278.8554","2.0302","150.0","150.0","2.60","91.57","185.90","1","0","Unscheduled","17.7"
"1498","ROTOR-ASSY-00540","ROTOR-ASSY","Rotor assembly and bearing","FlightCritical","18.0","MU-030","MRD-8X","PORT","Port Logistics Hub","3","3/13/2026 12:00:00 AM","7/30/2026 12:00:00 AM","Failure","139","50","143","87.6333","181.1298","2.0669","150.0","150.0","2.60","58.42","120.75","1","0","Unscheduled","10.7"
"1500","ROTOR-ASSY-00542","ROTOR-ASSY","Rotor assembly and bearing","FlightCritical","18.0","MU-030","MRD-8X","PORT","Port Logistics Hub","4","8/26/2024 12:00:00 AM","12/26/2024 12:00:00 AM","Failure","122","50","133","82.0331","170.1325","2.0739","150.0","150.0","2.60","54.69","113.42","1","0","Unscheduled","23.9"
"1501","ROTOR-ASSY-00543","ROTOR-ASSY","Rotor assembly and bearing","FlightCritical","18.0","MU-030","MRD-8X","PORT","Port Logistics Hub","4","12/26/2024 12:00:00 AM","7/9/2025 12:00:00 AM","Failure","195","80","204","125.2498","248.4145","1.9834","150.0","150.0","2.60","83.50","165.61","1","0","Unscheduled","21.9"
"1502","ROTOR-ASSY-00544","ROTOR-ASSY","Rotor assembly and bearing","FlightCritical","18.0","MU-030","MRD-8X","PORT","Port Logistics Hub","4","7/9/2025 12:00:00 AM","2/27/2026 12:00:00 AM","Failure","233","85","209","142.8669","287.2890","2.0109","150.0","150.0","2.60","95.24","191.53","1","0","Unscheduled","24.7"
"1533","ROTOR-ASSY-00546","ROTOR-ASSY","Rotor assembly and bearing","FlightCritical","18.0","MU-031","MRD-8X","COASTAL","Coastal Survey Base","1","8/10/2024 12:00:00 AM","4/28/2025 12:00:00 AM","Scheduled","261","98","227","152.3165","180.5858","1.1856","150.0","150.0","2.60","101.54","120.39","0","1","Scheduled","8.0"
"1534","ROTOR-ASSY-00547","ROTOR-ASSY","Rotor assembly and bearing","FlightCritical","18.0","MU-031","MRD-8X","COASTAL","Coastal Survey Base","1","4/28/2025 12:00:00 AM","8/20/2025 12:00:00 AM","Failure","114","42","107","66.0335","83.1382","1.2590","150.0","150.0","2.60","44.02","55.43","1","0","Unscheduled","10.1"
"1535","ROTOR-ASSY-00548","ROTOR-ASSY","Rotor assembly and bearing","FlightCritical","18.0","MU-031","MRD-8X","COASTAL","Coastal Survey Base","1","8/20/2025 12:00:00 AM","5/18/2026 12:00:00 AM","Scheduled","271","100","209","151.6834","184.7870","1.2182","150.0","150.0","2.60","101.12","123.19","0","1","Scheduled","4.8"
"1537","ROTOR-ASSY-00550","ROTOR-ASSY","Rotor assembly and bearing","FlightCritical","18.0","MU-031","MRD-8X","COASTAL","Coastal Survey Base","2","8/10/2024 12:00:00 AM","4/28/2025 12:00:00 AM","Scheduled","261","98","227","152.3165","180.5858","1.1856","150.0","150.0","2.60","101.54","120.39","0","1","Scheduled","6.3"
"1538","ROTOR-ASSY-00551","ROTOR-ASSY","Rotor assembly and bearing","FlightCritical","18.0","MU-031","MRD-8X","COASTAL","Coastal Survey Base","2","4/28/2025 12:00:00 AM","1/1/2026 12:00:00 AM","Scheduled","248","97","221","151.4501","182.1670","1.2028","150.0","150.0","2.60","100.97","121.44","0","1","Scheduled","7.8"
"1539","ROTOR-ASSY-00552","ROTOR-ASSY","Rotor assembly and bearing","FlightCritical","18.0","MU-031","MRD-8X","COASTAL","Coastal Survey Base","2","1/1/2026 12:00:00 AM","9/26/2026 12:00:00 AM","Scheduled","268","102","202","150.9000","179.1195","1.1870","150.0","150.0","2.60","100.60","119.41","0","1","Scheduled","4.8"
"1541","ROTOR-ASSY-00554","ROTOR-ASSY","Rotor assembly and bearing","FlightCritical","18.0","MU-031","MRD-8X","COASTAL","Coastal Survey Base","3","8/10/2024 12:00:00 AM","4/28/2025 12:00:00 AM","Scheduled","261","98","227","152.3165","180.5858","1.1856","150.0","150.0","2.60","101.54","120.39","0","1","Scheduled","2.8"
"1542","ROTOR-ASSY-00555","ROTOR-ASSY","Rotor assembly and bearing","FlightCritical","18.0","MU-031","MRD-8X","COASTAL","Coastal Survey Base","3","4/28/2025 12:00:00 AM","12/8/2025 12:00:00 AM","Failure","224","85","203","133.0834","163.4403","1.2281","150.0","150.0","2.60","88.72","108.96","1","0","Unscheduled","23.5"
"1543","ROTOR-ASSY-00556","ROTOR-ASSY","Rotor assembly and bearing","FlightCritical","18.0","MU-031","MRD-8X","COASTAL","Coastal Survey Base","3","12/8/2025 12:00:00 AM","8/28/2026 12:00:00 AM","Scheduled","263","102","190","151.6167","177.1790","1.1686","150.0","150.0","2.60","101.08","118.12","0","1","Scheduled","7.6"
"1545","ROTOR-ASSY-00558","ROTOR-ASSY","Rotor assembly and bearing","FlightCritical","18.0","MU-031","MRD-8X","COASTAL","Coastal Survey Base","4","8/10/2024 12:00:00 AM","4/28/2025 12:00:00 AM","Scheduled","261","98","227","152.3165","180.5858","1.1856","150.0","150.0","2.60","101.54","120.39","0","1","Scheduled","6.2"
"1546","ROTOR-ASSY-00559","ROTOR-ASSY","Rotor assembly and bearing","FlightCritical","18.0","MU-031","MRD-8X","COASTAL","Coastal Survey Base","4","4/28/2025 12:00:00 AM","1/1/2026 12:00:00 AM","Scheduled","248","97","221","151.4501","182.1670","1.2028","150.0","150.0","2.60","100.97","121.44","0","1","Scheduled","3.5"
"1547","ROTOR-ASSY-00560","ROTOR-ASSY","Rotor assembly and bearing","FlightCritical","18.0","MU-031","MRD-8X","COASTAL","Coastal Survey Base","4","1/1/2026 12:00:00 AM","9/26/2026 12:00:00 AM","Scheduled","268","102","202","150.9000","179.1195","1.1870","150.0","150.0","2.60","100.60","119.41","0","1","Scheduled","5.7"
